Date,Close,High,Low,Open,Volume
,2308.TW,2308.TW,2308.TW,2308.TW,2308.TW
2000-01-04,24.701942443847656,25.315665532781285,24.262312341460632,24.262312341460632,51510536
2000-01-05,24.174388885498047,24.788112039537854,23.998536825888156,24.262314915302994,34281452
2000-01-06,25.66913414001465,25.66913414001465,24.438169590972965,24.438169590972965,86427970
2000-01-07,24.96572494506836,25.493281161750936,24.615778284749766,25.493281161750936,43741129
2000-01-10,26.5466365814209,26.5466365814209,25.05189237041353,25.229503500509587,69470477
2000-01-11,27.077707290649414,28.3086717960018,26.90009930490467,28.3086717960018,153755274
2000-01-12,28.834470748901367,28.834470748901367,27.07770602277866,27.427651096058742,95247557
2000-01-13,27.777603149414062,28.834474733868838,27.42765488660161,28.834474733868838,69564697
2000-01-14,27.603504180908203,28.481005378663326,27.077703942887652,28.1310603322632,54751341
2000-01-17,29.008560180664062,29.71196834975118,28.834467192813662,29.539634416322166,66328508
2000-01-18,29.184417724609375,29.88958508105185,28.83447262851762,29.362028854784736,70969857
2000-01-19,27.777603149414062,29.008567767249634,27.603510116033263,28.834474733868838,59191965
2000-01-20,27.603504180908203,27.95344922730833,27.077703942887652,27.42764898928778,29411547
2000-01-21,27.603504180908203,28.481005378663326,27.603504180908203,27.777597176856663,37932224
2000-01-24,27.42765235900879,28.131063788404305,27.42765235900879,28.131063788404305,23830739
2000-01-25,26.900094985961914,27.427647976671135,26.900094985961914,27.250040019442228,23310272
2000-01-26,27.42765235900879,27.777600589571797,27.077707269614926,27.25004437340202,22928592
2000-01-27,27.077707290649414,27.777600611149975,27.077707290649414,27.603507593677463,22225140
2000-01-28,27.42765235900879,28.131063788404305,26.900099284008153,26.900099284008153,38737548
2000-01-31,27.953453063964844,28.481009287727787,27.953453063964844,28.13106419329713,72390175
2000-02-01,27.953453063964844,28.308672181460228,27.60350796953419,28.308672181460228,51027619
2000-02-02,27.953453063964844,27.953453063964844,27.953453063964844,27.953453063964844,0
2000-02-03,27.953453063964844,27.953453063964844,27.953453063964844,27.953453063964844,0
2000-02-04,27.953453063964844,27.953453063964844,27.953453063964844,27.953453063964844,0
2000-02-07,27.953453063964844,27.953453063964844,27.953453063964844,27.953453063964844,0
2000-02-08,27.953453063964844,27.953453063964844,27.953453063964844,27.953453063964844,0
2000-02-09,28.308673858642578,28.834474199981756,28.131065859956873,28.658622114975536,91515706
2000-02-10,27.953453063964844,28.834472491647716,27.7776009893772,28.308672181460228,49945455
2000-02-11,28.481002807617188,29.18441094592557,27.777594669308808,28.13105779280741,137662741
2000-02-14,28.131057739257812,29.008558856128484,27.9534466506744,28.658613841984852,94821839
2000-02-15,27.777603149414062,28.30867438279416,27.42765488660161,28.131066380819938,42939451
2000-02-16,27.603504180908203,28.1310603322632,27.603504180908203,28.1310603322632,42691083
2000-02-17,27.603504180908203,28.1310603322632,27.603504180908203,27.777597176856663,54765194
2000-02-18,27.250045776367188,27.953454100808447,27.250045776367188,27.953454100808447,46555495
2000-02-21,25.66913414001465,26.90010025964096,25.66913414001465,26.90010025964096,53469529
2000-02-22,26.372539520263672,26.372539520263672,25.405351683471775,25.49327770767246,63785496
2000-02-23,25.755300521850586,26.722488501195755,25.755300521850586,26.372543407297506,43040524
2000-02-24,25.755300521850586,26.19668976239281,25.669133539432494,26.19668976239281,34377728
2000-02-25,25.846742630004883,26.28285626901082,25.846742630004883,25.846742630004883,33041191
2000-02-28,25.846742630004883,25.846742630004883,25.846742630004883,25.846742630004883,0
2000-02-29,26.01907730102539,26.546635067556732,26.01907730102539,26.546635067556732,25875006
2000-03-01,26.28285789489746,26.722489670519746,26.19669090870887,26.546637588504694,26383249
2000-03-02,25.846742630004883,26.372542929873823,25.846742630004883,26.372542929873823,19861972
2000-03-03,25.846742630004883,26.110522307294413,25.582964523299914,25.93291118144765,18290848
2000-03-06,25.58297348022461,26.01908727191954,25.49328992913138,26.01908727191954,22660941
2000-03-07,25.932912826538086,26.019079812862415,25.405356579661888,25.49328262080792,31177648
2000-03-08,26.11052131652832,26.54663493898589,25.84674164924793,26.11052131652832,35839203
2000-03-09,27.250045776367188,27.250045776367188,26.372544425625495,26.372544425625495,61683929
2000-03-10,26.5466365814209,27.60350808823623,26.5466365814209,27.60350808823623,49036495
2000-03-13,24.701942443847656,26.28285175803274,24.701942443847656,25.58296013244562,70228572
2000-03-14,25.229501724243164,25.493279818687824,24.701945535353843,24.78811251220704,43581500
2000-03-15,24.96572494506836,25.66913323397846,24.96572494506836,25.405355125637172,43701018
2000-03-16,25.846742630004883,26.110522307294413,23.55714916639282,24.9657247901961,72078278
2000-03-17,25.31566619873047,26.196685481088654,25.31566619873047,25.84673887379732,56156917
2000-03-20,24.43816566467285,24.43816566467285,24.43816566467285,24.43816566467285,3354136
2000-03-21,26.11052131652832,26.11052131652832,23.73475939162199,23.73475939162199,53211805
2000-03-22,26.5466365814209,26.90009978686081,25.669133688869223,26.110522931981066,69184052
2000-03-23,27.777603149414062,28.131066380819938,26.900101762984367,27.077709764958584,126321451
2000-03-24,28.65862274169922,29.18441995336747,27.60351020858807,27.953455331404463,206517876
2000-03-27,30.065433502197266,30.415378555755257,29.00856212336656,29.00856212336656,175387915
2000-03-28,29.184417724609375,30.41538225256598,29.008565649187005,30.06543715647422,130979572
2000-03-29,29.184417724609375,29.88958508105185,28.658620553095247,29.184417724609375,108497687
2000-03-30,30.237775802612305,31.118795370841905,29.36203339945847,29.36203339945847,183891300
2000-03-31,29.36202049255371,30.23776251075043,29.0085573876214,29.889576568574157,81723755
2000-04-03,29.36202049255371,29.36202049255371,29.36202049255371,29.36202049255371,0
2000-04-04,29.36202049255371,29.36202049255371,29.36202049255371,29.36202049255371,0
2000-04-05,30.592987060546875,31.646340240647394,29.88957890422022,29.88957890422022,116782939
2000-04-06,29.539636611938477,31.118787000916516,29.539636611938477,30.942934945574038,74337461
2000-04-07,29.184417724609375,29.88958508105185,29.008565649187005,29.539639984960097,54958738
2000-04-10,28.834470748901367,28.834470748901367,28.834470748901367,28.834470748901367,69073941
2000-04-11,28.308673858642578,28.308673858642575,28.308673858642575,28.308673858642575,51399883
2000-04-12,27.42765235900879,27.42765235900879,27.42765235900879,27.42765235900879,45384643
2000-04-13,26.372539520263672,26.372539520263672,26.372539520263672,26.372539520263672,35694589
2000-04-14,25.846742630004883,26.90009914328376,25.846742630004883,26.546635946300352,46116223
2000-04-17,26.196683883666992,26.196683883666992,26.196683883666992,26.196683883666992,52773882
2000-04-18,26.722490310668945,27.427654569271283,26.722490310668945,27.25004656935194,76000679
2000-04-19,26.01907730102539,26.01907730102539,26.01907730102539,26.01907730102539,35015894
2000-04-20,26.196683883666992,26.54663046961928,25.66912777909409,26.01907279446214,27784433
2000-04-21,26.900094985961914,26.900094985961914,26.19668523954045,26.372538854084056,33004440
2000-04-24,25.493282318115234,25.493282318115234,25.493282318115234,25.493282318115234,30049031
2000-04-25,26.5466365814209,26.5466365814209,26.5466365814209,26.5466365814209,52791751
2000-04-26,25.493282318115234,27.07770852416831,25.143335641923212,26.72248939532776,40404887
2000-04-27,25.932912826538086,25.932912826538086,25.932912826538086,25.932912826538086,35591708
2000-04-28,26.722490310668945,26.722490310668945,26.722490310668945,26.722490310668945,47040599
2000-05-01,26.722490310668945,26.722490310668945,26.722490310668945,26.722490310668945,0
2000-05-02,25.58297348022461,26.37255216324007,25.49328992913138,26.19669845995024,9208260
2000-05-03,25.66913414001465,25.66913414001465,25.66913414001465,25.66913414001465,25139832
2000-05-04,25.143335342407227,26.196690326867724,24.965725780102694,25.846743654844385,26071950
2000-05-05,25.493282318115234,25.493282318115234,25.493282318115234,25.493282318115234,19183506
2000-05-08,24.788114547729492,24.788114547729492,24.788114547729492,24.788114547729492,13812882
2000-05-09,24.879554748535156,25.14333283944053,24.615776657629784,24.788112179608326,0
2000-05-10,24.879554748535156,25.405353446325616,24.879554748535156,24.965723294816662,22012226
2000-05-11,23.384811401367188,24.615775781794234,23.20720186306271,24.351997700274154,28184083
2000-05-12,23.912368774414062,24.084704298981332,23.470979561670045,24.084704298981332,27017582
2000-05-15,24.52433204650879,24.52433204650879,24.52433204650879,24.52433204650879,40836605
2000-05-16,25.755300521850586,25.755300521850586,25.755300521850586,25.755300521850586,56078920
2000-05-17,26.722490310668945,27.25004656935194,26.37254519307469,26.37254519307469,68319828
2000-05-18,26.372539520263672,26.722484562583716,26.19668590127794,26.19668590127794,30074122
2000-05-19,25.229501724243164,25.229501724243164,25.229501724243164,25.229501724243164,108694804
2000-05-22,24.96572494506836,25.143334501432342,24.615778284749766,24.96572494506836,27254117
2000-05-23,24.701942443847656,25.143330030058596,24.615773907194168,24.965720505279872,15711860
2000-05-24,24.262319564819336,24.262319564819336,24.262319564819336,24.262319564819336,18359487
2000-05-25,24.35199737548828,24.96572207355872,24.262313865553285,24.96572207355872,18765278
2000-05-26,24.788114547729492,24.965725679905827,24.262317370291708,24.35200089318166,16839909
2000-05-29,24.701942443847656,24.701942443847656,24.701942443847656,24.701942443847656,12984380
2000-05-30,25.493282318115234,25.493282318115234,24.701947957196786,24.965726077502936,0
2000-05-31,25.846742630004883,25.846742630004883,25.846742630004883,25.846742630004883,54435335
2000-06-01,25.31566619873047,26.019074381053432,25.22949923039458,25.84673887379732,14736742
2000-06-02,25.143335342407227,25.143335342407227,25.143335342407227,25.143335342407227,26507917
2000-06-05,25.58297348022461,25.58297348022461,25.58297348022461,25.58297348022461,19077881
2000-06-06,25.58297348022461,25.58297348022461,25.58297348022461,25.58297348022461,0
2000-06-07,26.372539520263672,26.372539520263672,26.372539520263672,26.372539520263672,47153584
2000-06-08,26.28285789489746,26.28285789489746,26.28285789489746,26.28285789489746,70885339
2000-06-09,26.28285789489746,26.28285789489746,26.28285789489746,26.28285789489746,23670886
2000-06-12,26.01907730102539,26.01907730102539,26.01907730102539,26.01907730102539,20642258
2000-06-13,25.493282318115234,26.019079503926715,25.493282318115234,25.846743962739612,16778677
2000-06-14,25.58297348022461,26.01908727191954,25.58297348022461,25.669142061836094,15220938
2000-06-15,25.58297348022461,26.01908727191954,25.49328992913138,25.669142061836094,14577549
2000-06-16,25.58297348022461,26.01908727191954,25.49328992913138,25.669142061836094,15195671
2000-06-19,25.051898956298828,25.051898956298828,25.051898956298828,25.051898956298828,7625554
2000-06-20,24.43816566467285,24.43816566467285,24.43816566467285,24.43816566467285,15662106
2000-06-21,24.701942443847656,24.788109409916853,24.262312341460632,24.615773907194168,24964690
2000-06-22,26.01907730102539,26.282855398998805,25.05189094178953,25.22950206175703,67252916
2000-06-23,26.01907730102539,26.546635067556732,25.755299203051976,26.01907730102539,38536184
2000-06-26,25.846742630004883,25.846742630004883,25.846742630004883,25.846742630004883,23035326
2000-06-27,26.11052131652832,26.54663493898589,26.019077175009617,26.019077175009617,50114364
2000-06-28,25.58297348022461,25.58297348022461,25.58297348022461,25.58297348022461,33847507
2000-06-29,24.788114547729492,24.788114547729492,24.788114547729492,24.788114547729492,24261863
2000-06-30,25.58297348022461,25.58297348022461,25.58297348022461,25.58297348022461,46590914
2000-07-03,25.932912826538086,25.932912826538086,25.932912826538086,25.932912826538086,30544357
2000-07-04,25.051898956298828,25.051898956298828,25.051898956298828,25.051898956298828,22439376
2000-07-05,26.372539520263672,26.372539520263672,26.372539520263672,26.372539520263672,60228884
2000-07-06,25.755300521850586,26.19668976239281,25.669133539432494,26.019078633330743,22439095
2000-07-07,24.788114547729492,24.788114547729492,24.788114547729492,24.788114547729492,26279525
2000-07-10,24.788114547729492,24.788114547729492,24.788114547729492,24.788114547729492,41496510
2000-07-11,24.43816566467285,24.43816566467285,24.43816566467285,24.43816566467285,17497284
2000-07-12,24.701942443847656,24.701942443847656,24.701942443847656,24.701942443847656,12896329
2000-07-13,25.31566619873047,25.31566619873047,25.31566619873047,25.31566619873047,30012881
2000-07-14,32.87282943725586,33.8737020828067,32.42923380233677,32.76360128288501,81304941
2000-07-17,26.07624626159668,26.07624626159668,26.07624626159668,26.07624626159668,15997213
2000-07-18,25.96478843688965,26.519840486831082,25.85110386402427,26.185471379071846,19539480
2000-07-19,26.185470581054688,26.185470581054688,26.185470581054688,26.185470581054688,19539480
2000-07-20,25.96478843688965,25.96478843688965,25.96478843688965,25.96478843688965,11541068
2000-07-21,26.410619735717773,26.410619735717773,26.410619735717773,26.410619735717773,24757374
2000-07-24,26.07624626159668,26.07624626159668,26.07624626159668,26.07624626159668,16143784
2000-07-25,25.739643096923828,25.739643096923828,25.739643096923828,25.739643096923828,17557963
2000-07-26,26.185470581054688,26.185470581054688,26.185470581054688,26.185470581054688,29745608
2000-07-27,26.185470581054688,26.410613109023455,25.29605263588286,26.185470581054688,18236823
2000-07-28,26.854204177856445,26.854204177856445,26.854204177856445,26.854204177856445,34358577
2000-07-31,27.079347610473633,27.079347610473633,27.079347610473633,27.079347610473633,22773007
2000-08-01,26.51984405517578,27.525176531913726,26.51984405517578,27.413721740375646,20414702
2000-08-02,26.07624626159668,26.519841967044467,25.85110530691191,26.410615388018833,10819687
2000-08-03,26.410619735717773,26.51984633272422,25.630426571676278,25.851109562504654,14930159
2000-08-04,26.51984405517578,26.51984405517578,26.51984405517578,26.51984405517578,20451995
2000-08-07,25.739643096923828,25.739643096923828,25.739643096923828,25.739643096923828,7440564
2000-08-08,26.07624626159668,26.07624626159668,26.07624626159668,26.07624626159668,12887541
2000-08-09,26.744979858398438,26.744979858398438,26.744979858398438,26.744979858398438,25185658
2000-08-10,26.965665817260742,26.965665817260742,26.965665817260742,26.965665817260742,39822207
2000-08-11,26.51984405517578,26.51984405517578,26.51984405517578,26.51984405517578,16751193
2000-08-14,26.299156188964844,26.299156188964844,26.299156188964844,26.299156188964844,6598029
2000-08-15,26.07624626159668,26.519841967044467,26.07624626159668,26.410615388018833,10189911
2000-08-16,26.51984405517578,26.854211615213767,26.07624831479995,26.07624831479995,13188705
2000-08-17,27.300037384033203,27.525179977339,26.519847374759976,26.744986782641625,30846568
2000-08-18,26.854204177856445,26.854204177856445,26.854204177856445,26.854204177856445,27408572
2000-08-21,28.300907135009766,28.300907135009766,26.519841337031846,26.744980693656395,87963328
2000-08-22,27.413711547851562,28.528271790529537,27.300023816535287,28.41458405921326,47149362
2000-08-23,27.413711547851562,27.413711547851562,27.413711547851562,27.413711547851562,0
2000-08-24,27.413711547851562,27.96876187339561,27.413711547851562,27.859533733669213,24370898
2000-08-25,26.965665817260742,26.965665817260742,26.965665817260742,26.965665817260742,13560528
2000-08-28,26.299156188964844,26.96566138837864,26.299156188964844,26.96566138837864,11379801
2000-08-29,26.744979858398438,26.96566280076349,25.85110388544418,26.076244827749182,13846418
2000-08-30,26.07624626159668,27.190806830913694,25.85110530691191,26.965664283517174,19062568
2000-08-31,26.51984405517578,26.854211615213767,25.630424370512014,25.630424370512014,23601999
2000-09-01,26.51984405517578,26.51984405517578,26.51984405517578,26.51984405517578,34877341
2000-09-04,28.08022689819336,28.08022689819336,28.08022689819336,28.08022689819336,51123386
2000-09-05,27.52517318725586,27.52517318725586,27.52517318725586,27.52517318725586,27616332
2000-09-06,28.08022689819336,28.08022689819336,28.08022689819336,28.08022689819336,119653822
2000-09-07,28.193906784057617,28.193906784057617,28.193906784057617,28.193906784057617,65340322
2000-09-08,26.965665817260742,26.965665817260742,26.965665817260742,26.965665817260742,33293080
2000-09-11,27.634403228759766,27.745858014314642,26.631297417071572,26.631297417071572,27496724
2000-09-12,27.634403228759766,27.634403228759766,27.634403228759766,27.634403228759766,0
2000-09-13,28.193906784057617,28.41458971783064,27.190804277138344,27.41371700715036,21111660
2000-09-14,27.19080352783203,28.193906007108463,27.079348758609022,28.193906007108463,35271418
2000-09-15,28.08022689819336,28.974104578120592,27.413721578672828,27.525176369553478,77293595
2000-09-18,28.300907135009766,28.300907135009766,28.300907135009766,28.300907135009766,51663132
2000-09-19,28.300907135009766,28.300907135009766,28.300907135009766,28.300907135009766,61777026
2000-09-20,28.193906784057617,28.193906784057617,28.193906784057617,28.193906784057617,55957465
2000-09-21,28.974102020263672,28.974102020263672,28.19390899670399,28.3009073703408,56104112
2000-09-22,27.96877098083496,27.96877098083496,27.96877098083496,27.96877098083496,43436584
2000-09-25,28.974102020263672,28.974102020263672,28.974102020263672,28.974102020263672,40973574
2000-09-26,29.083332061767578,29.083332061767578,29.083332061767578,29.083332061767578,58304325
2000-09-27,28.528282165527344,28.528282165527344,28.528282165527344,28.528282165527344,37011654
2000-09-28,26.63129234313965,26.63129234313965,26.63129234313965,26.63129234313965,77770340
2000-09-29,24.85022735595703,24.85022735595703,24.85022735595703,24.85022735595703,41024438
2000-10-02,21.61800765991211,21.61800765991211,21.61800765991211,21.61800765991211,34430906
2000-10-03,22.286746978759766,22.286746978759766,22.286746978759766,22.286746978759766,49839281
2000-10-04,21.506547927856445,21.506547927856445,21.506547927856445,21.506547927856445,7611193
2000-10-05,22.400428771972656,22.400428771972656,22.400428771972656,22.400428771972656,55469441
2000-10-06,23.95635986328125,23.95635986328125,22.50743136297292,22.73257237938898,31551013
2000-10-09,23.287614822387695,24.290718938171782,23.287614822387695,24.290718938171782,31521768
2000-10-10,23.287614822387695,23.287614822387695,23.287614822387695,23.287614822387695,0
2000-10-11,23.18062400817871,23.18062400817871,23.18062400817871,23.18062400817871,34155852
2000-10-12,23.06693458557129,23.06693458557129,23.06693458557129,23.06693458557129,36796701
2000-10-13,23.06693458557129,23.06693458557129,23.06693458557129,23.06693458557129,34650922
2000-10-16,22.507429122924805,22.507429122924805,22.507429122924805,22.507429122924805,0
2000-10-17,22.955480575561523,23.287618337105826,21.952376308382444,22.507426837171817,44004964
2000-10-18,21.392864227294922,21.392864227294922,21.392864227294922,21.392864227294922,43053636
2000-10-19,19.943933486938477,19.943933486938477,19.943933486938477,19.943933486938477,29097957
2000-10-20,21.285865783691406,21.285865783691406,21.285865783691406,21.285865783691406,7271979
2000-10-23,23.06693458557129,23.847127651804747,22.400427695723103,22.73256703873513,51434428
2000-10-24,24.51585578918457,24.51585578918457,24.51585578918457,24.51585578918457,52199188
2000-10-25,24.961685180664062,24.961685180664062,24.961685180664062,24.961685180664062,47762478
2000-10-26,24.18149757385254,24.8502343259229,24.18149757385254,24.18149757385254,28172892
2000-10-27,24.18149757385254,24.18149757385254,24.18149757385254,24.18149757385254,0
2000-10-30,23.40130043029785,23.40130043029785,23.40130043029785,23.40130043029785,2588833
2000-10-31,22.955480575561523,23.401304517339796,22.62111142469392,22.62111142469392,53373395
2000-11-01,22.173059463500977,22.173059463500977,22.173059463500977,22.173059463500977,24760512
2000-11-02,23.62198257446289,23.62198257446289,23.62198257446289,23.62198257446289,31243693
2000-11-03,25.184595108032227,25.184595108032227,25.184595108032227,25.184595108032227,54275167
2000-11-06,25.29605484008789,25.29605484008789,25.29605484008789,25.29605484008789,41343924
2000-11-07,26.854204177856445,26.854204177856445,26.854204177856445,26.854204177856445,49237388
2000-11-08,26.744979858398438,27.52517285110478,25.85110388544418,26.631295285438863,84406588
2000-11-09,26.07624626159668,26.29915901254478,25.18459844322777,25.964789886122627,40845680
2000-11-10,25.40528106689453,25.40528106689453,25.40528106689453,25.40528106689453,27489058
2000-11-13,24.402177810668945,24.402177810668945,24.402177810668945,24.402177810668945,37667857
2000-11-14,24.070037841796875,24.736544704591775,23.73567030853258,24.40217717132748,23300927
2000-11-15,24.070037841796875,25.630422318216503,24.070037841796875,25.630422318216503,36592025
2000-11-16,23.514989852905273,24.070040399351548,22.95548130580618,23.401305261766712,22595137
2000-11-17,23.735666275024414,24.070033751468145,22.173053860412825,22.841788813300287,24934843
2000-11-20,21.506547927856445,21.506547927856445,21.506547927856445,21.506547927856445,21995406
2000-11-21,22.955480575561523,22.955480575561523,22.955480575561523,22.955480575561523,42586620
2000-11-22,23.95635986328125,23.95635986328125,23.95635986328125,23.95635986328125,50537290
2000-11-23,24.736539840698242,24.736539840698242,24.736539840698242,24.736539840698242,27868629
2000-11-24,25.40528106689453,25.40528106689453,25.40528106689453,25.40528106689453,50776273
2000-11-27,25.40528106689453,25.40528106689453,25.40528106689453,25.40528106689453,25668410
2000-11-28,25.63041877746582,25.63041877746582,25.63041877746582,25.63041877746582,29969846
2000-11-29,25.851104736328125,25.851104736328125,25.851104736328125,25.851104736328125,28946450
2000-11-30,25.184595108032227,26.18546937288101,24.961682386604455,26.07624280832025,23775991
2000-12-01,25.07091522216797,25.07091522216797,25.07091522216797,25.07091522216797,17371056
2000-12-04,23.62198257446289,23.62198257446289,23.62198257446289,23.62198257446289,10020366
2000-12-05,24.070037841796875,24.070037841796875,24.070037841796875,24.070037841796875,21083416
2000-12-06,23.847126007080078,23.847126007080078,23.847126007080078,23.847126007080078,32391522
2000-12-07,24.290719985961914,24.290719985961914,24.290719985961914,24.290719985961914,18120275
2000-12-08,24.62955093383789,24.62955093383789,24.62955093383789,24.62955093383789,14133202
2000-12-11,24.62955093383789,24.62955093383789,24.62955093383789,24.62955093383789,9525644
2000-12-12,25.40528106689453,25.630422018647465,24.7365444154704,24.7365444154704,37184069
2000-12-13,25.184595108032227,25.184595108032227,25.184595108032227,25.184595108032227,11681805
2000-12-14,25.29605484008789,25.29605484008789,25.29605484008789,25.29605484008789,11448470
2000-12-15,24.736539840698242,24.736539840698242,24.736539840698242,24.736539840698242,6399906
2000-12-18,23.62198257446289,23.62198257446289,23.62198257446289,23.62198257446289,13588178
2000-12-19,23.62198257446289,23.62198257446289,23.62198257446289,23.62198257446289,19223360
2000-12-20,22.841796875,22.841796875,22.841796875,22.841796875,16388398
2000-12-21,22.286746978759766,22.732570982794908,22.066063977308964,22.066063977308964,17155963
2000-12-22,22.732566833496094,22.732566833496094,22.732566833496094,22.732566833496094,19718017
2000-12-25,22.732566833496094,22.732566833496094,22.732566833496094,22.732566833496094,0
2000-12-26,22.400428771972656,23.180621875691223,22.28674418283711,23.180621875691223,7640980
2000-12-27,21.61800765991211,21.61800765991211,21.61800765991211,21.61800765991211,13748518
2000-12-28,23.06693458557129,23.06693458557129,23.06693458557129,23.06693458557129,28610697
2000-12-29,23.06693458557129,23.06693458557129,23.06693458557129,23.06693458557129,17920298
2001-01-01,23.06693458557129,23.06693458557129,23.06693458557129,23.06693458557129,0
2001-01-02,23.62198257446289,23.62198257446289,23.62198257446289,23.62198257446289,15289505
2001-01-03,23.514989852905273,23.956355808212987,23.180622284112857,23.401305261766712,10975274
2001-01-04,25.07091522216797,25.07091522216797,24.29072214429645,25.07091522216797,19670998
2001-01-05,26.185470581054688,26.185470581054688,26.185470581054688,26.185470581054688,34094081
2001-01-08,24.961685180664062,24.961685180664062,24.961685180664062,24.961685180664062,15166833
2001-01-09,26.63129234313965,26.63129234313965,24.961681561882237,24.961681561882237,31339050
2001-01-10,26.51984405517578,26.51984405517578,26.51984405517578,26.51984405517578,19978200
2001-01-11,26.07624626159668,26.07624626159668,26.07624626159668,26.07624626159668,39725154
2001-01-12,25.63041877746582,26.519838268041294,25.63041877746582,26.410611704250645,18009066
2001-01-15,26.299156188964844,26.299156188964844,26.299156188964844,26.299156188964844,17083504
2001-01-16,27.413711547851562,27.7458491877755,26.410607647983642,26.519834194998754,35049487
2001-01-17,27.859539031982422,27.859539031982422,27.859539031982422,27.859539031982422,40958927
2001-01-18,27.413711547851562,27.413711547851562,27.413711547851562,27.413711547851562,17704621
2001-01-19,27.413711547851562,27.413711547851562,27.413711547851562,27.413711547851562,0
2001-01-22,27.413711547851562,27.413711547851562,27.413711547851562,27.413711547851562,0
2001-01-23,27.413711547851562,27.413711547851562,27.413711547851562,27.413711547851562,0
2001-01-24,27.413711547851562,27.413711547851562,27.413711547851562,27.413711547851562,0
2001-01-25,27.413711547851562,27.413711547851562,27.413711547851562,27.413711547851562,0
2001-01-26,27.413711547851562,27.413711547851562,27.413711547851562,27.413711547851562,0
2001-01-29,25.851104736328125,25.851104736328125,25.851104736328125,25.851104736328125,17346087
2001-01-30,27.300037384033203,27.300037384033203,27.300037384033203,27.300037384033203,24547157
2001-01-31,27.300037384033203,27.300037384033203,27.300037384033203,27.300037384033203,42936388
2001-02-01,26.410619735717773,26.410619735717773,26.410619735717773,26.410619735717773,29061249
2001-02-02,26.410619735717773,26.410619735717773,26.410619735717773,26.410619735717773,38655050
2001-02-05,25.184595108032227,25.184595108032227,25.184595108032227,25.184595108032227,20913850
2001-02-06,25.40528106689453,25.40528106689453,25.40528106689453,25.40528106689453,22050186
2001-02-07,25.29605484008789,25.29605484008789,25.29605484008789,25.29605484008789,13182771
2001-02-08,25.739643096923828,25.739643096923828,25.739643096923828,25.739643096923828,9291844
2001-02-09,25.96478843688965,25.96478843688965,25.96478843688965,25.96478843688965,18866979
2001-02-12,25.739643096923828,26.51983595568081,25.739643096923828,25.96478400057495,13359362
2001-02-13,26.410619735717773,26.410619735717773,26.410619735717773,26.410619735717773,24418917
2001-02-14,25.851104736328125,25.851104736328125,25.851104736328125,25.851104736328125,14544312
2001-02-15,26.410619735717773,26.74498573175954,26.076250554251985,26.299163341895845,19320980
2001-02-16,25.63041877746582,25.63041877746582,25.63041877746582,25.63041877746582,15607402
2001-02-19,25.29605484008789,25.29605484008789,25.29605484008789,25.29605484008789,8113112
2001-02-20,26.299156188964844,26.299156188964844,26.299156188964844,26.299156188964844,48178445
2001-02-21,25.851104736328125,25.851104736328125,25.851104736328125,25.851104736328125,17378237
2001-02-22,25.40528106689453,25.40528106689453,25.40528106689453,25.40528106689453,11108476
2001-02-23,26.410619735717773,26.410619735717773,25.2960589829225,25.405285579928943,19269084
2001-02-26,26.410619735717773,26.410619735717773,26.410619735717773,26.410619735717773,33248764
2001-02-27,25.739643096923828,26.965658171097107,25.630416542657038,26.85420341359873,15729688
2001-02-28,25.739643096923828,25.739643096923828,25.739643096923828,25.739643096923828,0
2001-03-01,25.516738891601562,25.516738891601562,25.516738891601562,25.516738891601562,13897868
2001-03-02,25.516738891601562,25.516738891601562,25.516738891601562,25.516738891601562,10866444
2001-03-05,25.63041877746582,25.63041877746582,25.63041877746582,25.63041877746582,5033193
2001-03-06,25.63041877746582,26.076242624466495,25.405277854183844,25.85110170118452,7857854
2001-03-07,26.07624626159668,26.07624626159668,26.07624626159668,26.07624626159668,20680195
2001-03-08,25.851104736328125,25.851104736328125,25.851104736328125,25.851104736328125,8890705
2001-03-09,25.40528106689453,25.40528106689453,25.40528106689453,25.40528106689453,6198827
2001-03-12,25.40528106689453,25.40528106689453,25.40528106689453,25.40528106689453,6010244
2001-03-13,25.29605484008789,25.29605484008789,25.29605484008789,25.29605484008789,8219582
2001-03-14,25.739643096923828,25.739643096923828,25.739643096923828,25.739643096923828,15564315
2001-03-15,25.851104736328125,25.851104736328125,25.851104736328125,25.851104736328125,12177322
2001-03-16,25.40528106689453,25.40528106689453,25.40528106689453,25.40528106689453,12361154
2001-03-19,25.184595108032227,25.184595108032227,25.184595108032227,25.184595108032227,5288556
2001-03-20,25.40528106689453,25.40528106689453,25.40528106689453,25.40528106689453,4909013
2001-03-21,25.40528106689453,26.07624592202631,25.40528106689453,25.630422018647465,10014225
2001-03-22,25.63041877746582,25.964786264538443,25.516734214111896,25.73964534125647,10835805
2001-03-23,26.07624626159668,26.07624626159668,26.07624626159668,26.07624626159668,23942545
2001-03-26,26.07624626159668,26.29915901254478,25.73964893143786,26.29915901254478,9853017
2001-03-27,26.299156188964844,27.190803911602977,25.96478709844186,26.299156188964844,27612101
2001-03-28,25.63041877746582,26.519838268041294,25.63041877746582,26.410611704250645,10892166
2001-03-29,25.63041877746582,25.85110170118452,25.63041877746582,25.63041877746582,6494396
2001-03-30,25.63041877746582,25.63041877746582,25.63041877746582,25.63041877746582,8094127
2001-04-02,25.07091522216797,25.73965032581574,25.07091522216797,25.630423740873045,8820441
2001-04-03,25.184595108032227,25.405278033306878,24.850227618602105,25.070910543876757,6634354
2001-04-04,25.184595108032227,25.405278033306878,25.070910543876757,25.184595108032227,5870042
2001-04-05,25.184595108032227,25.184595108032227,25.184595108032227,25.184595108032227,0
2001-04-06,25.29605484008789,25.29605484008789,25.29605484008789,25.29605484008789,5845056
2001-04-09,25.29605484008789,25.40528141920587,25.070913885212782,25.29605484008789,4702525
2001-04-10,23.62198257446289,25.516734331079064,23.62198257446289,25.29605140634877,10503015
2001-04-11,23.287614822387695,24.07003600084505,22.173055932514416,23.62198392279014,14415503
2001-04-12,24.070037841796875,24.29072079600213,23.18061982106303,23.287616603497497,8646032
2001-04-13,23.18062400817871,23.18062400817871,23.18062400817871,23.18062400817871,7121538
2001-04-16,23.18062400817871,23.18062400817871,23.18062400817871,23.18062400817871,2426974
2001-04-17,23.06693458557129,23.06693458557129,23.06693458557129,23.06693458557129,2854308
2001-04-18,23.287614822387695,23.514985555827497,23.180618048136676,23.180618048136676,3014135
2001-04-19,23.735666275024414,23.735666275024414,23.735666275024414,23.735666275024414,9569615
2001-04-20,24.402177810668945,24.402177810668945,23.84712730865697,24.07003847243623,6612644
2001-04-23,24.070037841796875,24.070037841796875,24.070037841796875,24.070037841796875,3641771
2001-04-24,23.95635986328125,23.95635986328125,23.95635986328125,23.95635986328125,4721604
2001-04-25,23.514989852905273,23.514989852905273,23.514989852905273,23.514989852905273,2694474
2001-04-26,23.06693458557129,23.06693458557129,23.06693458557129,23.06693458557129,5269471
2001-04-27,22.955480575561523,22.955480575561523,22.955480575561523,22.955480575561523,2512200
2001-04-30,22.286746978759766,23.066938587643243,21.840922974724627,22.95548378116852,4821717
2001-05-01,22.286746978759766,22.286746978759766,22.286746978759766,22.286746978759766,0
2001-05-02,21.058496475219727,21.058496475219727,21.058496475219727,21.058496475219727,10796542
2001-05-03,20.726350784301758,20.726350784301758,20.726350784301758,20.726350784301758,13636564
2001-05-04,20.171308517456055,20.171308517456055,20.171308517456055,20.171308517456055,10206796
2001-05-07,18.943056106567383,18.943056106567383,18.943056106567383,18.943056106567383,9958813
2001-05-08,18.943056106567383,18.943056106567383,18.943056106567383,18.943056106567383,27401264
2001-05-09,18.829376220703125,18.829376220703125,18.829376220703125,18.829376220703125,9655763
2001-05-10,18.943056106567383,18.943056106567383,18.943056106567383,18.943056106567383,12288624
2001-05-11,19.611801147460938,19.611801147460938,18.49724044371588,18.943064406671514,11026687
2001-05-14,19.16374397277832,19.61179765260743,19.16374397277832,19.388884914497048,4539355
2001-05-15,19.388885498046875,19.388885498046875,19.388885498046875,19.388885498046875,3696977
2001-05-16,18.497238159179688,18.497238159179688,18.497238159179688,18.497238159179688,10481265
2001-05-17,18.722379684448242,18.943062645042037,18.38801214150435,18.60869510209815,9728375
2001-05-18,18.722379684448242,18.943062645042037,18.497238723546257,18.722379684448242,4563495
2001-05-21,17.607820510864258,18.4972385489506,17.494134336875458,18.4972385489506,5097925
2001-05-22,17.82850456237793,18.053647147782424,17.714819963975277,17.714819963975277,6049088
2001-05-23,18.943056106567383,18.943056106567383,18.943056106567383,18.943056106567383,7251973
2001-05-24,18.608694076538086,18.608694076538086,18.608694076538086,18.608694076538086,9077336
2001-05-25,17.82850456237793,17.82850456237793,17.82850456237793,17.82850456237793,8223412
2001-05-28,17.607820510864258,18.0536444281519,17.607820510864258,17.828501876663246,6525170
2001-05-29,17.15976333618164,17.15976333618164,17.15976333618164,17.15976333618164,16996131
2001-05-30,16.71394157409668,16.71394157409668,16.71394157409668,16.71394157409668,11159692
2001-05-31,16.71394157409668,16.71394157409668,16.71394157409668,16.71394157409668,23784986
2001-06-01,17.15976333618164,17.15976333618164,17.15976333618164,17.15976333618164,13240344
2001-06-04,17.273454666137695,17.273454666137695,17.273454666137695,17.273454666137695,7597927
2001-06-05,17.273454666137695,17.494137666652545,17.159770063222318,17.494137666652545,6411835
2001-06-06,17.942188262939453,18.05364464175803,17.38267816504303,17.494134543861605,20063116
2001-06-07,18.829376220703125,18.829376220703125,18.829376220703125,18.829376220703125,20356864
2001-06-08,19.056745529174805,19.277428470102727,18.82937638473633,18.943060956955566,17320009
2001-06-11,18.943056106567383,19.163738990989234,18.72237322214553,19.05674064967758,6269691
2001-06-12,18.943056106567383,18.943056106567383,18.943056106567383,18.943056106567383,4956804
2001-06-13,19.056745529174805,19.611797575961536,18.943060956955566,19.056745529174805,10906635
2001-06-14,18.497238159179688,19.05674664595448,18.274327001588905,18.943062067073,6724192
2001-06-15,19.16374397277832,19.16374397277832,17.828500525859337,18.2743260020801,9292527
2001-06-18,19.277429580688477,19.277429580688477,19.277429580688477,19.277429580688477,4990623
2001-06-19,18.943056106567383,19.611792554342724,18.943056106567383,19.388879874180528,7131953
2001-06-20,19.056745529174805,19.056745529174805,19.056745529174805,19.056745529174805,4381165
2001-06-21,18.943056106567383,18.943056106567383,18.943056106567383,18.943056106567383,3207398
2001-06-22,18.608694076538086,19.163744549485898,18.608694076538086,18.943061601054353,3347414
2001-06-25,18.608694076538086,18.608694076538086,18.608694076538086,18.608694076538086,0
2001-06-26,18.053646087646484,18.053646087646484,18.053646087646484,18.053646087646484,3969970
2001-06-27,18.053646087646484,18.608696636965394,17.942189699901537,18.274329066442473,4687382
2001-06-28,18.162870407104492,18.162870407104492,18.162870407104492,18.162870407104492,2936010
2001-06-29,18.943056106567383,18.943056106567383,18.388005794613484,18.388005794613484,8526011
2001-07-02,18.829376220703125,19.27742830216629,18.608693281697697,19.27742830216629,15368172
2001-07-03,18.975725173950195,19.257654319779018,18.699380459958387,18.975725173950195,10923177
2001-07-04,18.557018280029297,18.557018280029297,18.557018280029297,18.557018280029297,2962019
2001-07-05,18.975725173950195,18.975725173950195,18.420243530048072,18.420243530048072,3960339
2001-07-06,19.257652282714844,19.394428517283377,18.838946932139798,18.97572316670833,6436919
2001-07-09,19.118080139160156,19.257648562389043,18.97571950084754,19.118080139160156,4326229
2001-07-10,17.861963272094727,17.861963272094727,17.861963272094727,17.861963272094727,7780661
2001-07-11,16.745420455932617,17.58004058336323,16.745420455932617,16.745420455932617,11895007
2001-07-12,16.884986877441406,17.161331533527633,15.908007827472638,17.024555313151232,15460126
2001-07-13,16.326711654663086,16.326711654663086,16.326711654663086,16.326711654663086,13290834
2001-07-16,16.466278076171875,16.466278076171875,16.466278076171875,16.466278076171875,9603543
2001-07-17,17.024553298950195,17.024553298950195,17.024553298950195,17.024553298950195,7704959
2001-07-18,16.603059768676758,17.161331895166565,16.466281917304155,17.161331895166565,4122658
2001-07-19,16.745420455932617,16.884988908430252,16.04757819344445,16.04757819344445,6535913
2001-07-20,17.443260192871094,17.722397057451094,16.745418031421096,16.884986463711098,11163960
2001-07-23,17.303686141967773,17.861959689852917,17.16132554063813,17.722391302881633,5077178
2001-07-24,16.466278076171875,17.30368851273254,16.184350677357624,17.16132789189818,9572796
2001-07-25,17.580036163330078,17.580036163330078,16.18435198926146,16.466279410928752,10878079
2001-07-26,18.280672073364258,18.4202405154783,17.161332320990358,17.722398304908083,10272822
2001-07-27,18.280672073364258,18.838945841820433,17.998744601788594,18.280672073364258,10700873
2001-07-30,18.280672073364258,18.280672073364258,18.280672073364258,18.280672073364258,0
2001-07-31,19.394426345825195,19.53399640850426,17.998743628287272,18.280671084614273,13534340
2001-08-01,19.257652282714844,19.533998595589125,18.838946932139798,19.394428517283377,5286022
2001-08-02,19.952695846557617,20.09505646619895,18.97571701209088,19.257646036656034,9485581
2001-08-03,19.676349639892578,19.952694212389492,19.533990660024283,19.952694212389492,6087771
2001-08-06,18.69937515258789,19.394425064171877,18.69937515258789,19.25764885395588,6396315
2001-08-07,18.975725173950195,19.11808585482386,18.420243530048072,18.557019779084722,4983455
2001-08-08,18.975725173950195,19.257654319779018,18.699380459958387,18.699380459958387,9593788
2001-08-09,18.138309478759766,18.975718338734662,17.86196323619599,18.975718338734662,8897711
2001-08-10,17.303686141967773,17.998737490579177,17.16132554063813,17.58003232966532,10793212
2001-08-13,17.443260192871094,17.861965489741095,17.303691760581096,17.861965489741095,4270346
2001-08-14,17.99873924255371,17.99873924255371,17.44325622684358,17.580034040883618,5614412
2001-08-15,17.99873924255371,18.13830764311041,17.722393027956976,17.99873924255371,6426699
2001-08-16,17.580036163330078,18.138309832957525,17.303689915369922,17.998741415550665,7202126
2001-08-17,17.161327362060547,17.443256380284094,17.161327362060547,17.443256380284094,5666551
2001-08-20,16.603059768676758,16.884987233256957,16.18435445272395,16.18435445272395,9011641
2001-08-21,16.745420455932617,16.884988908430252,16.46628355093735,16.745420455932617,5801562
2001-08-22,16.047574996948242,16.745417120434116,15.908006572251066,16.603058108737606,8462848
2001-08-23,15.349732398986816,16.184352334371596,14.93102713783789,16.047574500901696,10385964
2001-08-24,14.37275505065918,15.2073750786274,14.37275505065918,15.07059722998489,10072105
2001-08-27,14.788670539855957,15.207375869218769,14.235979570221605,14.512324240981789,12524239
2001-08-28,14.512319564819336,15.070593157416058,14.512319564819336,15.070593157416058,6048564
2001-08-29,14.512319564819336,14.788665774649173,14.093614370371794,14.372751166670154,8588449
2001-08-30,14.654684066772461,15.070597157017632,14.512323416260056,14.512323416260056,11102078
2001-08-31,14.235978126525879,14.512322769261463,13.95404905339324,14.372754340294408,7211142
2001-09-03,14.512319564819336,14.654680177550498,14.372751166670154,14.372751166670154,6377385
2001-09-04,15.349732398986816,15.489300819369793,14.372753456305988,14.512321876688963,20095073
2001-09-05,14.654684066772461,15.34973402739642,14.654684066772461,15.34973402739642,6381108
2001-09-06,14.512319564819336,14.788665774649173,14.372751166670154,14.654680177550498,5324648
2001-09-07,13.50463581085205,14.235974587582056,13.50463581085205,14.235974587582056,10939628
2001-09-10,12.6979341506958,13.22829386116023,12.58907113305242,12.865416592977683,12037357
2001-09-11,11.83260726928711,12.951945898567907,11.83260726928711,12.725845703450045,21060100
2001-09-12,11.83260726928711,11.83260726928711,11.83260726928711,11.83260726928711,0
2001-09-13,11.023112297058105,11.023112297058105,11.023112297058105,11.023112297058105,2169842
2001-09-14,10.272235870361328,10.799804223165514,10.272235870361328,10.467631526434841,13793100
2001-09-17,10.272235870361328,10.272235870361328,10.272235870361328,10.272235870361328,0
2001-09-18,10.272235870361328,10.272235870361328,10.272235870361328,10.272235870361328,0
2001-09-19,9.934479713439941,9.934479713439941,9.934479713439941,9.934479713439941,1874915
2001-09-20,9.602306365966797,9.878651811037951,9.602306365966797,9.602306365966797,13946193
2001-09-21,9.264549255371094,9.264549255371094,9.264549255371094,9.264549255371094,420618
2001-09-24,9.127771377563477,9.378994980726546,8.678361594864413,9.071944181546147,28887586
2001-09-25,9.292466163635254,9.741876943418896,9.127775094957858,9.348293382388878,54469128
2001-09-26,9.934479713439941,9.934479713439941,9.29246475963292,9.29246475963292,43547792
2001-09-27,10.436925888061523,10.579284903324178,10.018220603481284,10.129875020413252,68162934
2001-09-28,10.523457527160645,10.604407344471946,10.216407478462303,10.5485801368956,34155995
2001-10-01,10.523457527160645,10.523457527160645,10.523457527160645,10.523457527160645,0
2001-10-02,9.79770278930664,10.436926348906658,9.79770278930664,10.353185125481614,16018367
2001-10-03,9.99030590057373,10.185701523705553,9.68325505418312,9.7977016783748,25163525
2001-10-04,10.57928466796875,10.688148495409607,10.467630253520737,10.688148495409607,33922960
2001-10-05,10.523457527160645,10.716061759624635,9.99030643301837,10.688148562864908,25764926
2001-10-08,9.79770278930664,10.129875467700476,9.79770278930664,9.878652611482286,19783847
2001-10-09,9.99030590057373,10.185701523705553,9.655341858911058,9.766996268113,23909865
2001-10-10,9.99030590057373,9.99030590057373,9.99030590057373,9.99030590057373,0
2001-10-11,10.604408264160156,10.660235476578226,10.241530976414221,10.467631227410251,26003395
2001-10-12,11.051027297973633,11.302250154208,10.774681830493053,11.137559922653649,44653846
2001-10-15,10.604408264160156,10.967286365963053,10.604408264160156,10.830509329213148,9600867
2001-10-16,11.051027297973633,11.051027297973633,10.492753560513314,10.632321994878394,14317113
2001-10-17,10.774681091308594,11.274336182306435,10.716061669088948,11.051026539830817,28224029
2001-10-18,10.018219947814941,10.18570156225166,10.018219947814941,10.074047152627182,8616358
2001-10-19,9.822824478149414,10.018220935338292,9.348291969384137,9.348291969384137,28591507
2001-10-22,10.160579681396484,10.185702291686695,9.627428575470594,9.878652236201985,31200234
2001-10-23,9.909358978271484,10.160581879289413,9.909358978271484,10.160581879289413,22300026
2001-10-24,10.436925888061523,10.467630486392208,9.82282415276498,9.909356773618555,34531040
2001-10-25,10.35318374633789,10.660233772585114,10.32526973756231,10.4369249586078,22260639
2001-10-26,10.523457527160645,10.911458207227179,10.216407478462303,10.411803112007954,52258907
2001-10-29,11.249215126037598,11.249215126037598,10.523458891296077,10.660235933913864,49129167
2001-10-30,10.886335372924805,11.556263478135197,10.799802755235207,11.21850802450592,71416483
2001-10-31,10.632320404052734,11.02311163618134,10.46762938308279,10.886334623530647,31877905
2001-11-01,10.855633735656738,11.023116227213613,10.688152058157021,10.688152058157021,38441362
2001-11-02,10.68814754486084,11.302248397823721,10.604406334443897,11.106852782888733,44206268
2001-11-05,11.076150894165039,11.162683532899793,10.604409704763947,10.743978161797909,29736742
2001-11-06,11.43902587890625,11.832608525736555,11.051026033936534,11.249213057816831,92296458
2001-11-07,12.22619342803955,12.22619342803955,11.69304229995203,11.69304229995203,72355922
2001-11-08,12.170364379882812,12.416004397403633,11.863313543924967,12.390881789861213,50365270
2001-11-09,11.746079444885254,12.083834965375821,11.720956830695322,12.000093732133085,20609712
2001-11-12,12.055920600891113,12.30714347929565,11.746079105129317,11.807489123982492,36791098
2001-11-13,11.556265830993652,12.13966225135097,11.556265830993652,12.02800700171162,21455068
2001-11-14,12.170364379882812,12.251313376072524,11.693040534974585,11.944263354171499,38145190
2001-11-15,12.558364868164062,12.558364868164062,11.972177174002438,12.170365015744776,40971189
2001-11-16,12.896120071411133,13.284119916443595,12.502537424517183,12.558364629075234,59550343
2001-11-19,13.786568641662598,13.786568641662598,12.977071241701342,13.004985253928497,50398963
2001-11-20,12.840295791625977,14.093619627933462,12.840295791625977,13.898224774501509,34473681
2001-11-21,13.085930824279785,13.203168830784579,12.446708252737778,12.670017035675688,24597334
2001-11-22,12.589073181152344,13.085936158371622,12.558367763251038,13.085936158371622,14624133
2001-11-23,13.203169822692871,13.423687221707926,12.670017987530134,12.896119002000505,37832051
2001-11-26,13.591172218322754,13.811690473300354,13.004985286592579,13.203172331732363,39077113
2001-11-27,13.423687934875488,13.898221194621161,13.258997727039427,13.867514971241087,36923580
2001-11-28,13.258999824523926,14.093618227239162,13.172467198617253,13.646999719373953,36659704
2001-11-29,12.840295791625977,13.116641290488534,12.67002192417911,13.085935873256236,14535188
2001-11-30,13.032898902893066,13.339948977727657,12.9212444782363,13.004985703757356,24015966
2001-12-03,13.928929328918457,13.928929328918457,13.259001095856444,13.259001095856444,33238839
2001-12-04,14.788670539855957,14.788670539855957,13.898224068118056,13.95405046849804,47546060
2001-12-05,15.20737075805664,15.631658747666638,14.788665569419676,15.349729740698761,43832007
2001-12-06,16.184354782104492,16.184354782104492,15.489303161982605,15.631663818923098,21728703
2001-12-07,17.303686141967773,17.303686141967773,16.18434845995246,16.603053620866316,34557120
2001-12-10,17.72239875793457,18.42024098634329,17.30369342088934,17.30369342088934,29845086
2001-12-11,17.580036163330078,17.580036163330078,16.745416245742476,17.443258332776786,17263849
2001-12-12,18.69937515258789,18.69937515258789,17.722396175193907,17.861964600535906,21261196
2001-12-13,17.861963272094727,19.39442362175759,17.443258027208945,18.975718376871807,26759497
2001-12-14,17.99873924255371,18.280666630183767,17.44325622684358,17.722393027956976,20738928
2001-12-17,16.745420455932617,17.861968075913683,16.745420455932617,17.58004058336323,15188085
2001-12-18,15.90800666809082,17.30369092347104,15.631662032144702,17.30369092347104,18893125
2001-12-19,16.047574996948242,16.466280271039768,15.765647560554557,16.18435283464608,19550368
2001-12-20,16.884986877441406,16.884986877441406,15.908007827472638,16.04757626318246,17122818
2001-12-21,15.765650749206543,16.745420507247587,15.765650749206543,16.60306146675852,13025672
2001-12-24,15.765650749206543,16.047578242620943,15.631665099522792,15.908009789695612,9820823
2001-12-25,16.745420455932617,16.745420455932617,15.908009740946818,16.184356058386896,20312268
2001-12-26,17.443260192871094,17.722397057451094,16.884986463711098,17.024554896001096,27094644
2001-12-27,16.326711654663086,17.861964308307776,16.326711654663086,17.58003687522399,22568168
2001-12-28,16.047574996948242,16.32671184634259,15.63166193796982,16.32671184634259,13557108
2001-12-31,16.884986877441406,16.884986877441406,16.18435411167276,16.466281570311935,14303303
2002-01-01,16.884986877441406,16.884986877441406,16.884986877441406,16.884986877441406,0
2002-01-02,16.466278076171875,16.884983294452205,16.184350677357624,16.884983294452205,12712107
2002-01-03,16.047574996948242,17.161330179412538,15.908006572251066,16.603058108737606,25354894
2002-01-04,17.161327362060547,17.161327362060547,16.603055383036374,16.88498277314642,17580408
2002-01-07,18.280672073364258,18.280672073364258,17.580039275446463,17.722398304908083,39546184
2002-01-08,18.838947296142578,19.257652654807774,18.420241937477385,18.557018174688682,42569531
2002-01-09,18.557018280029297,19.257652764125602,18.138314547101388,18.699378949402917,27019236
2002-01-10,18.280672073364258,18.5570167421308,17.861966747022127,18.4202405154783,16924037
2002-01-11,17.024553298950195,18.420237490922897,17.024553298950195,18.280669071725626,23358475
2002-01-14,17.024553298950195,17.58003638884991,16.603057454469017,17.024553298950195,40504080
2002-01-15,16.466278076171875,16.884983294452205,16.184350677357624,16.745414888358763,14240764
2002-01-16,15.90800666809082,16.745417221318952,15.90800666809082,16.46628037024291,9393636
2002-01-17,15.90800666809082,16.047575093628843,15.349732965938731,15.489301391476754,8560766
2002-01-18,16.184354782104492,16.46628225242242,16.047576927948214,16.184354782104492,12756407
2002-01-21,17.303686141967773,17.303686141967773,16.18434845995246,16.46627582014006,17306611
2002-01-22,17.161327362060547,17.443256380284094,16.603055383036374,17.303687978499674,14104956
2002-01-23,17.861963272094727,18.28066851698051,16.745415952399306,17.024552782323163,43766148
2002-01-24,17.72239875793457,18.557017216492113,17.02455652952585,18.557017216492113,36256100
2002-01-25,17.72239875793457,18.42024098634329,17.58003972483392,18.28067254066155,25109166
2002-01-28,18.838947296142578,18.838947296142578,17.998745991249187,18.138314444137585,41253018
2002-01-29,18.280672073364258,18.838945841820433,18.138313043902638,18.838945841820433,18472119
2002-01-30,17.861963272094727,18.28066851698051,17.861963272094727,17.861963272094727,10969683
2002-01-31,17.72239875793457,18.28067254066155,17.44326186657108,17.998745061879152,10545465
2002-02-01,17.161327362060547,17.99873940088056,16.88498277314642,17.72239318385293,30245589
2002-02-04,16.603059768676758,17.024555671907894,16.18435445272395,16.745418794606024,11316467
2002-02-05,16.745420455932617,17.024557360927883,16.184356058386896,16.326715098439717,13139824
2002-02-06,17.161327362060547,17.161327362060547,16.745414371362,16.745414371362,14371288
2002-02-07,17.161327362060547,17.161327362060547,17.161327362060547,17.161327362060547,0
2002-02-08,17.161327362060547,17.161327362060547,17.161327362060547,17.161327362060547,0
2002-02-11,17.161327362060547,17.161327362060547,17.161327362060547,17.161327362060547,0
2002-02-12,17.161327362060547,17.161327362060547,17.161327362060547,17.161327362060547,0
2002-02-13,17.161327362060547,17.161327362060547,17.161327362060547,17.161327362060547,0
2002-02-14,17.161327362060547,17.161327362060547,17.161327362060547,17.161327362060547,0
2002-02-15,17.161327362060547,17.161327362060547,17.161327362060547,17.161327362060547,0
2002-02-18,17.303686141967773,17.722391302881633,17.024549368025202,17.44325452893906,11787062
2002-02-19,16.745420455932617,17.443262718420783,16.745420455932617,17.303694265923152,6347739
2002-02-20,16.184354782104492,16.46628225242242,16.184354782104492,16.184354782104492,7893830
2002-02-21,15.90800666809082,16.603058208764782,15.631662032144702,16.46628037024291,7928060
2002-02-22,15.90800666809082,15.90800666809082,15.349732965938731,15.631662032144702,6912441
2002-02-25,15.349732398986816,16.047574500901696,15.349732398986818,15.908006080518721,5300933
2002-02-26,14.37275505065918,15.765648822087968,14.37275505065918,15.765648822087968,16669692
2002-02-27,14.9310302734375,14.9310302734375,14.372756474664987,14.372756474664987,18137109
2002-02-28,14.9310302734375,14.9310302734375,14.9310302734375,14.9310302734375,0
2002-03-01,14.654684066772461,14.788669699429724,14.23597876120428,14.788669699429724,7281222
2002-03-04,15.349732398986816,15.489300819369793,14.93102713783789,15.070595558220866,14684645
2002-03-05,16.047574996948242,16.18435283464608,15.63166193796982,16.18435283464608,18669887
2002-03-06,17.024553298950195,17.024553298950195,15.908005945372032,16.047574364569304,27868529
2002-03-07,16.466278076171875,17.02455170054565,16.326709670078433,17.02455170054565,11633185
2002-03-08,16.603059768676758,17.161331895166565,16.466281917304155,16.466281917304155,18004124
2002-03-11,16.603059768676758,16.884987233256957,16.466281917304155,16.884987233256957,9865448
2002-03-12,16.184354782104492,16.6030601065787,15.908008486456811,16.6030601065787,6176226
2002-03-13,15.765650749206543,16.18435610798253,15.489304430919624,15.908009789695612,8336184
2002-03-14,15.90800666809082,16.047575093628843,15.349732965938731,15.489301391476754,4351189
2002-03-15,15.349732398986816,16.326711341667647,15.349732398986818,15.908006080518721,9288393
2002-03-18,15.631659507751465,15.765645109505767,15.349730487074872,15.631659507751467,6988437
2002-03-19,15.070595741271973,15.76564726471604,14.788668310168587,15.349732585428388,12706137
2002-03-20,15.631659507751465,15.765645109505767,14.93102527807849,15.20737149751059,22341150
2002-03-21,15.631659507751465,15.765645109505767,15.349730487074872,15.349730487074872,11709495
2002-03-22,16.603059768676758,16.603059768676758,15.908008162700414,15.908008162700414,36331719
2002-03-25,17.161327362060547,17.303687978499674,16.603055383036374,16.745414371362,43324137
2002-03-26,17.161327362060547,17.443256380284094,17.02455117493084,17.02455117493084,23118486
2002-03-27,16.326711654663086,17.303690616073343,16.326711654663086,17.303690616073343,14686561
2002-03-28,16.745420455932617,17.024557360927883,16.184356058386896,16.326715098439717,10139048
2002-03-29,16.466278076171875,17.16132789189818,16.466278076171875,17.02455170054565,8428081
2002-04-01,16.884986877441406,17.161331533527633,16.32671313460211,16.466281570311935,10776644
2002-04-02,17.443260192871094,17.861965489741095,17.024554896001096,17.024554896001096,29455608
2002-04-03,17.72239875793457,18.138313507560895,17.44326186657108,17.58003972483392,28617248
2002-04-04,17.024553298950195,17.722395394936544,16.884984879752924,17.722395394936544,13945017
2002-04-05,17.024553298950195,17.024553298950195,17.024553298950195,17.024553298950195,0
2002-04-08,17.161327362060547,17.580034195527304,16.745414371362,17.161327362060547,12665130
2002-04-09,16.745420455932617,17.58004058336323,16.745420455932617,17.443262718420783,8394874
2002-04-10,16.884986877441406,16.884986877441406,16.466281570311935,16.466281570311935,4929755
2002-04-11,16.745420455932617,17.024557360927883,16.745420455932617,17.024557360927883,6813480
2002-04-12,17.303686141967773,17.303686141967773,16.32670743316877,16.74541259408263,12237916
2002-04-15,17.024553298950195,17.443258556542006,17.024553298950195,17.443258556542006,8115861
2002-04-16,17.72239875793457,17.998745061879152,17.02455652952585,17.30369342088934,24497501
2002-04-17,17.72239875793457,18.28067254066155,17.72239875793457,18.138313507560895,21380092
2002-04-18,17.72239875793457,17.998745061879152,17.58003972483392,17.861967203616317,9666993
2002-04-19,17.861963272094727,17.99874110025197,17.580035855366187,17.861963272094727,8504612
2002-04-22,18.138309478759766,18.42023689492169,17.86196323619599,17.99874106407834,16178628
2002-04-23,17.72239875793457,18.138313507560895,17.72239875793457,18.138313507560895,6083260
2002-04-24,17.580036163330078,17.86196358499737,17.580036163330078,17.72239516759051,3785946
2002-04-25,17.161327362060547,17.580034195527304,17.02455117493084,17.580034195527304,7384829
2002-04-26,17.024553298950195,17.303690137344734,16.745416460555653,17.024553298950195,5917836
2002-04-29,16.603059768676758,17.024555671907894,16.603059768676758,16.745418794606024,10452482
2002-04-30,16.884986877441406,16.884986877441406,16.603059418802232,16.603059418802232,5525138
2002-05-01,16.884986877441406,16.884986877441406,16.884986877441406,16.884986877441406,0
2002-05-02,16.466278076171875,17.02455170054565,15.765645459077293,17.02455170054565,14443570
2002-05-03,17.580036163330078,17.580036163330078,16.326710993521893,16.466279410928752,15161207
2002-05-06,16.603059768676758,17.4432609878607,16.466281917304155,17.161331895166565,11740755
2002-05-07,17.303686141967773,17.58003232966532,16.884980981053918,16.884980981053918,13925765
2002-05-08,16.884986877441406,17.443260620280704,16.884986877441406,17.303692184570878,7001665
2002-05-09,16.884986877441406,17.580038468771,16.884986877441406,17.443260620280704,11866018
2002-05-10,16.884986877441406,17.161331533527633,16.603059418802232,16.884986877441406,6203421
2002-05-13,16.466278076171875,16.884983294452205,16.466278076171875,16.745414888358763,4093752
2002-05-14,16.466278076171875,16.745414888358763,16.326709670078433,16.603055895637954,7472436
2002-05-15,16.745420455932617,16.884988908430252,16.603061415879797,16.603061415879797,8407486
2002-05-16,16.745420455932617,16.884988908430252,16.46628355093735,16.603061415879797,6121000
2002-05-17,16.745420455932617,17.161333597756236,16.745420455932617,16.884988908430252,5235920
2002-05-20,16.326711654663086,16.74541692383891,16.326711654663086,16.74541692383891,4654923
2002-05-21,16.184354782104492,16.46628225242242,16.047576927948214,16.326713810931018,4498217
2002-05-22,16.184354782104492,16.46628225242242,15.765649457630285,16.184354782104492,5354272
2002-05-23,16.603059768676758,16.745418794606024,16.18435445272395,16.18435445272395,6521777
2002-05-24,17.161327362060547,17.303687978499674,16.745414371362,17.02455117493084,8907989
2002-05-27,17.024553298950195,17.161329503144394,16.745416460555653,17.024553298950195,6010921
2002-05-28,16.745420455932617,17.303694265923152,16.603061415879797,17.161333597756236,6702436
2002-05-29,16.745420455932617,16.745420455932617,16.46628355093735,16.46628355093735,2357615
2002-05-30,17.024553298950195,17.303690137344734,16.745416460555653,16.745416460555653,7401049
2002-05-31,16.745420455932617,17.161333597756236,16.745420455932617,17.024557360927883,3914347
2002-06-03,16.326711654663086,16.88498534689752,16.326711654663086,16.60305791381373,2675826
2002-06-04,16.884986877441406,16.884986877441406,16.04757626318246,16.18435411167276,2620100
2002-06-05,17.161327362060547,17.161327362060547,16.88498277314642,17.02455117493084,3419933
2002-06-06,16.745420455932617,17.161333597756236,16.46628355093735,17.161333597756236,5341635
2002-06-07,16.745420455932617,16.745420455932617,16.184356058386896,16.326715098439717,6589304
2002-06-10,16.326711654663086,16.74541692383891,16.184352644637904,16.466280077721695,3778910
2002-06-11,16.326711654663086,16.466280077721695,15.908006385487262,16.326711654663086,4435247
2002-06-12,16.047574996948242,16.32671184634259,15.908006572251066,16.18435283464608,3704070
2002-06-13,16.047574996948242,16.32671184634259,15.908006572251066,16.047574996948242,12413871
2002-06-14,15.765650749206543,16.18435610798253,15.631665099522792,16.047578242620943,6994350
2002-06-17,15.631659507751465,16.047572502068846,15.631659507751467,16.047572502068846,4661553
2002-06-18,15.489300727844238,15.908005986519054,15.489300727844238,15.908005986519054,6802624
2002-06-19,14.654684066772461,15.489302462585814,14.512323416260056,15.34973402739642,6447775
2002-06-20,14.9310302734375,14.9310302734375,13.954051125585602,14.235980240585032,7544596
2002-06-21,14.654684066772461,14.931028721828238,14.23597876120428,14.788669699429724,7640371
2002-06-24,13.674911499023438,14.512322030178142,13.674911499023438,14.235977401516232,5348442
2002-06-25,13.228291511535645,13.535342329828065,12.778881700863588,13.395773924069106,11761069
2002-06-26,13.188157081604004,13.283771386413658,12.954066915901434,13.020007642781687,11234827
2002-06-27,13.910208702087402,14.108031724674333,13.254098199442216,13.34971250707222,11304048
2002-06-28,14.866350173950195,14.866350173950195,14.012415856740333,14.173971720957065,11816502
2002-07-01,13.976149559020996,14.836676611876541,13.844267271940263,14.836676611876541,6102032
2002-07-02,14.108030319213867,14.404762733255932,13.976148874701437,13.976148874701437,5308232
2002-07-03,15.06417179107666,15.06417179107666,13.91020746688196,14.042089748932627,14886847
2002-07-04,15.09714126586914,15.327934631601375,14.734468126860818,14.99823101785662,9601170
2002-07-05,15.229024887084961,15.294965619254636,14.770737383783445,15.097143422745614,12486197
2002-07-08,14.866350173950195,15.82249152861273,14.836676596679105,15.558728626943324,12893051
2002-07-09,15.03119945526123,15.064170650360374,14.668526342500792,14.866348496430582,5088387
2002-07-10,14.998231887817383,15.29496432128849,14.69820016051801,14.836676856878308,6259442
2002-07-11,14.998231887817383,15.261994794112548,14.836676856878308,14.836676856878308,6961056
2002-07-12,15.660934448242188,15.756548738400992,15.196051809692083,15.196051809692083,9940433
2002-07-15,15.196056365966797,15.789522994893703,15.163085161581998,15.789522994893703,3954826
2002-07-16,14.734471321105957,15.456521806460653,14.668530584061896,14.734471321105957,4421727
2002-07-17,14.338820457458496,14.734466420351273,14.272879742346635,14.734466420351273,3525292
2002-07-18,14.503673553466797,14.800407617240147,14.371792118950125,14.437732836208461,5660096
2002-07-19,14.305853843688965,14.503676029232054,14.042090929631515,14.371794572203328,4924795
2002-07-22,14.998231887817383,15.261994794112548,14.536645129578934,14.536645129578934,13516493
2002-07-23,15.49278736114502,15.49278736114502,15.097141350218973,15.097141350218973,14812664
2002-07-24,15.72358226776123,15.756553472165772,15.097144434074428,15.294966643835183,11119571
2002-07-25,15.822486877441406,16.44892274864849,15.756546171407956,16.44892274864849,10932368
2002-07-26,14.866350173950195,15.558728626943324,14.866350173950195,15.492787901525974,6575662
2002-07-29,15.888433456420898,15.888433456420898,15.097143019308223,15.16308374971578,9825077
2002-07-30,16.64674949645996,16.97315546403789,16.382984953243916,16.64674949645996,18758290
2002-07-31,16.64674949645996,16.811600454720594,16.41925376939407,16.64674949645996,9504553
2002-08-01,15.98734188079834,16.811601752390303,15.98734188079834,16.646750781405,4399433
2002-08-02,16.64674949645996,16.64674949645996,15.690608252994563,15.822489688491745,6129153
2002-08-05,15.558732986450195,16.119228473435772,15.49279224255646,15.660940888652132,7628503
2002-08-06,15.888433456420898,16.185165907143897,15.624670534790676,15.624670534790676,10934485
2002-08-07,16.280776977539062,16.64674937986896,16.251103403926773,16.481896750541242,11549017
2002-08-08,16.148897171020508,16.64675105811517,16.082956447085927,16.280778618889673,8551157
2002-08-09,16.48189926147461,16.81160289813704,16.48189926147461,16.48189926147461,13325169
2002-08-12,16.811601638793945,16.973156659489874,16.481898026829338,16.646750668922543,7292520
2002-08-13,16.973154067993164,16.973154067993164,16.64674812726218,16.81159907196379,3063593
2002-08-14,17.3061580657959,17.3061580657959,16.646750835277086,16.646750835277086,8911853
2002-08-15,16.811601638793945,17.635861504816365,16.811601638793945,17.635861504816365,7836373
2002-08-16,16.48189926147461,16.97315793093492,16.317046607032427,16.81160289813704,9756695
2002-08-19,16.48189926147461,16.97315793093492,16.48189926147461,16.81160289813704,10443881
2002-08-20,16.48189926147461,16.81160289813704,16.48189926147461,16.81160289813704,6107882
2002-08-21,16.48189926147461,16.646751915916788,16.214838730500365,16.48189926147461,5881654
2002-08-22,16.973154067993164,17.14130263358857,16.481895510339015,16.81159907196379,13092600
2002-08-23,16.64674949645996,17.141304043463542,16.64674949645996,17.141304043463542,6860951
2002-08-26,16.811601638793945,16.811601638793945,16.481898026829338,16.481898026829338,3647739
2002-08-27,16.48189926147461,16.81160289813704,16.48189926147461,16.81160289813704,3172396
2002-08-28,16.148897171020508,16.44892721408958,16.053282870482086,16.419255309707584,5673627
2002-08-29,16.21483612060547,16.21483612060547,15.888430158124732,15.98734039709218,4811000
2002-08-30,15.624669075012207,16.214837971743947,15.594995498267844,16.148897247497086,5560297
2002-09-02,14.53664493560791,15.594995840494638,14.536644935607912,15.49278796650237,8449696
2002-09-03,15.163084030151367,15.163084030151365,14.569617445507422,14.569617445507422,9068197
2002-09-04,15.294963836669922,15.492787682345186,14.932290688116266,14.998231412600736,6782521
2002-09-05,15.360901832580566,15.558725643116173,15.163079694266521,15.390575404160908,6257167
2002-09-06,15.360901832580566,15.360901832580566,15.360901832580566,15.360901832580566,0
2002-09-09,16.053281784057617,16.053281784057617,15.19605243092204,15.52905364953308,6400004
2002-09-10,16.48189926147461,16.646751915916788,15.855461515705025,15.92140224303751,9114774
2002-09-11,16.18515968322754,16.646746290801783,16.18515968322754,16.317041093328363,3290927
2002-09-12,16.020313262939453,16.481898328127944,15.822491092144386,16.251104959422783,4577462
2002-09-13,15.690606117248535,16.020309661113483,15.690606117248535,15.822487534794513,2547327
2002-09-16,15.690606117248535,16.082952749170314,15.66093254746747,15.756546826021523,7235250
2002-09-17,15.855461120605469,16.18516474905207,15.529055113720993,15.855461120605469,23188437
2002-09-18,14.800409317016602,15.492787763857265,14.77073574000919,15.492787763857265,16405249
2002-09-19,15.03119945526123,15.163080891214424,14.734467060477389,14.83667492250786,9481585
2002-09-20,15.390576362609863,15.390576362609863,14.770733958402781,14.9026153921584,8681284
2002-09-23,15.06417179107666,15.529054473291943,14.932290345136902,15.492787326491783,4054495
2002-09-24,14.902615547180176,15.327933426299593,14.902615547180176,15.064170556044607,5384141
2002-09-25,14.012413024902344,14.998228593718556,13.87723481594889,14.902614310353279,9442666
2002-09-26,14.635557174682617,14.800409828569935,14.239912812019362,14.371794266240448,8354433
2002-09-27,14.602588653564453,14.968559463415273,14.503676719971239,14.698201293075178,7230135
2002-09-30,14.602588653564453,14.602588653564453,13.679416738175254,14.23991379335205,6957331
2002-10-01,14.173973083496094,14.668529407778696,14.173973083496094,14.437736010520936,5042976
2002-10-02,14.173973083496094,14.635558205789568,14.173973083496094,14.503676742277147,5799403
2002-10-03,13.93988037109375,14.33882147499769,13.844266076563144,14.173970511630378,4209438
2002-10-04,14.012413024902344,14.144295285195248,13.613471967584626,13.77832374781229,6145638
2002-10-07,13.188157081604004,13.877237928335934,13.052978006221814,13.844267564895807,6459129
2002-10-08,13.283771514892578,13.580504788723681,12.987037404950508,13.283771514892578,8650719
2002-10-09,13.188157081604004,13.613475020814922,13.188157081604004,13.217829823422447,11155609
2002-10-10,13.188157081604004,13.188157081604004,13.188157081604004,13.188157081604004,0
2002-10-11,12.855154037475586,13.58050276837594,12.789213319767448,13.547532409521871,9925092
2002-10-14,13.052978515625,13.254098325736308,12.921097056717713,13.020008150898178,8000891
2002-10-15,13.93988037109375,13.93988037109375,13.320037103389264,13.385977823180538,9480454
2002-10-16,14.338820457458496,14.437732366237094,13.939879381864987,14.338820457458496,18965733
2002-10-17,14.404764175415039,14.668528763068968,14.108031731665067,14.173972460523057,9054079
2002-10-18,14.734471321105957,15.03120380169314,14.5366474377516,14.734471321105957,16168244
2002-10-21,14.866350173950195,15.229023327634687,14.66852799769814,14.734468723115492,10953147
2002-10-22,14.866350173950195,15.327935251871654,14.836676596679105,15.097141876799984,16051108
2002-10-23,15.756550788879395,15.822491514236834,14.836676583198892,14.932290885800462,17539335
2002-10-24,15.756550788879395,15.822491514236834,14.932290885800462,15.624669338164516,15342403
2002-10-25,15.390576362609863,15.52905303860843,15.163080638548168,15.456517079487673,12129678
2002-10-28,15.03119945526123,15.660934733326169,14.93228921440718,15.558726871295697,9160611
2002-10-29,15.196056365966797,15.3609073712243,15.03120368848713,15.03120368848713,5756653
2002-10-30,14.836677551269531,15.327936238069618,14.53664580992797,15.229024307468668,6897185
2002-10-31,15.06417179107666,15.261993959986297,14.902616768967183,14.902616768967183,5072508
2002-11-01,15.196056365966797,15.558731253088766,15.163085161581998,15.261997102514231,12916563
2002-11-04,15.49278736114502,15.789519779062276,15.26199399412331,15.789519779062276,9050394
2002-11-05,15.822486877441406,15.888427583474856,15.360900262985865,15.690605465374505,13427162
2002-11-06,16.053281784057617,16.25110394247352,15.690608663072661,15.888430821488564,13080573
2002-11-07,15.98734188079834,16.251104772152278,15.822490909813038,16.1488969025859,10189849
2002-11-08,15.456518173217773,15.95437204226266,15.390577451673884,15.82249059917488,9689301
2002-11-11,15.03119945526123,15.456517337043534,14.998229932383778,15.426845435342504,5374183
2002-11-12,15.456518173217773,15.456518173217773,14.836675725149563,14.836675725149563,6367667
2002-11-13,15.294963836669922,15.594995554462836,14.998231412600736,15.45651886249015,4412723
2002-11-14,14.932291984558105,15.492789027450138,14.932291984558105,15.426848297240605,5911661
2002-11-15,15.196056365966797,15.327937839061665,15.097144425034564,15.327937839061665,4592521
2002-11-18,15.06417179107666,15.327934682956176,14.968557491937062,15.229022762390448,5095483
2002-11-19,14.968558311462402,15.130113342416982,14.932291162676623,14.932291162676623,2120329
2002-11-20,14.56961727142334,14.968559278278306,14.536646069892722,14.866351396310822,3674369
2002-11-21,14.503673553466797,14.83667476089898,14.503673553466797,14.800407617240147,5074706
2002-11-22,15.130114555358887,15.26199601909172,14.668529432293973,14.668529432293973,8987847
2002-11-25,15.294963836669922,15.390578138005681,15.097141663216513,15.390578138005681,4569576
2002-11-26,14.998231887817383,15.36090504786228,14.9026175834521,15.29496432128849,2998627
2002-11-27,14.770735740661621,14.902617190330252,14.569615944639304,14.800409317670342,3661244
2002-11-28,14.770735740661621,14.99823149217329,14.734468592836027,14.968557915164567,3916355
2002-11-29,14.932291984558105,15.031202243761404,14.77073694471145,14.80041052413904,2556152
2002-12-02,15.06417179107666,15.09714131645069,14.836676045997304,15.031200593480811,1669428
2002-12-03,15.426844596862793,15.624666740040556,15.064169831592759,15.130110545985346,12298585
2002-12-04,15.163084030151367,15.426848628881825,15.163084030151365,15.390579805098184,2414426
2002-12-05,15.163084030151367,15.327936695330148,14.998233037194623,15.22902476177847,3996713
2002-12-06,14.968558311462402,15.130113342416982,14.866350436096504,15.130113342416982,2165290
2002-12-09,15.06417179107666,15.426846603521904,15.06417179107666,15.229022762390448,6087153
2002-12-10,14.503673553466797,14.932289051756818,14.33882092421012,14.866348334498483,8171858
2002-12-11,14.272882461547852,14.569616572194393,14.239912933821536,14.503675844519822,4621241
2002-12-12,14.470703125,14.470703125,14.012414864953383,14.272880962749632,5411633
2002-12-13,14.338820457458496,14.503673081348955,14.338820457458496,14.503673081348955,4699657
2002-12-16,14.012413024902344,14.272879088495287,14.012413024902344,14.239909568560526,2635020
2002-12-17,14.012413024902344,14.17396885646946,13.976146720196262,14.108028144378393,3495676
2002-12-18,13.976149559020996,14.108031009990787,13.778326546455368,14.012415871093465,3141130
2002-12-19,13.283771514892578,13.939882004530197,13.254097936676178,13.910208426313798,8307566
2002-12-20,14.210237503051758,14.210237503051758,13.21782825953382,13.28376981472305,13582578
2002-12-23,14.210237503051758,14.66852658759055,14.173970358391912,14.272880600898608,7565721
2002-12-24,13.910208702087402,14.338823439451954,13.877238337674745,14.338823439451954,4177953
2002-12-25,13.547533988952637,14.042090265532043,13.517860411691247,13.910207978629511,2701388
2002-12-26,13.745355606079102,13.844266690149812,13.517859861883194,13.679414883365293,4354504
2002-12-27,13.745355606079102,14.012415282236748,13.679414883365293,14.012415282236748,3204829
2002-12-30,13.415651321411133,13.844265997610039,13.415651321411133,13.844265997610039,2404132
2002-12-31,13.385981559753418,13.547536619171897,13.385981559753418,13.415655142775858,1647792
2003-01-01,13.385981559753418,13.385981559753418,13.385981559753418,13.385981559753418,0
2003-01-02,13.385981559753418,13.613477357369916,13.217832092070696,13.385981559753418,2059496
2003-01-03,13.547533988952637,13.712385802442126,13.48159326355684,13.613474714348433,4467912
2003-01-06,13.613471984863281,13.811294121387562,13.54753127268852,13.613471984863281,5035461
2003-01-07,13.547533988952637,13.976149540136248,13.547533988952637,13.844267253233717,3341201
2003-01-08,13.67941665649414,13.77832775338573,13.547535193972024,13.613475925233082,3500475
2003-01-09,13.415651321411133,13.613473479656783,13.349710601995916,13.547532760241566,8735196
2003-01-10,13.67941665649414,13.97615078327992,13.646446290863611,13.67941665649414,10392219
2003-01-13,14.635557174682617,14.635557174682617,13.844267613245146,13.939881918388721,11736962
2003-01-14,14.770735740661621,15.064172217007604,14.770735740661621,14.866350042504658,17263244
2003-01-15,14.866350173950195,15.031201151382634,14.734468723115492,15.031201151382634,6377499
2003-01-16,14.404764175415039,14.902618099681538,14.338823446557049,14.800410220784949,6160322
2003-01-17,14.108030319213867,14.470703455512146,14.012415184998185,14.404762733255932,7718773
2003-01-20,13.745355606079102,14.078356841061462,13.679414883365293,14.012415282236748,6197835
2003-01-21,13.976149559020996,14.239912460960577,13.778326546455368,13.778326546455368,6701097
2003-01-22,13.67941665649414,14.210240128423374,13.580505559602553,14.210240128423374,5449525
2003-01-23,13.67941665649414,14.012417098529184,13.613475925233082,13.71238702212467,20024011
2003-01-24,13.580503463745117,13.844266348083247,13.517859527881546,13.844266348083247,4866335
2003-01-27,13.385981559753418,13.679418095567936,13.283773666379819,13.283773666379819,4783836
2003-01-28,13.910208702087402,13.910208702087402,13.451920385918164,13.451920385918164,8505176
2003-01-29,13.910208702087402,13.910208702087402,13.910208702087402,13.910208702087402,0
2003-01-30,13.910208702087402,13.910208702087402,13.910208702087402,13.910208702087402,0
2003-01-31,13.910208702087402,13.910208702087402,13.910208702087402,13.910208702087402,0
2003-02-03,13.910208702087402,13.910208702087402,13.910208702087402,13.910208702087402,0
2003-02-04,13.910208702087402,13.910208702087402,13.910208702087402,13.910208702087402,0
2003-02-05,13.910208702087402,13.910208702087402,13.910208702087402,13.910208702087402,0
2003-02-06,12.954066276550293,13.844266881608595,12.954066276550293,13.646444710731398,7489170
2003-02-07,12.759541511535645,13.254096930372194,12.19574691267344,12.954066057667054,9009894
2003-02-10,12.495777130126953,12.627658568234455,12.360598906900021,12.627658568234455,5572115
2003-02-11,12.855154037475586,13.02000583174593,12.5254504489349,12.657331884351175,7929433
2003-02-12,12.789215087890625,12.855155814715141,12.627660056337273,12.789215087890625,2064059
2003-02-13,12.693598747253418,12.921094469143569,12.62765803100504,12.789213036646812,5365425
2003-02-14,12.429837226867676,12.92109586689364,12.393569243730173,12.855155143512071,4449167
2003-02-17,12.8881254196167,13.020006865504053,12.69360003609958,12.825482318097842,5963204
2003-02-18,12.855154037475586,12.921094755183724,12.657331884351175,12.921094755183724,6725056
2003-02-19,12.525450706481934,13.085946818525965,12.525450706481934,13.052976458993964,7294346
2003-02-20,12.789215087890625,12.888126178127399,12.525452180592561,12.591392907417077,7862319
2003-02-21,12.8881254196167,12.987036504032215,12.789214335201184,12.987036504032215,4973712
2003-02-24,12.987034797668457,13.020005154808327,12.855153369108976,13.020005154808327,3760831
2003-02-25,12.627659797668457,12.888125914123115,12.591392649491167,12.888125914123115,4870893
2003-02-26,12.693598747253418,12.789213036646812,12.62765803100504,12.723272320398435,3883208
2003-02-27,12.001221656799316,12.693600086571864,11.935280933593445,12.693600086571864,10434897
2003-02-28,12.001221656799316,12.001221656799316,12.001221656799316,12.001221656799316,0
2003-03-03,12.16278076171875,12.19575029601,12.001224859802576,12.030898443998066,3074156
2003-03-04,11.671517372131348,12.030894543848591,11.50336878842256,12.030894543848591,7002661
2003-03-05,11.111019134521484,11.470397100743236,10.942870570279803,11.437426744846196,7091729
2003-03-06,11.206637382507324,11.272578112712337,11.008814355781283,11.206637382507324,7565151
2003-03-07,11.43742847442627,11.701191361489107,11.045080092976137,11.176961536507557,9143410
2003-03-10,11.43742847442627,11.737458507626979,11.308843816149869,11.43742847442627,11855277
2003-03-11,11.701191902160645,11.701191902160645,11.374785063504985,11.53634009012914,11406115
2003-03-12,11.73746109008789,11.833075408518376,11.60228283155971,11.701193935970567,8249000
2003-03-13,11.767132759094238,11.869340632868079,11.569310582435293,11.737459181762114,4340271
2003-03-14,12.228721618652344,12.393572636118636,12.067165715201972,12.393572636118636,11171757
2003-03-17,12.261688232421875,12.360600157117846,12.067162840704704,12.228718705671143,7264799
2003-03-18,13.02000617980957,13.052976539545035,12.56171792865335,12.657332222719457,12001777
2003-03-19,12.855154037475586,13.118916908308137,12.855154037475586,12.987035472891861,10334225
2003-03-20,13.254097938537598,13.254097938537598,12.888126315483497,13.020007770538063,9678414
2003-03-21,12.921095848083496,13.254097085953287,12.855155124797921,13.254097085953287,3276454
2003-03-24,13.118917465209961,13.254096527527622,12.954065663941611,13.118917465209961,8460664
2003-03-25,13.085947036743164,13.188155738274371,12.855154516170526,12.888124876252332,8196552
2003-03-26,13.15188980102539,13.25409851844228,13.052978705406822,13.25409851844228,5324321
2003-03-27,13.580503463745117,13.580503463745117,13.085947219500238,13.151887940584771,13503019
2003-03-28,13.415651321411133,13.679414199071998,13.385977746841027,13.580503119949174,11603654
2003-03-31,12.855154037475586,13.385977400303682,12.789213319767448,13.34971025639746,6511329
2003-04-01,12.921095848083496,13.020006933011858,12.759541661311477,12.759541661311477,5712396
2003-04-02,12.921095848083496,12.987036571369071,12.693600101914988,12.921095848083496,3006461
2003-04-03,12.8881254196167,13.217829034335082,12.8881254196167,13.188156294288065,6565909
2003-04-04,13.052978515625,13.085948880351822,12.72327486835678,12.72327486835678,9880786
2003-04-07,13.217830657958984,13.349712956157125,12.954067733784726,13.052978830350073,7185498
2003-04-08,13.15188980102539,13.320039248854659,13.020008340200631,13.21783053143777,2851081
2003-04-09,12.954066276550293,13.085947723801757,12.789214467485962,12.954066276550293,4986488
2003-04-10,12.954066276550293,13.05297736198889,12.855155191111693,12.88812555292456,4953504
2003-04-11,13.15188980102539,13.15188980102539,12.921097244582063,12.954067609788252,3998125
2003-04-14,13.085947036743164,13.283770033344869,13.052976676661359,13.254096458437983,4513406
2003-04-15,13.217830657958984,13.320039376354218,13.118919561393637,13.254098645310654,2688519
2003-04-16,13.646443367004395,13.679413725570763,13.349710139907089,13.385977283496842,7220209
2003-04-17,13.778325080871582,13.910206517813304,13.451918273607564,13.64644364392986,8683464
2003-04-18,14.43773365020752,14.734467730710728,14.239911487279302,14.50367437118359,25087136
2003-04-21,14.770735740661621,14.770735740661621,14.404763296442583,14.50367521980499,15899536
2003-04-22,14.404764175415039,14.668528763068968,14.239913189381047,14.668528763068968,11102352
2003-04-23,14.404764175415039,14.668528763068968,14.239913189381047,14.53664563313102,7835372
2003-04-24,13.844265937805176,14.338821331282904,13.679414139979267,14.338821331282904,8807157
2003-04-25,12.8881254196167,13.613474208108052,12.8881254196167,13.349711316333345,13519365
2003-04-28,12.030895233154297,12.45950993399527,12.001221656878187,12.261687764376358,9001338
2003-04-29,12.855154037475586,12.855154037475586,12.327627459699645,12.393568177407783,12949302
2003-04-30,12.693598747253418,13.188154955227075,12.429835882259907,13.188154955227075,9427695
2003-05-01,12.693598747253418,12.693598747253418,12.693598747253418,12.693598747253418,0
2003-05-02,13.085947036743164,13.188155738274371,12.591391635516084,12.759541057210901,6246854
2003-05-05,13.254097938537598,13.385979393592166,12.888126315483497,13.085948498065347,4774870
2003-05-06,13.51785945892334,13.679414475589574,13.254096575930735,13.45191873817519,6954381
2003-05-07,14.078357696533203,14.173972001111501,13.580504624514269,13.679415714595315,10294297
2003-05-08,13.712385177612305,14.012415213658477,13.613474094025674,14.012415213658477,6538491
2003-05-09,13.93988037109375,14.01241466119763,13.712384636980598,13.712384636980598,3352282
2003-05-12,14.012413024902344,14.40476051267742,13.74535339176676,13.939878743268634,7838452
2003-05-13,14.108030319213867,14.43773393049494,13.93988089218289,14.338822010999717,4776805
2003-05-14,14.108030319213867,14.30585248598251,14.012415184998185,14.108030319213867,3221901
2003-05-15,14.239912986755371,14.239912986755371,13.910208511045939,14.108031530915987,2485657
2003-05-16,14.173973083496094,14.40476480853181,14.078358771616283,14.3388240767756,3502225
2003-05-19,13.877236366271973,14.042089001027248,13.745354927356443,13.976148281569484,1930794
2003-05-20,13.93988037109375,13.93988037109375,13.517859262763084,13.517859262763084,2009582
2003-05-21,13.778325080871582,14.012414380609883,13.679414003165292,14.012414380609883,1384396
2003-05-22,14.210237503051758,14.272880600898608,13.679414129193272,13.91020664596757,5398949
2003-05-23,14.43773365020752,14.50367437118359,14.239911487279302,14.305852208255374,5935711
2003-05-26,14.635557174682617,14.66852837434885,14.503675720461532,14.635557174682617,5430336
2003-05-27,14.66852855682373,14.734469284754569,14.470704700809273,14.734469284754569,5831745
2003-05-28,15.327933311462402,15.492785940247531,14.932289009044098,14.932289009044098,18957704
2003-05-29,15.49278736114502,15.49278736114502,15.196053271005939,15.390577818924545,12339591
2003-05-30,15.163084030151367,15.66093797532474,15.163084030151365,15.45652053672529,16027267
2003-06-02,15.49278736114502,15.66093595426104,15.031200627101601,15.360904242688456,10807046
2003-06-03,15.426844596862793,15.558726025647967,15.229020781463428,15.456516496951096,6861173
2003-06-04,15.426844596862793,15.426844596862793,15.426844596862793,15.426844596862793,0
2003-06-05,14.932291984558105,16.317047318958302,14.836677674920983,15.85546220749157,24808143
2003-06-06,14.836677551269531,14.836677551269531,14.470705080267999,14.836677551269531,11673801
2003-06-09,15.03119945526123,15.130111368336971,14.668526342500792,14.668526342500792,11776268
2003-06-10,15.03119945526123,15.03119945526123,14.602585624524195,14.866348496430582,9697045
2003-06-11,14.770735740661621,15.097141743313829,14.770735740661621,15.064172217007604,6939136
2003-06-12,15.130114555358887,15.26199601909172,14.770737315853612,14.866351627893222,15493177
2003-06-13,14.998231887817383,15.229023594714697,14.836676856878308,15.229023594714697,8396542
2003-06-16,15.229024887084961,15.229024887084961,14.902618848122792,15.163084154915287,6356496
2003-06-17,15.261994361877441,15.426847009754082,15.163082438707086,15.390578189777044,7643372
2003-06-18,15.660934448242188,16.05328112778326,15.261992526468328,15.261992526468328,16206049
2003-06-19,16.148897171020508,16.148897171020508,15.492787553149059,15.660936148348966,22215517
2003-06-20,15.956707954406738,16.20524329478164,15.920688894604984,16.025144516006687,10731009
2003-06-23,16.025144577026367,16.45738199570872,15.95670801516583,16.205243356487088,8391057
2003-06-24,15.773008346557617,16.02514525658826,15.773008346557617,15.845048209373447,4087260
2003-06-25,15.956707954406738,16.20524329478164,15.77300761762823,15.77300761762823,6733812
2003-06-26,15.700971603393555,16.025148440651254,15.66495253477054,16.025148440651254,5427013
2003-06-27,15.41281509399414,15.809030056141916,15.30475615161139,15.700971113759165,7612304
2003-06-30,14.800479888916016,15.41281445013284,14.800479888916016,15.41281445013284,3560481
2003-07-01,15.304753303527832,15.376791425121677,14.944555736026036,15.124654519776934,5606088
2003-07-02,15.520874977111816,15.700972065409944,15.484854167545334,15.484854167545334,6663479
2003-07-03,15.809027671813965,16.20524431408755,15.700968745728733,15.773008609746622,15240969
2003-07-04,15.845051765441895,15.989129783525478,15.700972007474748,15.809030956008327,3537367
2003-07-07,16.169227600097656,16.309704050419974,15.773010900285918,15.956711275295898,9770173
2003-07-08,16.24126625061035,16.709522839776074,15.845051278095985,16.309704568510682,21083679
2003-07-09,16.309703826904297,16.42136432590459,16.205246445311506,16.42136432590459,10060458
2003-07-10,15.845051765441895,16.34932743855978,15.809030956008327,16.20524768059263,6336826
2003-07-11,15.484856605529785,15.664955462066814,15.3047594888766,15.560498055679982,12482091
2003-07-14,15.628931999206543,15.773010000058877,15.376793322860765,15.484852258470854,8407401
2003-07-15,15.596512794494629,15.84504991296001,15.520873105259545,15.84504991296001,7519654
2003-07-16,15.773008346557617,15.845048209373447,15.520871436526976,15.596511117629628,6144010
2003-07-17,15.484856605529785,15.845054318603843,15.484856605529785,15.845054318603843,5949054
2003-07-18,15.520874977111816,15.628933926044121,15.376795218613028,15.484854167545334,3415914
2003-07-21,15.376794815063477,15.736992461973827,15.376794815063477,15.596514266153335,5014040
2003-07-22,15.736989974975586,15.77300903802093,15.37679238498913,15.37679238498913,7239070
2003-07-23,16.493404388427734,16.565444262745558,15.84505073921769,15.84505073921769,20121360
2003-07-24,17.21379852294922,17.46593548218587,16.49340497385141,16.641084546590427,37421340
2003-07-25,17.03009796142578,17.36147791177258,17.03009796142578,17.21379834059798,12830649
2003-07-28,17.646032333374023,17.826131135502365,17.28583472911734,17.28583472911734,28760356
2003-07-29,17.141759872436523,17.714472149884994,17.10574080136397,17.64603556687042,11516937
2003-07-30,17.321857452392578,17.573994411397397,17.213798507121442,17.285836644046526,15434172
2003-07-31,17.069719314575195,17.465936040220598,17.030098685940796,17.321858021751165,6199002
2003-08-01,17.646032333374023,17.790110331146707,17.213796600172657,17.39029210394711,15358116
2003-08-04,17.646032333374023,17.97020913327505,17.646032333374023,17.646032333374023,10659499
2003-08-05,17.285837173461914,17.82613365624884,17.285837173461914,17.646034828653196,11040302
2003-08-06,17.21379852294922,17.46593548218587,17.105739577578724,17.105739577578724,8222282
2003-08-07,17.21379852294922,17.42991641369021,17.00128219108109,17.28583665994054,9005608
2003-08-08,16.78156280517578,17.21379858829868,16.565444913614332,17.21379858829868,15231343
2003-08-11,16.925640106201172,17.030097488692654,16.601463282522516,16.781562097860697,4222854
2003-08-12,17.24981689453125,17.285835961571696,17.06971807956213,17.213797827490804,6677595
2003-08-13,17.826129913330078,17.97020790122467,17.39029091165626,17.465932333768798,17928744
2003-08-14,17.21379852294922,17.826133126676535,17.21379852294922,17.826133126676535,10267280
2003-08-15,17.321857452392578,17.714470866261525,17.321857452392578,17.321857452392578,7041313
2003-08-18,17.610015869140625,17.790112957978213,17.42991704041946,17.465936110210265,9075404
2003-08-19,17.24981689453125,17.826132406479054,17.213797827490804,17.826132406479054,10425354
2003-08-20,17.36147689819336,17.465934277486124,17.213797335640425,17.390292846955735,5250907
2003-08-21,17.429916381835938,17.57399439543878,17.249817559919748,17.36147806395904,5853559
2003-08-22,17.285837173461914,17.82613365624884,17.14175915531554,17.75409377723387,15573269
2003-08-25,16.817583084106445,17.28583796956029,16.817583084106445,17.28583796956029,12095634
2003-08-26,16.025144577026367,16.745537954986155,15.664948757988025,16.70951889504725,20213579
2003-08-27,15.845051765441895,16.241266750142636,15.736992816908318,16.025148853075482,13528647
2003-08-28,15.956707954406738,16.025144516006687,15.664948698339877,16.025144516006687,8203598
2003-08-29,16.20524787902832,16.309705269862707,15.956712468346094,16.06116985918048,6989065
2003-09-01,16.097187042236328,16.38534478803733,15.920691532108869,16.34932572226847,4320063
2003-09-02,16.20524787902832,16.20524787902832,16.02514904930583,16.097188929171544,5861915
2003-09-03,15.881070137023926,16.421364855946035,15.881070137023926,16.309704353341612,10962109
2003-09-04,15.596512794494629,15.88106897829894,15.484852300037252,15.88106897829894,12455451
2003-09-05,15.845051765441895,15.845051765441895,15.596514617919459,15.773011886458322,5110715
2003-09-08,15.664955139160156,15.773014102878152,15.560497734926539,15.664955139160156,9587611
2003-09-09,15.92069149017334,15.989128062930583,15.700970317888595,15.700970317888595,10602582
2003-09-10,15.700971603393555,15.881070426275672,15.66495253477054,15.845051357652656,5241501
2003-09-11,15.700971603393555,15.700971603393555,15.700971603393555,15.700971603393555,0
2003-09-12,15.484856605529785,15.80903350336613,15.412818454822048,15.80903350336613,9488363
2003-09-15,15.304753303527832,15.520871148075653,15.304753303527832,15.484850347395588,6366750
2003-09-16,15.56049633026123,15.56049633026123,15.236319468371093,15.304757791815302,5080165
2003-09-17,15.881070137023926,16.133208832443234,15.596513932457638,15.664952249455082,13467128
2003-09-18,16.097187042236328,16.097187042236328,15.845050102087564,15.920691532108869,10119102
2003-09-19,16.457387924194336,16.853602945901102,16.309706593455637,16.421367111396467,20857923
2003-09-22,15.845051765441895,16.34932743855978,15.809030956008327,16.34932743855978,5304225
2003-09-23,15.845051765441895,15.95671227295376,15.664952937924744,15.664952937924744,4547768
2003-09-24,15.845051765441895,16.025148853075482,15.773011886458322,15.920693203403756,4900246
2003-09-25,15.700971603393555,15.773011480523106,15.560495147903572,15.773011480523106,3101212
2003-09-26,15.773008346557617,15.809027408023944,15.664949422275459,15.700968483741788,3133251
2003-09-29,15.736989974975586,16.061166762033444,15.664950109001644,15.77300903802093,5420509
2003-09-30,16.025144577026367,16.061165376848372,15.845047537448746,15.881066597387651,6104372
2003-10-01,15.956707954406738,16.097184375493285,15.920688894604984,15.989125456204933,3253417
2003-10-02,16.309703826904297,16.38534525910022,16.06116843821059,16.06116843821059,7724534
2003-10-03,16.56544303894043,16.781560906044305,16.30970280891807,16.42136330094896,14839697
2003-10-06,16.601463317871094,16.8175812007837,16.56544425068014,16.745541326518346,4736017
2003-10-07,16.56544303894043,16.66989867413009,16.34932517183655,16.641082726531796,5921929
2003-10-08,16.20524787902832,16.565445538473295,16.20524787902832,16.565445538473295,6868512
2003-10-09,16.309703826904297,16.457385132592393,15.989128564718417,16.02514763152279,7111669
2003-10-10,16.309703826904297,16.309703826904297,16.309703826904297,16.309703826904297,0
2003-10-13,16.493404388427734,16.493404388427734,16.309704013829876,16.309704013829876,2452421
2003-10-14,15.340776443481445,16.641085414627337,15.340776443481445,16.457386763810515,10700913
2003-10-15,15.92069149017334,16.025147128604562,15.664951252214612,16.025147128604562,8759227
2003-10-16,16.309703826904297,16.309703826904297,15.809029750929701,15.881069624421874,5011386
2003-10-17,16.20524787902832,16.280889317916422,16.133209739046194,16.169228809037257,2892578
2003-10-20,16.20524787902832,16.20524787902832,16.02514904930583,16.169228809037257,3797456
2003-10-21,16.309703826904297,16.34932619229585,16.09718750501496,16.169227378507134,7281882
2003-10-22,16.309703826904297,16.457385132592393,16.133208311702763,16.205246445311506,3857493
2003-10-23,16.169227600097656,16.280888100628196,16.133208532799664,16.280888100628196,3439602
2003-10-24,15.956707954406738,16.20524329478164,15.77300761762823,16.025144516006687,5446541
2003-10-27,15.736989974975586,15.920690328296697,15.736989974975586,15.920690328296697,4984538
2003-10-28,15.809027671813965,15.881067535831853,15.73698954767928,15.73698954767928,8535803
2003-10-29,15.773008346557617,15.989126195121932,15.773008346557617,15.989126195121932,8036848
2003-10-30,15.845051765441895,15.95671227295376,15.664952937924744,15.845051765441895,12234234
2003-10-31,15.628931999206543,15.956710364584364,15.520873063596454,15.809029065301122,9043942
2003-11-03,15.845051765441895,15.845051765441895,15.560495548369454,15.773011886458322,5779487
2003-11-04,15.92069149017334,16.025147128604562,15.92069149017334,15.989128062930583,7531382
2003-11-05,16.169227600097656,16.280888100628196,15.956711275295898,15.989128783840783,11998801
2003-11-06,15.845051765441895,16.309705070147924,15.845051765441895,16.169228611042627,7208261
2003-11-07,16.06116485595703,16.097183914727776,15.773007166141948,15.95670749766222,6393606
2003-11-10,16.097187042236328,16.169226913657422,15.920691532108869,16.169226913657422,2322583
2003-11-11,15.989128112792969,16.061167984248968,15.920691539822307,16.061167984248968,2180240
2003-11-12,15.956707954406738,16.061165315691532,15.809026677429982,15.989125456204933,4341990
2003-11-13,15.956707954406738,16.097184375493285,15.920688894604984,16.025144516006687,4229846
2003-11-14,16.20524787902832,16.38534670875081,15.989129979314768,16.06116985918048,10909088
2003-11-17,16.20524787902832,16.241266949019384,15.956712468346094,16.097188929171544,4678601
2003-11-18,16.309703826904297,16.309703826904297,16.09718750501496,16.169227378507134,3705691
2003-11-19,16.097187042236328,16.280887409447587,15.989128105046374,16.280887409447587,5793767
2003-11-20,15.989128112792969,16.097187050035277,15.920691539822307,16.061167984248968,4397229
2003-11-21,15.845051765441895,15.989129783525478,15.773011886458322,15.920693203403756,4385571
2003-11-24,15.664955139160156,15.920695440575729,15.628936064548762,15.845053991984752,1949372
2003-11-25,15.956707954406738,16.025144516006687,15.809026677429982,15.845047477114829,2277487
2003-11-26,16.097187042236328,16.24126504519514,15.956710597877727,16.02514717081523,1963437
2003-11-27,15.596512794494629,16.169226720660472,15.596512794494629,16.09718685009925,3817759
2003-11-28,16.169227600097656,16.309704050419974,15.80902996758391,15.80902996758391,7450481
2003-12-01,16.24126625061035,16.280888617803544,15.989129291748164,16.169228113726017,3158344
2003-12-02,16.280887603759766,16.34932591739746,16.169227106636935,16.280887603759766,2915752
2003-12-03,16.169227600097656,16.34932641635453,16.133208532799664,16.280888100628196,7487964
2003-12-04,16.06116485595703,16.169223772152307,15.989124998532498,16.169223772152307,2224595
2003-12-05,16.06116485595703,16.169223772152307,16.025144057303244,16.06116485595703,4196194
2003-12-08,15.881070137023926,16.025148148775326,15.845051069056948,15.920692503694392,1937907
2003-12-09,15.809027671813965,15.881067535831853,15.73698954767928,15.881067535831853,1233496
2003-12-10,15.700971603393555,15.773011480523106,15.66495253477054,15.773011480523106,2176803
2003-12-11,15.736989974975586,15.809028101066275,15.700969172046989,15.77300903802093,1103926
2003-12-12,15.809027671813965,15.989126461917087,15.773008609746622,15.809027671813965,2552461
2003-12-15,15.845051765441895,15.920693203403756,15.736992816908318,15.881070834991899,3060557
2003-12-16,15.845051765441895,16.06116966250905,15.700972007474748,15.845051765441895,5183314
2003-12-17,15.376794815063477,15.845051408070228,15.340775746325852,15.845051408070228,3484963
2003-12-18,15.304753303527832,15.376791425121677,15.160673580573857,15.160673580573857,5871707
2003-12-19,15.304753303527832,15.484850347395588,15.200295939356986,15.484850347395588,3958905
2003-12-22,15.628931999206543,15.628931999206543,15.34077425761852,15.376793322860765,2975267
2003-12-23,15.664955139160156,16.70952570172871,15.664955139160156,16.70952570172871,7990361
2003-12-24,15.664955139160156,15.881073066596148,15.596516809537935,15.700974213771552,6194069
2003-12-25,15.484856605529785,15.664955462066814,15.484856605529785,15.628936386712946,1753125
2003-12-26,15.56049633026123,15.59651540162114,15.4848548884985,15.4848548884985,1601813
2003-12-29,15.484856605529785,15.560498055679982,15.484856605529785,15.560498055679982,1281661
2003-12-30,15.664955139160156,15.773014102878152,15.484856286335562,15.484856286335562,5249643
2003-12-31,15.664955139160156,15.700974213771552,15.628936064548762,15.664955139160156,2066610
2004-01-01,15.664955139160156,15.664955139160156,15.664955139160156,15.664955139160156,0
2004-01-02,16.06116485595703,16.06116485595703,15.700967308717416,15.700967308717416,4862410
2004-01-05,16.097187042236328,16.169226913657422,15.956710597877727,16.06116797646747,1926421
2004-01-06,15.845051765441895,16.169228611042627,15.736992816908318,16.097188732059056,4707929
2004-01-07,15.596512794494629,16.06116778476032,15.560493729155697,15.956710407417384,4894743
2004-01-08,15.736989974975586,15.845048903994872,15.664950109001644,15.664950109001644,3313007
2004-01-09,16.025144577026367,16.025144577026367,15.773007677687838,15.845047537448746,10970053
2004-01-12,15.881070137023926,16.097188024592768,15.70097131742206,15.881070137023926,5692897
2004-01-13,16.133209228515625,16.133209228515625,15.920692894549479,15.95671196340073,4090000
2004-01-14,16.56544303894043,16.56544303894043,16.097186500293148,16.133207304732675,11108303
2004-01-15,16.601463317871094,16.709522259327397,16.421364502149437,16.56544425068014,8111141
2004-01-16,16.309703826904297,16.565444072888937,16.241265512115874,16.565444072888937,4499628
2004-01-19,16.309703826904297,16.309703826904297,16.309703826904297,16.309703826904297,0
2004-01-20,16.309703826904297,16.309703826904297,16.309703826904297,16.309703826904297,0
2004-01-21,16.309703826904297,16.309703826904297,16.309703826904297,16.309703826904297,0
2004-01-22,16.309703826904297,16.309703826904297,16.309703826904297,16.309703826904297,0
2004-01-23,16.309703826904297,16.309703826904297,16.309703826904297,16.309703826904297,0
2004-01-26,16.309703826904297,16.309703826904297,16.309703826904297,16.309703826904297,0
2004-01-27,16.385343551635742,16.641082031087258,16.28088618092812,16.641082031087258,5857685
2004-01-28,16.169227600097656,16.38534548365252,16.061168658320224,16.20524666739565,4703054
2004-01-29,15.736989974975586,16.133206628007386,15.736989974975586,16.061166762033444,7808327
2004-01-30,15.956707954406738,16.025144516006687,15.809026677429982,15.845047477114829,5595396
2004-02-02,15.845051765441895,15.95671227295376,15.845051765441895,15.845051765441895,2695991
2004-02-03,15.845051765441895,16.025148853075482,15.809030956008327,15.845051765441895,7220139
2004-02-04,15.700971603393555,15.920692793667804,15.66495253477054,15.845051357652656,8086757
2004-02-05,15.736989974975586,15.845048903994872,15.628931045956298,15.664950109001644,11711549
2004-02-06,15.773008346557617,15.9567086918256,15.773008346557617,15.773008346557617,3260180
2004-02-09,15.92069149017334,15.956710555847323,15.773010189119935,15.845050060351276,5920975
2004-02-10,15.845051765441895,15.95671227295376,15.773011886458322,15.920693203403756,7439383
2004-02-11,15.845051765441895,15.95671227295376,15.700972007474748,15.845051765441895,7562597
2004-02-12,16.20524787902832,16.280889317916422,15.92069339835503,15.956712468346094,10612444
2004-02-13,16.280887603759766,16.385344983596205,16.13320804043819,16.385344983596205,4417797
2004-02-16,16.24126625061035,16.280888617803544,16.169228113726017,16.24126625061035,4572733
2004-02-17,16.20524787902832,16.309705269862707,16.097188929171544,16.133209739046194,4204287
2004-02-18,16.20524787902832,16.349327638759746,16.133209739046194,16.20524787902832,7399536
2004-02-19,16.349323272705078,16.52942031444942,16.30970091438911,16.52942031444942,7395920
2004-02-20,16.457387924194336,16.49340699710848,16.24126826705829,16.38534803848232,3595323
2004-02-23,16.097187042236328,16.6410832867863,16.02514717081523,16.52942279099614,4280133
2004-02-24,15.845051765441895,16.133209541492622,15.773011886458322,16.06116966250905,5846337
2004-02-25,16.025144577026367,16.13320523660928,15.881066597387651,15.920688955226925,2947557
2004-02-26,16.20524787902832,16.20524787902832,16.06116985918048,16.133209739046194,5015356
2004-02-27,16.20524787902832,16.241266949019384,15.956712468346094,16.20524787902832,4305031
2004-03-01,16.20524787902832,16.280889317916422,16.097188929171544,16.20524787902832,5717879
2004-03-02,16.493404388427734,16.70952227149775,16.349326379675542,16.385345446892728,13390244
2004-03-03,16.309703826904297,16.64108376520143,16.309703826904297,16.493404199396764,4070161
2004-03-04,16.309703826904297,16.493404199396764,16.28088787750743,16.309703826904297,5428443
2004-03-05,16.42136573791504,16.817582466366005,16.385346668013526,16.385346668013526,13536651
2004-03-08,16.493404388427734,16.641083955924955,16.457385321210552,16.565444262745558,5734324
2004-03-09,16.56544303894043,16.601462103496633,16.34932517183655,16.457384105388492,3258089
2004-03-10,16.493404388427734,16.601463329962744,16.385345446892728,16.565444262745558,2158758
2004-03-11,16.493404388427734,16.52942345564492,16.241265698257084,16.421364514109914,2631008
2004-03-12,16.20524787902832,16.38534670875081,16.097188929171544,16.38534670875081,3765897
2004-03-15,15.773008346557617,16.309701409798404,15.773008346557617,16.28088546467207,4305987
2004-03-16,15.41281509399414,15.845050863525142,15.376794286610913,15.845050863525142,7551606
2004-03-17,15.236315727233887,15.62893081616521,15.236315727233887,15.484851086335723,5174295
2004-03-18,15.448831558227539,15.59651110199801,15.236315268046217,15.268732771310058,14380631
2004-03-19,15.41281509399414,15.628932978759641,15.376794286610913,15.41281509399414,8815432
2004-03-22,14.368244171142578,14.368244171142578,14.368244171142578,14.368244171142578,1072276
2004-03-23,14.58436107635498,14.908538758415995,13.395712765250805,13.395712765250805,16434185
2004-03-24,14.908543586730957,14.980581741721213,14.515928334521478,14.584365799680985,5665973
2004-03-25,14.72844123840332,14.944559132062272,14.51592490366586,14.840101744154287,5601018
2004-03-26,14.620384216308594,14.90854202575025,14.584364272642915,14.876124511422082,2257293
2004-03-29,15.200297355651855,15.268733925519246,14.84009975458848,14.980576192645206,3391958
2004-03-30,15.052616119384766,15.200297414776514,14.944557186622095,15.200297414776514,2740569
2004-03-31,14.98058032989502,15.124660106064807,14.876124667026652,15.124660106064807,3388659
2004-04-01,15.016599655151367,15.20030004664317,14.908540703678755,14.944559774208422,1924872
2004-04-02,15.124656677246094,15.160675743180986,15.016597739558026,15.124656677246094,2616018
2004-04-05,15.41281509399414,15.52087403637689,15.160676401845413,15.340775219111151,3789556
2004-04-06,15.376794815063477,15.484853761159878,15.268735868967077,15.412815623684628,3155609
2004-04-07,15.520874977111816,15.560495605786304,15.376795218613028,15.484854167545334,2220212
2004-04-08,15.596512794494629,15.66495110649863,15.484852300037252,15.66495110649863,2908721
2004-04-09,15.376794815063477,15.596514266153335,15.376794815063477,15.596514266153335,2292909
2004-04-12,15.596512794494629,15.66495110649863,15.484852300037252,15.596512794494629,2779648
2004-04-13,15.596512794494629,15.700970171837563,15.560493729155697,15.700970171837563,2397771
2004-04-14,15.520874977111816,15.596514675469216,15.41281602817951,15.596514675469216,1737838
2004-04-15,15.268735885620117,15.520874586709066,15.268735885620117,15.48485377804863,3777599
2004-04-16,15.304753303527832,15.448831286598665,15.200295939356986,15.304753303527832,1240509
2004-04-19,15.088641166687012,15.412818056137857,14.980580463652931,15.304759092987576,4223781
2004-04-20,15.268735885620117,15.340775763057465,15.052617993191607,15.088638801852042,2355449
2004-04-21,15.124656677246094,15.23631717355097,15.052616805492919,15.23631717355097,1665047
2004-04-22,15.052616119384766,15.484851850435442,15.016597055091646,15.268733984910103,3104873
2004-04-23,15.052616119384766,15.124655987854315,15.016597055091646,15.088636923561195,2098416
2004-04-26,15.160676956176758,15.160676956176758,15.052618009842966,15.052618009842966,1275400
2004-04-27,14.944558143615723,15.20029838814679,14.908539077016076,15.160676022980441,2038290
2004-04-28,14.764459609985352,14.944558426155348,14.764459609985352,14.944558426155348,2359914
2004-04-29,14.332221984863281,14.692418678697498,14.155724761041201,14.692418678697498,5314606
2004-04-30,14.72844123840332,14.840101744154287,13.719890778014292,14.404264397914893,13197700
2004-05-03,15.484856605529785,15.560498055679982,14.620384877966195,14.876125184653423,12352563
2004-05-04,15.773008346557617,15.773008346557617,15.376791710895317,15.560492056163302,8726829
2004-05-05,15.448831558227539,15.736989269318876,15.124654785705975,15.664949406575248,10031706
2004-05-06,15.956707954406738,16.20524329478164,15.664948698339877,15.664948698339877,15148594
2004-05-07,15.989128112792969,16.133207855704967,15.809029304094663,15.989128112792969,5417500
2004-05-10,15.56049633026123,16.025149658315396,15.44883581713859,15.664953725065349,8548578
2004-05-11,15.773008346557617,15.845048209373447,15.304753587962661,15.560492056163302,8788774
2004-05-12,15.809027671813965,16.02514552398443,15.700968745728733,15.920689896012494,7932720
2004-05-13,15.881070137023926,15.920692503694392,15.773011193239503,15.845051069056948,3845626
2004-05-14,15.56049633026123,15.881071632992107,15.52087569974206,15.8450525616322,6192678
2004-05-17,15.340776443481445,15.52087527512114,14.764460878187858,15.484854464863039,3050133
2004-05-18,15.340776443481445,15.376795513855942,15.016599590460155,15.340776443481445,2494810
2004-05-19,16.385343551635742,16.385343551635742,15.484851316413021,15.484851316413021,10062470
2004-05-20,16.493404388427734,16.669899905652084,16.097187689504892,16.2052466310399,7993190
2004-05-21,16.56544303894043,16.641082726531796,16.24126449840129,16.34932517183655,6508269
2004-05-24,16.641084671020508,16.70952298953421,16.20524732740678,16.565444974590743,4445391
2004-05-25,16.5294189453125,16.66989535698829,16.4213600332632,16.601458799973024,3323179
2004-05-26,16.493404388427734,16.817581213032756,16.421364514109914,16.669899905652084,3116614
2004-05-27,16.20524787902832,16.421365778741873,16.097188929171544,16.280889317916422,2341678
2004-05-28,16.56544303894043,16.56544303894043,15.845049568633065,16.24126449840129,4202106
2004-05-31,15.989128112792969,16.309703365917933,15.920691539822307,16.309703365917933,1661235
2004-06-01,16.025144577026367,16.13320523660928,15.773007677687838,15.989125517087464,1039673
2004-06-02,15.845051765441895,15.989129783525478,15.809030956008327,15.95671227295376,971647
2004-06-03,15.56049633026123,16.025149658315396,15.56049633026123,15.95671307475484,1691124
2004-06-04,15.92069149017334,15.989128062930583,15.596512939573994,15.62893218654063,4852264
2004-06-07,16.133209228515625,16.169228297366875,15.881070526906278,16.097188419780846,2312463
2004-06-08,16.349323272705078,16.385342333077322,16.097184630450005,16.169224491077618,2032302
2004-06-09,16.24126625061035,16.309704568510682,16.133209045283852,16.309704568510682,913636
2004-06-10,15.989128112792969,16.205245987277582,15.845050109764355,16.205245987277582,1369286
2004-06-11,16.20524787902832,16.421365778741873,15.881071029457992,15.92069339835503,8724605
2004-06-14,16.133209228515625,16.241266435069377,15.95671196340073,16.133209228515625,2510993
2004-06-15,16.280887603759766,16.42136404979495,15.95671078832086,16.0611681681573,6108647
2004-06-16,16.133209228515625,16.280888802712578,15.920692894549479,16.280888802712578,3702951
2004-06-17,15.989128112792969,16.280887417335535,15.920691539822307,16.097187050035277,2699864
2004-06-18,15.92069149017334,15.989128062930583,15.92069149017334,15.989128062930583,3631995
2004-06-21,15.956707954406738,16.133205175178134,15.881066536916581,16.061165315691532,2631099
2004-06-22,15.956707954406738,15.956707954406738,15.956707954406738,15.956707954406738,0
2004-06-23,16.025144577026367,16.280884774265267,15.95670801516583,15.95670801516583,3679957
2004-06-24,15.92069149017334,16.025147128604562,15.92069149017334,16.025147128604562,2576824
2004-06-25,16.025144577026367,16.097184436787277,15.920688955226925,15.920688955226925,9608592
2004-06-28,16.167951583862305,16.326887877083916,15.929544402141653,16.207685200186337,6691158
2004-06-29,16.366622924804688,16.366622924804688,16.00901307485059,16.366622924804688,4001794
2004-06-30,16.763961791992188,16.763961791992188,16.287149398811728,16.366618435662627,2679440
2004-07-01,16.56529426574707,16.724232379285063,16.56529426574707,16.724232379285063,1161872
2004-07-02,16.251392364501953,16.565294689793568,16.207684839141507,16.529533156350727,3860903
2004-07-05,16.167951583862305,16.446092381906986,16.132190049622835,16.207685200186337,982421
2004-07-06,16.287151336669922,16.366620382976112,16.13218715335414,16.13218715335414,638502
2004-07-07,16.366622924804688,16.56529465746242,16.04874669021196,16.04874669021196,2375128
2004-07-08,16.207687377929688,16.605032734186683,16.167953756266854,16.366625520432486,1125504
2004-07-09,16.132190704345703,16.32688853970857,16.04874773037558,16.132190704345703,2008456
2004-07-12,16.410327911376953,16.410327911376953,16.132187163099836,16.132187163099836,1561696
2004-07-13,16.326887130737305,16.4103300975065,16.207684459288803,16.366622573170407,1480330
2004-07-14,16.287151336669922,16.32688494586044,16.13218715335414,16.13218715335414,4614240
2004-07-15,16.366622924804688,16.366622924804688,16.167951192146955,16.287153866156505,2061627
2004-07-16,16.287151336669922,16.446089429282303,16.287151336669922,16.32688494586044,2999393
2004-07-19,16.366622924804688,16.366622924804688,16.207684807508322,16.287153866156505,1570283
2004-07-20,16.207687377929688,16.485828213346718,16.207687377929688,16.366625520432486,3295509
2004-07-21,16.287151336669922,16.410327901463226,16.20768229036373,16.410327901463226,1482978
2004-07-22,16.287151336669922,16.32688494586044,16.009010588560834,16.088479634867024,6803596
2004-07-23,16.287151336669922,16.410327901463226,16.251389808850845,16.410327901463226,4658888
2004-07-26,16.326887130737305,16.4103300975065,16.287153516229605,16.366622573170407,3677190
2004-07-27,16.64476203918457,16.684497478468117,16.326885836617222,16.44609032654261,5126312
2004-07-28,16.84343719482422,17.161313462369232,16.6447654415714,16.684500888977347,6608485
2004-07-29,16.56529426574707,16.84343505047586,16.52953273321967,16.84343505047586,2894762
2004-07-30,16.64476203918457,16.763964701184694,16.60502842782628,16.684497478468117,3200693
2004-08-02,16.251392364501953,16.565294689793568,16.167951223702588,16.565294689793568,2236977
2004-08-03,16.287151336669922,16.410327901463226,16.251389808850845,16.251389808850845,2796556
2004-08-04,16.56529426574707,16.684498764863267,16.25139194849088,16.28715348101828,3040457
2004-08-05,16.9626407623291,17.280515184205992,16.565295450076075,16.565295450076075,5517819
2004-08-06,16.9626407623291,17.00237437959164,16.807676547531806,16.9626407623291,2268839
2004-08-09,16.807674407958984,16.922903162899896,16.684497833821982,16.807674407958984,1216171
2004-08-10,16.807674407958984,17.042107655364152,16.763965058231086,16.807674407958984,2262331
2004-08-11,16.763961791992188,17.085811848219567,16.724228187529206,17.002368902544887,4467931
2004-08-12,16.724231719970703,16.807674683269955,16.68449810711531,16.68449810711531,1406299
2004-08-13,16.84343719482422,16.88317264223016,16.6447654415714,16.684500888977347,1243073
2004-08-16,16.763961791992188,16.843430828843086,16.644759150678308,16.68449458306623,1050595
2004-08-17,16.684497833251953,16.763965057658343,16.644762393123457,16.763965057658343,1297593
2004-08-18,17.085813522338867,17.085813522338867,16.684496217863252,16.684496217863252,3252843
2004-08-19,17.518918991088867,17.677857085321218,17.161309193028668,17.240778240144845,6708057
2004-08-20,17.320247650146484,17.518919358136806,17.28051221179329,17.483157829203975,4938221
2004-08-23,17.24077606201172,17.399714136164445,17.121573420359645,17.121573420359645,1734494
2004-08-24,17.24077606201172,17.24077606201172,17.24077606201172,17.24077606201172,0
2004-08-25,17.24077606201172,17.24077606201172,17.24077606201172,17.24077606201172,0
2004-08-26,17.280513763427734,17.558656373099147,17.240780149432037,17.280513763427734,8038131
2004-08-27,17.16131019592285,17.48315848460805,17.0858150537319,17.0858150537319,3776588
2004-08-30,17.280513763427734,17.320249205348812,17.12157747951956,17.16131109351526,4045484
2004-08-31,17.320247650146484,17.55865479649,17.240778601365314,17.28051221179329,4852476
2004-09-01,17.39971923828125,17.558657359039376,17.32025017790219,17.39971923828125,2206974
2004-09-02,17.39971923828125,17.598390975266167,17.39971923828125,17.483160380735153,2184664
2004-09-03,16.922901153564453,17.39971541095648,16.724229460280316,17.39971541095648,5940424
2004-09-06,17.16131019592285,17.320248299443424,16.68449771328641,16.92290304064199,3051057
2004-09-07,17.280513763427734,17.39971826126559,17.20501861728814,17.20501861728814,4103434
2004-09-08,17.280513763427734,17.48315939903417,17.240780149432037,17.48315939903417,2509515
2004-09-09,17.280513763427734,17.39971826126559,17.20501861728814,17.20501861728814,3410147
2004-09-10,17.4394474029541,17.48315491551829,17.28050933187986,17.359978367416982,3579631
2004-09-13,18.39307975769043,18.631486938912637,17.59839098154189,17.638126425708336,16031735
2004-09-14,18.194406509399414,18.393078229953417,18.194406509399414,18.393078229953417,6245157
2004-09-15,18.39307975769043,18.436789111858616,18.23414346480111,18.23414346480111,3702819
2004-09-16,18.35334587097168,18.436788840151102,18.15864621886151,18.313612255316283,4783807
2004-09-17,18.158641815185547,18.39307502609841,17.916262614238782,18.39307502609841,1685076
2004-09-20,18.591754913330078,18.591754913330078,18.158648040072954,18.35334771171042,4174284
2004-09-21,19.267236709594727,19.267236709594727,18.51228165597503,18.59175070519422,9539461
2004-09-22,19.068565368652344,19.26723892854356,18.909627251909548,19.26723892854356,2932354
2004-09-23,18.671222686767578,18.94936348875472,18.591753625067607,18.90962804394198,3628711
2004-09-24,18.869888305664062,19.068559981502155,18.67121662982597,18.67121662982597,4276838
2004-09-27,18.710954666137695,18.86989277562793,18.47254750190234,18.86989277562793,1492849
2004-09-28,18.710954666137695,18.710954666137695,18.710954666137695,18.710954666137695,0
2004-09-29,18.671222686767578,18.710956303654807,18.472549118554895,18.710956303654807,1912256
2004-09-30,18.869888305664062,18.94935734158428,18.750685665746193,18.826180792889172,4368681
2004-10-01,19.346704483032227,19.346704483032227,18.90962561381532,18.90962561381532,8936184
2004-10-04,19.46590805053711,19.664579755865155,19.386439002820854,19.46590805053711,7079105
2004-10-05,19.863252639770508,20.061926184811952,19.46590920553822,19.46590920553822,12982420
2004-10-06,19.863252639770508,20.45529570944134,19.787757496941893,19.863252639770508,11159625
2004-10-07,20.06192398071289,20.26059567600201,19.863250457498673,20.06192398071289,3703527
2004-10-08,20.260595321655273,20.260595321655273,19.585109375976028,19.863250110101283,4680521
2004-10-11,19.823516845703125,20.061923976758134,19.70431419413817,19.863250453583078,2849018
2004-10-12,19.823516845703125,20.061923976758134,19.66457875833312,19.823516845703125,2683614
2004-10-13,19.585107803344727,19.863248515136036,19.585107803344727,19.7877533879841,2674690
2004-10-14,19.664575576782227,19.744044607609858,19.465903913675554,19.545372944503185,2521820
2004-10-15,19.501667022705078,19.664579021420163,19.42617188717557,19.664579021420163,2084660
2004-10-18,19.46590805053711,19.624846145969624,19.34670356500013,19.501667751065533,1665614
2004-10-19,19.70431900024414,19.823521680883974,19.426176365541952,19.465911811038925,2374274
2004-10-20,19.585107803344727,20.06192201892262,19.501664858637366,19.863248515136036,3334946
2004-10-21,19.46590805053711,19.5851107081489,19.187767297492808,19.386439002820854,2621101
2004-10-22,19.46590805053711,19.5851107081489,19.34670356500013,19.46590805053711,1604658
2004-10-25,19.46590805053711,19.46590805053711,19.46590805053711,19.46590805053711,0
2004-10-26,19.46590805053711,19.545377098253365,19.187767297492808,19.267236345209064,4109537
2004-10-27,19.346704483032227,19.62484707720003,19.187768207983122,19.465908974225652,2957892
2004-10-28,19.46590805053711,19.82351785129767,19.426172612716385,19.5851107081489,3799191
2004-10-29,20.06192398071289,20.26059567600201,19.5453761106211,19.5453761106211,9647900
2004-11-01,19.863252639770508,20.260597901928097,19.664580922654366,20.260597901928097,1893066
2004-11-02,20.06192398071289,20.26059567600201,19.704314198022434,19.863250457498673,2484846
2004-11-03,21.055286407470703,21.055286407470703,19.863252459727956,20.260597718283964,10717603
2004-11-04,20.657939910888672,21.05528328254762,20.657939910888672,21.05528328254762,9264638
2004-11-05,20.852642059326172,21.055287696615732,20.455296776442037,20.852642059326172,21032287
2004-11-08,20.657939910888672,20.852637687741055,20.26059471130471,20.852637687741055,4711203
2004-11-09,21.055286407470703,21.055286407470703,20.260597718283964,20.657942976839976,3219204
2004-11-10,21.4526309967041,21.651302705820903,20.852640131985577,21.055285750545274,9851106
2004-11-11,20.852642059326172,21.452632979499867,20.852642059326172,21.452632979499867,2595057
2004-11-12,20.852642059326172,21.055287696615732,20.852642059326172,20.852642059326172,2115552
2004-11-15,21.055286407470703,21.253958122786067,20.85264078258846,20.85264078258846,2932421
2004-11-16,21.055286407470703,21.055286407470703,20.657942976839976,21.055286407470703,2102745
2004-11-17,20.852642059326172,21.253959424095104,20.455296776442037,21.055287696615732,5018062
2004-11-18,20.455299377441406,21.05529037390713,20.455299377441406,20.8526447108501,6140264
2004-11-19,20.260595321655273,20.852638315926917,20.061923629840813,20.455293104372927,10115357
2004-11-22,19.46590805053711,20.260596699774485,19.46590805053711,20.260596699774485,5244782
2004-11-23,19.501667022705078,19.823517110916555,19.46590732351223,19.664579021420163,5495754
2004-11-24,19.624849319458008,19.70431838002502,19.465911198323983,19.501670904635024,5029525
2004-11-25,19.863252639770508,20.061926184811952,19.545378257969737,19.664580922654366,2208471
2004-11-26,19.664575576782227,20.455290148611144,19.664575576782227,20.061920730920377,4420449
2004-11-29,19.664575576782227,20.061920730920377,19.664575576782227,19.863247239888903,4360169
2004-11-30,19.863252639770508,20.061926184811952,19.501668908188428,19.664580922654366,6422519
2004-12-01,20.06192398071289,20.26059567600201,19.66457876220955,19.74404780591022,3063475
2004-12-02,20.260595321655273,20.455293104372927,20.061923629840813,20.260595321655273,4208399
2004-12-03,20.657939910888672,20.657939910888672,20.26059471130471,20.45529248815709,3354236
2004-12-06,20.852642059326172,20.852642059326172,20.260598958772857,20.455296776442037,6311313
2004-12-07,20.852642059326172,20.852642059326172,20.061927231293485,20.852642059326172,7896131
2004-12-08,20.657939910888672,20.852637687741055,20.45529248815709,20.852637687741055,5821020
2004-12-09,21.055286407470703,21.055286407470703,20.455295524032447,20.657942976839976,7496663
2004-12-10,21.25395965576172,21.25395965576172,20.852642286618458,21.05528792611684,8766227
2004-12-13,20.455299377441406,21.452635707315824,20.26060153501537,21.253962126648663,4050851
2004-12-14,20.852642059326172,20.852642059326172,20.455296776442037,20.852642059326172,1256303
2004-12-15,20.852642059326172,21.055287696615732,20.657944241656992,20.852642059326172,3016742
2004-12-16,21.25395965576172,21.45263321333201,20.852642286618458,21.25395965576172,4227383
2004-12-17,21.25395965576172,21.45263321333201,20.852642286618458,21.25395965576172,3239122
2004-12-20,21.4526309967041,21.4526309967041,20.852640131985577,20.852640131985577,3057115
2004-12-21,20.657939910888672,21.05528328254762,20.657939910888672,20.852637687741055,4907957
2004-12-22,20.657939910888672,20.852637687741055,20.45529248815709,20.657939910888672,3848267
2004-12-23,21.055286407470703,21.055286407470703,20.455295524032447,20.657942976839976,4000939
2004-12-24,20.852642059326172,20.852642059326172,20.657944241656992,20.852642059326172,1035369
2004-12-27,20.657939910888672,20.852637687741055,20.657939910888672,20.852637687741055,554710
2004-12-28,20.852642059326172,21.055287696615732,20.657944241656992,20.657944241656992,1591077
2004-12-29,21.055286407470703,21.253958122786067,20.85264078258846,20.85264078258846,5136882
2004-12-30,21.4526309967041,21.651302705820903,21.055285750545274,21.055285750545274,10457478
2004-12-31,22.24732208251953,22.24732208251953,21.452633331632303,21.651305062372753,12328609
2005-01-03,21.849979400634766,22.24732287629268,21.65130583488032,22.24732287629268,2799021
2005-01-04,21.4526309967041,21.84997624286293,21.055285750545274,21.651302705820903,2265859
2005-01-05,20.455299377441406,21.05529037390713,20.26060153501537,21.05529037390713,6659873
2005-01-06,20.657939910888672,21.05528328254762,20.26059471130471,20.45529248815709,4062554
2005-01-07,20.657939910888672,21.05528328254762,20.657939910888672,20.852637687741055,1629334
2005-01-10,20.657939910888672,20.852637687741055,20.45529248815709,20.657939910888672,1504103
2005-01-11,20.852642059326172,21.055287696615732,20.657944241656992,20.657944241656992,2330586
2005-01-12,21.055286407470703,21.055286407470703,20.657942976839976,21.055286407470703,2976331
2005-01-13,20.657939910888672,21.05528328254762,20.45529248815709,21.05528328254762,2763301
2005-01-14,20.260595321655273,20.657940533209263,20.260595321655273,20.657940533209263,3953993
2005-01-17,20.657939910888672,20.657939910888672,20.45529248815709,20.45529248815709,4779397
2005-01-18,20.455299377441406,20.657946868424062,20.455299377441406,20.657946868424062,2559368
2005-01-19,20.657939910888672,20.852637687741055,20.45529248815709,20.657939910888672,3581813
2005-01-20,20.260595321655273,20.657940533209263,20.260595321655273,20.260595321655273,3328829
2005-01-21,20.260595321655273,20.455293104372927,20.260595321655273,20.455293104372927,3577992
2005-01-24,20.260595321655273,20.455293104372927,20.061923629840813,20.455293104372927,1054928
2005-01-25,20.260595321655273,20.455293104372927,20.061923629840813,20.260595321655273,1511162
2005-01-26,20.455299377441406,20.657946868424062,20.455299377441406,20.455299377441406,2731778
2005-01-27,20.455299377441406,20.657946868424062,20.26060153501537,20.657946868424062,3570677
2005-01-28,20.260595321655273,20.657940533209263,20.260595321655273,20.455293104372927,3079876
2005-01-31,20.657939910888672,20.852637687741055,20.26059471130471,20.45529248815709,4495246
2005-02-01,20.852642059326172,20.852642059326172,20.455296776442037,20.657944241656992,1675335
2005-02-02,20.455299377441406,21.05529037390713,20.455299377441406,20.8526447108501,4255226
2005-02-03,21.25395965576172,21.45263321333201,20.657944466827086,20.657944466827086,7628917
2005-02-04,21.25395965576172,21.25395965576172,21.25395965576172,21.25395965576172,0
2005-02-07,21.25395965576172,21.25395965576172,21.25395965576172,21.25395965576172,0
2005-02-08,21.25395965576172,21.25395965576172,21.25395965576172,21.25395965576172,0
2005-02-09,21.25395965576172,21.25395965576172,21.25395965576172,21.25395965576172,0
2005-02-10,21.25395965576172,21.25395965576172,21.25395965576172,21.25395965576172,0
2005-02-11,21.25395965576172,21.25395965576172,21.25395965576172,21.25395965576172,0
2005-02-14,21.4526309967041,21.651302705820903,21.25395745966207,21.651302705820903,7434001
2005-02-15,21.4526309967041,21.651302705820903,21.25395745966207,21.4526309967041,4555256
2005-02-16,21.4526309967041,21.651302705820903,21.25395745966207,21.651302705820903,3167597
2005-02-17,21.055286407470703,21.45263166602671,20.85264078258846,21.253958122786067,3736403
2005-02-18,21.055286407470703,21.253958122786067,20.85264078258846,21.055286407470703,2467139
2005-02-21,21.25395965576172,21.45263321333201,20.852642286618458,21.05528792611684,3745129
2005-02-22,21.055286407470703,21.651303381342075,21.055286407470703,21.45263166602671,3586779
2005-02-23,21.25395965576172,21.45263321333201,20.852642286618458,21.05528792611684,5804431
2005-02-24,21.4526309967041,21.4526309967041,21.055285750545274,21.055285750545274,5528738
2005-02-25,21.651302337646484,21.651302337646484,21.2539570982444,21.651302337646484,4780955
2005-02-28,21.651302337646484,21.651302337646484,21.651302337646484,21.651302337646484,0
2005-03-01,21.214221954345703,21.65130077212186,20.852638269615873,21.65130077212186,6441267
2005-03-02,20.69767951965332,21.13078636979132,20.657945902133832,21.13078636979132,5933113
2005-03-03,20.49900245666504,20.697674148557784,20.06192363774596,20.657940541349262,6546689
2005-03-04,20.30032730102539,20.7374060847242,20.2208600930119,20.260593697018646,4910668
2005-03-07,20.30032730102539,20.65793887671071,20.141391057073488,20.455291464124066,3441626
2005-03-08,20.49900245666504,20.618205106215672,20.260595329638704,20.260595329638704,5239269
2005-03-09,20.657939910888672,20.777142556801355,20.3003283173006,20.3003283173006,6973437
2005-03-10,20.578475952148438,20.657945011687495,20.340068773531264,20.657945011687495,5065316
2005-03-11,20.538742065429688,20.578477512174235,20.300334868739196,20.499008446610738,3892107
2005-03-14,20.37980079650879,20.538738903164738,20.37980079650879,20.37980079650879,2260820
2005-03-15,20.177154541015625,20.419535603121496,19.982456737351324,20.37980016372861,5946651
2005-03-16,20.618209838867188,20.657945283121553,20.06192824271001,20.17715700961159,5915431
2005-03-17,20.141395568847656,20.300331848402088,19.94272202053529,20.141395568847656,3121004
2005-03-18,20.101659774780273,20.300331491676168,20.022190722436854,20.022190722436854,2387456
2005-03-21,20.177154541015625,20.340066552260986,20.061925788211834,20.061925788211834,2628057
2005-03-22,20.657939910888672,20.816876162797243,20.061923025475235,20.101656631471126,13398695
2005-03-23,21.57183074951172,21.611566182735363,20.8168757975123,20.8168757975123,20855935
2005-03-24,20.936084747314453,21.408925170677605,20.816880250071645,21.373163638712224,8565787
2005-03-25,20.578475952148438,21.015554865650525,20.300333329799003,21.015554865650525,9121306
2005-03-28,20.41953468322754,20.578472777788445,20.340065635947088,20.578472777788445,4710137
2005-03-29,20.30032730102539,20.455291464124066,20.141391057073488,20.41953176889547,8493536
2005-03-30,20.30032730102539,20.455291464124066,20.177150752302083,20.2208600930119,4588240
2005-03-31,20.30032730102539,20.499000804833884,20.260593697018646,20.41953176889547,3784711
2005-04-01,20.101659774780273,20.455295686764508,20.061926162571215,20.300331491676168,11843502
2005-04-04,20.06192398071289,20.37979832759046,20.06192398071289,20.177152723135034,3048127
2005-04-05,20.06192398071289,20.06192398071289,20.06192398071289,20.06192398071289,0
2005-04-06,20.30032730102539,20.41953176889547,20.10165562514182,20.10165562514182,2545096
2005-04-07,20.220867156982422,20.419538902270105,20.220867156982422,20.300334392757048,4036296
2005-04-08,20.220867156982422,20.419538902270105,20.177157801003148,20.34006983856992,2358459
2005-04-11,20.260595321655273,20.379797971158936,20.17715237024767,20.22086171446241,2719538
2005-04-12,20.260595321655273,20.379797971158936,20.17715237024767,20.379797971158936,2061096
2005-04-13,20.30032730102539,20.379796336963803,20.177150752302083,20.260593697018646,1679555
2005-04-14,20.177154541015625,20.340066552260986,20.177154541015625,20.260597501400476,3984602
2005-04-15,19.863252639770508,20.17715493989368,19.664580922654366,20.10165979706506,5047108
2005-04-18,19.664575576782227,19.94271627071653,19.5851065459546,19.5851065459546,5736497
2005-04-19,19.684452056884766,20.02219421735394,19.684452056884766,19.704319780419898,4708587
2005-04-20,19.863252639770508,19.90298807994892,19.8235190275174,19.863252639770508,4503364
2005-04-21,19.982454299926758,20.022187906547746,19.46590644630367,19.46590644630367,3784879
2005-04-22,19.982454299926758,20.022187906547746,19.86324982421371,20.022187906547746,3955321
2005-04-25,19.787755966186523,19.982455586563354,19.74404844771167,19.982455586563354,1965080
2005-04-26,19.787755966186523,19.86325110317493,19.74404844771167,19.787755966186523,3568259
2005-04-27,19.823516845703125,19.823516845703125,19.66457875833312,19.8036491278006,4434485
2005-04-28,19.942726135253906,19.942726135253906,19.66458530373908,19.82352344401204,3623201
2005-04-29,19.863252639770508,19.863252639770508,19.744049975085883,19.863252639770508,1697431
2005-05-02,19.863252639770508,19.863252639770508,19.863252639770508,19.863252639770508,0
2005-05-03,20.141395568847656,20.26059823549481,19.863252966795407,19.863252966795407,5381032
2005-05-04,20.260595321655273,20.34006436396607,20.14139267215161,20.14139267215161,3361573
2005-05-05,20.852642059326172,20.93608502571319,20.340068015349683,20.455296776442037,5636941
2005-05-06,20.657939910888672,20.777142556801355,20.538735437050978,20.657939910888672,1985480
2005-05-09,20.538742065429688,20.657946577737736,20.455299089606612,20.657946577737736,2056142
2005-05-10,20.618209838867188,20.777147960033663,20.45529780769018,20.657945283121553,2690576
2005-05-11,20.618209838867188,20.7374125157793,20.499007161955074,20.578476222538313,5770622
2005-05-12,20.49900245666504,20.657940541349262,20.419533414322927,20.618205106215672,10469712
2005-05-13,20.455299377441406,20.53874235443864,20.300335154393423,20.455299377441406,6325430
2005-05-16,20.260595321655273,20.538736055780532,20.260595321655273,20.455293104372927,1858914
2005-05-17,20.177154541015625,20.49900465398201,19.902987686490814,20.419535603121496,4005963
2005-05-18,19.863252639770508,20.17715493989368,19.863252639770508,20.17715493989368,3349227
2005-05-19,20.260595321655273,20.379797971158936,20.17715237024767,20.260595321655273,6394704
2005-05-20,20.578475952148438,21.095023925189583,20.578475952148438,20.657945011687495,16027718
2005-05-23,20.30032730102539,20.53873440884063,20.2208600930119,20.53873440884063,4488140
2005-05-24,20.455299377441406,20.578477801742324,20.300335154393423,20.455299377441406,2905717
2005-05-25,20.06192398071289,20.419533763403347,20.06192398071289,20.37979832759046,4271460
2005-05-26,20.06192398071289,20.101657588600673,19.94271950119934,20.06192398071289,4505630
2005-05-27,20.260595321655273,20.455293104372927,20.101657237033677,20.101657237033677,7863171
2005-05-30,20.220867156982422,20.379803456457232,20.101662647469364,20.34006983856992,5297307
2005-05-31,20.220867156982422,20.300334392757048,20.101662647469364,20.101662647469364,8845773
2005-06-01,20.141395568847656,20.300331848402088,20.141395568847656,20.26059823549481,4986125
2005-06-02,20.260595321655273,20.34006436396607,20.14139267215161,20.14139267215161,7461484
2005-06-03,20.06192398071289,20.26059567600201,19.98245493701222,20.26059567600201,8879994
2005-06-06,20.220867156982422,20.45529860999102,20.101662647469364,20.101662647469364,9659246
2005-06-07,20.141395568847656,20.37980090214197,20.10166012801505,20.26059823549481,11330004
2005-06-08,20.340065002441406,20.419534047246742,20.17715300360919,20.260595957636074,6062567
2005-06-09,20.260595321655273,20.41953340627687,20.22086171446241,20.379797971158936,5281178
2005-06-10,20.538742065429688,20.538742065429688,20.260601249920246,20.379803934302693,8501136
2005-06-13,20.538742065429688,20.657946577737736,20.340070315483743,20.657946577737736,5643431
2005-06-14,20.41953468322754,20.61820638746608,20.30033019834427,20.578472777788445,7780116
2005-06-15,20.816875457763672,21.2142206438902,20.419532099562094,20.419532099562094,23076974
2005-06-16,20.657939910888672,21.05528328254762,20.61820447696777,21.05528328254762,6879787
2005-06-17,20.49900245666504,21.130780886303558,20.455293112433075,20.697674148557784,29980324
2005-06-20,20.657939910888672,20.816876162797243,20.45529248815709,20.57847087097188,7158393
2005-06-21,20.777149200439453,20.816882819140446,20.538742004456715,20.816882819140446,5417315
2005-06-22,21.849979400634766,21.849979400634766,20.816881611317914,20.816881611317914,27900500
2005-06-23,21.522035598754883,22.34362009534744,21.49595473223284,22.169740020862392,24063729
2005-06-24,21.25687026977539,21.474220369425243,21.169928322164203,21.430750349495273,7020877
2005-06-27,21.300342559814453,21.52203854043406,20.909110430997448,20.909110430997448,14195263
2005-06-28,21.365543365478516,21.522034278262787,21.3003383415473,21.3003383415473,13212564
2005-06-29,21.300342559814453,21.82198285456852,21.300342559814453,21.82198285456852,12161394
2005-06-30,21.365543365478516,21.522034278262787,21.3003383415473,21.522034278262787,5578834
2005-07-01,21.25687026977539,21.365545319600315,21.08299019005551,21.30034028970536,4234428
2005-07-04,21.604631423950195,21.691571467813088,21.30034127043007,21.30034127043007,6464148
2005-07-05,21.522035598754883,21.648099797407255,21.343809667058423,21.56115976016473,5789737
2005-07-06,21.365543365478516,21.648098469180443,21.32641920646914,21.648098469180443,3512651
2005-07-07,22.604440689086914,22.82179076848421,21.43074835259045,21.561158400228827,43286832
2005-07-08,22.65225601196289,23.69119241866087,22.34361814361127,22.734850184779322,35286953
2005-07-11,23.90854263305664,24.217180503219094,23.299960514197366,23.343430529276528,31716574
2005-07-12,23.821603775024414,24.082423878332854,23.60425178118292,23.90854380946056,12230532
2005-07-13,23.69119644165039,24.169366685913488,23.69119644165039,23.73466455610478,11249195
2005-07-14,23.95201301574707,24.473653204703034,23.782478809685745,23.782478809685745,16483833
2005-07-15,23.29996109008789,23.95201324014269,23.25649107393431,23.95201324014269,9909896
2005-07-18,23.29996109008789,23.29996109008789,23.29996109008789,23.29996109008789,0
2005-07-19,24.125898361206055,24.256308436998918,23.473846074490265,23.952018260148908,15345081
2005-07-20,24.299776077270508,24.78229407344615,24.038955951283953,24.12589599327947,22617010
2005-07-21,23.90854263305664,24.6040628743232,23.821602602898324,24.125892708452444,12240011
2005-07-22,23.473846435546875,24.169368758224937,22.86526607248614,23.734666591144332,13111662
2005-07-25,23.29996109008789,23.473841154702214,23.086956866284694,23.430371138548633,6669930
2005-07-26,23.34343147277832,23.865073582563163,23.256491439106032,23.299961455942178,7586095
2005-07-27,22.908735275268555,23.560785640832897,22.90873527526855,23.473845592090985,9441494
2005-07-28,24.473651885986328,24.473651885986325,23.256489602922517,23.38689964313461,33551754
2005-07-29,24.125898361206055,24.951828841227513,23.56078612501884,24.734478714906075,20387710
2005-08-01,25.34740447998047,25.47781454366092,24.29977620531368,24.386716247767314,23504104
2005-08-02,24.864883422851562,25.912513476409895,24.782291155780083,25.51693556880191,21176713
2005-08-03,26.608036041259766,26.60803604125977,25.03876566085898,25.082237588265315,46065858
2005-08-04,27.173147201538086,27.994731687344647,26.255927149819325,26.608035059129445,43431610
2005-08-05,27.173147201538086,27.173147201538082,27.173147201538082,27.173147201538082,0
2005-08-08,27.212268829345703,28.172956969287274,26.90797870998426,27.17314657709968,38086972
2005-08-09,26.647159576416016,27.607847751282836,26.516749520520133,27.212269818631512,25591048
2005-08-10,25.821229934692383,26.994922464599043,25.821229934692383,26.907982418513466,31479368
2005-08-11,26.125516891479492,26.86450910031472,25.95163682063618,26.04292462092938,21897221
2005-08-12,25.560407638549805,26.560218084126948,25.477813457090523,26.516749972505252,15743831
2005-08-15,24.995296478271484,25.864698808240107,24.99529647827148,25.47781447570262,12233136
2005-08-16,25.212646484375,25.212646484375,24.560594311871185,25.038764506023142,10842534
2005-08-17,25.6473445892334,25.864694659928013,24.99529246939856,25.12570251181533,15424980
2005-08-18,25.91251564025879,26.7341001536477,25.864697855697344,25.91251564025879,31285506
2005-08-19,24.78229331970215,25.912515739019888,24.691005515282818,25.864697954276195,20817667
2005-08-22,25.125699996948242,25.125699996948242,24.473649850129025,24.995289967584398,11587766
2005-08-23,24.78229331970215,25.864697954276195,24.78229331970215,25.212647659141673,23209046
2005-08-24,24.691007614135742,25.038767801102086,24.560597544023363,24.782295426314967,14853343
2005-08-25,25.125699996948242,25.77775205151826,24.60405987949287,24.60405987949287,20337223
2005-08-26,25.125699996948242,25.647342022154415,25.125699996948242,25.647342022154415,11964369
2005-08-29,24.560596466064453,25.38652878161094,24.56059646606445,25.125706745082205,10375023
2005-08-30,23.34343147277832,24.91270175141468,23.1260813885976,24.821413952958334,22412919
2005-08-31,23.086956024169922,23.65206812130465,23.039140152795753,23.3434302547716,9273123
2005-09-01,23.086956024169922,23.086956024169922,23.086956024169922,23.086956024169922,0
2005-09-02,23.517309188842773,23.821601184023528,23.25648911390292,23.473839176352797,10221284
2005-09-05,23.086956024169922,23.65206812130465,23.039140152795753,23.604250342179473,7434382
2005-09-06,23.560779571533203,23.604249584706206,23.217367230566868,23.386899518841197,5169021
2005-09-07,24.217182159423828,24.43018448477845,23.908544268153737,24.217182159423825,18569891
2005-09-08,24.125898361206055,24.560598613848928,24.125898361206055,24.21718617736165,16055050
2005-09-09,24.125898361206055,24.299778462263205,24.03895831067748,24.169368386470342,3913748
2005-09-12,24.64753532409668,24.82141540158927,24.34759295352245,24.34759295352245,9772032
2005-09-13,24.64753532409668,25.169175556574448,24.64753532409668,24.864885420962416,9941280
2005-09-14,24.734474182128906,24.734474182128903,24.34759179127643,24.34759179127643,7195082
2005-09-15,24.473651885986328,24.95182203343066,24.256301818966175,24.734471966410506,6349904
2005-09-16,23.90854263305664,24.473652829085722,23.652068399438978,24.473652829085722,9758169
2005-09-19,23.65207290649414,24.29977739924852,23.560785094332008,23.691197072171367,4219407
2005-09-20,24.347593307495117,24.43018558240436,23.343433174524915,23.734663354571065,16508096
2005-09-21,24.16936683654785,24.5605970388378,24.12589681407119,24.347594691802705,9783922
2005-09-22,23.90854263305664,24.430182814006564,23.865072617977482,23.90854263305664,6876362
2005-09-23,23.086956024169922,23.782478165008587,22.652255878490138,23.473840298475537,12929465
2005-09-26,23.386903762817383,23.386903762817383,22.65225926222856,23.08695947284279,8429406
2005-09-27,23.29996109008789,23.473841154702214,23.086956866284694,23.473841154702214,5859640
2005-09-28,24.125898361206055,24.473658563320352,23.343435998697405,23.343435998697405,12163093
2005-09-29,24.64753532409668,24.82141540158927,24.256305149738353,24.2997751691115,16749535
2005-09-30,24.64753532409668,25.038765498455007,24.560595285350384,24.99529547908186,9828372
2005-10-03,25.212646484375,25.343056537325534,24.821414417772253,24.951824470722784,10271299
2005-10-04,25.16917610168457,25.429998131323526,24.995296020426114,25.429998131323526,10553162
2005-10-05,25.212646484375,25.64734666087678,25.082236431424466,25.082236431424466,20348171
2005-10-06,24.995296478271484,25.16917656271495,24.69100633049542,24.99529647827148,9401552
2005-10-07,25.38652992248535,25.73429010981698,25.125707874235232,25.516939992734713,19379484
2005-10-10,25.38652992248535,25.38652992248535,25.38652992248535,25.38652992248535,0
2005-10-11,24.51712417602539,25.64734653723243,24.51712417602539,25.64734653723243,8675612
2005-10-12,24.777942657470703,25.038762745028098,24.647532613692004,24.734472642877805,15084820
2005-10-13,24.777942657470703,24.9083527012494,24.43018254072751,24.777942657470703,7973832
2005-10-14,24.64753532409668,24.99529547908186,24.64753532409668,24.864885420962416,5273704
2005-10-17,23.473846435546875,24.99529925095022,23.473846435546875,24.99529925095022,7497542
2005-10-18,23.734661102294922,23.995483105326507,23.517311022894496,23.517311022894496,9643148
2005-10-19,23.43037223815918,23.647722329127543,23.256492165384493,23.473842256352853,7324973
2005-10-20,23.604251861572266,23.90854389088624,23.38690177474167,23.43037179210779,6723283
2005-10-21,23.43037223815918,23.647722329127543,23.039142074416134,23.517312274546526,10174661
2005-10-24,23.604251861572266,23.99548392561848,23.560781844206147,23.691193804055644,6634698
2005-10-25,23.604251861572266,24.256304029815198,23.60425186157227,23.90854389088624,8611186
2005-10-26,24.16936683654785,24.16936683654785,23.604254636599904,23.691196589304585,9876692
2005-10-27,24.299776077270508,24.47365616126154,23.691195783301882,24.082425972281712,7688518
2005-10-28,24.38671112060547,25.12570132609302,23.952010999730437,23.952010999730437,14277198
2005-10-31,24.560596466064453,24.90835663776768,24.56059646606445,24.604066487527355,13800908
2005-11-01,25.429994583129883,25.560404625877883,24.82141247588819,24.995292532885532,15497835
2005-11-02,24.908355712890625,25.429997858827587,24.56059555410014,25.38652783897878,9455624
2005-11-03,25.03876304626465,25.2126450144792,24.7344729404535,24.995293031148773,9747840
2005-11-04,25.429994583129883,25.42999458312988,25.03876254713487,25.212644511883205,12133892
2005-11-07,25.212646484375,25.951636784428025,25.212646484375,25.42999657262589,17881587
2005-11-08,24.951824188232422,25.560406336196042,24.691004085284213,25.516936319038006,12660803
2005-11-09,25.99510955810547,25.99510955810547,24.951827116140215,25.169177227434776,15205619
2005-11-10,25.821229934692383,26.08205007294911,25.64734984252123,25.995110026863532,11374589
2005-11-11,25.99510955810547,26.212459669400033,25.777759446810904,26.082049602623297,12305311
2005-11-14,26.690628051757812,26.777568083994737,26.08204591834825,26.08204591834825,12911603
2005-11-15,26.734098434448242,26.82103846787727,26.603688384304697,26.690628417733727,11651850
2005-11-16,26.734098434448242,26.86450848459178,26.64715840101921,26.690628417733727,7815069
2005-11-17,26.734098434448242,26.95144851802081,26.603688384304697,26.777568451162754,6814169
2005-11-18,26.907983779907227,27.12533390611787,26.734103678938713,26.864513754665097,7681615
2005-11-21,26.516754150390625,27.081864491275347,26.516754150390625,26.951454412609642,5549815
2005-11-22,26.082046508789062,26.429806645609297,25.995106474584002,26.25592657719918,9055264
2005-11-23,26.690628051757812,26.690628051757812,26.168985950585178,26.299395998940565,5281758
2005-11-24,26.734098434448242,26.95144851802081,26.429806409695534,26.777568451162754,6821072
2005-11-25,26.560213088989258,26.777565052728033,26.429803055396512,26.777565052728033,2674817
2005-11-28,27.603504180908203,27.77738428185862,26.777573701393727,26.864513751868934,11372289
2005-11-29,28.081676483154297,29.038017042362046,28.03820645773576,28.03820645773576,25024788
2005-11-30,29.342309951782227,30.03783037800441,27.994737218225207,28.255557378058526,32379673
2005-12-01,29.12494468688965,29.646586677460483,29.124944686889652,29.342296629148727,11857782
2005-12-02,29.2988338470459,29.7335340232554,29.211893811803996,29.5596539527716,12621687
2005-12-05,29.733535766601562,29.86394582711066,29.298835564904575,29.298835564904575,11089276
2005-12-06,29.038015365600586,30.124767846062355,28.77719522815009,29.733537639886617,12579120
2005-12-07,28.690250396728516,29.516182601972258,28.342490271468442,29.124950553303613,10500240
2005-12-08,28.82065773010254,29.42923979975791,28.603307672279506,28.95106776479636,7737988
2005-12-09,29.12494468688965,29.385766636050406,28.86412464547957,28.907594652381253,6381597
2005-12-12,29.429248809814453,29.77700900880154,29.25536871032091,29.25536871032091,9272701
2005-12-13,29.60312271118164,30.733345029001885,29.516182679637854,29.559652695409746,19422051
2005-12-14,29.86394500732422,30.0812951022063,29.55965487448931,29.99435506425347,6800364
2005-12-15,29.51618194580078,29.9508820927121,29.168419920520712,29.863942063329837,7249043
2005-12-16,29.255369186401367,29.77700949337079,29.08148908407823,29.51618933988608,11463175
2005-12-19,29.081483840942383,29.429243982890565,28.733721791243042,29.298833929659995,11120338
2005-12-20,28.733722686767578,29.211894804600355,28.690252667669256,29.081484747305385,15929257
2005-12-21,28.733722686767578,29.211894804600355,28.690252667669256,28.82066272496423,13152049
2005-12-22,26.377763748168945,26.45663209472819,26.101740751097655,26.101740751097655,6929166184
2005-12-23,29.646591186523438,29.646591186523434,29.168419130127273,29.342301091931038,8172862
2005-12-26,26.574913024902344,27.245178560516546,26.574913024902344,27.16633692143871,7277971603
2005-12-27,28.90760040283203,29.385772481621675,28.733720340636186,29.16842049612581,6695672
2005-12-28,29.255369186401367,29.255369186401367,28.47290681819574,28.90760707400359,6167611
2005-12-29,29.255369186401367,29.51618933988608,29.08148908407823,29.255369186401367,8527203
2005-12-30,29.255369186401367,29.385779263143725,28.90760707400359,29.298839211982155,7361788
2006-01-02,28.516374588012695,29.038014853718206,28.16861441087569,28.907604787291827,8010647
2006-01-03,29.559656143188477,29.90741630992565,28.516373735225653,28.516373735225653,12054511
2006-01-04,30.733348846435547,31.124579036977835,29.73353645174283,30.081296621113754,25313553
2006-01-05,30.86375617980957,31.73315652633164,30.73334612783126,31.081106266440088,14798356
2006-01-06,30.34210968017578,30.994161753606942,30.168229635994365,30.950691742561588,8390298
2006-01-09,30.1247615814209,30.733343683331462,29.994351539815277,30.733343683331462,7932416
2006-01-10,30.03782081604004,30.16823085444316,29.690060713631706,30.124760841642118,11098479
2006-01-11,29.6900634765625,30.037823611333074,29.51618340917721,30.037823611333074,6745142
2006-01-12,29.342309951782227,30.472532552144816,29.29883992514334,29.82048024480998,13010542
2006-01-13,29.342309951782227,29.646600138254435,29.08148979194891,29.34230995178223,8768799
2006-01-16,29.559656143188477,29.60312616403062,29.124954027015715,29.342306038977735,10234484
2006-01-17,30.776819229125977,31.515809597719723,30.342117104554802,30.429057147918773,39522874
2006-01-18,29.51618194580078,30.907224323668014,29.038009876447315,30.689874250212355,21095970
2006-01-19,29.12494468688965,29.733526691263844,28.73371462477453,29.559646663657126,14852428
2006-01-20,28.777189254760742,29.429241370789445,28.690249226990378,29.16841937972737,10213776
2006-01-23,28.8641300201416,29.124950110117837,28.168609780204978,28.385959855185174,8333926
2006-01-24,29.255369186401367,29.385779263143725,28.951077099584378,28.951077099584378,4252097
2006-01-25,28.951066970825195,29.42923899267307,28.60330688784552,29.42923899267307,7137448
2006-02-03,28.603307723999023,29.298829818041224,28.038197572637326,29.038007840431096,13615684
2006-02-06,27.777381896972656,28.472904148810265,27.342681681918723,28.2555540412833,17243082
2006-02-07,28.603307723999023,28.603307723999023,27.7773755950272,27.7773755950272,11510344
2006-02-08,28.25554847717285,28.47289854189903,28.212078464227616,28.25554847717285,7892149
2006-02-09,28.690250396728516,28.864130459358556,28.38596028712595,28.6033103654135,8891899
2006-02-10,28.82065773010254,28.95106776479636,28.385957614456476,28.733717706973327,5903006
2006-02-13,28.82065773010254,28.994537776360964,28.646777683844114,28.69024769540872,3093584
2006-02-14,29.038015365600586,29.08148729626038,28.559845113608013,28.864135273966923,2702428
2006-02-15,29.733535766601562,30.16823596829855,29.16842359664422,29.21189552456518,13965424
2006-02-16,29.950891494750977,30.124771608099106,29.82048140973988,29.86395143807691,8222331
2006-02-17,29.994359970092773,30.55947030921491,29.994359970092777,29.994359970092777,14294455
2006-02-20,29.994359970092773,30.47253216479379,29.777009839661186,29.994359970092777,8710126
2006-02-21,30.1247615814209,30.255171623026524,29.950881525946734,30.211701609157984,7064969
2006-02-22,29.646591186523438,30.29864138922143,29.124949116614072,30.211701362195033,7503294
2006-02-23,29.60312271118164,29.64659272695353,29.211892569234614,29.64659272695353,5932918
2006-02-24,31.646217346191406,31.646217346191406,30.037824753944584,30.037824753944584,37913382
2006-02-27,33.819725036621094,33.819725036621094,31.515811817454388,31.64622189168544,28097664
2006-03-01,34.080543518066406,35.819344228093776,33.298079383051785,34.12401353581709,60259901
2006-03-02,33.471954345703125,34.47176841688368,33.16766426788783,34.34135838353426,28392182
2006-03-03,32.77643966674805,34.55871423703755,32.60255959311027,33.47195996129913,29824503
2006-03-06,33.86319351196289,33.86319351196289,32.90685301135897,32.90685301135897,10341477
2006-03-07,34.29789352416992,34.73259370062924,33.90665954985424,33.90665954985424,24129730
2006-03-08,34.77607345581055,35.254243783806714,34.12402300854305,34.68913339617488,23325559
2006-03-09,34.341365814208984,35.08035616308935,34.254425773164236,34.9934161220446,9302612
2006-03-10,34.68912887573242,34.73259889988555,34.34136868250741,34.34136868250741,8101533
2006-03-13,34.68912887573242,34.99341904480431,34.08054853758865,34.776068924038675,8967829
2006-03-14,34.2109489440918,35.03687916964301,34.12400892034957,34.77605909841631,5290961
2006-03-15,34.77607345581055,34.77607345581055,33.99361291908954,34.34137315763221,5687870
2006-03-16,33.90665817260742,35.21076246451655,33.90665817260742,34.86300233747469,12101680
2006-03-17,33.645835876464844,33.90665595468532,33.341545785207614,33.863185941648574,7337628
2006-03-20,33.86319351196289,34.73259778256011,33.77625728195619,33.77625728195619,11757692
2006-03-21,33.03725814819336,33.99360232154774,33.03725814819336,33.90665847351355,5809818
2006-03-22,31.863567352294922,32.8199076994408,31.863567352294925,32.77643768366144,8775702
2006-03-23,31.863567352294922,32.12438744697107,31.515805318308995,31.950505476102574,7696571
2006-03-24,31.559280395507812,32.254802667275186,31.51581037275681,31.993982530769184,10978831
2006-03-27,32.037445068359375,32.21132511873841,31.559273022066105,31.559273022066105,8237287
2006-03-28,32.38521194458008,32.77644213978402,31.99398174937614,32.03745177106547,10125191
2006-03-29,32.73297119140625,33.12420137553424,32.34174100727825,32.385211027736915,8226933
2006-03-30,32.86337661743164,33.12419670339519,32.51561650281357,33.037256674740675,9829523
2006-03-31,32.81990432739258,33.03725438395795,32.646024282140274,32.86337433870565,4932018
2006-04-03,32.950321197509766,33.0372612381733,32.5156209941921,32.81991113651446,5011400
2006-04-04,34.12401580810547,34.297895890686725,33.12420151776067,33.12420151776067,15500136
2006-04-06,34.51524353027344,34.86300367061342,34.16748338993345,34.341363460103445,10270149
2006-04-07,34.428306579589844,34.77606675108536,34.25442649384209,34.77606675108536,5148304
2006-04-10,34.341365814208984,34.68912597838798,34.254425773164236,34.42830585525373,5231137
2006-04-11,34.341365814208984,34.60218593734323,34.254425773164236,34.341365814208984,3132700
2006-04-12,34.471771240234375,34.993411416356054,34.08054110814311,34.124011122819915,5527956
2006-04-13,34.080543518066406,34.81953381982804,33.55889948955589,34.60218373107462,8322421
2006-04-14,34.906471252441406,34.99341128145988,34.167481005784424,34.42830109283983,8574372
2006-04-17,34.64565658569336,35.5150570118956,34.64565658569336,34.993416756174256,8029054
2006-04-18,34.428306579589844,35.08035690114393,34.428306579589844,34.949946836833114,6898153
2006-04-19,36.81916046142578,36.819160461425774,34.77606570013064,34.993415800746874,31845860
2006-04-20,37.16692352294922,37.60162375810606,36.210579190101356,36.81916333482374,31833205
2006-04-21,39.731651306152344,39.731651306152344,38.25366696712387,38.25366696712387,17512289
2006-04-24,40.383705139160156,42.16597974494415,39.99247496568371,40.209825062059515,31107265
2006-04-25,40.340240478515625,41.07923090435778,39.38389992742579,40.81841075406055,17263790
2006-04-26,41.94862747192383,42.60067772721743,40.51411309477568,40.6445231458344,20075512
2006-04-27,41.03575134277344,42.339855606694215,40.86187128298427,41.9486254721686,14178258
2006-04-28,43.20926284790039,43.47008297948907,41.1226979796883,42.33986240927146,26413392
2006-05-02,46.07828140258789,46.0782814025879,43.38313661970727,44.339476962970615,24670446
2006-05-03,45.64358139038086,46.73033178387716,44.77418107558382,45.208881232982336,15421905
2006-05-04,43.90477752685547,46.512982321297486,43.68742744527715,45.6435819949842,15706068
2006-05-05,42.600685119628906,44.55683622495667,42.600685119628906,43.90478585651408,13376388
2006-05-08,43.47007751464844,44.12212776164763,42.818027267649235,43.47007751464844,10825820
2006-05-09,42.16597366333008,43.47007405349399,41.94862359830276,43.47007405349399,9390047
2006-05-10,41.90515899658203,43.03538339908172,41.81821895142841,42.165982947545594,11243437
2006-05-11,44.3394889831543,44.3394889831543,41.948637476849676,41.948637476849676,12118937
2006-05-12,42.20944595336914,44.12212662879114,42.20944595336913,43.687426475286145,7743740
2006-05-15,41.99209213256836,43.035372407960665,41.81820827116789,42.16597217846708,9561466
2006-05-16,42.035552978515625,43.03536693068486,42.035552978515625,42.16596681184315,8070471
2006-05-17,42.86149978637695,43.90478024248255,42.38332957732856,42.38332957732856,14273747
2006-05-18,38.20636749267578,38.482357975706186,37.969756800274354,38.442917137053755,13643976513
2006-05-19,38.32465362548828,38.87664230302675,38.12747229648772,38.44292274166758,16272062460
2006-05-22,42.600685119628906,44.33948610214247,42.42680502137755,43.0353853652573,26050997
2006-05-23,40.20983123779297,42.60068648063504,40.035951133986494,42.16598622111885,17099274
2006-05-24,41.29656982421875,41.64432993025404,40.557579598893774,40.644519625402594,11808313
2006-05-25,39.775123596191406,41.296574222123624,39.12306951243242,41.07922413270474,10662455
2006-05-26,38.68837356567383,40.6445283999278,38.25367333928467,40.427178286733216,9633945
2006-05-29,35.880062103271484,36.19548966091917,35.288617309047154,35.48577574846083,7795471152
2006-05-30,39.557777404785156,39.90553758212357,38.90572325677293,39.12307336760944,7070722
2006-06-01,39.036136627197266,39.340430623625764,38.47102629119279,38.688376420425286,15550756
2006-06-02,41.29656982421875,41.68779994350845,39.60123930729674,39.68817933380556,25037443
2006-06-05,40.51411056518555,41.99209486707198,40.4271705365747,41.29657082268319,18021943
2006-06-06,39.992469787597656,41.25310018335525,39.55776965112952,40.470639937712605,21018889
2006-06-07,39.818599700927734,40.5575901179174,39.4273694801685,39.99247979904295,9902002
2006-06-08,37.29732894897461,39.55777370580675,37.29732894897461,39.55777370580675,18394691
2006-06-09,39.253482818603516,39.81859691341995,36.949571679862615,37.60162200214778,13998787
2006-06-12,38.90571594238281,39.427359925822515,38.210195718465854,38.81877591439319,7689669
2006-06-13,39.51429748535156,39.644707519189275,38.036313286355806,38.47101339914816,8241889
2006-06-14,40.86187744140625,41.25310763489539,38.68837255096389,39.12307276595184,14425607
2006-06-15,40.340240478515625,41.51393115485316,39.12307596162562,41.07923090435778,20022591
2006-06-16,39.08761215209961,40.971353872254944,38.85214591334521,40.971353872254944,19218146
2006-06-19,37.20387268066406,39.08761037864512,37.109683040070436,39.08761037864512,11189037
2006-06-20,36.497467041015625,37.721896837100594,35.55559433322146,37.203869603508146,15281384
2006-06-21,34.84918975830078,37.015487955663126,34.84918975830078,36.497460810503526,14003827
2006-06-22,36.78002166748047,37.2038631312413,35.55558814770106,35.743963443829934,16120672
2006-06-23,37.062591552734375,37.674804523087396,35.88525255814505,36.45037464567489,14866123
2006-06-26,38.38120651245117,38.66376358596343,37.2980533488105,37.62770917296714,14718207
2006-06-27,39.55854415893555,39.74691949097543,38.05155331273534,38.38120915962856,11697430
2006-06-28,39.2288932800293,39.7469245245664,38.852146504944216,39.040521860840144,7096689
2006-06-29,40.92425537109375,41.15972552538819,39.37017361096483,39.55854501035274,10824177
2006-06-30,43.32602310180664,43.32602310180664,41.677747959176514,42.38415046695916,19796663
2006-07-03,42.85508728027344,43.46730016963192,42.52543146059167,43.32602360314653,7257753
2006-07-04,42.949275970458984,43.32602662975839,42.47833961468784,42.90218115387,7315824
2006-07-05,41.9132194519043,42.855092205906466,41.630658413044934,42.855092205906466,8365481
2006-07-06,42.054500579833984,42.90218370867749,41.91322005836007,41.91322005836007,7761764
2006-07-07,42.85508728027344,43.42020929303877,42.572526273890766,42.85508728027344,8653644
2006-07-10,42.80799865722656,42.80799865722657,41.96031551549931,42.525437609984145,4435294
2006-07-11,42.054500579833984,43.090559049544865,42.054500579833984,42.43125126156874,3536840
2006-07-12,42.6196174621582,43.42020961056774,42.52543177157719,42.6196174621582,11739066
2006-07-13,42.1486930847168,42.94928144860656,42.054503439525014,42.619625563848786,6016353
2006-07-14,40.50041580200195,41.6777548210467,40.406230097692735,41.6777548210467,9057948
2006-07-17,39.79401397705078,40.97134896656161,39.6056386465783,40.50041260873353,7463740
2006-07-18,39.13469314575195,40.12365651044605,38.239915455936476,39.88819035489685,15191539
2006-07-19,40.02948760986328,40.45332922948522,39.08761471956544,39.08761471956544,8867301
2006-07-20,41.30101013183594,41.91322314551164,41.15972959995589,41.91322314551164,6137973
2006-07-21,40.83007049560547,41.15972635624838,40.50041463496256,40.971351016351505,3266208
2006-07-24,40.877159118652344,40.877159118652344,39.93528649864221,40.17075662199767,3146779
2006-07-25,41.348106384277344,42.10159995588455,41.206825847512626,41.44229209655152,4874659
2006-07-26,39.917354583740234,40.141613011850474,39.11003841468713,39.46883379081316,5488840758
2006-07-27,40.410709381103516,40.410709381103516,39.558550128355435,39.91735733937094,9074822029
2006-07-28,42.1486930847168,42.52543985536373,41.86613202255491,42.38415932428279,6912616
2006-07-31,41.58356857299805,42.85509327972578,41.58356857299805,42.38415689092445,6740595
2006-08-01,41.6777458190918,42.43124310093773,41.6777458190918,42.14868211233372,4518565
2006-08-02,41.48937225341797,42.05449425431223,41.489372253417976,41.67774756595135,4676342
2006-08-03,41.9132194519043,42.14868960875804,41.58356753103931,41.77194286918102,6087572
2006-08-04,41.63066101074219,42.478344180214584,41.44228959755275,42.14869223877975,5258146
2006-08-07,40.877159118652344,41.489371991282496,40.64168899529689,41.253905804632886,5409349
2006-08-08,42.1486930847168,42.1486930847168,40.97135401347336,40.97135401347336,7160238
2006-08-09,43.32602310180664,43.32602310180664,42.05449465109196,42.05449465109196,12339496
2006-08-10,44.03242492675781,44.50336127898244,43.18474579148339,43.32602630348016,14717112
2006-08-11,44.03242492675781,44.50336127898244,43.56149251123938,44.50336127898244,6765795
2006-08-14,44.83302307128906,44.927208779555706,44.07952559503579,44.26790094827579,7437444
2006-08-15,44.4091682434082,44.83300970934729,44.267887754761844,44.83300970934729,2947366
2006-08-16,42.47386169433594,43.14660151718666,42.47386169433594,42.78781403107116,6756646776
2006-08-17,43.655677795410156,45.20976341272249,43.655677795410156,45.20976341272249,5322791
2006-08-18,43.985328674316406,44.26788966379444,43.749862495319945,43.749862495319945,3727487
2006-08-21,42.52543640136719,44.220802636637636,42.101594842549574,43.98533641619665,6574
2006-08-22,44.50336456298828,44.83302042754221,42.85509311363162,42.85509311363162,10956
2006-08-23,44.55046081542969,45.115582923292614,43.79696335937691,44.73883616361953,9891757
2006-08-24,44.03242492675781,44.50336127898244,44.03242492675781,44.45626646274812,3686947
2006-08-25,43.561492919921875,44.314990303209164,43.561492919921875,44.173709789886935,4817684
2006-08-28,42.85508728027344,43.51439498293101,42.52543146059167,43.1376482866561,4162470
2006-08-29,43.796958923339844,43.938239435995776,43.043461543606114,43.09055636006017,4281899
2006-08-30,43.938236236572266,44.55045305907064,43.702770044860245,43.84405054722864,9038226
2006-08-31,43.09056854248047,44.40918834563368,43.09056854248047,44.267907793035384,8160590
2006-09-01,42.6196174621582,43.13764860211872,42.28996557677167,42.760901903088694,14094768
2006-09-04,43.561492919921875,43.938239643212405,42.85509035331074,42.85509035331074,12131318
2006-09-05,44.1737060546875,44.45626312073352,43.467299611101794,43.79695542654767,7515237
2006-09-06,43.514400482177734,44.07952256636186,43.3731199611317,43.891147226065,3207041
2006-09-07,44.220794677734375,44.26788948802896,43.27892602878251,43.326020839077096,6906042
2006-09-08,43.844058990478516,44.032430405441296,43.65568363880904,43.79696416838447,4851650
2006-09-11,43.796958923339844,44.36208097396358,42.85509015120235,43.796958923339844,6984930
2006-09-12,43.184749603271484,44.22080415822642,43.090559962489,44.22080415822642,7628092
2006-09-13,43.420204162597656,43.70276513559351,43.18473799733628,43.655670327859035,3976206
2006-09-14,42.76090621948242,43.56149451199938,42.38415554571625,43.13765295654222,4983131
2006-09-15,43.70276641845703,43.70276641845703,42.713802983941235,42.76089779305814,3466717
2006-09-18,45.586524963378906,45.963275738888676,44.079533671462166,44.31500389033263,14394983
2006-09-19,46.10454177856445,46.9522248514898,45.77488593796919,46.057446962277645,14140786
2006-09-20,46.43419647216797,46.76385233256858,45.82198350718939,46.01035491024136,9966263
2006-09-21,46.62255859375,47.564431088801015,46.57546772469117,46.62255859374999,10125136
2006-09-22,46.05746078491211,47.32898577590662,45.91618023035716,46.85805321852839,6587200
2006-09-25,45.633602142333984,46.48128515426588,45.20976063636803,45.68069695523217,5750104
2006-09-26,45.44523620605469,46.10454797586891,45.30395961161648,45.7748920909618,2987906
2006-09-27,45.303958892822266,45.96326671546916,45.162678363918886,45.96326671546916,4130696
2006-09-28,44.88010787963867,45.68069606303598,44.69173256843102,45.398135064577424,7509759
2006-09-29,44.73883056640625,45.16267209427722,44.644640935741954,44.880111075696576,4117548
2006-10-02,44.6446418762207,45.06848341302027,44.26789515574538,45.06848341302027,3693521
2006-10-03,44.26789855957031,44.785925832144045,44.173712856385954,44.59755048906882,4041946
2006-10-04,44.26789855957031,44.785925832144045,44.26789855957031,44.64464530901425,6864406
2006-10-05,44.55046081542969,45.58651538870731,44.07952441330838,45.20976862903423,17128693
2006-10-09,44.55046081542969,44.55046081542969,44.55046081542969,44.55046081542969,0
2006-10-11,45.35104751586914,45.35104751586913,44.26789816053974,44.3620838628751,8466283
2006-10-12,44.78593063354492,45.49233332492575,44.73883974525748,45.49233332492575,5887063
2006-10-13,45.11558151245117,45.398142557546464,45.11558151245117,45.20976721524744,3810759
2006-10-16,45.77488708496094,45.821981902427815,44.83301829256755,44.97429880826187,13517347
2006-10-17,45.16267776489258,45.82198557879458,45.16267776489258,45.82198557879458,4818780
2006-10-18,44.78593063354492,45.445238499931385,44.64465009526875,45.02139688510289,4986418
2006-10-19,45.44523620605469,45.49233102867191,44.833023195564415,44.833023195564415,4541574
2006-10-20,45.633602142333984,45.63360214233398,45.39813595125487,45.63360214233398,4071529
2006-10-23,45.16267776489258,45.68070505176511,45.11558294364722,45.68070505176511,1865935
2006-10-24,45.49232864379883,45.72779880783402,45.35104812006033,45.44523382365049,5598901
2006-10-25,45.49232864379883,45.72779880783402,45.39814294020867,45.44523382365049,3791036
2006-10-26,43.72968292236328,43.86423954790591,43.50542844096961,43.59511842340781,10871839271
2006-10-27,45.209774017333984,46.66967428221276,45.162683127203984,46.15164693383317,14260215
2006-10-30,43.985328674316406,44.974292137489535,43.749862495319945,44.974292137489535,9816156
2006-10-31,44.26789855957031,44.26789855957031,43.7969621702355,43.985337513310725,4290664
2006-11-01,44.78593063354492,45.30396189836215,44.36208901871642,44.50336955699258,5949517
2006-11-02,44.974300384521484,45.30395624493079,44.88011468299301,45.06848608604995,2824651
2006-11-03,44.927207946777344,45.02139365329814,44.55046118398751,44.97430276839107,6869884
2006-11-06,44.78593063354492,44.927211171821085,44.36208901871642,44.45627473199822,3394402
2006-11-07,44.73883056640625,45.303952603567545,44.73883056640625,45.20976297290325,3027351
2006-11-08,43.985328674316406,45.068477821746974,43.65567287435679,44.738825958493074,9262839
2006-11-09,42.85508728027344,44.07951699569635,42.61961715048391,43.98533130580411,12048046
2006-11-10,42.90217971801758,43.09055504136273,42.71380833137853,42.76090314639134,6877554
2006-11-13,44.079532623291016,44.17372228328243,43.18475841032398,43.23184930361234,7181056
2006-11-14,44.31499481201172,44.597551930698536,44.126619462847195,44.503366224469595,4361883
2006-11-15,44.4091682434082,44.64463441225029,44.173702074566116,44.314982563212475,3485343
2006-11-16,44.974300384521484,45.20976660669588,44.409178301937786,44.64464452411218,8263583
2006-11-17,45.209774017333984,45.25686884417107,44.50337129831314,44.97430775656274,6267263
2006-11-20,45.680702209472656,46.010354127559125,44.785924281724306,45.398141172994904,9509366
2006-11-21,46.19873046875,46.622572032683486,45.68070320284456,46.15163958611725,13188644
2006-11-22,45.82197952270508,46.85803789622547,45.82197952270508,46.57547687951137,6199331
2006-11-23,45.91617202758789,46.29292273023409,45.82198632027968,45.91617202758789,3886360
2006-11-24,45.021392822265625,46.15164096318562,44.88011623344552,45.91617079617011,5165013
2006-11-27,46.62255859375,46.71674820527829,45.256848593642935,45.77487571022727,10895396
2006-11-28,46.48128128051758,46.858031878892874,46.15162942782118,46.62256177073191,8825665
2006-11-29,47.093505859375,47.328972069875284,46.15163708066762,46.62256950166819,11637168
2006-11-30,46.81093978881836,47.56443709262842,46.52837879197782,47.32896697079075,6082094
2006-12-01,47.328975677490234,48.03537829954233,47.0464146286694,47.093509449041726,8974677
2006-12-04,47.7999153137207,48.03538155814266,46.999322996613785,48.03538155814266,4445155
2006-12-05,48.74177932739258,48.97724554813968,47.09350790875004,48.03537672844486,10990720
2006-12-06,49.21270751953125,49.44817370111081,48.035368738221926,48.74177121966637,4991897
2006-12-07,48.74177932739258,49.2127157055932,47.09350790875004,49.2127157055932,7896532
2006-12-08,48.74177932739258,48.97724554813968,47.32897412949714,48.97724554813968,5672311
2006-12-11,47.046417236328125,48.27085114022325,46.99932241334546,48.27085114022325,4761805
2006-12-12,46.62255859375,47.79989724421112,46.151626282929804,47.09349484127551,5228563
2006-12-13,46.62255859375,47.3289609966856,46.151626282929804,47.09349484127551,4754135
2006-12-14,47.7999153137207,47.7999153137207,46.38710997377533,46.95223210975348,5366618
2006-12-15,48.74177932739258,48.97724554813968,47.79991050769776,48.50631310664548,8957146
2006-12-18,49.683658599853516,49.68365859985351,48.97725197155347,49.212722159889125,9783285
2006-12-19,49.919124603271484,50.15459085372941,49.448188165648716,49.68365835281355,5333747
2006-12-20,49.683658599853516,50.15459110311097,49.212722159889125,49.68365859985351,3474386
2006-12-21,49.44818115234375,49.68365130611153,48.270846130330284,48.270846130330284,2298727
2006-12-22,50.15458679199219,50.15458679199219,49.21271792973022,49.919120560603346,2040147
2006-12-25,48.97724151611328,50.15458039633779,48.97724151611328,50.15458039633779,1975502
2006-12-26,49.44818115234375,49.91911752317296,48.97724478151456,48.97724478151456,3522596
2006-12-27,49.683658599853516,50.15459110311097,49.448188411517854,49.448188411517854,2053295
2006-12-28,50.62552261352539,50.8609888422261,49.91911999071669,49.91911999071669,4055094
2006-12-29,49.44818115234375,51.33192269895421,49.44818115234376,50.62552011106358,4998471
2007-01-02,50.62552261352539,50.8609888422261,49.91911999071669,50.62552261352538,3201563
2007-01-03,49.44818115234375,50.3900499572958,48.506312347391706,50.15458374023438,5940752
2007-01-04,50.62552261352539,50.62552261352538,49.44818359660871,49.44818359660871,3591623
2007-01-05,50.15458679199219,50.86098942286532,49.919120560603346,50.625523191476475,3588336
2007-01-08,49.919124603271484,50.15459085372941,49.68365835281355,49.919124603271484,5530969
2007-01-09,49.683658599853516,50.390057354739696,49.68365859985351,49.91912485148224,3208137
2007-01-10,49.683658599853516,49.91912485148224,49.212722159889125,49.68365859985351,6488589
2007-01-11,49.683658599853516,50.390057354739696,49.68365859985351,50.390057354739696,2962706
2007-01-12,52.980201721191406,52.9802017211914,50.15459096272786,50.15459096272786,15624331
2007-01-15,55.334877014160156,56.04127966594342,53.92207171059363,54.393004187311334,10939223
2007-01-16,52.27379608154297,56.51221198004645,52.038329843861675,55.80580933029587,12038185
2007-01-17,52.744728088378906,52.98019430639409,51.09645668885988,51.8028592796118,8316176
2007-01-18,52.744728088378906,52.744728088378906,52.27379171564217,52.50926187036372,4020033
2007-01-19,52.27379608154297,52.98019873129355,51.56739343179239,52.27379608154297,2989002
2007-01-22,52.27379608154297,53.21566890568154,51.80286360618038,52.744732493612254,5165013
2007-01-23,52.27379608154297,52.744732493612254,52.038329843861675,52.27379608154297,4184384
2007-01-24,54.15753173828125,54.628468097699674,52.509260385376145,52.74472659673223,8706236
2007-01-25,52.980201721191406,55.33487997771563,52.9802017211914,54.39300710042317,3575188
2007-01-26,52.27379608154297,53.45113514336283,52.27379608154297,52.98019873129355,3273878
2007-01-29,49.919124603271484,52.50926910513634,49.919124603271484,52.03833266751357,5028054
2007-01-30,48.214805603027344,48.66327521325278,47.99054717767532,47.99054717767532,3972535
2007-01-31,48.214805603027344,48.66327521325278,47.3177679649127,48.439016787900755,4276256
2007-02-01,50.39004898071289,51.80285806581959,50.3900489807129,50.86098534241513,3666129
2007-02-02,49.44818115234375,50.860986328125,48.506312347391706,50.3900499572958,10514101
2007-02-05,48.97724151611328,50.15458039633779,48.50630911338835,48.97724151611328,5756678
2007-02-06,50.15458679199219,50.15458679199219,48.97724776163478,48.97724776163478,5443315
2007-02-07,49.919124603271484,51.567396229890804,49.919124603271484,50.86099354181011,8891405
2007-02-08,49.919124603271484,50.86099354181011,48.74178547756802,49.919124603271484,4601836
2007-02-09,49.919124603271484,49.919124603271484,49.448188165648716,49.919124603271484,2775345
2007-02-12,48.97724151611328,49.91911419497533,48.74177531475081,49.4481778555443,2541966
2007-02-13,48.50631332397461,49.44818214788941,48.50631332397462,48.97724576757879,3456855
2007-02-14,48.50631332397461,48.97724576757879,47.328974341551294,48.74177954577671,5996631
2007-02-26,48.97724151611328,50.39004659770026,48.97724151611328,49.4481778555443,15650627
2007-02-27,50.39004898071289,50.3900489807129,48.977243832312475,48.977243832312475,5054350
2007-03-01,47.7999153137207,50.39005581248268,47.7999153137207,50.15458956806072,12168571
2007-03-02,45.29947280883789,45.747981777994596,44.85096383968118,45.075222260966015,7157006572
2007-03-05,46.34001159667969,47.56444542187597,46.057450550358475,47.56444542187597,9378981
2007-03-06,46.29291915893555,46.622571077436405,46.05744900377051,46.387104858977736,7434157
2007-03-07,46.010353088378906,46.6225699658221,45.91616739058237,46.387103752977616,9478687
2007-03-08,45.86908721923828,46.010363830564245,44.92721427454573,46.010363830564245,9675909
2007-03-09,46.387107849121094,46.81094943169162,45.869080560437105,45.869080560437105,6718681
2007-03-12,47.093505859375,47.56444221708181,46.434194171244215,46.434194171244215,9405277
2007-03-13,47.56443405151367,48.506302668526864,46.99930815725908,47.56443405151367,10332219
2007-03-14,46.48128128051758,46.858031878892874,46.38709559927655,46.858031878892874,8967007
2007-03-15,46.62255859375,47.3289609966856,46.528372918927026,46.85802868586541,5037915
2007-03-16,46.8580436706543,46.95222937559703,46.43419815664556,46.622573503237604,6485302
2007-03-19,47.328975677490234,47.799912071093814,47.0464146286694,47.093509449041726,8954955
2007-03-20,49.683658599853516,50.62552754307535,48.03538302833163,48.03538302833163,19025307
2007-03-21,49.21270751953125,50.154576182555246,49.21270751953125,50.154576182555246,13670742
2007-03-22,49.919124603271484,50.39005710418734,49.68365835281355,49.919124603271484,9675909
2007-03-23,49.683658599853516,50.15459110311097,49.448188411517854,49.91912485148224,5037915
2007-03-26,50.15458679199219,50.15458679199219,49.44818416111906,49.919120560603346,4023320
2007-03-27,49.919124603271484,50.86099354181011,49.68365835281355,49.919124603271484,6330812
2007-03-28,49.683658599853516,50.15459110311097,49.448188411517854,49.68365859985351,3503969
2007-03-29,50.39004898071289,50.3900489807129,49.21271398151673,49.448180194014704,4538287
2007-03-30,50.39004898071289,50.3900489807129,49.683650343218964,49.91911655571694,2834512
2007-04-02,49.683658599853516,50.390057354739696,49.448188411517854,50.390057354739696,3697904
2007-04-03,48.74177932739258,48.97724554813968,48.03537672844486,48.74177932739258,12578353
2007-04-04,48.97724151611328,49.68364799361286,48.50630911338835,48.97724151611328,7015609
2007-04-09,48.97724151611328,49.68364799361286,48.74177531475081,49.21271165418184,3902795
2007-04-10,48.270835876464844,49.448170648384604,48.035365772716474,48.97723437759339,4392562
2007-04-11,49.683658599853516,49.91912485148224,48.50631946829601,48.50631946829601,5105847
2007-04-12,50.15458679199219,50.390053023381036,49.44818416111906,49.919120560603346,5930891
2007-04-13,49.21270751953125,50.39004236413481,48.97723740124593,49.68364381939613,2846564
2007-04-16,49.44818115234375,49.91911752317296,48.97724478151456,49.44818115234376,4241359
2007-04-17,48.97724151611328,49.91911419497533,48.50630911338835,49.21271165418184,3949909
2007-04-18,49.21270751953125,49.91911000097569,48.50630503808681,48.50630503808681,4219446
2007-04-19,48.270835876464844,49.448170648384604,48.035365772716474,48.97723437759339,3866638
2007-04-20,48.03538131713867,48.741783983567174,47.79991507389809,48.27085149708603,3976206
2007-04-23,48.97724151611328,49.4481778555443,48.27084291202588,48.50630911338835,4206297
2007-04-24,49.21270751953125,49.21270751953125,48.50630503808681,48.50630503808681,4908625
2007-04-25,48.74177932739258,49.2127157055932,48.27084688589837,48.50631310664548,6372448
2007-04-26,49.44818115234375,49.44818115234376,48.506312347391706,48.97724478151456,9863270
2007-04-27,49.44818115234375,49.44818115234376,48.97724478151456,49.44818115234376,5688746
2007-04-30,49.21270751953125,49.68364381939613,48.50630503808681,49.44817370111081,4664290
2007-05-02,47.542022705078125,47.990543457721955,46.869251417878004,46.869251417878004,7125944
2007-05-03,53.215660095214844,53.215660095214844,50.390046027318846,50.390046027318846,29045259
2007-05-04,54.62846374511719,54.62846374511719,52.74472239423889,54.157527423221126,24950720
2007-05-07,53.922061920166016,54.628464443690405,53.45112559224775,54.628464443690405,8035683
2007-05-08,53.215660095214844,54.15752882670948,52.27378742701416,54.15752882670948,6365874
2007-05-09,52.5092658996582,53.21566854461587,52.5092658996582,52.74473213574187,4876851
2007-05-10,52.980201721191406,54.15754084945352,52.74473547022175,52.9802017211914,9733980
2007-05-11,52.744728088378906,53.45113067913083,52.50926187036372,52.98019430639409,5309643
2007-05-14,52.980201721191406,53.686604410807284,52.9802017211914,53.686604410807284,2956132
2007-05-15,52.744728088378906,53.215664461115644,52.50926187036372,52.744728088378906,2680022
2007-05-16,52.744728088378906,52.98019430639409,52.50926187036372,52.98019430639409,2603324
2007-05-17,52.744728088378906,53.68659689714601,52.50926187036372,53.45113067913083,4920678
2007-05-18,53.68658447265625,53.68658447265626,52.74471588186235,52.74471588186235,5129952
2007-05-21,53.922061920166016,54.157528115772145,53.45112559224775,53.92206192016601,3596006
2007-05-22,54.39299774169922,55.334870456935406,54.15753153124329,54.39299774169922,8805943
2007-05-23,54.39299774169922,54.62846788886139,53.68659517362521,54.62846788886139,6002109
2007-05-24,52.744728088378906,54.15753326988275,52.744728088378906,53.922067051867565,6987122
2007-05-25,52.744728088378906,52.744728088378906,52.27379171564217,52.50926187036372,5213223
2007-05-28,53.451133728027344,53.68659995947372,52.509264865535265,52.509264865535265,6122634
2007-05-29,52.27379608154297,53.45113514336283,52.038329843861675,52.744732493612254,4408997
2007-05-30,50.39004898071289,52.27379049081555,49.448180194014704,52.03832427831757,13334369
2007-05-31,50.86098861694336,52.273793856302895,50.86098861694336,51.09645878130763,10300444
2007-06-01,54.39299774169922,54.39299774169922,52.27379003747718,52.27379003747718,17719262
2007-06-04,54.86392593383789,55.09939210924904,54.1575234708988,54.86392593383789,6886319
2007-06-05,53.451133728027344,54.62847275867239,53.21566749658097,54.15753635907305,4509799
2007-06-06,54.15753173828125,54.628468097699674,52.98019280808831,53.21566295615065,9329676
2007-06-07,53.922061920166016,54.392994311378274,53.21565939664162,53.686591787853885,3556562
2007-06-08,54.15753173828125,54.39299794963733,53.451129167506735,53.68659537886282,3720913
2007-06-11,54.15753173828125,54.628468097699674,53.68659537886282,54.628468097699674,4688395
2007-06-12,54.62846374511719,55.099396130307305,53.92206123062607,54.157527423221126,5628484
2007-06-13,53.68658447265625,54.863923163677725,53.68658447265626,54.62845700015561,3266208
2007-06-14,55.805809020996094,56.51221166683149,54.15753749294907,54.39300372932531,11624020
2007-06-15,58.39595413208008,58.39595413208008,56.04127992738644,56.51221240630113,13167827
2007-06-20,62.398887634277344,62.398887634277344,59.10234145359948,59.10234145359948,25620178
2007-06-21,62.86982727050781,62.86982727050781,60.5151534040725,62.39889485924445,17329202
2007-06-22,60.04422378540039,63.57623694924747,58.63141851986156,63.1053044852056,11779606
2007-06-25,60.27968978881836,61.45702480427614,60.27968978881836,60.75062222031894,6139069
2007-06-26,58.86689376831055,61.45703435416818,58.631423579263895,60.98610184948876,8534215
2007-06-27,59.33782958984375,60.04423232305617,58.63142685663132,59.573299792052666,5470707
2007-06-28,60.27968978881836,60.27968978881836,59.337817052404546,60.04421963636174,4040850
2007-06-29,58.08197784423828,58.30623626326221,56.960729052889484,57.63350430996126,7698872
2007-07-02,61.2215576171875,61.2215576171875,59.8087524716886,60.986091405173106,3392211
2007-07-03,60.51516342163086,61.221566092168544,60.51516342163086,61.221566092168544,4095634
2007-07-04,60.51516342163086,61.221566092168544,60.279697177020566,60.98609984755825,6090859
2007-07-05,60.27968978881836,61.221558588525845,59.337817052404546,60.98609237277556,11423511
2007-07-06,60.7506217956543,61.221558160569224,59.80875300253076,60.27968936744568,8499154
2007-07-09,60.51516342163086,61.221566092168544,60.04422699570346,60.750629666241146,9281466
2007-07-10,57.409244537353516,58.08197647479292,56.73646535943796,58.08197647479292,9704123
2007-07-11,58.160484313964844,60.04422198712928,57.45408170235156,59.808755762160345,10550258
2007-07-12,59.573299407958984,60.0442319359262,58.39596021462668,58.86689667930103,11505687
2007-07-13,60.27968978881836,61.221558588525845,59.57328720486117,61.221558588525845,18866434
2007-07-16,59.346946716308594,60.62597574036697,58.83533510668524,60.62597574036697,16411130
2007-07-17,58.57953643798828,59.09114810993578,57.300507258119545,59.09114810993578,15658766
2007-07-18,60.114376068115234,60.88179363494224,58.32373507885223,58.57954093446123,8346959
2007-07-19,59.858558654785156,60.62597607343624,58.83533542991703,58.83533542991703,8190434
2007-07-20,61.13759231567383,61.13759231567382,60.11436901331945,61.13759231567382,7938950
2007-07-23,63.439842224121094,64.46306548580047,60.881784069922666,61.393395700762355,15538764
2007-07-24,64.46305847167969,64.46305847167969,63.18402953374953,63.951446896507626,9837078
2007-07-25,65.48628997802734,65.48628997802734,63.69564923644066,63.95145505666733,7324329
2007-07-26,63.439842224121094,66.25370619373938,63.439842224121094,66.25370619373938,7116672
2007-07-27,60.6259880065918,62.16082314599918,59.091152867184405,61.393405576295486,10937971
2007-07-30,63.439842224121094,63.439842224121094,60.625978254502826,60.881784069922666,12776618
2007-07-31,66.25370788574219,67.53273699550554,64.97467877597882,66.50951370769485,25354972
2007-08-01,61.649208068847656,65.23048986537822,61.649208068847656,64.46307233755024,12758879
2007-08-02,63.439842224121094,63.439842224121094,59.60275499282345,62.672424777861565,8679836
2007-08-03,62.416622161865234,64.97468044718758,62.416622161865234,64.97468044718758,5230023
2007-08-06,61.393402099609375,62.16081962585449,60.625984573364256,60.88179041544596,4063390
2007-08-07,60.6259880065918,62.41662900256708,60.6259880065918,62.16082314599918,7453723
2007-08-08,62.928253173828125,62.928253173828125,61.393417730564025,61.90502954498539,3702339
2007-08-09,62.928253173828125,64.46308861709223,62.928253173828125,63.95147680267086,6942408
2007-08-10,60.88179016113281,61.90501352518547,60.62598432011965,60.88179016113281,4881494
2007-08-13,61.393402099609375,62.41662546793619,60.88179041544596,61.649207941691074,3161806
2007-08-14,62.928253173828125,64.46308861709223,60.88180591614265,61.90502954498539,7536159
2007-08-15,59.858558654785156,61.90500510452139,59.34694704235109,61.393393492087334,5540987
2007-08-16,57.55630111694336,60.11435894436306,57.300495334201386,58.323718465169264,10148041
2007-08-17,58.32373046875,59.09114797491777,56.02147795024671,57.55631296258224,9038800
2007-08-20,60.114376068115234,60.88179363494224,59.60276435689723,60.88179363494224,7243979
2007-08-21,60.114376068115234,61.905017057378245,60.114376068115234,61.13759949055124,7368156
2007-08-22,61.393402099609375,61.39340209960937,60.37017873128255,60.88179041544596,4143740
2007-08-23,61.393402099609375,63.43984883626302,60.88179041544596,62.928237152099605,7623813
2007-08-24,59.346946716308594,61.64919895961366,59.346946716308594,61.39339315480199,5659946
2007-08-27,58.83535385131836,60.88180094179899,58.83535385131836,60.370189169178836,3320418
2007-08-28,59.346946716308594,60.37016993555529,58.83533510668524,58.83533510668524,5339591
2007-08-29,58.57953643798828,58.835342273962034,57.55631309409329,57.55631309409329,4920104
2007-08-30,60.370174407958984,60.88178605548406,59.0911452891463,59.34695111290883,8024518
2007-08-31,62.928253173828125,62.928253173828125,60.37019410172129,60.88180591614265,8358438
2007-09-03,63.184043884277344,63.439849729962674,62.41662634722134,62.928238038592006,6508311
2007-09-04,63.695648193359375,64.71887145750972,63.43984237732178,63.695648193359375,10334827
2007-09-05,62.928253173828125,64.20728270988154,62.67244726661744,63.95147680267086,3099196
2007-09-06,63.439842224121094,63.69564803954094,62.160813147021884,62.160813147021884,5230023
2007-09-07,63.695648193359375,63.95145400939696,62.92823074524661,63.95145400939696,4264786
2007-09-10,62.67243194580078,63.439849479831004,62.67243194580079,63.439849479831004,6767100
2007-09-11,63.951454162597656,64.46306579589844,62.9282308959961,63.18403671264649,4189654
2007-09-12,63.951454162597656,63.95145416259766,62.9282308959961,63.43984252929688,3962170
2007-09-13,63.184043884277344,64.20726726701868,62.672432192906676,63.95146142133334,3213981
2007-09-14,63.695648193359375,64.20725982543455,63.184036561284195,63.695648193359375,3636598
2007-09-17,62.928253173828125,63.95147680267086,62.928253173828125,63.95147680267086,2139175
2007-09-18,62.928253173828125,62.928253173828125,62.928253173828125,62.928253173828125,0
2007-09-19,64.46305847167969,64.71886425926571,63.69564110892159,63.951446896507626,10013429
2007-09-20,64.97467041015625,64.97467041015625,63.69564146507443,64.46305883212352,7927472
2007-09-21,64.97467041015625,65.23047619917261,64.71886462113989,64.97467041015625,3076239
2007-09-26,64.20726776123047,64.97468530419339,63.43985021826756,63.43985021826756,3891212
2007-09-27,65.2304916381836,65.2304916381836,64.46307408949907,64.71887993906059,5650554
2007-09-28,64.71887969970703,65.48629724555336,64.71887969970703,65.23049139693792,3084587
2007-10-01,63.695648193359375,64.71887145750972,63.695648193359375,64.46306564147214,6847449
2007-10-02,64.46305847167969,65.23047583443778,64.20725268409366,64.97467004685174,7222066
2007-10-03,66.25370788574219,66.50951370769485,64.46306713207348,64.97467877597882,7311807
2007-10-04,67.27693939208984,67.53274524529171,65.4862984196768,66.50952183248425,7993213
2007-10-05,64.97467041015625,67.27692251130351,64.46305883212352,66.50950514425443,4505834
2007-10-08,66.25370788574219,66.25370788574219,64.46306713207348,64.97467877597882,2880061
2007-10-09,64.97467041015625,65.9978935662217,64.71886462113989,65.9978935662217,4549661
2007-10-11,66.50951385498047,66.50951385498047,65.48629056490384,65.742096387423,4700969
2007-10-12,66.25370788574219,67.27693117355288,64.97467877597882,64.97467877597882,6034562
2007-10-15,65.48628997802734,67.27693071961403,64.46306669712067,67.27693071961403,5124630
2007-10-16,65.9979019165039,66.5095135592675,64.71887280959491,64.71887280959491,4334700
2007-10-17,64.46305847167969,65.99789319719586,64.46305847167969,64.97467004685174,4037303
2007-10-18,64.71887969970703,65.48629724555336,64.20726800247614,64.71887969970703,2739188
2007-10-19,65.2304916381836,66.25371503642961,64.71887993906059,65.2304916381836,7236675
2007-10-22,64.46305847167969,64.71886425926571,63.439835321335565,63.439835321335565,4991062
2007-10-23,66.76532745361328,67.02113330592597,65.23049233973711,65.23049233973711,6433179
2007-10-24,66.50951385498047,67.27693132253793,65.99790220994215,67.27693132253793,5182022
2007-10-25,66.76532745361328,67.02113330592597,65.48629819204982,66.76532745361328,10574832
2007-10-26,66.25370788574219,67.53273699550554,65.99790206378951,67.0211253516002,3552075
2007-10-29,66.25370788574219,67.27693117355288,66.25370788574219,66.76531952964753,4596619
2007-10-30,66.25370788574219,67.78854281745822,65.99790206378951,67.27693117355288,9849600
2007-10-31,66.50951385498047,67.02112550001878,65.99790220994215,66.76531967749962,5570205
2007-11-01,66.25370788574219,67.53273699550554,66.25370788574219,67.53273699550554,4417137
2007-11-02,65.2304916381836,66.25371503642961,65.2304916381836,65.7421033373066,5635945
2007-11-05,64.20726776123047,64.71887945653909,63.95146191357617,64.71887945653909,4194871
2007-11-06,64.71887969970703,65.48629724555336,64.20726800247614,64.20726800247614,1776037
2007-11-07,65.48628997802734,66.25370743870735,64.974678337574,65.99790161848068,3855733
2007-11-08,63.695648193359375,64.46306564147214,63.43984237732178,63.95145400939696,3607380
2007-11-09,63.439842224121094,64.71887130122032,62.92823059328141,64.46306548580047,4363918
2007-11-12,59.09114456176758,61.13759112667727,59.09114456176757,61.13759112667727,4847059
2007-11-13,58.83535385131836,59.602771510248594,56.53310087452764,56.53310087452764,6460310
2007-11-14,60.114376068115234,61.13759949055124,59.85857021250624,60.37018192372424,3826515
2007-11-15,61.13759231567383,61.13759231567382,60.37017483890804,61.13759231567382,3898517
2007-11-16,61.90501403808594,61.90501403808593,60.370178979290415,61.39340235182076,4274177
2007-11-19,59.346946716308594,62.160810569237015,59.346946716308594,60.88178154517864,3848429
2007-11-20,56.277286529541016,57.30050992098722,55.254063138094814,57.30050992098722,11951209
2007-11-21,56.277286529541016,57.30050992098722,55.254063138094814,55.254063138094814,9527158
2007-11-22,57.300498962402344,57.55630476134164,53.9750235761915,53.9750235761915,6520833
2007-11-23,56.78889846801758,57.30051016592765,56.02148092115248,56.277286770107516,3291200
2007-11-26,58.06793212890625,58.323737997315526,56.78890278685986,57.04470865526913,3737818
2007-11-27,54.2308349609375,56.02147573794959,54.2308349609375,55.76566991266215,10617616
2007-11-28,51.16116714477539,54.742448844909674,51.1611671447754,54.23083717346192,10156389
2007-11-29,54.2308349609375,54.2308349609375,52.18438835863797,52.69600000921285,8063127
2007-11-30,56.78889846801758,57.55631601488268,55.25406337428738,55.50986922324241,9843339
2007-12-03,56.78889846801758,57.81212186383772,56.02148092115248,56.277286770107516,3375723
2007-12-04,55.254066467285156,56.02148405710856,54.230843014187286,55.76567819383409,9762989
2007-12-05,55.50987243652344,55.76567830028622,54.742454845235095,54.742454845235095,5440811
2007-12-06,55.254066467285156,56.5330957836575,54.230843014187286,56.277289920383026,8002604
2007-12-07,56.78889846801758,57.55631601488268,55.50986922324241,55.50986922324241,5318721
2007-12-10,57.300498962402344,57.812110560280935,56.27727576664516,56.78888736452375,6472832
2007-12-11,57.81211853027344,57.81211853027344,56.53308935924969,57.81211853027344,4417137
2007-12-12,53.975032806396484,57.81212044666164,53.975032806396484,57.81212044666164,11348066
2007-12-13,53.7192268371582,55.25406188964843,53.719226837158196,53.719226837158196,8128868
2007-12-14,51.9285888671875,53.71922986260776,50.189109857681416,53.71922986260776,7641553
2007-12-17,48.60310363769531,50.905355915270356,48.29613585273568,49.88213268079256,13930730
2007-12-18,51.16116714477539,51.92858465194703,48.398464933573905,48.398464933573905,15057710
2007-12-19,54.74245071411133,54.74245071411133,51.928586425068225,52.95180980290208,6879798
2007-12-20,52.4401969909668,54.74244954178973,51.928585313006145,54.23083786382908,4880451
2007-12-21,53.20760726928711,54.99824789854196,52.44018985674931,52.44018985674931,6124303
2007-12-24,54.99825668334961,55.509868373427274,54.48664499327194,54.74245083831077,4860624
2007-12-25,53.975032806396484,55.2540620198182,53.975032806396484,54.998256177133854,832713
2007-12-26,54.74245071411133,55.25406240302826,53.71922733627747,53.975033180735934,1993085
2007-12-27,56.02146911621094,56.27727491126213,54.74244014095498,54.74244014095498,2717275
2007-12-28,56.277286529541016,56.277286529541016,54.99825729023327,54.99825729023327,2375006
2007-12-31,56.78889846801758,56.78889846801758,55.765675072197446,56.53309261906255,1256374
2008-01-02,54.48664093017578,56.277281711918654,54.48664093017579,56.277281711918654,3534335
2008-01-03,52.69601058959961,54.230845849490855,52.69601058959961,53.97503997284232,4326352
2008-01-04,51.416969299316406,52.440192568954544,50.80303778138249,51.672775116725944,9016886
2008-01-07,47.989173889160156,49.98445845446616,47.835687954547936,49.67749065832332,13522721
2008-01-08,50.342586517333984,50.34258651733398,48.04033404788503,48.091496028489146,8182086
2008-01-09,47.733367919921875,47.9380117590079,46.863626512454246,46.863626512454246,14797879
2008-01-10,46.04505157470703,47.73337257629549,45.789245732625325,47.57988662719726,20149992
2008-01-11,45.584590911865234,47.017101653814606,45.07297935072888,46.30084628283992,10401611
2008-01-14,45.431114196777344,46.65898126737533,44.56137281551797,46.454337434455915,12980101
2008-01-15,45.63576126098633,47.221758206302646,45.021825645676216,45.53343730074072,9376894
2008-01-16,43.38467788696289,44.86835111462268,42.71958018278268,44.612545245264705,8593225
2008-01-17,40.5708122253418,44.25441420049297,40.36616427693146,43.486996613201185,18443869
2008-01-18,41.696353912353516,41.696353912353516,38.62668368567718,39.39410124234627,6989365
2008-01-21,40.212677001953125,41.59403010326992,40.16151502170403,40.92893250619518,10025951
2008-01-22,38.2173957824707,38.37087766389342,37.39881624435788,37.39881624435788,16054253
2008-01-23,40.41731262207031,40.87776220441442,39.649895293803155,40.41731262207031,22255776
2008-01-24,41.08241653442383,41.6963480495872,40.008031291535936,41.44054223333207,13960991
2008-01-25,42.87306594848633,43.33351569656881,41.18474477474067,41.18474477474067,9479157
2008-01-28,40.0591926574707,41.38937962321259,39.905706726213275,39.905706726213275,9068018
2008-01-29,38.882484436035156,40.87776900695221,38.473196755414804,40.826611101685884,8139303
2008-01-30,40.928932189941406,41.594029781877005,38.319711948216295,38.98480954015189,9386286
2008-01-31,41.18474197387695,41.95215952618522,39.394101018491,39.44526300326131,8144520
2008-02-01,41.33822250366211,41.9521540210975,41.18473656949205,41.44054238669387,5797688
2008-02-12,40.62196731567383,41.952158522465986,40.41732345457089,41.338226939157174,7869036
2008-02-13,41.18474197387695,41.6963536754158,40.67313027233811,41.6963536754158,3020933
2008-02-14,43.7939567565918,43.7939567565918,42.156797895883436,42.361445808283186,7557029
2008-02-15,42.668418884277344,43.48699849407646,40.928939759130785,42.46377500009819,7487115
2008-02-18,43.128875732421875,43.9986133193026,42.668421869451315,43.48700153652001,5233154
2008-02-19,43.998600006103516,43.99860000610351,43.28234454155069,43.896280124356856,8009909
2008-02-20,42.71957778930664,43.947445078813985,41.69635436920349,43.947445078813985,11175889
2008-02-21,43.845123291015625,43.84512329101563,42.92421980876257,42.92421980876257,9319502
2008-02-22,43.48698806762695,43.48698806762696,42.719570631139426,42.719570631139426,4258525
2008-02-25,44.714847564697266,45.02181530182588,43.89627236312873,43.89627236312873,15101537
2008-02-26,44.51021194458008,45.12414753166899,43.99860031303318,45.12414753166899,8643313
2008-02-27,46.812461853027344,46.81246185302735,44.766015433222876,44.81717740833426,16069906
2008-02-29,45.686927795410156,46.30085939883827,45.5334418397415,46.04505354580601,8134085
2008-03-03,43.48698806762695,43.99859969195198,42.97537644330193,43.53815004467577,6761882
2008-03-04,44.254417419433594,44.254417419433594,43.48699977632203,43.48699977632203,5041150
2008-03-05,45.431114196777344,45.53343407669631,44.2544050295981,44.510210839017745,6320481
2008-03-06,46.04505157470703,46.14737554077251,45.379958014527396,46.04505157470703,9557420
2008-03-07,44.91950988769531,46.04505318845265,44.510218082170894,45.53344148635873,8003648
2008-03-10,43.43582534790039,44.76601636301778,43.07769966084512,44.45904857905508,10346306
2008-03-11,44.04976272583008,44.51021238415326,43.48698911095434,43.48698911095434,8098606
2008-03-12,45.686927795410156,46.14737751625179,44.9706681484541,45.27763598670924,14112299
2008-03-13,43.845123291015625,45.431120338438646,43.538155463597946,45.02182854418772,9314284
2008-03-14,42.20797348022461,44.100938768570884,41.952167580344465,43.84513286869073,12113996
2008-03-17,40.77545928955078,41.440552954651636,40.059203633346165,41.440552954651636,12537657
2008-03-18,40.5708122253418,41.440549713756425,40.21268238870603,40.928937988895235,6225523
2008-03-19,41.59403610229492,41.69635600446874,40.82661850712065,41.18474427435256,11062147
2008-03-20,41.95215606689453,42.05448002799773,40.7754508796168,41.44054440754216,7695815
2008-03-21,43.43582534790039,43.48698732407441,42.20795828513105,42.463764092919725,6890233
2008-03-24,44.51021194458008,46.45433858830724,43.89628043057275,46.45433858830724,17525589
2008-03-25,44.45905685424805,45.27763640615083,44.1009311005346,45.02183055074885,13807597
2008-03-26,45.02182388305664,45.17530981741603,44.76601806553928,45.02182388305665,9086801
2008-03-27,44.86834716796875,44.91950915195658,44.3055734902667,44.91950915195658,5766383
2008-03-28,45.37995910644531,45.48227900189078,44.407897697761804,44.76602344144409,7546594
2008-03-31,45.942726135253906,45.942726135253906,44.86834091360029,45.43111451285519,9583507
2008-04-01,45.07299041748047,46.249695667777594,45.07299041748047,46.04505180769314,4685316
2008-04-02,45.789249420166016,46.04505528284851,45.53344355748353,46.04505528284851,5842558
2008-04-03,45.84040451049805,46.045048355238315,45.53343670684678,46.045048355238315,5176805
2008-04-07,45.942726135253906,46.147369969597094,45.73807822782921,46.04504601588474,8994973
2008-04-08,46.24970245361328,46.24970245361329,45.84041467339297,46.045058563503126,11700769
2008-04-09,46.09621047973633,46.35201630473699,46.04504850011985,46.04504850011985,3314157
2008-04-10,47.733367919921875,47.784525824882174,46.198533017154254,46.198533017154254,9461418
2008-04-11,48.3473014831543,48.44962544356829,47.73336993991569,48.0403336749941,7128151
2008-04-14,47.068275451660156,47.886854969783705,46.761307623228575,47.682211108523326,8715315
2008-04-15,47.835689544677734,47.835689544677734,47.06827206535136,47.06827206535136,4743752
2008-04-16,47.78452682495117,48.296138469914425,47.68220693980754,48.142656605658125,5503421
2008-04-17,47.57988357543945,48.858912703811484,47.11943390384187,48.55194489838585,6436310
2008-04-18,48.398468017578125,48.60311188458098,48.09150018053276,48.60311188458098,6058563
2008-04-21,48.96123504638672,49.11471690748998,48.55194329497534,48.85891109026347,6705533
2008-04-22,47.78452682495117,49.21704187469729,47.733368918920206,49.21704187469729,4472442
2008-04-23,48.04033279418945,48.55194444071561,46.91478961568094,47.78452697092638,8293741
2008-04-24,48.193824768066406,48.193824768066406,47.375245216484636,48.09150079671285,5896820
2008-04-25,48.14265823364258,48.39846406477449,47.83569042166791,48.24498219532807,6178565
2008-04-28,48.50078582763672,48.50078582763672,47.83568825299739,47.989174188567226,7150064
2008-04-29,46.60782241821289,48.14265737771662,46.60782241821289,48.091495397783476,13821162
2008-04-30,46.812461853027344,47.01710568039152,46.65898000077456,46.710141975885946,6933016
2008-05-02,47.4264030456543,47.682208878536834,47.068273250386014,47.068273250386014,6276654
2008-05-05,47.989173889160156,48.19381772889484,47.06827050073166,48.19381772889484,5495073
2008-05-06,48.296138763427734,48.296138763427734,47.68220722958976,48.19381887766226,2092218
2008-05-07,46.60782241821289,48.44962518423371,46.60782241821289,48.39846320430057,5423071
2008-05-08,46.710140228271484,46.96594602117632,45.789236929965355,46.710140228271484,7778251
2008-05-09,45.84040451049805,47.017109672565894,45.78924253104255,47.017109672565894,4554879
2008-05-12,46.04505157470703,46.403181382854214,45.789245732625325,46.04505157470703,4163566
2008-05-13,47.93800735473633,47.989169328077764,46.249686672956294,46.4031725929806,4996279
2008-05-14,47.57988357543945,48.193819186290725,47.528721595688225,48.09149522678827,4860624
2008-05-15,47.989173889160156,48.39846156862953,47.42640027507857,47.68220609301733,7094759
2008-05-16,46.710140228271484,47.886845246401236,46.658978255074274,47.886845246401236,12188084
2008-05-19,46.76131057739258,46.96595852466371,46.505504716385964,46.60782869002153,3626163
2008-05-20,45.07299041748047,46.812469337821355,45.02182843418885,46.76130735452974,11481634
2008-05-21,45.27762985229492,45.73807951075278,44.97066205562914,45.12414799050285,7691641
2008-05-22,45.02182388305664,45.124147839296235,44.51021224802191,45.02182388305665,6160826
2008-05-23,45.02182388305664,45.328791678693804,44.6125362042615,44.97066190493685,6145173
2008-05-26,45.02182388305664,45.27762970057401,44.714856087419484,45.02182388305665,4595575
2008-05-27,45.07299041748047,45.27763427756492,44.56137873072832,45.02182843418885,4056086
2008-05-28,44.766014099121094,45.27762568882533,44.561370277855644,45.02181989397321,6023084
2008-05-29,45.124149322509766,45.48227503495657,45.124149322509766,45.124149322509766,4233481
2008-05-30,44.40789031982422,45.124145761272054,43.99859858679587,45.02182180974461,7101020
2008-06-02,44.714847564697266,44.714847564697266,44.40788390064948,44.51020376430513,1809429
2008-06-03,44.66370391845703,44.66370391845703,43.99860626364567,44.51021796438573,3731557
2008-06-04,44.51021194458008,44.66369787789309,44.45904996680907,44.51021194458008,1509945
2008-06-05,45.482276916503906,45.53343889842189,43.69163606094799,44.51021555238994,6417527
2008-06-06,45.02182388305664,45.73807935748895,45.02182388305665,45.73807935748895,3124240
2008-06-09,44.254417419433594,44.56138529129475,43.74280565735922,43.84512963900714,2445964
2008-06-10,42.975379943847656,44.40789505249169,42.97537994384765,44.40789505249169,4486008
2008-06-11,43.640480041503906,44.254411631853785,42.975382393938936,42.975382393938936,4145827
2008-06-12,42.975379943847656,43.48699160984584,41.95215661185128,43.077703906280036,5840471
2008-06-13,43.07770538330078,43.58931706684078,42.46376973381998,43.58931706684078,2521096
2008-06-16,44.66370391845703,44.71486183006533,43.94744427895523,43.99860626364567,3856777
2008-06-17,45.27762985229492,45.53343567066947,44.51021239717128,45.021824033920375,8307306
2008-06-18,45.53343963623047,45.78924547688345,44.970665972177514,45.277633795577486,5275937
2008-06-19,43.7939567565918,44.766018048164185,43.74279477849186,44.766018048164185,5014019
2008-06-20,43.2311897277832,43.94744531102352,42.719578015028375,43.89628739821382,3659555
2008-06-23,43.998600006103516,44.30556779750659,42.46376512216967,42.71957093615864,3531205
2008-06-24,43.845123291015625,44.71486071677003,43.742799324182386,44.71486071677003,3458160
2008-06-25,44.30556869506836,44.40789265196949,43.89628101362709,43.94743891899602,7500680
2008-06-26,43.94743728637695,44.56137285881318,43.48698764359053,43.48698764359053,4857494
2008-06-27,42.15679931640625,43.33350856002899,41.44054381811688,41.44054381811688,7828339
2008-06-30,43.2311897277832,43.23118972778321,42.41261017275903,42.41261017275903,6424831
2008-07-01,43.38467788696289,43.48699779085662,42.61726027888895,43.231191921498635,5016106
2008-07-02,42.46377182006836,43.89628704820914,42.46377182006836,43.742801091757165,4021650
2008-07-03,41.696353912353516,42.20796561679957,41.184742207907455,41.491710045191525,7370243
2008-07-04,42.975379943847656,42.97537994384765,41.696350778852185,42.36144838849894,5360461
2008-07-07,43.18002700805664,43.23118899307909,42.51493342201137,42.77073927404142,2148567
2008-07-08,42.20797348022461,43.180035085152596,41.90100558575185,43.180035085152596,5173674
2008-07-09,41.74751281738281,42.71957416949752,41.594030946605386,42.51493031743367,4086347
2008-07-10,42.20797348022461,42.41261738551215,41.38939378599155,41.44055578058416,5890559
2008-07-11,42.924217224121094,43.07770316512894,42.207961718663164,42.46376754726113,4958713
2008-07-14,43.48698806762695,43.589312021724574,42.61725075012333,42.924214466253126,10856578
2008-07-15,40.61918640136719,43.293701645067756,40.61918640136719,43.18226369112057,8590463
2008-07-16,39.72768020629883,41.00922108325564,39.44908530890998,40.67490720638902,4634369
2008-07-17,42.2907600402832,42.45791698831744,40.897785473331204,41.510694282790084,8886121
2008-07-18,42.56935119628906,43.126545322857474,42.12359937420871,42.346475285248886,8190455
2008-07-21,44.29664611816406,44.575241021192845,43.460861409077694,43.460861409077694,3339201
2008-07-22,43.015106201171875,44.073771205914134,42.959387219289034,43.96233324214845,3976554
2008-07-23,43.57229995727539,44.18520875219556,43.460861994562634,44.12948977083918,6913701
2008-07-24,43.96233367919922,44.01805266163599,43.34942487239476,43.73945774945214,5529529
2008-07-25,44.185211181640625,44.51952508816055,43.57230235302076,43.8508972751207,4426692
2008-07-28,44.185211181640625,44.185211181640625,44.185211181640625,44.185211181640625,0
2008-07-29,41.62213134765625,43.73945699258356,41.51069338471104,43.73945699258356,8579210
2008-07-30,43.40514373779297,43.57230068465255,42.34647872538062,42.34647872538062,4565825
2008-07-31,43.96233367919922,44.51952350356691,43.51658181970507,43.73945774945214,6814466
2008-08-01,43.57229995727539,44.18520875219556,43.405143013206256,43.57229995727539,2767322
2008-08-04,45.18815231323242,45.578185199097405,43.460863818687514,44.07377263933248,4404185
2008-08-05,44.90955352783203,45.52246229570265,44.35236373885874,45.411024337907996,5128497
2008-08-06,46.35825729370117,46.80400918224099,45.968220042260214,45.968220042260214,7753617
2008-08-07,46.24680709838867,47.47262893212732,46.246807098388665,46.41396837709802,12012530
2008-08-08,48.41985321044922,48.977042995545844,46.41396998410137,46.41396998410137,10204820
2008-08-11,50.25859069824219,50.42574765654722,48.97704966893499,49.08848764113834,3474242
2008-08-12,48.75416946411133,50.14714834389546,48.47557455794816,50.14714834389546,5877362
2008-08-13,48.4755744934082,48.86560736151736,47.416913851397624,48.75416939920046,5046654
2008-08-14,49.03274917602539,49.03274917602538,47.69549404083024,48.029807824629025,3918241
2008-08-15,46.85971450805664,48.92131639156794,46.85971450805664,48.6427215424448,4787825
2008-08-18,46.135379791259766,47.69551584449266,45.80106585463176,47.08260696067466,4775548
2008-08-19,45.299591064453125,45.57818598774871,44.853839187180185,45.57818598774871,7281995
2008-08-20,45.466739654541016,45.68961555217808,44.07376529430938,44.853830936039095,5757666
2008-08-21,44.90955352783203,45.46674331680532,44.798115570037375,45.29958638011334,3458896
2008-08-22,46.24680709838867,46.41396837709802,44.96527063703741,45.13242756677888,4908544
2008-08-25,46.692562103271484,46.915438004072065,45.9682110767018,46.915438004072065,2783690
2008-08-26,46.0239372253418,46.469693445387755,45.5781853542643,45.689623322033675,3308510
2008-08-27,48.02981948852539,48.02981948852538,46.02393194964204,46.19108888213499,6340799
2008-08-28,48.4755744934082,48.97704532383426,48.14126060645749,48.69845041804201,8334703
2008-08-29,47.52835464477539,48.80989128775543,47.249759722388426,48.75417230327804,3897780
2008-09-01,44.57522964477539,47.13830644746417,44.29663481284912,46.8597116155379,8308104
2008-09-02,44.463802337646484,44.96527315495168,44.29664539854475,44.630959276748214,4667106
2008-09-03,43.73945236206055,44.68667494681615,43.51657645976512,44.575236995668426,3798546
2008-09-04,44.185211181640625,44.185211181640625,42.90367019101241,43.182269462080846,6111638
2008-09-05,44.463802337646484,45.13243009405341,43.46086070303609,43.46086070303609,11530679
2008-09-08,46.19108963012695,46.80400274149422,45.1881480189282,45.68961882452758,19575862
2008-09-09,45.18815231323242,45.96821808496239,44.742400443672445,45.96821808496239,6563822
2008-09-10,45.801055908203125,46.41396900788618,45.466742044176705,46.02393181755408,8198639
2008-09-11,45.0209846496582,46.24680199927182,44.90954670878424,46.24680199927182,6544384
2008-09-12,46.24680709838867,46.74828223658096,45.68961733258377,45.68961733258377,6984291
2008-09-15,44.29664611816406,46.24681043936558,44.07377019574103,46.24681043936558,4679383
2008-09-16,44.686676025390625,45.466741702252605,42.9036644150239,42.9036644150239,9154158
2008-09-17,44.742401123046875,45.96821878294979,43.850897370390214,45.80106182932666,7947994
2008-09-18,44.185211181640625,44.51952508816055,42.346480346812534,43.46086438418079,14913871
2008-09-19,45.68962097167969,46.52540568695578,45.29958810455085,46.24681078186375,9699438
2008-09-22,45.801055908203125,46.191088749567285,45.29958511216349,46.191088749567285,4128987
2008-09-23,45.4110221862793,45.85677399633767,45.13242730499281,45.2438652575074,4009292
2008-09-24,45.299591064453125,45.80106192638518,45.13243411047577,45.80106192638518,3498795
2008-09-25,45.96820068359375,46.91542739680228,45.29957313236429,45.689605870581474,9670793
2008-09-26,45.68962097167969,46.24681078186375,45.02099319945882,46.24681078186375,6213942
2008-09-29,45.68962097167969,45.68962097167969,45.68962097167969,45.68962097167969,0
2008-09-30,45.68962097167969,45.856777914734906,42.51363470466233,42.51363470466233,8402224
2008-10-01,45.68962097167969,46.19109180084534,44.630960332329984,45.968215876771716,4235383
2008-10-02,45.68962097167969,46.4139720738872,44.742398294366794,46.24681078186375,3919264
2008-10-03,46.0239372253418,46.52540808030398,44.85383856376336,44.85383856376336,5227732
2008-10-06,44.463802337646484,45.85677683016092,43.51657968273667,44.9095541752511,7550032
2008-10-07,44.07376480102539,44.46379761752491,43.015099950130455,43.46085608938329,6517785
2008-10-08,41.956443786621094,43.12654670607935,41.956443786621094,42.903666438922635,10597667
2008-10-09,42.346473693847656,43.01510140184082,41.78928393718668,41.78928393718668,9397641
2008-10-13,42.346473693847656,42.625068572178144,41.06493725352742,41.12065622919352,6289647
2008-10-14,45.0209846496582,45.29957950184312,44.0737621522295,45.132422590532165,7444659
2008-10-15,45.0209846496582,45.132422590532165,43.85088627048157,44.01804318179252,5840533
2008-10-16,43.46086120605469,44.018051009509406,43.46086120605468,43.46086120605468,6645665
2008-10-17,41.956443786621094,43.683736501550854,41.956443786621094,43.237984665173656,5492699
2008-10-20,41.45498275756836,41.73357772107601,40.50775988164234,40.50775988164234,3822075
2008-10-21,41.789283752441406,42.01215965412049,40.89778014572508,42.01215965412049,8099404
2008-10-22,41.510684967041016,41.510684967041016,40.34058659339259,41.510684967041016,7308594
2008-10-23,41.510684967041016,41.510684967041016,40.061991742523915,40.061991742523915,4838977
2008-10-24,40.06199645996094,41.84500371547565,40.06199645996094,41.84500371547565,5335151
2008-10-27,37.27604675292969,39.059054174838366,37.27604675292969,37.27604675292969,6802190
2008-10-28,38.4461555480957,39.00334551489906,34.71297842154375,35.158730394986435,6137214
2008-10-29,37.88895797729492,40.39631667367354,36.99745420932691,40.39631667367354,4892175
2008-10-30,40.507747650146484,40.507747650146484,38.44614119373202,39.00333095250138,5296276
2008-10-31,41.789283752441406,42.1793165803798,39.56052473565059,40.95349912114485,4311088
2008-11-03,42.346473693847656,42.346473693847656,41.399251107524,41.78928393718668,3408767
2008-11-04,42.79222869873047,43.0708279468595,41.73356808191909,41.78928706175126,2969883
2008-11-05,41.789283752441406,43.18226248690347,41.232093998243705,43.01510121167636,4456360
2008-11-06,38.89189910888672,40.117721119667735,38.89189910888672,40.117721119667735,4675290
2008-11-07,36.55169677734375,39.00333176713438,36.21738074061562,36.49597780030306,9412987
2008-11-10,34.490089416503906,35.214436099942894,34.04433761131068,34.04433761131068,9156204
2008-11-11,35.66019058227539,36.440256252359106,33.43142717592547,33.98861911475492,8199662
2008-11-12,35.493038177490234,36.21738496347639,34.880127184094654,35.66019512810243,5679915
2008-11-13,34.26721954345703,34.545814470723464,33.43143258717344,34.43437649981689,5407787
2008-11-14,35.10300064086914,35.6601926114038,34.82440574284384,34.82440574284384,6572006
2008-11-17,35.6044807434082,35.6044807434082,34.54581774497153,34.82441269864315,3028197
2008-11-18,35.27016067504883,35.381600818523175,34.657251845603334,35.381600818523175,2851211
2008-11-19,33.65430450439453,35.103000127420195,33.65430450439453,35.103000127420195,3008759
2008-11-20,32.372772216796875,33.65430889620597,31.815582356184226,32.31705323073561,7273811556
2008-11-21,34.044334411621094,34.60152411574462,31.536976394097852,31.536976394097852,6317269530
2008-11-24,34.044334411621094,34.880118967806375,32.70707694724095,32.70707694724095,4241522
2008-11-25,35.27016067504883,35.88307167897858,34.04434301615783,35.04728473706865,5365842
2008-11-26,34.490089416503906,35.66019007962003,34.490089416503906,34.824403270398825,3811845
2008-11-27,35.938785552978516,36.77457237603957,34.6015279407712,34.6015279407712,6386836222
2008-11-28,35.938785552978516,36.60741544632415,35.71590964669129,36.217380435837555,4235383
2008-12-01,35.938785552978516,36.217380435837555,35.15871770648927,35.54875271697586,3045588
2008-12-02,33.43143081665039,34.434374676178095,33.43143081665039,33.988622816158745,8577164
2008-12-03,32.42848205566406,33.43142352186428,32.31704411497515,33.43142352186428,6820605
2008-12-04,32.595645904541016,33.20855470878505,32.428488957929005,33.152835726581046,6149491035
2008-12-05,31.64842414855957,32.818525064531016,31.64842414855957,32.484211138391856,3521302
2008-12-08,33.208553314208984,33.71002413298601,31.759857663257964,31.759857663257964,6940300
2008-12-09,34.601531982421875,35.103002830142714,33.76574723622048,34.490094016261686,8327542
2008-12-10,35.82734298706055,36.050218864652486,34.490085547025274,34.490085547025274,4896267
2008-12-11,36.44026184082031,36.551701985263755,35.66019605110608,35.66019605110608,6010357
2008-12-12,33.988624572753906,35.88307225022888,33.93290558737183,35.3258802219238,5142820
2008-12-15,35.04728317260742,35.93878905921684,34.434374370521304,34.434374370521304,3872204
2008-12-16,35.15871810913086,35.604472101294085,34.10005754214262,34.10005754214262,3254288
2008-12-17,35.66019058227539,36.2173803466209,34.935841714142285,35.66019058227539,4503420
2008-12-18,35.66019058227539,35.938785464448145,35.270155572749594,35.270155572749594,4226176
2008-12-19,35.32587432861328,35.32587432861328,35.32587432861328,35.32587432861328,3755578371
2008-12-22,33.710025787353516,35.66019452727294,33.319992909163304,35.66019452727294,5512137
2008-12-23,33.59859085083008,34.1000639139059,33.26427692510245,33.71002882607262,2478824
2008-12-24,33.59859085083008,33.82146897579954,32.59564907364719,32.59564907364719,1968328
2008-12-25,33.8771858215332,33.93290480563164,33.43143177426148,33.8771858215332,720219
2008-12-26,34.21149826049805,34.21149826049805,33.5428683054768,33.76574640680664,1641978
2008-12-29,34.43437194824219,34.43437194824219,33.98862012353588,34.32293399206561,1619471
2008-12-30,35.6044807434082,35.77163771561118,34.434379763502875,34.434379763502875,3395468
2008-12-31,35.381595611572266,35.938785374523604,35.10299855561267,35.938785374523604,1528421
2009-01-02,35.381595611572266,35.381595611572266,35.381595611572266,35.381595611572266,0
2009-01-05,37.27604675292969,37.27604675292969,36.21738392168726,36.21738392168726,6579167
2009-01-06,37.77751541137695,37.944672347539466,36.71885481568103,37.33176358161025,6300900
2009-01-07,38.223262786865234,38.390419703548424,37.88894895349886,37.88894895349886,5188856
2009-01-08,36.607421875,37.053173765853515,36.38454375508892,36.83029782042676,7036466
2009-01-09,35.214439392089844,36.55169928165582,35.10300143037336,36.55169928165582,3379099
2009-01-12,35.381595611572266,35.54875254045767,34.100056982300266,34.54580879266133,4350987
2009-01-13,35.88306427001953,35.99450221600046,34.545806743764565,35.102996473669215,2808243
2009-01-14,35.15871810913086,36.49597791113657,35.10299913192095,36.49597791113657,3441505
2009-01-15,33.65430450439453,33.988620551618936,33.54286654681441,33.988620551618936,5899869
2009-01-16,33.65430450439453,33.932901572828875,33.31999063165416,33.82146361524875,4983225
2009-01-19,33.710025787353516,33.932903892232105,32.76280308317729,33.48715203144329,4702913
2009-01-20,31.536989212036133,32.92996621299217,31.42555122591842,32.92996621299217,10224257
2009-01-21,29.36393928527832,30.422602074680672,29.363939285278324,30.422602074680672,14964000
2009-02-02,28.24955177307129,29.586809189274835,28.193832804666293,29.586809189274835,11894881
2009-02-03,28.86246681213379,29.141061694816287,28.19383691921185,28.47243180189435,12362410
2009-02-04,30.645479202270508,30.756917166130712,28.918188587953214,29.475378407254226,11741425
2009-02-05,30.422605514526367,31.146952332950384,29.97685145178112,30.645481458656832,12379802
2009-02-06,29.976844787597656,31.20266438228631,29.47537402478659,30.979788487703615,14156821
2009-02-09,29.642541885375977,30.47832897299418,29.475384902749266,30.36689098457637,14050425
2009-02-10,30.534040451049805,30.812635353516377,29.753972549659313,29.86541051064594,9498922
2009-02-11,30.979787826538086,31.09122577145114,29.865406202923726,29.865406202923726,6319315
2009-02-12,29.809696197509766,30.868359167123568,29.75397720829243,30.868359167123568,8842131
2009-02-13,31.64842414855957,31.87130227380339,29.809695380309794,29.809695380309794,11466227
2009-02-16,31.20266342163086,31.982731203137696,31.035506505840196,31.982731203137696,7824206
2009-02-17,30.144004821777344,31.202667604866612,29.92112890417625,31.202667604866612,5850763
2009-02-18,30.924068450927734,30.979787422657857,29.80968684184145,29.80968684184145,5339243
2009-02-19,30.422605514526367,30.8683574027873,30.08828942384635,30.645481458656832,6099362
2009-02-20,29.921127319335938,30.534038234758796,29.809689366437954,30.19972437606484,5895777
2009-02-23,29.976844787597656,30.255441830309852,29.47537402478659,29.58681197207794,4028729
2009-02-24,29.642541885375977,29.80969886800269,29.475384902749266,29.586822891167074,3807753
2009-02-25,30.255443572998047,30.422600503563167,29.75397060681873,30.08828446794897,6946438
2009-02-26,30.645479202270508,30.868355129990913,30.422603274550102,30.645479202270508,5007778
2009-02-27,31.035512924194336,31.258388858007468,30.422604106208226,30.645480040021358,7692234
2009-03-02,29.753971099853516,30.701195896569036,29.698252122075193,30.701195896569036,8612970
2009-03-03,30.032567977905273,30.144005940842845,29.196783255873502,29.363940200279856,3953025
2009-03-04,30.589765548706055,30.58976554870606,29.586821524779413,29.865416482957777,6625204
2009-03-05,30.812631607055664,31.536978265396545,30.645474685900076,30.92406955449272,14195697
2009-03-06,30.924068450927734,31.035506394387983,30.6454735922771,30.868349479197605,5078368
2009-03-09,30.255443572998047,31.314104133243813,29.97684651423889,30.92407129525853,6954623
2009-03-10,30.199729919433594,30.645481812846366,30.088289771596063,30.088289771596063,6638503
2009-03-11,30.701196670532227,31.202667483179003,30.5340397329833,30.812634628898177,10901509
2009-03-12,30.366878509521484,31.03550616534859,30.25544056688364,30.756911308753963,8506574
2009-03-13,31.42555046081543,31.927023560620608,30.36688961847184,30.812641552090195,17328244
2009-03-16,31.258392333984375,31.815584404961953,31.09123536503644,31.59270627188025,11558301
2009-03-17,32.038455963134766,32.26133408073154,31.035514219128657,31.20267117646301,18196805
2009-03-18,32.818519592285156,33.54286631147387,32.2056108298947,32.317048786692965,22076171
2009-03-19,33.152835845947266,33.93290377409609,33.097116863542645,33.431430757970354,16829001
2009-03-20,32.595645904541016,33.54286860200907,32.595645904541016,33.43143063760106,8464629
2009-03-23,34.824405670166016,34.824405670166016,33.04139615204113,33.26427206999623,13398749
2009-03-24,35.771629333496094,35.93878626653036,34.93584249384079,35.82734831117418,14808498
2009-03-25,35.938785552978516,36.27309941240936,35.047279753345656,35.047279753345656,12583387
2009-03-26,35.493038177490234,35.93879004578941,34.99156515116945,35.883071062252014,11517379
2009-03-27,36.21738052368164,36.77457246523511,35.21443676847256,35.660190756612124,18634666
2009-03-30,34.880126953125,36.21738472365167,34.60153203728282,36.21738472365167,6687609
2009-03-31,34.76868438720703,35.82734710184006,34.76868438720703,34.88012233880168,8758242
2009-04-02,35.27016067504883,35.60447675650335,34.9915657525736,35.54875777200831,5885546
2009-04-03,35.66019058227539,35.82734751157904,35.10299864344594,35.82734751157904,6682494
2009-04-06,35.66019058227539,36.49597740327759,35.49303365297174,35.938785464448145,7226751
2009-04-07,35.66019058227539,35.771628535144494,34.768684784838634,35.15871761988049,4209807
2009-04-08,33.7657470703125,35.3258785888894,33.654306930215675,35.21444062327677,14493402
2009-04-09,34.657249450683594,34.76868741197299,33.76574576036844,34.21149760552602,13566528
2009-04-10,35.54875564575195,35.93878851388847,34.991563659644235,35.381598702264874,10358275
2009-04-13,36.44026184082031,36.44026184082031,35.38160112620814,35.60447706612649,12510751
2009-04-14,36.44026184082031,36.99745386510046,35.82735300604484,36.49598300028417,17088853
2009-04-15,37.33176803588867,38.056114845685755,36.16166716865525,36.44026209550028,23537072
2009-04-16,37.33176803588867,38.167552816423765,37.053173109043634,37.888957889578734,12020715
2009-04-17,35.214439392089844,38.27898768826126,34.824406526082164,37.33176501367118,16187555
2009-04-20,36.21738052368164,36.49597758170035,34.99156086164476,35.21443676847256,7941856
2009-04-21,36.4959831237793,36.551702108947424,35.60447718660494,35.660196171773066,7322917
2009-04-22,35.938785552978516,36.66313442289596,35.938785552978516,36.49597749318053,6587351
2009-04-23,36.71885681152344,37.22032764726828,35.994507874296744,36.66313782977401,12677506
2009-04-24,38.1118278503418,38.44614171009351,36.88601036458552,37.16460524771195,18916002
2009-04-27,37.443206787109375,38.72474347730944,37.276049827518065,38.27899158506594,13622795
2009-04-28,38.16754913330078,38.724738933222696,37.83323525334763,38.00039219332421,17996289
2009-04-29,37.61035919189453,38.33470592906814,37.27604531319902,37.94467307059004,15430506
2009-04-30,40.22914505004883,40.22914505004883,39.33763725814676,40.22914505004883,12725589
2009-05-04,43.015106201171875,43.015106201171875,42.73651129175768,43.015106201171875,8452353
2009-05-05,45.07670974731445,46.023932373497914,43.4608593850015,46.023932373497914,16076044
2009-05-06,44.96527099609375,45.411022812297084,43.7394535015346,43.7394535015346,15213621
2009-05-07,44.29664611816406,44.46380305998133,43.460861409077694,44.46380305998133,16751250
2009-05-08,42.903656005859375,43.73944484479244,42.17930944788884,43.46085001480377,17225940
2009-05-11,43.46086120605469,43.6280181470911,42.51363419121348,42.90366705363178,8774610
2009-05-12,42.346473693847656,43.18226267780693,42.06787881551717,42.90366345050863,5493722
2009-05-13,42.95938491821289,42.95938491821288,42.17931921363656,42.51363308702641,8889191
2009-05-14,42.01215744018555,42.62506613750427,41.39924874286682,41.510686687833854,7503995
2009-05-15,41.84499740600586,42.235030184339806,41.6778405010056,42.12359224767296,14777807
2009-05-18,41.84499740600586,41.9564353426727,41.28780772267165,41.510683596005336,7022143
2009-05-19,42.903656005859375,43.962320708783366,42.34646634588204,42.34646634588204,14969115
2009-05-20,42.79222869873047,43.23798488635604,42.29075788024087,43.18226590652386,5388349
2009-05-21,42.2907600402832,42.90366884974209,42.17932207492704,42.56935495367361,6998613
2009-05-22,41.956443786621094,42.29075766390399,41.56641092979105,41.56641092979105,6901425
2009-05-25,41.343536376953125,42.51363498608522,41.1763794327914,41.956445172212796,11368016
2009-05-26,41.39924621582031,42.06787384480894,41.176370339490774,41.34352724673793,5709584
2009-05-27,42.01215744018555,42.12359538515258,41.6221246328009,41.78928155025146,11734264
2009-06-01,42.12359619140625,42.4579100327062,41.78928235010629,42.346472085606216,8046206
2009-06-02,42.06789016723633,42.62508007425101,41.67785723232605,42.346485120743665,8973080
2009-06-03,42.79222869873047,43.0708279468595,41.78928706175126,41.78928706175126,7317802
2009-06-04,42.346473693847656,43.18226267780693,41.23209418052571,43.18226267780693,4644599
2009-06-05,42.23503875732422,42.5693526351847,41.677848960890095,42.34647671661105,2771414
2009-06-08,41.23208999633789,42.457907336597415,41.23208999633789,42.457907336597415,4596516
2009-06-09,39.17049026489258,41.12065888828247,38.44614353439305,40.674907054128916,11730172
2009-06-10,39.114768981933594,39.56052513880215,38.724736150020476,39.50480616281456,5185787
2009-06-11,39.05905532836914,39.72768313133148,38.16755159108603,39.44908821343051,7521387
2009-06-12,38.72473907470703,39.67196173803505,38.72473907470703,39.059052955881626,6003196
2009-06-15,39.281925201416016,39.50480545031439,38.33470262671091,38.72473545158948,6215988
2009-06-16,38.89189910888672,39.78340721190069,38.55758520111967,39.67196489367649,5311621
2009-06-17,38.72473907470703,39.560528126611686,38.72473907470703,39.560528126611686,3420021
2009-06-18,38.4461555480957,39.114783508259734,38.4461555480957,39.00334551489906,4477844
2009-06-19,38.89189910888672,39.281932001281604,38.44614723186399,39.281932001281604,5205225
2009-06-22,39.003334045410156,39.50480921703668,38.89189608481941,39.50480921703668,5857924
2009-06-23,39.78340530395508,40.2291571596003,38.947616225652,39.00333520760765,10742938
2009-06-24,42.06789016723633,42.51364209284807,39.95056852058054,40.396320446192284,12338880
2009-06-25,41.06494140625,42.12360205096368,40.842065481047115,42.06788306966296,6644642
2009-06-26,41.23208999633789,41.51068484639688,40.67490029621993,41.23208999633789,5036423
2009-06-29,41.84499740600586,42.29074915267323,41.232088754338236,41.789278437672436,7151046
2009-06-30,41.510684967041016,42.45790745999451,40.89777629512994,42.40218848982077,6087085
2009-07-01,42.56935119628906,43.29370225613761,41.62212857436832,41.845004485408495,8552611
2009-07-02,43.68373489379883,43.90661080378462,42.95938383737705,43.46085898381304,6614974
2009-07-03,44.463802337646484,44.463802337646484,43.070827845132044,43.62801764213782,5334128
2009-07-06,43.57229995727539,44.46380365897745,43.460861994562634,44.46380365897745,3229736
2009-07-07,43.68373489379883,44.35236262375621,43.015102814873494,43.015102814873494,5018009
2009-07-08,43.51657485961914,43.57229383314416,43.12654204494401,43.46085588609412,2913616
2009-07-09,43.46086120605469,44.073769989854874,43.237985284672796,43.46086120605468,12733773
2009-07-10,43.68373489379883,44.07376773627397,43.572296938805934,43.572296938805934,7498880
2009-07-13,43.015106201171875,43.96233324214845,42.29075943669496,43.73945731461709,7766916
2009-07-14,43.9171257019043,44.274662071719845,43.202057522104475,43.202057522104475,5716986
2009-07-15,43.9171257019043,45.04931812654517,43.9171257019043,44.09589388681207,6513352
2009-07-16,44.33424377441406,44.93013156137053,44.27465590768454,44.93013156137053,6208446
2009-07-17,45.16849136352539,45.76438376012013,44.57260352676167,44.81095957343336,4562556
2009-07-20,46.18150329589844,46.47944718404911,45.70479125092514,46.18150329589844,4344909
2009-07-21,45.347251892089844,46.36026833950423,44.69177173431118,46.24108805634891,4913599
2009-07-22,46.41986846923828,46.539044224059715,45.28767599927741,45.28767599927741,3008940
2009-07-23,47.19452667236328,47.19452667236328,45.88356595152509,46.47945843186018,6279657
2009-07-24,47.55205154418945,48.38629534260964,47.13492736506409,47.373283387445646,7676808
2009-07-27,48.38629150390625,48.38629150390625,47.67122349349115,48.26711578208549,4851414
2009-07-28,51.72328567504883,51.72328567504883,48.2671209730923,48.2671209730923,11549314
2009-07-29,50.35274124145508,52.08082144546226,49.16096100423788,51.842465398018824,8188328
2009-07-30,49.45890426635742,50.17397239918567,48.74383613352918,50.114384528074396,4815306
2009-07-31,50.65069580078125,50.88905189829515,49.87603962381905,49.87603962381905,5972745
2009-08-03,51.6636848449707,51.84245297768204,50.173961045312744,50.65067302598969,10312640
2009-08-04,51.186981201171875,52.25958561230618,50.05478892270529,52.14040531781096,8065965
2009-08-05,50.65069580078125,51.54453230641639,50.29316393442638,51.54453230641639,7957643
2009-08-06,52.08082580566406,52.08082580566406,50.293157580090366,50.76986971488754,10875312
2009-08-07,52.08082580566406,52.08082580566406,52.08082580566406,52.08082580566406,0
2009-08-10,50.8890380859375,51.782874348966644,50.8890380859375,51.782874348966644,5268653
2009-08-11,50.65069580078125,50.94863978271563,50.17398360575343,50.65069580078124,2676953
2009-08-12,50.5315055847168,51.5445222208101,50.352741966433655,50.412329839194705,3673915
2009-08-13,51.246578216552734,51.84246606288796,50.65068581038641,51.24657821655273,5819289
2009-08-14,53.6301383972168,53.6301383972168,51.425341523549584,51.425341523549584,13006644
2009-08-17,52.557533264160156,53.570549880344664,52.140409043368365,53.570549880344664,5537452
2009-08-18,51.48493576049805,52.438359990155654,50.76986758825484,51.30616757747944,5005873
2009-08-19,50.47190856933594,52.080812761260596,50.05478441590542,52.02122489929346,5566539
2009-08-20,50.173973083496094,50.65068517855002,49.280136765312236,50.41232913102306,5622705
2009-08-21,48.5650634765625,50.471911654720124,48.08835143202309,50.17396776684063,10717844
2009-08-24,49.45890426635742,50.17397239918567,48.922604306693984,49.3397239643039,4305793
2009-08-25,49.876033782958984,50.29315804471791,49.51849739864233,50.05479741528585,3265702
2009-08-26,50.29315185546875,50.352739725577955,48.863011054031695,49.87602764504257,4172396
2009-08-27,49.637672424316406,50.054792081798546,49.28013607809632,49.578079993392414,1911679
2009-08-28,52.736297607421875,53.09383393064837,50.35273731868084,50.6506812148158,15963429
2009-08-31,52.438358306884766,52.97465827889413,51.72329015759524,52.676714356647935,5868435
2009-09-01,54.16644287109375,54.583567131584545,52.021238251210065,52.43836251170086,12402850
2009-09-02,54.4047966003418,54.76233296819594,53.33219661644185,53.33219661644185,9670733
2009-09-03,54.4047966003418,55.23904508544731,53.92808448309043,54.22602841641472,8616601
2009-09-04,54.702735900878906,55.000684368801124,54.2260238240004,54.46437986243966,8102072
2009-09-07,55.47739028930664,56.847938498199184,54.82191011638017,54.82191011638017,8689818
2009-09-08,56.01369094848633,56.19245909989979,54.94109115966635,55.47739105407634,8462142
2009-09-09,55.11985778808594,56.0136940345689,54.82191389253518,56.0136940345689,5432139
2009-09-10,56.01369094848633,57.205471024858745,55.59656678179837,57.026707433275696,10297595
2009-09-11,55.715755462646484,56.01369938666573,55.298631233120894,55.41781153862725,5563530
2009-09-14,54.16644287109375,55.41781565256614,53.74931861060295,55.41781565256614,6536420
2009-09-15,53.98766326904297,54.464375306040544,53.74930725054418,53.80889967504174,6121186
2009-09-16,55.000694274902344,55.11987003567113,54.34521391117899,54.40480179156338,4622734
2009-09-17,55.417816162109375,56.31164800873907,54.881511582333786,55.536991917727406,6325794
2009-09-18,55.894527435302734,55.894527435302734,55.11986679650254,55.536991054343964,4720023
2009-09-21,55.11985778808594,55.89451830028086,54.881501759679196,55.41780624346737,2221600
2009-09-22,54.52397155761719,55.477395698533904,54.52397155761719,54.88150333054556,2542554
2009-09-23,55.11985778808594,55.656162271874116,54.52396999698441,54.70273359841647,5457214
2009-09-24,53.928070068359375,55.06026218415931,53.63012621467414,54.82190618924512,4721026
2009-09-25,53.2130126953125,53.689724780206426,53.09383695400449,53.63013690955242,4113220
2009-09-28,52.14040756225586,53.27259988945899,52.08081969235856,53.034243850038905,5437154
2009-09-29,54.52397155761719,54.821915461695966,52.91506717986253,52.91506717986253,5530431
2009-09-30,54.52397155761719,55.00068362807555,54.10684735600843,54.345203391237604,5580580
2009-10-01,54.64313888549805,55.060263022909574,54.22601474808651,54.762319164685664,2400131
2009-10-02,53.68972396850586,54.46437995478923,53.51095579941559,53.63013609875273,4485326
2009-10-05,53.98766326904297,54.76232374903688,53.80889967504174,54.76232374903688,2782266
2009-10-06,54.047264099121094,55.00068832139543,54.0472640991211,54.34520802862403,6925576
2009-10-07,55.417816162109375,55.417816162109375,54.22603124694016,54.4643873180077,5405059
2009-10-08,54.82191848754883,55.41781088842699,54.22602608667067,55.41781088842699,4555535
2009-10-09,54.22602081298828,54.8219131559137,54.10684508030157,54.8219131559137,3305822
2009-10-12,54.88150405883789,55.00068435794943,54.34520411241309,54.52397228116498,4952715
2009-10-13,55.417816162109375,55.71576011098594,53.39178727811948,53.928087298063595,8725926
2009-10-14,55.417816162109375,55.71576011098594,54.821923704524764,55.656172233176925,9604536
2009-10-15,54.941097259521484,55.775341125689195,54.46438061621446,55.47739721347437,6481256
2009-10-16,54.16644287109375,54.82192320046051,53.987674679478914,54.22603074835487,5426121
2009-10-19,55.417816162109375,55.656172233176925,54.285623684580656,54.523979755648206,5189418
2009-10-20,56.073280334472656,56.19246062526029,55.11985624749374,55.71574858177083,6314762
2009-10-21,57.08629608154297,58.39725190365088,56.1924598720241,56.31163560138369,13611441
2009-10-22,56.01369094848633,57.3246513124112,55.417803190215324,57.205471024858745,7074017
2009-10-23,57.50341796875,57.50341796875,55.894513767520735,56.25204550122152,6936609
2009-10-26,56.96712112426758,57.86095741744626,56.84794538375357,57.80136954718925,4757134
2009-10-27,56.19247055053711,56.84795086607024,55.77534629884954,56.84795086607024,5003867
2009-10-28,54.7623291015625,56.01369718103351,54.523973059766554,55.417809356459095,5300749
2009-10-29,54.10685729980469,54.702745217474934,53.68973302153653,54.16644517960538,6035933
2009-10-30,54.702735900878906,55.41780857602754,54.2260238240004,54.941096499149026,4501374
2009-11-02,54.22602081298828,54.22602081298829,52.79588466176402,54.22602081298829,6808228
2009-11-03,53.33218765258789,55.17944337658439,53.27259522807409,54.70273133945681,9517277
2009-11-04,53.391780853271484,53.92808080868046,53.15342481088628,53.92808080868046,7687841
2009-11-05,52.915069580078125,53.570549846648504,52.795889277142145,53.570549846648504,7013839
2009-11-06,52.557533264160156,53.86849379812551,52.140409043368365,53.2726014027328,11816107
2009-11-09,52.25958251953125,52.97465056469211,52.14040223208923,52.91506270088631,7452141
2009-11-10,53.15342712402344,53.33219530354973,52.61712258544456,52.61712258544456,8671765
2009-11-11,53.33218765258789,53.39177551727122,52.73629532626319,53.153419498707436,3950738
2009-11-12,53.15342712402344,53.51095892324489,52.91507107126543,53.51095892324489,5442169
2009-11-13,53.33218765258789,53.630131535835005,52.915063480143644,53.034239209510304,4420132
2009-11-16,54.10685729980469,54.226033059406085,53.5109648223028,53.5109648223028,6800204
2009-11-17,53.03424835205078,54.46438470997381,53.03424835205079,54.46438470997381,6356887
2009-11-18,53.51095962524414,53.92808386300061,53.03424751347423,53.03424751347423,6474235
2009-11-19,52.915069580078125,53.570549846648504,52.795889277142145,53.33219380060755,10536304
2009-11-20,52.915069580078125,53.09383775456659,52.259589313507746,52.915069580078125,9824189
2009-11-23,52.79589080810547,53.21301504073056,52.49794688187231,52.974658987777815,4387034
2009-11-24,53.2130126953125,53.272600565966506,52.915068782211534,52.97465665286554,4273697
2009-11-25,52.97466278076172,53.808911305744076,52.73630671074268,53.213018850780756,7455150
2009-11-26,54.4047966003418,54.64315265896748,53.80890873369321,53.92808448309043,15371671
2009-11-27,52.79589080810547,53.86849532630841,52.79589080810546,53.63013927335566,9221398
2009-11-30,53.86848831176758,53.98766404280979,53.21300811154376,53.86848831176758,7527364
2009-12-01,53.6301383972168,53.98767019088947,53.21301417140613,53.8684944462756,8249510
2009-12-02,52.915069580078125,53.98766950734692,52.73630140558966,53.928081635794435,13478045
2009-12-03,52.61711502075195,53.21300734689191,52.31917113759722,53.034239193066874,9256502
2009-12-04,52.8554801940918,53.57054831172628,52.43835598551396,52.43835598551396,9811150
2009-12-07,53.6301383972168,53.98767019088947,53.21301417140613,53.391782348157996,6937612
2009-12-08,53.6301383972168,54.22602623994827,53.510958092771865,54.22602623994827,3982833
2009-12-09,56.01369094848633,56.25204696376081,53.51095050818903,53.63013079574148,16422794
2009-12-10,55.179447174072266,56.90753184746057,54.345203331601006,56.13287587377352,15343588
2009-12-11,55.954097747802734,55.954097747802734,54.76231778510059,55.179437352173856,8379897
2009-12-14,55.47739028930664,56.847938498199184,55.47739028930664,56.6095824862105,6629697
2009-12-15,55.715755462646484,56.31164331068497,55.536987284302505,55.83493120832174,6286678
2009-12-16,55.179447174072266,56.31163948012614,55.179447174072266,56.31163948012614,4883509
2009-12-17,55.77534484863281,56.490413021576984,55.59657666543896,55.59657666543896,10052868
2009-12-18,56.13290023803711,56.49043216575846,55.775363750482995,56.01371988890815,5729021
2009-12-21,57.74178695678711,58.09931877085241,56.78835814633988,56.90753845758253,14417837
2009-12-22,59.29109191894531,59.350679787449934,57.980136012689776,58.278079915043655,13203228
2009-12-23,58.873958587646484,59.58903113810812,58.57601473150751,59.52943871901628,6064017
2009-12-24,58.397254943847656,59.23150333211821,58.27807920828371,59.05273516894156,6085079
2009-12-25,58.754791259765625,59.11232758605542,58.039723167016746,58.63561096439212,5738048
2009-12-28,58.69520568847656,58.99314959882146,58.63561325854286,58.63561325854286,6851356
2009-12-29,58.69520568847656,59.23150563906357,58.63561325854286,59.23150563906357,5397035
2009-12-30,58.9931526184082,59.171920797697815,58.09931628179124,58.69520869281292,9265529
2009-12-31,59.589046478271484,61.67466312781014,59.589046478271484,59.886990411110936,10959562
2010-01-04,59.88698196411133,60.48286974574086,58.99314573183644,60.18492585492609,7370900
2010-01-05,59.46986389160156,60.48287596035712,58.993151793383525,59.8869881175001,5633738
2010-01-06,59.23149871826172,59.46985473065352,58.99314270586991,59.46985473065352,5994811
2010-01-07,58.158897399902344,59.231501791228034,58.158897399902344,58.99314576647017,7341813
2010-01-08,58.09932327270508,58.635623315274145,57.92055507190483,58.27809147350533,5487303
2010-01-11,58.873958587646484,59.11231914435374,57.801358881614156,58.09930273775313,5543470
2010-01-12,58.397254943847656,58.99314730115958,58.21849134050173,58.99314730115958,3398096
2010-01-13,57.384254455566406,58.09932269178596,57.384254455566406,57.92055449277316,5293728
2010-01-14,58.51642990112305,58.516429901123054,57.80136187347874,58.09930574503963,5322814
2010-01-15,58.45685577392578,58.814387591839235,58.218499708706354,58.57603152661981,5242576
2010-01-18,58.754791259765625,58.873966995308415,57.980135299245354,58.21849133016165,3175434
2010-01-19,58.45685577392578,58.93356790436463,57.50343151304808,58.93356790436463,7128178
2010-01-20,58.93355941772461,58.993147285490764,58.39725492833711,58.69520338682929,9221398
2010-01-21,57.980140686035156,58.93356489828058,57.86096037958891,58.93356489828058,3234610
2010-01-22,56.3712272644043,57.86095122025817,56.01369096149433,57.3842391895985,6904514
2010-01-25,56.3116455078125,56.669181878450566,55.59657732636764,56.13288188232474,5314791
2010-01-26,54.82191848754883,56.788354746767766,54.82191848754883,56.43082295410571,11450019
2010-01-27,55.715755462646484,56.31164331068497,54.821919130757664,55.060275181939275,10048856
2010-01-28,56.3712272644043,57.92053908413303,55.83492281003935,55.95410309761947,11705779
2010-01-29,57.801361083984375,57.92053680704882,55.298620741498446,56.371225048229626,9522292
2010-02-01,56.609580993652344,57.801361022173516,56.31163256664937,57.801361022173516,6187383
2010-02-02,55.83492660522461,57.08629919063678,55.596570573693356,56.72876286342453,5386002
2010-02-03,56.90753173828125,56.90753173828125,55.65616369705977,55.83492730306942,5119209
2010-02-04,56.728755950927734,57.20546795590208,56.54998780910481,56.96711195341491,6650760
2010-02-05,53.928070068359375,56.0136861638161,53.8088943508173,55.47738631521666,9291606
2010-02-08,55.000694274902344,56.55000652388662,54.82192607391749,55.71576251901009,8427037
2010-02-09,55.83492660522461,56.371231096043,55.000682774780564,55.000682774780564,4005902
2010-02-10,56.96712112426758,57.2054771651265,56.0732848310889,56.490409042549736,4872476
2010-02-22,57.02671813964844,58.57603024989004,56.60959389464829,58.21849843976939,9200335
2010-02-23,56.3116455078125,57.02671824908863,56.07328944733088,56.788357628775735,5119209
2010-02-24,55.894527435302734,56.19247137954743,55.715759244823346,55.715759244823346,5568544
2010-02-25,56.13290023803711,56.847968653312584,56.01371988890815,56.609612514887424,5458217
2010-02-26,55.715755462646484,56.49041148902896,55.41781153862725,56.13287969217209,2748165
2010-03-01,56.3116455078125,57.50343037005187,56.31164550781249,57.50343037005187,5062040
2010-03-02,57.324649810791016,57.622593682121874,56.609581783698786,57.622593682121874,6854365
2010-03-03,57.20547866821289,57.80137106593284,56.60959083032395,57.80137106593284,4446210
2010-03-04,58.278079986572266,58.278079986572266,57.443831587160545,58.278079986572266,9426006
2010-03-05,57.62260818481445,58.3972642691754,57.26507180136698,58.3972642691754,5902537
2010-03-08,57.08629608154297,57.98013229106183,56.847940062993295,57.80136413719196,7684832
2010-03-09,57.02671813964844,57.443837824817315,56.72876964474475,57.1458938897449,4901563
2010-03-10,56.90753173828125,57.44383167597178,56.90753173828125,57.205475641461454,3954750
2010-03-11,56.49040985107422,57.32465828593615,56.49040985107422,57.02671437055588,6035933
2010-03-12,57.801361083984375,57.8609489455166,56.9075249216801,57.20546878917145,6985755
2010-03-15,56.90753173828125,57.80136800765265,56.90753173828125,57.6821877104821,4727044
2010-03-16,57.265071868896484,57.503432498030186,56.78835973029199,56.84795216749113,4720023
2010-03-17,58.397254943847656,58.39725494384766,57.50342324762585,57.80136714636645,9673742
2010-03-18,58.81438064575195,59.29109271989023,58.635612477992396,58.695204907132805,18593243
2010-03-19,59.88698196411133,60.18492585492609,58.81437757341535,58.99314573183644,16164025
2010-03-22,59.589046478271484,60.78082676946054,59.11233436179586,59.589046478271484,8939560
2010-03-23,61.07876968383789,61.07876968383788,59.58904548464988,60.18493334039262,10234407
2010-03-24,60.18492889404297,61.674657543003775,59.88698498818314,61.376709077313116,10400902
2010-03-25,59.589046478271484,60.78082676946054,59.35068586020243,60.78082676946054,7749023
2010-03-26,59.589046478271484,59.886990411110936,58.873973743726815,59.589046478271484,7751029
2010-03-29,60.18492889404297,60.4828727999028,59.589041082323305,60.18492889404297,6921564
2010-03-30,60.48286819458008,60.48286819458008,59.58903654505925,60.48286819458008,5463232
2010-03-31,59.88698196411133,60.48286974574086,59.589038073296564,60.48286974574086,8906462
2010-04-01,59.589046478271484,60.48287827678985,59.589046478271484,60.184934343950395,12888293
2010-04-02,59.23149871826172,60.184922767828944,58.99314270586991,60.184922767828944,5507363
2010-04-06,59.4102783203125,59.886990436994154,59.35068588585386,59.58904650402593,5898525
2010-04-07,59.4102783203125,60.184934369962384,59.41027832031249,59.58904650402593,5001861
2010-04-08,59.4102783203125,60.184934369962384,58.993154078258236,59.29109801122646,7558457
2010-04-09,60.48286819458008,60.48286819458008,59.52944412056014,59.58903654505925,5482288
2010-04-12,61.07876968383789,61.376713611709256,60.48287726826399,60.78082575596652,7560463
2010-04-13,61.67466354370117,62.27055141339833,60.48287868464431,60.780827179324156,9758995
2010-04-14,61.67466354370117,62.27055141339833,61.07877111417274,62.27055141339833,4350927
2010-04-15,61.37671661376953,62.56849694337857,60.482880226604905,61.972609058489745,11631559
2010-04-16,61.07876968383789,61.376713611709256,60.48287726826399,61.376713611709256,5358922
2010-04-19,59.88698196411133,61.37670597801574,59.88698196411133,59.88698196411133,7789142
2010-04-20,61.97261428833008,61.972614288330085,59.88699739555217,60.78083385814724,5301752
2010-04-21,61.37671661376953,61.972609058489745,61.07877267132512,61.972609058489745,5186409
2010-04-22,60.780818939208984,61.37670672812105,59.58903880155419,61.07876283366502,4821324
2010-04-23,60.18492889404297,61.674657543003775,59.589041082323305,61.674657543003775,7318745
2010-04-26,61.37671661376953,61.37671661376953,60.18493628416049,60.18493628416049,6176350
2010-04-27,62.27053451538086,62.27053451538086,60.780810685564965,61.674646807386516,4652824
2010-04-28,62.27053451538086,62.568478369378035,60.18491841774059,60.18491841774059,5863421
2010-04-29,62.27053451538086,62.568478369378035,61.674646807386516,62.27053451538086,3715037
2010-04-30,62.27053451538086,62.568478369378035,61.674646807386516,62.27053451538086,7729966
2010-05-03,61.37671661376953,61.674665116045325,60.78082872888071,61.37671661376953,3967788
2010-05-04,60.18492889404297,61.674657543003775,59.88698498818314,61.376709077313116,4248623
2010-05-05,58.397254943847656,58.99314730115958,58.39725494384766,58.99314730115958,7579519
2010-05-06,57.801361083984375,58.51642910186175,57.38423693359835,58.39724881896707,7835279
2010-05-07,58.69520568847656,59.05273746892426,56.90753310674533,57.20547701709024,5643768
2010-05-10,57.920536041259766,58.8143721917463,57.4438240356443,57.801360319770986,7704892
2010-05-11,59.589046478271484,60.78082676946054,58.21849800344626,58.39726162725119,15003577
2010-05-12,59.29109191894531,60.18492818583772,59.052735885096055,60.18492818583772,4354939
2010-05-13,59.88698196411133,60.48286974574086,59.589038073296564,59.589038073296564,3479337
2010-05-14,60.48286819458008,60.78081663758417,59.58903654505925,59.88698042823286,3893568
2010-05-17,59.88698196411133,60.48286974574086,59.589038073296564,59.88698196411133,4972774
2010-05-18,60.18492889404297,60.4828727999028,59.589041082323305,60.18492889404297,3522465
2010-05-19,59.589046478271484,59.886990411110936,59.29109798560079,59.46986616923696,6168327
2010-05-20,59.589046478271484,59.886990411110936,59.41027829463531,59.529454043838605,3457272
2010-05-21,58.397254943847656,58.69520340241898,57.80136714636645,57.86095501414843,5378981
2010-05-24,59.11233139038086,59.529451051456135,58.397258691780934,58.456851123218264,2322901
2010-05-25,58.754791259765625,58.93355942291052,58.39725493347583,58.814379127537016,4462258
2010-05-26,59.88698196411133,59.88698196411133,58.754789707218514,58.754789707218514,5587601
2010-05-27,59.4102783203125,60.184934369962384,59.23151013659906,59.886990436994154,3779228
2010-05-28,59.589046478271484,60.48287827678985,59.29109798560079,60.48287827678985,5446181
2010-05-31,59.88698196411133,60.18492585492609,59.46985778107231,59.589038073296564,4741086
2010-06-01,59.88698196411133,59.88698196411133,58.81437757341535,59.589038073296564,4580609
2010-06-02,58.57602310180664,59.88698355187767,57.50342324250372,59.5890396531636,6923570
2010-06-03,59.589046478271484,60.184934343950395,58.933566178159694,59.11233436179586,6703918
2010-06-04,59.589046478271484,60.184934343950395,59.529454043838605,59.589046478271484,5126230
2010-06-07,57.920536041259766,58.45684046744979,57.920536041259766,58.15889204406749,7075020
2010-06-08,55.358211517333984,57.98013228074421,55.06026763415754,57.92053985624454,11041806
2010-06-09,55.417816162109375,56.252060130930055,55.35822372446888,55.71576011098594,7336798
2010-06-10,56.19247055053711,56.37123873837912,55.71575842284599,56.37123873837912,1979882
2010-06-11,57.563011169433594,57.6821869051094,56.60958704470425,56.72876278038006,5294731
2010-06-14,58.69520568847656,58.99314959882146,58.21849360799235,58.21849360799235,5915576
2010-06-15,60.18492889404297,60.18492889404297,58.635612375876356,58.69520480491298,9235439
2010-06-17,61.37671661376953,61.37671661376953,59.58904839927166,60.482880226604905,8632648
2010-06-18,62.27053451538086,62.27053451538086,61.07875453956214,61.674646807386516,7570493
2010-06-21,62.5684928894043,63.1643852955151,62.27054896626444,62.5684928894043,5361931
2010-06-22,63.760276794433594,64.05822071333425,62.27054808026825,62.568491999168906,6388982
2010-06-23,63.760276794433594,64.05822071333425,63.164384396801246,63.760276794433594,4052039
2010-06-24,63.16438674926758,63.760279169093074,62.866442819270425,63.760279169093074,2311868
2010-06-25,61.97261428833008,63.16439471851292,61.674670320742315,62.56850222350562,4044015
2010-06-28,62.5684928894043,63.1643852955151,61.67466111998473,62.5684928894043,2748165
2010-06-29,63.16438674926758,63.760279169093074,63.16438674926758,63.16438674926758,4366974
2010-06-30,61.67466354370117,62.27055141339833,61.37671504902132,61.972607478549754,5189418
2010-07-01,61.97261428833008,62.27055825591785,61.37672179332278,61.674670320742315,1117319
2010-07-02,64.05821228027344,64.35615615995073,62.270539882548846,63.16437608141114,4655833
2010-07-05,66.14384460449219,66.14384460449219,62.8664474534383,64.3561717730695,7384941
2010-07-06,66.14384460449219,66.73973250841206,64.9520642368209,64.9520642368209,7505299
2010-07-07,66.4417724609375,66.4417724609375,65.54793626175791,65.54793626175791,5355913
2010-07-08,68.22945404052734,68.22945404052734,66.73972532148733,66.73972532148733,5537452
2010-07-09,70.91095733642578,70.91095733642578,67.33561667402107,68.22945297957999,8167266
2010-07-12,67.93150329589844,70.61301216486694,67.93150329589844,70.3150682549252,10925461
2010-07-13,68.52740478515625,68.52740478515625,67.03768047758325,67.63356837667985,12868233
2010-07-14,69.57820892333984,70.5059143371354,69.26896905277248,69.8874440612717,8835250
2010-07-15,68.65049743652344,69.88744269673528,67.72278730820568,68.65049743652344,7771089
2010-07-16,66.79508209228516,68.95973764001282,66.79508209228516,68.65050248537622,9227416
2010-07-19,69.2689437866211,69.5781835443919,66.17658406998332,66.17658406998332,8676779
2010-07-20,71.4336166381836,72.0520915787572,68.95972634115918,69.26896144512848,7496272
2010-07-21,69.8874282836914,71.43360835692512,69.26895341481725,71.12437328880527,4701970
2010-07-22,66.79508209228516,70.19668299119493,66.48584693764857,68.95973764001282,10943514
2010-07-23,67.10430908203125,68.65049413235428,67.10430908203125,68.03201916569803,7251545
2010-07-26,68.65049743652344,69.26896770031163,67.41355217631158,67.41355217631158,3335911
2010-07-27,69.2689437866211,69.88741856952892,68.65047373634705,68.65047373634705,5260630
2010-07-28,70.19666290283203,70.50589796897401,69.26895297177167,69.88742783669005,5330838
2010-07-29,69.57820892333984,69.8874440612717,65.5581331996837,65.5581331996837,10890356
2010-07-30,68.34125518798828,69.578205137686,68.03202006688149,69.26896528394393,3927669
2010-08-02,70.19666290283203,70.50589796897401,69.26895297177167,69.26895297177167,5081096
2010-08-03,69.57820892333984,70.5059143371354,69.26896905277248,70.19667919920354,4459249
2010-08-04,69.8874282836914,69.8874282836914,69.26895341481725,69.57819321557156,4596657
2010-08-05,69.8874282836914,70.50589841993111,68.34124347782324,69.8874282836914,4237590
2010-08-06,67.72278594970703,69.8874412948143,67.4135508240161,69.8874412948143,7065994
2010-08-09,68.34125518798828,68.95973016283713,67.4135498246679,67.4135498246679,2602733
2010-08-10,68.95970916748047,69.26894419443809,68.34123438093141,68.65047414052285,5189418
2010-08-11,68.95970916748047,69.26894419443809,67.1042895404671,68.65047414052285,4968762
2010-08-12,68.03201293945312,68.65048784950696,67.72277785074358,67.72277785074358,3428185
2010-08-13,68.03201293945312,68.34124802816265,66.79506785198022,67.41354276203406,8458130
2010-08-16,68.03201293945312,68.65048784950696,67.10430294068975,68.03201293945312,3745127
2010-08-17,67.41352844238281,68.65047326710996,67.1042886867257,68.65047326710996,4066080
2010-08-18,70.19666290283203,70.19666290283203,67.72277290842736,68.03200797456934,8907465
2010-08-19,72.97980499267578,73.28904011092203,70.19667473055382,70.50590984880009,12190218
2010-08-20,72.0521011352539,72.97981130284192,71.74286599026978,72.97981130284192,4011920
2010-08-23,72.67056274414062,74.21674774962834,71.74285742001008,72.3613276360971,5580580
2010-08-24,72.67056274414062,74.21674774962834,72.05209252805359,72.97980258481921,5824304
2010-08-25,69.2689437866211,72.05207321075564,69.2689437866211,72.05207321075564,6407036
2010-08-26,69.57820892333984,70.81515420770278,68.95973391484063,69.26896905277248,5781176
2010-08-27,72.97980499267578,74.21675019829601,70.19667473055382,70.81514969968156,10161190
2010-08-30,72.36131286621094,74.83520269087607,72.05207782128632,74.21673260102683,9470137
2010-08-31,75.14445495605469,75.14445495605469,71.43361486974983,71.7428546986985,8990712
2010-09-01,75.14445495605469,76.0721649776309,74.21674493447848,75.14445495605469,8830235
2010-09-02,75.76290893554688,76.07214869831874,74.835199112499,75.45367390540888,8353820
2010-09-03,75.45368957519531,76.07216449654649,74.83521465384415,75.76292466955347,4830351
2010-09-06,74.83522033691406,76.07217027355175,74.52598521907224,75.45369530523291,2566625
2010-09-07,74.83522033691406,75.76293042307472,74.52598521907224,74.83522033691406,4575594
2010-09-08,76.38140869140625,77.92758908005234,74.83522357012474,74.83522357012474,7652737
2010-09-09,75.14445495605469,76.99987026657223,74.83521512710603,76.99987026657223,3912624
2010-09-10,75.45368957519531,76.38139959090465,74.83521465384415,76.07216449654649,2795305
2010-09-13,77.30912780761719,77.30912780761719,75.14447217221228,75.76294250653598,6595596
2010-09-14,76.69063568115234,77.30911061053492,76.0721654844047,77.30911061053492,3247649
2010-09-15,77.92756652832031,77.92756652832031,75.45367672936007,76.38138658712867,5051007
2010-09-16,77.92756652832031,78.85527638608892,76.99985667055171,77.92756652832031,3529486
2010-09-17,77.92756652832031,78.85527638608892,77.30909644489728,78.23680630266588,4289745
2010-09-20,78.85527801513672,78.85527801513672,77.61833309010291,77.92756813820283,2535533
2010-09-21,79.47377014160156,79.47377014160156,78.54606006274965,79.1645302935608,2547569
2010-09-23,80.40147399902344,80.40147399902344,78.54605398489117,79.16452416784539,5288713
2010-09-24,80.40147399902344,80.40147399902344,79.16452416784539,80.09223417491151,4018940
2010-09-27,79.47377014160156,80.40148022045348,78.85529517815522,80.40148022045348,3790261
2010-09-28,80.71070861816406,81.01994845859915,79.473768186964,79.473768186964,4719020
2010-09-29,80.09223175048828,81.32918154422337,79.78299193573717,80.71070191472116,5194433
2010-09-30,80.71070861816406,80.71070861816406,79.16452834652891,79.473768186964,3864481
2010-10-01,81.01994323730469,81.32918305781094,80.40147306156169,81.01994323730469,2049088
2010-10-04,81.3292007446289,81.63843116711459,80.7107209691144,81.01996085687166,2434232
2010-10-05,81.3292007446289,81.63843116711459,80.40149054662874,81.63843116711459,1805364
2010-10-06,79.47377014160156,82.2569003781573,78.85529517815522,81.94766053011654,4315822
2010-10-07,79.7829818725586,80.40146142405082,78.54604170011045,80.40146142405082,3872505
2010-10-08,79.47377014160156,80.09224037241272,79.1645302935608,79.78300052437196,1884599
2010-10-11,79.47377014160156,79.47377014160156,78.54606006274965,79.1645302935608,2831412
2010-10-12,79.47377014160156,79.78300052437196,77.92758509930331,79.78300052437196,4434174
2010-10-13,78.54605865478516,79.7829990942349,78.23682354492273,79.7829990942349,5665834
2010-10-14,79.7829818725586,80.40146142405082,78.85527674322249,79.16451178633453,3018969
2010-10-15,80.40147399902344,81.01994418197764,79.7829943507996,79.7829943507996,3867490
2010-10-18,79.1645278930664,80.40147778245124,78.54605768100905,80.40147778245124,1923715
2010-10-19,76.38140869140625,79.16453433749629,76.07217356020412,79.16453433749629,7975696
2010-10-20,78.85527801513672,78.85527801513672,75.45367828813522,76.0721531169692,5471255
2010-10-21,77.61833190917969,78.54604177199894,76.69062204636043,78.54604177199894,7926550
2010-10-22,77.92756652832031,78.23680630266588,76.99985667055171,77.30909644489728,4693946
2010-10-25,80.40147399902344,81.01994418197764,78.23681889341407,78.85528907636828,3380042
2010-10-26,78.85527801513672,80.40146272090459,78.23680791893689,80.40146272090459,4129268
2010-10-27,77.61833190917969,78.2368067286039,76.9998570897555,77.61833190917969,4009914
2010-10-28,78.54605865478516,79.47376871700756,77.30911348270033,78.54605865478516,3704005
2010-10-29,78.23681640625,78.85528656954293,77.61834151032242,78.85528656954293,3516447
2010-11-01,79.7829818725586,80.0922216483047,79.16451178633453,79.7829818725586,3279744
2010-11-02,79.47377014160156,79.78300052437196,78.85529517815522,79.1645302935608,1310894
2010-11-03,80.40147399902344,81.01994418197764,78.85528907636828,78.85528907636828,5480282
2010-11-04,80.40147399902344,80.40147399902344,79.4737639919573,80.40147399902344,2586685
2010-11-05,81.01994323730469,81.32918305781094,80.09223324105542,81.01994323730469,9565420
2010-11-08,81.3292007446289,81.63843116711459,80.7107209691144,81.63843116711459,4143310
2010-11-09,80.09223175048828,81.32918154422337,79.1645217715043,81.01994172947227,5318802
2010-11-10,81.01994323730469,81.01994323730469,79.78299342054918,80.40147306156169,4997849
2010-11-11,80.40147399902344,81.01994418197764,80.09223417491151,80.40147399902344,4066080
2010-11-12,80.40147399902344,80.71070435786572,79.4737639919573,80.40147399902344,5002864
2010-11-15,80.40147399902344,80.40147399902344,79.4737639919573,80.09223417491151,1532553
2010-11-16,81.01994323730469,81.01994323730469,79.78299342054918,80.09223324105542,4713003
2010-11-17,80.40147399902344,81.01994418197764,79.4737639919573,80.40147399902344,3162395
2010-11-18,81.01994323730469,81.01994323730469,80.09223324105542,80.40147306156169,2332931
2010-11-19,81.9476547241211,82.2568945502522,80.40147452400497,81.01994471099748,4416120
2010-11-22,83.49383544921875,84.1123056401,81.63841541130526,82.25689506745626,4476299
2010-11-23,81.3292007446289,83.49385156311494,80.7107209691144,83.49385156311494,6639727
2010-11-24,81.63841247558594,82.25689210949639,80.40147213830386,81.0199423069449,3790261
2010-11-25,82.25689697265625,82.56612734262427,81.32918693221228,81.32918693221228,3854452
2010-11-26,84.42153930664062,85.34924925788815,82.87535920965112,83.18459901515665,7932568
2010-11-29,84.42153930664062,85.34924925788815,83.80306916089863,85.34924925788815,3500400
2010-11-30,83.8030776977539,85.34925795224977,83.49383786074672,85.04001811524259,5971742
2010-12-01,87.20468139648438,87.20468139648438,84.42155115222765,84.73079100112409,5503351
2010-12-02,88.13238525390625,88.75085544275174,86.27696522210006,87.20467523800316,3848434
2010-12-03,86.89542388916016,88.44160388889503,85.3492438894253,88.13237356810913,4993837
2010-12-06,85.34925842285156,86.27696847371833,84.73078821069709,85.96772863500604,3748136
2010-12-07,85.96773529052734,85.96773529052734,84.7307947704559,85.96773529052734,2621789
2010-12-08,86.89542388916016,87.20466367521452,85.65848367547966,86.58619356837427,2358005
2010-12-09,85.96773529052734,87.82315553590533,85.34926503049162,87.20468527586961,7261575
2010-12-10,85.34925842285156,85.65849826156385,84.73078821069709,85.34925842285156,3026993
2010-12-13,84.42153930664062,85.34924925788815,83.80306916089863,85.34924925788815,4291751
2010-12-14,84.42153930664062,85.34924925788815,83.49382935539312,85.34924925788815,2617777
2010-12-15,85.65850830078125,85.65850830078125,83.49384810663626,84.42155826623109,3635802
2010-12-16,85.0400161743164,85.65849583421479,84.73078580963703,85.65849583421479,2361014
2010-12-17,83.8030776977539,85.34925795224977,83.8030776977539,85.04001811524259,3469307
2010-12-20,83.49383544921875,84.730785296251,83.184605086413,84.4215454681755,3161392
2010-12-21,83.8030776977539,84.11230806949106,83.18460748900957,83.49383786074672,3965782
2010-12-22,84.42153930664062,84.73077911214615,83.80306916089863,83.80306916089863,2762206
2010-12-23,86.27694702148438,86.27694702148438,84.42152738108958,84.73076714291129,5754096
2010-12-24,85.65850830078125,86.58621846037609,85.34926842582591,86.58621846037609,2735126
2010-12-27,86.27694702148438,86.27694702148438,85.03999743946527,85.34923720128698,1474380
2010-12-28,86.89542388916016,86.89542388916016,85.65848367547966,86.58619356837427,2557599
2010-12-29,87.8231430053711,87.8231430053711,86.2769628432541,87.20467283357819,2392107
2010-12-30,88.44159698486328,88.44159698486328,87.20465686774224,87.82312692630276,3654859
2010-12-31,88.13238525390625,88.13238525390625,87.20467523800316,87.82314542684865,1770259
2011-01-03,86.27694702148438,88.44159695843317,85.65847696310868,88.13236666187919,3599695
2011-01-04,83.8030776977539,86.58620783500847,82.87536765200238,86.27696799800128,6302726
2011-01-05,83.18458557128906,85.03999570865314,83.18458557128906,84.11228590733734,7259569
2011-01-06,85.0400161743164,85.0400161743164,83.49383595511007,83.49383595511007,3809318
2011-01-07,86.89542388916016,86.89542388916016,83.49382410363606,85.3492438894253,4232575
2011-01-10,85.34925842285156,85.96772863500604,84.4215483719848,85.96772863500604,3135315
2011-01-11,85.96773529052734,85.96773529052734,84.11231504514936,84.7307947704559,5312785
2011-01-12,84.73078918457031,85.65849924609992,84.1123095000371,85.34925940383332,4310808
2011-01-13,84.73078918457031,85.65849924609992,84.4215493423037,85.34925940383332,3247649
2011-01-14,85.96773529052734,85.96773529052734,84.7307947704559,84.7307947704559,1675979
2011-01-17,85.34925842285156,86.5862083124306,84.4215483719848,86.5862083124306,3273726
2011-01-18,86.5862045288086,86.5862045288086,85.34925469328148,85.34925469328148,3369009
2011-01-19,87.51390838623047,87.51390838623047,85.96772813225157,87.2046780145967,4190450
2011-01-20,85.34925842285156,86.5862083124306,85.04001858413929,85.65849826156385,2684977
2011-01-21,84.73078918457031,85.65849924609992,84.4215493423037,84.4215493423037,4136289
2011-01-24,83.18458557128906,85.03999570865314,82.87534581576129,84.73076541839289,3964779
2011-01-25,83.49383544921875,84.4215454681755,83.49383544921875,84.1123056401,2793299
2011-01-26,83.8030776977539,84.42154790649825,83.18460748900957,83.49383786074672,2294818
2011-01-27,85.34925842285156,85.65849826156385,83.49383832111803,83.80307815983032,2188502
2011-01-28,83.18458557128906,85.65847521970869,83.18458557128906,85.65847521970869,5047998
2011-02-08,78.23681640625,83.80307153905959,77.92757659196889,83.80307153905959,11914399
2011-02-09,76.07217407226562,79.16453487037327,75.14446393977914,78.23682947052225,16730709
2011-02-10,76.38140869140625,78.23682894388989,75.1444634339623,75.1444634339623,17209130
2011-02-11,74.5259780883789,78.23681807796602,74.5259780883789,78.23681807796602,9727903
2011-02-14,76.07217407226562,76.69064433883297,74.52598894057634,75.45369907306282,6975725
2011-02-15,77.92756652832031,79.47375120214602,75.14444168764855,76.38138658712867,6162309
2011-02-16,76.69063568115234,76.99987077952616,75.76292565339595,76.69063568115234,6168327
2011-02-17,76.69063568115234,77.61834570890873,76.0721654844047,76.69063568115234,4222545
2011-02-18,77.61833190917969,78.2368067286039,76.9998570897555,78.2368067286039,3435206
2011-02-21,78.54605865478516,78.54605865478516,77.30911348270033,78.54605865478516,2305851
2011-02-22,78.85527801513672,80.40146272090459,77.309098042003,77.61833309010291,8218418
2011-02-23,78.23681640625,78.85528656954293,77.61834151032242,78.54605148789646,4820321
2011-02-24,76.07217407226562,80.09224500285976,76.07217407226562,79.4737747362924,7779112
2011-02-25,76.38140869140625,77.30911881764807,75.76293369636656,76.69064382260838,7487245
2011-03-01,78.85527801513672,79.16451306323663,77.309098042003,77.61833309010291,4647809
2011-03-02,78.54605865478516,79.16452887451003,78.23682354492273,78.85529376464758,3638811
2011-03-03,80.09223175048828,80.40147156523939,78.23681652515499,79.4737615862554,5171364
2011-03-04,81.63841247558594,82.25689210949639,79.16452233575235,80.40147213830386,5924602
2011-03-07,80.71070861816406,82.25689835506934,80.4014782429991,80.4014782429991,3200509
2011-03-08,82.56612396240234,83.49383396486627,79.78299395501057,79.78299395501057,7637692
2011-03-09,80.09223175048828,83.80307166642422,80.09223175048828,82.87536168744023,10374825
2011-03-10,78.23681640625,80.09223162876343,78.23681640625,79.4737614654705,5591613
2011-03-11,76.38140869140625,77.92758908005234,76.07217356020412,77.30911881764807,6213461
2011-03-14,76.69063568115234,77.30911061053492,75.14445545664832,76.0721654844047,5391017
2011-03-15,75.14445495605469,77.61834519183468,74.21674493447848,76.38140007394468,7816223
2011-03-16,74.5259780883789,77.30910808056925,73.90750791187091,76.69063317142647,6332815
2011-03-17,72.97980499267578,73.90751508004976,72.36133002354805,73.28904011092203,6530402
2011-03-18,73.28903198242188,74.21674196690337,72.67055708188931,72.97979689847294,7814217
2011-03-21,73.90750122070312,74.52597134121834,72.97979130729597,73.28902636755357,3882535
2011-03-22,75.45368957519531,76.07216449654649,74.21674446512783,74.21674446512783,5663828
2011-03-23,75.76290893554688,76.07214869831874,74.835199112499,75.45367390540888,3632793
2011-03-24,76.38140869140625,76.69064382260838,75.45369856516443,75.76293369636656,3251661
2011-03-25,76.99987030029297,76.99987030029297,76.38140010739457,76.69063520384377,3589665
2011-03-28,74.21673583984375,76.99986083088902,74.21673583984375,76.07215565563014,5703947
2011-03-29,74.21673583984375,74.83520595668301,73.59826099037019,74.21673583984375,6844335
2011-03-30,72.67056274414062,74.83521796571537,72.67056274414062,74.21674774962834,11189244
2011-03-31,72.0521011352539,73.28904644782605,72.0521011352539,72.67057142522216,9619581
2011-04-01,73.28903198242188,73.59826706637081,72.67055708188931,72.67055708188931,3793270
2011-04-06,78.23681640625,78.23681640625,74.21674141430738,74.83521157760029,12713774
2011-04-07,80.09223175048828,80.40147156523939,78.54605160727142,80.09223175048828,10199303
2011-04-08,80.71070861816406,81.94765851463426,79.78299856212894,81.01994845859915,11430963
2011-04-11,80.40147399902344,81.63841436493185,78.23681889341407,81.63841436493185,7345825
2011-04-12,76.38140869140625,78.54606407509202,75.76293369636656,77.92758908005234,6114166
2011-04-13,78.23681640625,78.23681640625,76.69063153274838,76.99986661439483,4126259
2011-04-14,77.61833190917969,77.92756695257475,76.9998570897555,77.61833190917969,3095196
2011-04-15,77.30912780761719,78.54607320890057,77.30912780761719,78.54607320890057,2552584
2011-04-18,77.92756652832031,78.5460413443774,76.69062162884019,78.5460413443774,3568602
2011-04-19,77.92756652832031,78.5460413443774,76.07215154541716,76.07215154541716,5449190
2011-04-20,80.40147399902344,80.71070435786572,78.85528907636828,79.16452416784539,6287681
2011-04-21,81.9476547241211,81.9476547241211,80.71070488486637,81.01994471099748,10360783
2011-04-22,81.63841247558594,81.94765229254116,81.0199423069449,81.94765229254116,5061037
2011-04-25,81.9476547241211,82.5661249111136,81.32918453712858,82.2568945502522,2854481
2011-04-26,82.25689697265625,82.25689697265625,80.7107072617363,80.7107072617363,5913570
2011-04-27,82.8753662109375,83.80307624055769,82.8753662109375,82.8753662109375,6164315
2011-04-28,81.9476547241211,83.1846045633758,80.09223469787386,82.87536473724471,5807254
2011-04-29,79.1645278930664,82.25689788389343,78.23682257498035,81.9476580452297,9330722
2011-05-03,80.09223175048828,80.40147156523939,78.54605160727142,78.54605160727142,3921651
2011-05-04,81.63841247558594,81.94765229254116,79.16452233575235,81.63841247558594,4365971
2011-05-05,80.71070861816406,82.25689835506934,80.4014782429991,81.63841867419917,3640817
2011-05-06,81.01994323730469,81.01994323730469,79.16452324480618,79.78299342054918,1919703
2011-05-09,82.56612396240234,83.18460360755802,81.01994378005233,81.63841395993842,4535475
2011-05-10,82.56612396240234,82.56612396240234,81.32918360263017,82.56612396240234,1401163
2011-05-11,76.99987030029297,81.32918531375621,76.99987030029297,81.01994548467212,13180160
2011-05-12,73.90750122070312,74.83520640147594,72.0520813938888,74.21673628096073,16269338
2011-05-13,75.45368957519531,76.07216449654649,74.21674446512783,74.83521465384415,5413083
2011-05-16,75.76290893554688,75.76290893554688,74.835199112499,75.14443887527088,4688931
2011-05-17,72.67056274414062,75.45369291443747,72.67056274414062,75.45369291443747,6882448
2011-05-18,73.28903198242188,73.59826706637081,72.67055708188931,72.67055708188931,5280689
2011-05-19,70.81515502929688,72.67057061104994,70.81515502929688,72.67057061104994,8134167
2011-05-20,71.4336166381836,71.7428564747879,70.50590659364069,70.815146430245,3606716
2011-05-23,67.10430908203125,70.50590956705263,66.79507396502073,70.50590956705263,11044815
2011-05-24,67.72278594970703,67.72278594970703,65.86736573029071,66.176605588617,6861386
2011-05-25,66.17660522460938,67.72278557719457,66.17660522460938,67.72278557719457,5514384
2011-05-26,68.03201293945312,68.65048784950696,66.48583276327068,67.10430294068975,4574591
2011-05-27,68.95970916748047,69.26894419443809,67.72276432701616,68.03199935397379,4192456
2011-05-30,68.95970916748047,69.26894419443809,68.03199935397379,68.95970916748047,2086198
2011-05-31,70.50590515136719,71.12438007928924,69.26896002815802,69.26896002815802,3305822
2011-06-01,71.12438201904297,72.05209206990973,70.50590707425344,70.50590707425344,5205466
2011-06-02,69.8874282836914,71.12437328880527,69.57819321557156,70.50589841993111,4140301
2011-06-03,70.81515502929688,71.12439017081645,69.88744487210255,69.88744487210255,8360841
2011-06-07,69.57820892333984,71.12438934563463,68.65049877690878,71.12438934563463,6233520
2011-06-08,66.17660522460938,69.26896592977978,65.86736536798408,68.9597308057898,11386831
2011-06-09,64.63040161132812,67.41353112728417,64.32116657598877,66.1765862532928,11221340
2011-06-10,64.93964385986328,66.17659360388326,64.93964385986328,65.55811873187328,4753122
2011-06-13,64.63040161132812,65.55811144998015,63.393456737336756,64.93963664666748,5776161
2011-06-14,65.5581283569336,65.5581283569336,64.63041827903206,65.5581283569336,4351930
2011-06-15,66.17660522460938,67.41355045320459,65.86736536798408,66.79507547258933,10742918
2011-06-16,66.79508209228516,67.10431724692174,65.24890158646645,65.55813674110303,6483262
2011-06-17,67.10430908203125,67.41354893167698,66.17660373099967,67.41354893167698,3861473
2011-06-20,66.17660522460938,67.41355045320459,65.86736536798408,67.10431059657931,4297769
2011-06-21,67.10430908203125,67.41354893167698,66.4858388480102,66.4858388480102,4491344
2011-06-22,65.24888610839844,67.10430132871988,64.93964629448264,67.10430132871988,8748994
2011-06-23,62.77499008178711,64.01193984896003,62.46575500631117,63.702700040849514,17146946
2011-06-24,61.8472900390625,63.70270538006355,61.723593158923784,62.77499534324554,11137089
2011-06-27,63.393470764160156,64.01194570432034,61.53805067631464,61.723593631626194,6065020
2011-06-28,63.70270538330078,64.63041542016593,63.70270538330079,64.01194521734581,7971685
2011-06-29,64.01194763183594,64.32118274491016,63.08423755997815,64.01194763183594,6852359
2011-06-30,65.24888610839844,65.24888610839844,63.702701236723456,64.01194105063925,5586598
2011-07-01,64.93964385986328,67.10429881294654,64.63040879017552,65.86735380156102,6849350
2011-07-04,64.93964385986328,66.17659360388326,64.93964385986328,66.17659360388326,3056080
2011-07-05,65.86735534667969,66.48583023319789,64.93964538321968,64.93964538321968,4270688
2011-07-06,67.72278594970703,67.72278594970703,65.86736573029071,66.79507583999887,3587659
2011-07-07,66.79508209228516,67.41355713419411,66.17661178301198,67.41355713419411,4479308
2011-07-08,66.79508209228516,67.41355713419411,65.86737189573961,67.41355713419411,3893568
2011-07-11,65.86735534667969,67.41354019665789,64.93964538321968,67.41354019665789,2405146
2011-07-12,65.24888610839844,65.55812118967957,64.32117613192038,65.55812118967957,2065135
2011-07-13,63.70270538330078,65.86736055844115,62.15652514361551,65.86736055844115,8264555
2011-07-14,62.465763092041016,65.55812844498793,62.15652797653688,65.55812844498793,5036965
2011-07-15,62.77499008178711,64.01193984896003,62.15651993083522,63.39346496537357,4495356
2011-07-18,64.3211898803711,64.63042502775025,62.15653438344558,63.70271485297709,3231601
2011-07-19,63.393470764160156,64.01194570432034,63.084235660397574,63.702705867922745,2929704
2011-07-20,64.63040161132812,64.63040161132812,63.70269177267611,63.70269177267611,4721026
2011-07-21,66.17660522460938,66.48584034859935,64.63042013938886,64.93965526337884,4688931
2011-07-22,67.72278594970703,67.72278594970703,66.48584071430794,67.4135508240161,5285704
2011-07-25,66.79508209228516,67.72279228883069,66.17661178301198,67.72279228883069,5668842
2011-07-26,66.59719848632812,67.57179238674307,65.29774160971121,67.57179238674307,7095080
2011-07-27,65.94746398925781,66.59719487827012,65.2977380720543,65.94746398925781,5012894
2011-07-28,66.92206573486328,66.92206573486328,65.29774577834712,65.62260877528848,4276706
2011-07-29,66.27233123779297,67.24692507537945,65.94746331072498,67.24692507537945,2595712
2011-08-01,68.87125396728516,69.19611696567534,65.94747206634521,65.94747206634521,6060005
2011-08-02,67.89664459228516,68.87123833809721,67.57178166761723,68.87123833809721,2174460
2011-08-03,67.5718002319336,67.5718002319336,65.947475218719,67.5718002319336,4070092
2011-08-04,65.62260437011719,67.57179216453731,65.62260437011719,66.59719826732724,5268653
2011-08-05,62.11407470703125,63.08866870431691,61.07450910240909,61.07450910240909,12209275
2011-08-08,57.825862884521484,62.11407339920328,57.825862884521484,62.11407339920328,9775043
2011-08-09,58.47559356689453,58.67051335563368,53.79754349620207,53.79754349620207,12895313
2011-08-10,55.94165802001953,59.12532674474818,55.356903554622434,58.54057227935109,12890298
2011-08-11,56.59136962890625,57.37104370734818,54.12240419974451,55.226941234585055,12554300
2011-08-12,53.472679138183594,57.176135142936715,53.40770753419037,56.591375791569824,11194259
2011-08-15,54.77213668823242,54.77213668823242,53.60262791606806,53.86251930675007,5013897
2011-08-16,53.14780807495117,55.35688702151577,53.082836480825065,55.09699070139424,10051865
2011-08-17,51.913326263427734,53.407702855207134,51.71840649671545,53.27775468679599,10419959
2011-08-18,49.054527282714844,50.74381887720559,48.729659307627834,50.74381887720559,12272463
2011-08-19,45.93583297729492,46.39064423853562,45.67594153827313,45.74091812688629,19052608
2011-08-22,45.805885314941406,46.3906397532508,44.7013480488437,45.805885314941406,13045760
2011-08-23,48.98955154418945,48.98955154418946,46.45560913721742,46.45560913721742,10570406
2011-08-24,49.50932693481445,50.41894918956853,49.05452077924623,49.76922326915175,11467070
2011-08-25,49.70425033569336,50.67884425942212,49.24943917504538,50.02911331966656,5477273
2011-08-26,52.04328155517578,52.1082531623698,49.444362577510006,49.444362577510006,8047911
2011-08-29,53.927494049072266,54.44727686067824,52.822956817362,53.60263103477095,9057912
2011-08-30,53.927494049072266,54.837116455287536,53.79754586026595,54.44727686067824,8861328
2011-08-31,55.226959228515625,55.291930846602504,54.05744524389978,54.252365069970814,6920562
2011-09-01,55.876678466796875,56.65635263381001,55.42186729308689,56.65635263381001,7622648
2011-09-02,55.876678466796875,57.17613541181876,55.681758682091264,57.17613541181876,4655833
2011-09-05,53.927494049072266,54.5772200776749,53.08284822316498,54.5772200776749,4441195
2011-09-06,51.588470458984375,53.21279047277102,51.45852227254047,52.95289907169277,9191308
2011-09-07,51.97829818725586,52.62802908976295,51.65343522190676,51.97829818725586,4469278
2011-09-08,51.84835433959961,51.97829753538605,50.743812316370715,51.97829753538605,5726012
2011-09-09,51.32858657836914,52.173232512675256,50.93874693372921,51.00371855056577,13651560
2011-09-13,49.70425033569336,50.02911331966656,49.50933055658577,50.02911331966656,14371700
2011-09-14,47.430198669433594,49.8341976352258,46.650524538535635,49.37938648258305,11356742
2011-09-15,47.75505828857422,49.05452005380846,47.69008669185513,48.14489781250624,9403940
2011-09-16,51.06867980957031,51.06867980957031,48.404789628996795,48.46976122633038,19072667
2011-09-19,50.35398483276367,51.58847022524446,49.70425384710712,51.32857882534374,10562382
2011-09-20,51.32858657836914,51.65344963436222,50.029124410776255,50.613883877736136,7015845
2011-09-21,51.913326263427734,52.04327443183888,50.48392126994948,50.87376080337405,8924516
2011-09-22,50.80879592895508,51.06868732836174,50.35398473704104,51.00371074965293,7826252
2011-09-23,50.09409713745117,51.458525844880576,48.59972023455663,49.57431429921045,9819174
2011-09-26,49.37938690185547,49.89916966020083,49.37938690185547,49.89916966020083,2300836
2011-09-27,49.834197998046875,51.068683290575336,49.57430661918873,50.02911280333363,7963661
2011-09-28,48.209877014160156,49.24944261288829,47.43020281511405,49.11949939895204,15375683
2011-09-29,46.52058029174805,47.625117376108584,46.390632120277346,47.365226004976165,16324502
2011-09-30,47.1053466796875,47.1053466796875,45.80588949172643,46.780483625649794,13364708
2011-10-03,46.780479431152344,47.625125284640646,46.45561143443316,46.65053123810271,7778109
2011-10-04,46.52058029174805,47.105334633843746,46.19571234897579,46.19571234897579,8438070
2011-10-05,44.8312873840332,46.52058391382654,44.83128738403321,46.13074434087063,16477958
2011-10-06,45.351070404052734,45.61096179678002,44.89625922382765,45.156150616554925,17489965
2011-10-07,44.96123123168945,45.15615102093279,44.96123123168945,45.15615102093279,10858261
2011-10-11,46.780479431152344,47.4302054809711,45.805885384614406,45.805885384614406,21287247
2011-10-12,46.325660705566406,46.780471849817836,46.00079773330496,46.195712533576426,7674802
2011-10-13,47.040367126464844,47.300258520207485,46.650527549946176,47.040367126464844,8653711
2011-10-14,45.93583297729492,46.84545549977632,45.87086136049204,46.78048388297345,6127204
2011-10-17,46.52058029174805,46.650523491409764,46.00079754948321,46.19571234897579,7984723
2011-10-18,45.22111892700195,46.13073614936126,44.83127942327047,46.13073614936126,7859351
2011-10-19,46.06577682495117,46.06577682495117,45.35107419229858,45.80588541051476,3997878
2011-10-20,45.93583297729492,46.52059244395166,45.80588974368917,46.4556158553385,3585653
2011-10-21,45.545989990234375,46.13074437833376,45.48101838529209,45.935824591697504,3207530
2011-10-24,47.56015396118164,47.755068794218246,46.26069688188841,46.520588297747054,14116943
2011-10-25,47.690093994140625,48.27485336957675,47.300259382326054,47.94998539262018,9124109
2011-10-26,48.53474044799805,48.59971204888246,47.10533539768654,47.56014654749557,6906520
2011-10-27,48.01496887207031,48.66469497574662,47.75507246442753,48.599723359741034,7731972
2011-10-28,48.14490509033203,49.05452746913735,48.14490509033204,49.05452746913735,13862186
2011-10-31,46.325660705566406,48.339820082843595,45.80587796122448,48.209871910853614,12753893
2011-11-01,46.19571304321289,46.455604418251,45.481015490714874,46.0007982407911,7208417
2011-11-02,46.52058029174805,46.52058029174805,45.48101480721837,45.48101480721837,6000829
2011-11-03,46.39064025878906,46.52058845305714,45.93582903656557,46.52058845305714,4717014
2011-11-04,46.39064025878906,47.43020592569427,46.39064025878906,47.04037128650974,13487072
2011-11-07,47.62511444091797,47.94997739185957,46.52057742463132,46.52057742463132,9735926
2011-11-08,48.07993698120117,48.534748203687506,47.62512575871484,48.27485678681101,13322583
2011-11-09,47.040367126464844,48.27485248969474,47.040367126464844,48.0799327014354,7913512
2011-11-10,45.93583297729492,46.650535677557414,45.4810266878645,46.52059244395166,8207385
2011-11-11,46.39064025878906,46.455611870018174,45.93582903656557,45.93582903656557,3344938
2011-11-14,47.23527908325195,47.43019885971068,46.780472900593736,46.780472900593736,4458246
2011-11-15,46.91041946411133,47.75506526019302,46.52058485507727,47.170310860737196,6292696
2011-11-16,45.805885314941406,47.10534238441218,45.740913704420315,46.910422581039114,7797166
2011-11-17,45.870853424072266,45.935825029633975,45.481018818892586,45.545990424454295,3696984
2011-11-18,45.870853424072266,45.935825029633975,45.545990424454295,45.610962030016005,5443172
2011-11-21,45.481021881103516,45.80588490259432,44.83129086631214,45.61096510097593,5973748
2011-11-22,43.466854095458984,45.48101340247753,43.27193433017778,45.48101340247753,9000742
2011-11-23,41.712589263916016,43.206965956226284,41.51766948409093,43.206965956226284,11720824
2011-11-24,42.75215530395508,42.75215530395508,41.452695890062195,41.58264158286102,8859322
2011-11-25,43.53183364868164,45.74091312468843,43.46686203898402,45.4810217140882,15286418
2011-11-28,43.92167282104492,44.5064322842284,43.92167282104492,44.116592642106085,7419043
2011-11-29,44.18155288696289,44.63636402844174,44.11658128726848,44.246529458466284,4960739
2011-11-30,42.23237609863281,43.79172454388164,41.90750811034871,43.79172454388164,16690590
2011-12-01,43.14198684692383,44.18155231583198,43.01204364921477,44.18155231583198,17817939
2011-12-02,41.51767349243164,43.40188495449483,41.45269939758213,43.14199354690647,19394624
2011-12-05,41.712589263916016,42.297343631582045,40.9329126305203,41.58264108676289,9634625
2011-12-06,41.842533111572266,42.297344280876054,41.582641725085715,41.71258990423363,6346857
2011-12-07,42.297340393066406,42.492260157967365,42.037449030468075,42.232368795369034,5971742
2011-12-08,42.23237609863281,42.297347707565756,41.712593283549865,42.297347707565756,4248623
2011-12-09,41.77756118774414,41.77756118774414,41.19280432967831,41.582641406420656,7236500
2011-12-12,42.23237609863281,42.427295897241336,41.90750811034871,41.90750811034871,4098176
2011-12-13,41.712589263916016,41.90750407193189,41.452695395514375,41.90750407193189,4359954
2011-12-14,42.297340393066406,42.817123118263076,41.582637902968784,41.582637902968784,6030918
2011-12-15,41.582645416259766,42.03745662593586,41.5176738068231,41.9724850164992,5510372
2011-12-16,41.842533111572266,42.16739610172814,41.71258990423363,42.16739610172814,4140301
2011-12-19,41.257781982421875,41.647619092836656,41.062862184262066,41.58264499814844,5382993
2011-12-20,41.77756118774414,42.03745257223904,41.387724111001795,41.387724111001795,5357919
2011-12-21,44.37648391723633,44.50643212140511,42.75216368189302,43.206974938768425,16088802
2011-12-22,44.63636779785156,44.96123079556633,44.181556617965256,44.376476405317874,7499281
2011-12-23,45.93583297729492,46.4556158553385,45.15615866022955,45.15615866022955,9619581
2011-12-26,46.52058029174805,46.650523491409764,45.93582097784336,46.13074074914493,5436151
2011-12-27,46.39064025878906,46.58556006428625,45.67593761983927,45.93582903656557,6756073
2011-12-28,45.28609848022461,46.19571586246601,45.156150298870486,46.130744257693635,7577513
2011-12-29,46.71550369262695,46.78048027623046,44.961235371530194,45.15615517872092,9176264
2011-12-30,46.780479431152344,47.170314066681634,46.65053123810271,46.91042265239217,7244524
2012-01-02,46.455604553222656,47.105335478610186,45.67593042584306,46.78047250182096,9005757
2012-01-03,46.91041946411133,47.10533925453309,46.13074527423373,46.780476251703135,11154140
2012-01-04,46.91041946411133,47.56015044158073,46.91041946411133,47.040367648328996,9904427
2012-01-05,47.36522674560547,47.43019834645226,46.520581019169995,46.910415596059806,11056851
2012-01-06,48.07993698120117,48.07993698120117,47.105342924961846,47.1703145362285,8272579
2012-01-09,48.209877014160156,48.33982519990594,47.36523120814593,48.14490540719203,5551494
2012-01-10,49.1194953918457,49.31441516865831,48.40479285807226,48.40479285807226,6587572
2012-01-11,49.1194953918457,49.24943859518135,48.72965583822051,49.18446699351353,3565593
2012-01-12,49.834197998046875,50.02911280333363,49.05452386147245,49.1194954632347,7276619
2012-01-13,50.61387634277344,51.068687536541496,50.15906514900537,50.353984942307335,8677782
2012-01-16,50.483924865722656,51.0037076327716,49.37938772869595,50.93873602984279,6781147
2012-01-17,50.873756408691406,50.87375640869141,49.89916263112824,50.48391690894277,3507421
2012-01-18,51.913326263427734,51.913326263427734,50.613869438360624,50.87376080337405,5131245
2012-01-30,50.61387634277344,53.27776195459859,50.02911696286754,52.56306433217397,13853159
2012-01-31,49.70425033569336,50.61387265698932,48.599713207099,50.61387265698932,14598373
2012-02-01,49.70425033569336,50.159061496341344,48.98954779350499,49.57430713082776,9008766
2012-02-02,52.62803268432617,52.62803268432617,50.15906204669777,50.15906204669777,11984608
2012-02-03,51.84835433959961,52.69300002763796,51.00370367975243,52.62802842974474,7209420
2012-02-06,51.97829818725586,52.173217955188875,51.00370431939967,52.173217955188875,6132219
2012-02-07,51.71840286254883,52.36813371533131,51.45851151579754,52.10824236858002,3097202
2012-02-08,53.40770721435547,53.60262699697714,51.848358897000594,52.498084876660485,8987703
2012-02-09,54.57721710205078,54.57721710205078,53.21278853892803,53.40770832560539,6483262
2012-02-10,51.913326263427734,54.38229671695969,51.65343489841431,53.992457183535116,9415976
2012-02-13,51.263607025146484,52.36814930654369,51.13366379898799,51.978309684448206,6784156
2012-02-14,51.06867980957031,51.913325490333236,49.76922300385475,51.32857117071343,8609580
2012-02-15,50.743812561035156,51.263595290304735,50.48392119640036,51.133652093891776,7944604
2012-02-16,50.61387634277344,51.65344194463784,50.483928156635606,51.068687536541496,4343906
2012-02-17,51.3935546875,51.783389333722695,50.80880023226098,51.328583075097875,5263639
2012-02-20,51.198638916015625,51.9133416242304,51.068695680964034,51.783393417368465,2896606
2012-02-21,51.133663177490234,51.65344601942658,51.00371498110118,51.198634789779796,5556509
2012-02-22,51.6534423828125,51.97830539319854,51.19863118518628,51.328579372426454,7727960
2012-02-23,52.498077392578125,52.6929971474122,51.653431750708535,51.653431750708535,9435032
2012-02-24,52.23820114135742,52.82296057486762,51.71841829277725,52.69301237681758,5302755
2012-02-29,52.498077392578125,52.82294530790444,52.2381860434022,52.628025553070366,6849350
2012-03-01,51.3935546875,52.628040182190105,51.3935546875,52.43312037317378,6628694
2012-03-02,51.32858657836914,51.97831269035529,51.13366675604917,51.39355819520569,6064017
2012-03-05,51.3935546875,51.978309142739015,51.198634878483674,51.978309142739015,6835308
2012-03-06,51.06867980957031,52.30316004614351,50.418948920808134,51.913325490333236,9744953
2012-03-07,52.10824966430664,52.17322126713907,50.67884457113791,50.67884457113791,7414028
2012-03-08,52.30317306518555,52.693012689841524,51.91333841233959,52.498092877513535,9659700
2012-03-09,54.77213668823242,55.35689604612396,52.30316599084866,52.69300556277635,17611325
2012-03-12,54.77213668823242,55.74673064624229,54.642193478796095,55.74673064624229,14955434
2012-03-13,55.226959228515625,55.6167988806577,54.967067784357695,55.22695922851562,7813214
2012-03-14,56.39645767211914,58.280668880084725,56.00661812740404,56.20153789976159,20165915
2012-03-15,56.20154571533203,57.17613974084099,55.94165430665029,57.04619155059526,5751087
2012-03-16,56.59136962890625,56.78628939146892,56.00661531302699,56.52639803198828,7949619
2012-03-19,57.37104034423828,58.215690941893236,56.591366311501105,57.30606875112896,13675632
2012-03-20,56.85126876831055,57.9558109261131,56.266514372409425,57.50099974183025,8760027
2012-03-21,59.25527572631836,59.385218955096335,57.50100733514505,57.630955535733115,20624277
2012-03-22,58.86542510986328,59.38520787158436,58.60553372900274,59.125316490723826,10964577
2012-03-23,58.47559356689453,58.67051335563368,57.95581077812975,58.47559356689453,7028883
2012-03-26,56.52640151977539,58.47558932205322,56.00661876874251,58.47558932205322,11890327
2012-03-27,58.150726318359375,58.150726318359375,56.20153851699497,57.176132417677174,7448129
2012-03-28,57.825862884521484,58.930405045033275,57.69591967258449,58.86542846725532,5448187
2012-03-29,56.52640151977539,57.825858397357585,56.201538543332106,57.825858397357585,8136173
2012-03-30,56.20154571533203,56.20154571533203,55.35689988006881,55.87668269743229,6323788
2012-04-02,54.83711624145508,56.20154487364786,54.77213966140046,56.20154487364786,5313788
2012-04-03,54.57721710205078,55.5518110636282,54.18738250050544,55.5518110636282,5746072
2012-04-05,56.20154571533203,56.20154571533203,52.36814619432395,53.60263162851464,11436980
2012-04-06,54.96705627441406,55.811702048108316,54.70716488467665,55.811702048108316,5178385
2012-04-09,54.12240982055664,54.8371123763051,53.86251843408532,53.92749003775083,2583676
2012-04-10,54.51225280761719,55.2269554734085,54.44728119394799,54.967064046921664,4396061
2012-04-11,54.38230895996094,55.42187465405037,53.9924693387724,54.252360762294764,4182426
2012-04-12,54.77213668823242,55.551810860278444,54.44727369283225,55.551810860278444,4058057
2012-04-13,57.825862884521484,57.825862884521484,55.032029137971946,55.29192053365541,10784040
2012-04-16,57.890830993652344,58.41061370898207,56.65634580179207,57.43601987478666,9482172
2012-04-17,56.13657760620117,58.150737392018925,56.13657760620118,57.825869382054115,5408068
2012-04-18,56.52640151977539,57.6959151955039,56.52640151977539,57.630943594577055,5110183
2012-04-19,58.47559356689453,58.99537635565931,56.39646241183541,56.52640562312188,11118033
2012-04-20,58.670501708984375,60.424769515779126,58.47558195893864,58.735473301730146,13436923
2012-04-23,58.150726318359375,59.32023502173077,57.69591516846648,58.67050906914867,9024814
2012-04-24,59.12532043457031,59.84002302256203,58.15073142019198,58.15073142019198,9127118
2012-04-25,59.77505111694336,60.35980551700705,59.12532013879854,60.09991412011102,6323788
2012-04-26,57.825862884521484,59.840022444020654,57.825862884521484,59.77505083805215,7460165
2012-04-27,55.29192352294922,58.60554024001252,54.70716909399973,57.95581420158192,16645456
2012-04-30,56.39645767211914,56.39645767211913,55.16197240960002,55.29191560996571,7993750
2012-05-02,60.29482650756836,60.29482650756836,57.17613012773827,57.24110172603251,22264150
2012-05-03,62.373958587646484,62.373958587646484,60.099907858769505,60.42477579990119,16041662
2012-05-04,62.04910659790039,62.633861040515264,61.464352155285525,62.37396962470756,9144168
2012-05-07,60.81462097167969,61.7242434105456,60.294838141416264,61.7242434105456,6745040
2012-05-08,61.39937210083008,62.24402288330421,60.55472629016551,61.39937210083008,5705953
2012-05-09,60.74964904785156,61.07451207213997,60.03494641696923,60.489757634058876,5824304
2012-05-10,60.42478942871094,61.074515513902085,60.22986961442957,60.22986961442957,4413112
2012-05-11,61.009521484375,61.009521484375,59.5151450769467,60.3597906660899,5542467
2012-05-14,61.659263610839844,61.91915501241175,61.20445738694619,61.39937220926794,5676866
2012-05-15,61.85417938232422,62.1790473420187,61.204453406553746,61.659259600869376,7785130
2012-05-16,58.86542510986328,62.179046430596664,58.73548190533759,62.0490982542618,9139153
2012-05-17,58.47559356689453,59.77505053880649,58.08575398941623,59.2552677500417,9498220
2012-05-18,57.30607986450195,58.540565232025116,57.111165047374165,57.176136653083425,8715896
2012-05-21,58.540565490722656,59.64510267989894,57.69591969734135,59.64510267989894,7364882
2012-05-22,59.12532043457031,59.71007980936872,58.73548582318089,59.64510323096256,6290690
2012-05-23,57.17613983154297,58.800459895428176,57.11116822222189,58.800459895428176,6263610
2012-05-24,54.12240982055664,57.30607806187805,53.79754185861053,57.17613485454702,13469018
2012-05-25,53.732574462890625,54.57722029211665,53.66760285413701,54.57722029211665,8626630
2012-05-28,53.60263442993164,53.927497464809605,53.01787500097936,53.73257765515884,6011862
2012-05-29,55.55180740356445,56.85126427611573,54.25235053101318,54.25235053101318,10522263
2012-05-30,54.31732940673828,55.74673464389813,54.252357797360936,55.74673464389813,9390901
2012-05-31,54.05742263793945,54.96704479800775,53.407696785154926,53.6026165297136,12551291
2012-06-01,53.60263442993164,54.25236049968756,52.82296016313856,53.667606042545245,7690850
2012-06-04,49.899169921875,51.78338118780558,49.899169921875,51.45851820508841,12625512
2012-06-05,51.32858657836914,51.45852981204225,50.15907261625966,50.74382711140925,8681794
2012-06-06,52.23820114135742,53.47268664968784,50.743824208736925,51.523498481607184,16168037
2012-06-07,54.9020881652832,55.032031382520096,53.21279153853599,53.537654553437875,12887290
2012-06-08,53.60263442993164,55.097006379094246,53.27776642324372,55.097006379094246,10442024
2012-06-11,55.55180740356445,55.55180740356445,54.057430757178224,54.90208145319334,10222372
2012-06-12,55.55180740356445,55.87667535055906,54.772133280033685,54.90208145319334,7999768
2012-06-13,58.150726318359375,58.47558929465042,55.681755766205676,56.20153851699497,14062782
2012-06-14,57.17613983154297,57.56597445927915,56.52640882290306,57.17613983154297,11856226
2012-06-15,58.08575439453125,58.47559397472846,56.65635420136357,56.65635420136357,7531376
2012-06-18,58.47559356689453,59.77505053880649,58.21570217251214,59.32023935568495,4953718
2012-06-19,57.6959228515625,59.12532312067508,56.91624862155298,59.12532312067508,9020802
2012-06-20,57.17613983154297,58.08575727746719,56.85127184131816,58.08575727746719,5506360
2012-06-21,57.63094711303711,58.345644710483924,56.98121614867437,56.98121614867437,6823272
2012-06-22,56.00661849975586,57.436023544135715,55.68175552487282,57.436023544135715,9057912
2012-06-25,55.876678466796875,56.20154146010002,55.291919112680034,55.87667846679688,6399012
2012-06-26,56.20154571533203,56.59138034244979,55.35689988006881,55.55181470772283,11067884
2012-06-27,58.08575439453125,58.150730972437096,56.52640601736134,57.17613699375354,10101011
2012-06-28,57.825862884521484,58.60553707157186,57.56597148883803,58.60553707157186,7361873
2012-06-29,59.06035614013672,59.06035614013671,57.11117289824546,57.825870602913184,11413912
2012-07-02,58.28066635131836,59.12531203247366,58.08574658741827,59.12531203247366,9836224
2012-07-03,58.28066635131836,58.86542067120981,58.215694753954594,58.80044907384605,7683829
2012-07-04,58.60552978515625,58.99536931611748,58.47558658937506,58.99536931611748,9436035
2012-07-05,60.42478942871094,60.42478942871094,58.93041247223719,59.645110171585436,9811150
2012-07-06,61.13947677612305,61.139476776123054,60.164882841541306,60.879585391688536,6000829
2012-07-09,61.07450485229492,61.07450485229492,59.77504793694514,59.77504793694514,4567570
2012-07-10,61.46434020996094,62.04909453893137,61.13947227448058,61.39936363977954,6244553
2012-07-11,62.04910659790039,62.04910659790039,60.74964951886189,61.464352155285525,5326826
2012-07-12,60.48974609375,61.724231316701086,60.48974609375,61.724231316701086,7259569
2012-07-13,60.87958908081055,61.33440027408347,60.424782859347175,60.554726073533985,8720911
2012-07-16,60.359798431396484,61.39936389694646,60.229855234107184,61.39936389694646,3655862
2012-07-17,60.42478942871094,61.074515513902085,60.099921414305285,60.099921414305285,5473261
2012-07-18,59.969974517822266,60.42478573272279,59.7100831052805,60.42478573272279,5731027
2012-07-19,62.26224136352539,62.32976958118072,60.3714099295876,60.3714099295876,7978705
2012-07-20,66.24650573730469,66.51662386516205,62.464846779851506,62.8024983152609,14223259
2012-07-23,66.178955078125,67.52955053278681,65.50366251824302,66.31401669057075,11714806
2012-07-24,65.77378845214844,66.31402463172729,64.62578786240573,66.17896300310781,4582615
2012-07-25,65.77378845214844,66.51661449093176,65.03096241336512,65.36860873373952,5812269
2012-07-26,64.28812408447266,66.31401195432449,64.28812408447266,66.1114221338496,6720968
2012-07-27,66.58412170410156,67.3269475084104,65.50364968599706,66.04388569504931,10999681
2012-07-30,66.58412170410156,66.85423970862769,65.9088241090623,66.58412170410156,4080122
2012-07-31,68.54248809814453,68.54248809814453,66.24648723629846,66.31401545754127,8017822
2012-08-01,67.52955627441406,68.88014667645943,66.8542584896667,68.54249520036107,5252606
2012-08-02,67.52955627441406,67.52955627441406,67.52955627441406,67.52955627441406,0
2012-08-03,66.854248046875,67.32695590561514,66.04389393222701,66.17895036761072,6232517
2012-08-06,65.50366973876953,68.88014841271838,65.43614150882742,68.20485061094882,7612618
2012-08-07,66.04391479492188,66.98933081105079,65.50367854783397,66.65167928103321,4819318
2012-08-08,66.854248046875,67.19189430278286,66.24648375275115,66.98930964970727,4354939
2012-08-09,67.86719512939453,68.542487672527,67.12436919798978,67.39448724873253,6095109
2012-08-10,70.90602111816406,70.90602111816406,68.20484064084036,68.20484064084036,7173312
2012-08-13,69.8930892944336,71.5813259694898,69.55543782546295,71.5813259694898,5719994
2012-08-14,69.8930892944336,72.25662373998182,69.21779152394156,70.90602819899776,9875341
2012-08-15,70.56837463378906,71.2436723347719,69.21778439927212,70.56837463378906,3873508
2012-08-16,69.55543518066406,70.90602550284358,69.55543518066406,70.90602550284358,2797311
2012-08-17,68.54248809814453,70.2307298013565,68.20484182448168,69.89308352769365,4177411
2012-08-20,70.23074340820312,72.93192445574368,69.55544556259308,72.93192445574368,7368894
2012-08-21,69.8930892944336,72.25662373998182,69.21779152394156,71.5813259694898,7886431
2012-08-22,70.23074340820312,70.90603608636336,68.88015288443286,70.23074340820312,6906520
2012-08-23,68.88014221191406,70.56837881318344,68.88014221191406,69.8930862396553,6182368
2012-08-24,67.86719512939453,69.21778538310826,67.5295488578283,68.542487672527,6676837
2012-08-27,69.21778106689453,69.21778106689453,67.86719089739955,68.8801348163829,2970826
2012-08-28,68.54248809814453,69.55543208658196,68.20484182448168,69.21778581291909,2707043
2012-08-29,70.56837463378906,71.2436723347719,68.5424866982893,68.88013813250507,6323788
2012-08-30,68.88014221191406,70.56837881318344,68.88014221191406,69.5554347854422,5046995
2012-08-31,68.88014221191406,69.8930862396553,68.20484447093689,69.21778849867813,4618722
2012-09-03,69.55543518066406,70.90602550284358,68.54249114716715,69.55543518066406,4198474
2012-09-04,70.90602111816406,70.90602111816406,69.55543087950221,70.2307285825575,3058086
2012-09-05,69.55543518066406,70.56837921416096,69.55543518066406,70.23073292547835,4327858
2012-09-06,72.25662994384766,72.25662994384766,69.89309529536924,70.23074162588053,8426034
2012-09-07,75.2954330444336,75.6330792663852,72.59425293392471,73.60719676722755,11217328
2012-09-10,75.63308715820312,76.30838484001725,75.63308715820312,75.63308715820312,6792180
2012-09-11,75.97075653076172,75.97075653076172,74.28251451110714,75.63310502636092,5409071
2012-09-12,75.97075653076172,76.30840286771272,75.29545868940993,75.97075653076172,4730053
2012-09-13,75.97075653076172,76.30840286771272,75.29545868940993,75.97075653076172,2863507
2012-09-14,76.98368835449219,76.98368835449219,76.30839574363486,76.64604204906352,3762177
2012-09-17,76.64602661132812,76.64602661132812,75.29543649419459,76.30838037390681,4505386
2012-09-18,75.97075653076172,76.64604920466373,75.63310502636092,75.97075653076172,3912624
2012-09-19,77.32135009765625,77.32135009765625,74.95781531081806,74.95781531081806,6446152
2012-09-20,76.30838775634766,76.98368029652134,75.29544377863836,76.30838775634766,4737074
2012-09-21,76.30838775634766,76.64603402643449,75.6330900487252,76.30838775634766,5140272
2012-09-24,75.63308715820312,75.97073858283447,74.95779464383756,75.97073858283447,5630729
2012-09-25,74.62016296386719,76.30840503139083,74.62016296386719,75.63310717089139,3839407
2012-09-26,76.98368835449219,76.98368835449219,74.28250757616422,74.95780535447088,7602588
2012-09-27,74.95780944824219,76.30839991116778,74.95780944824219,75.63310209598019,6782150
2012-09-28,76.64602661132812,76.64602661132812,74.62013885190369,75.29543649419459,5060034
2012-10-01,75.63308715820312,75.97073858283447,74.62014321920621,75.97073858283447,5253609
2012-10-02,75.97075653076172,76.30840286771272,75.29545868940993,75.63310502636092,5667839
2012-10-03,75.63308715820312,76.30838484001725,75.63308715820312,75.97073858283447,2582673
2012-10-04,75.97075653076172,76.30840286771272,75.29545868940993,76.30840286771272,1711083
2012-10-05,75.63308715820312,76.98367735438282,75.29544090102034,76.30838484001725,2244669
2012-10-08,75.97075653076172,76.98369554161472,74.95781235245893,76.30840286771272,4717014
2012-10-09,72.93191528320312,76.6460400483138,72.5942689865883,76.30839375169896,6726986
2012-10-11,67.86719512939453,69.89308309368953,67.86719512939453,69.5554316546745,4614710
2012-10-12,67.86719512939453,68.542487672527,65.23354284279056,65.23354284279056,16471940
2012-10-15,68.20484161376953,69.21778559907756,67.1918976284615,67.8671953411498,6150273
2012-10-16,70.90602111816406,71.24367255341608,68.54248690864364,69.21778461169893,7167295
2012-10-17,71.24368286132812,71.24368286132812,69.89309242725572,70.90603137722292,6336827
2012-10-18,69.21778106689453,71.58131515537285,68.8801348163829,71.58131515537285,3618751
2012-10-19,68.20484161376953,69.55543187169731,67.52954906853006,69.21778559907756,6732001
2012-10-22,68.20484161376953,68.54248788638927,66.6516615252904,66.85425135584177,6194404
2012-10-23,68.54248809814453,69.55543208658196,67.52954927715594,67.52954927715594,3022981
2012-10-24,67.19189453125,67.86719221281044,66.38154041384662,67.5295459557545,7816223
2012-10-25,67.52955627441406,68.20484889171207,67.25943302655563,67.52955627441406,4832357
2012-10-26,67.52955627441406,68.88014667645943,67.1919047983157,68.88014667645943,5582586
2012-10-29,67.86719512939453,68.20484140096077,66.17895343666576,66.17895343666576,4536478
2012-10-30,69.55543518066406,69.89308663679573,67.86719856980193,67.86719856980193,7243521
2012-10-31,67.39449310302734,71.24367953606179,67.39449310302734,70.9060280677163,7313730
2012-11-01,67.86719512939453,68.542487672527,67.39448724873253,67.39448724873253,6772120
2012-11-02,70.56837463378906,70.56837463378906,68.20484043152224,68.5424866982893,5440163
2012-11-05,69.8930892944336,70.23073559595498,68.88014522242017,70.23073559595498,4115226
2012-11-06,71.91896057128906,71.91896057128906,69.21778026364541,70.56837041746724,5046995
2012-11-07,72.93191528320312,72.93191528320312,71.2436786326798,72.5942689865883,4600669
2012-11-08,72.59426879882812,72.59426879882812,70.90602698522214,71.58132474415437,3885544
2012-11-09,72.25662994384766,72.25662994384766,70.56838795639182,71.91897844588667,2701025
2012-11-12,72.25662994384766,72.59427627435895,70.90603428690311,71.24368578486408,1838462
2012-11-13,70.56837463378906,72.25661630252178,70.23072836702201,72.25661630252178,2727102
2012-11-14,70.90602111816406,70.90602111816406,69.21778461169893,70.56837485036078,2215582
2012-11-15,70.90602111816406,71.58131882121936,69.21778461169893,70.2307285825575,3115255
2012-11-16,68.20484161376953,70.90602212962507,68.20484161376953,69.89308331176585,4928643
2012-11-19,67.52955627441406,68.20484889171207,67.46202287872478,67.52955627441406,5285704
2012-11-20,68.54248809814453,69.89308352769365,68.20484182448168,69.55543208658196,4430162
2012-11-21,68.88014221191406,69.8930862396553,68.54249075770096,69.21778849867813,3873508
2012-11-22,70.23074340820312,70.56838974728325,68.88015288443286,69.55544556259308,4240599
2012-11-23,71.24368286132812,71.58132917798386,70.23073874391146,70.23073874391146,4755128
2012-11-26,71.91896057128906,72.25661198533082,70.90601666406059,71.24366807810236,3169416
2012-11-27,72.59426879882812,72.59426879882812,71.58132474415437,71.91897103989591,3116258
2012-11-28,70.23074340820312,71.91898027105351,69.89309706912302,70.90603608636336,7635686
2012-11-29,72.25662994384766,72.25662994384766,70.90603428690311,70.90603428690311,5081096
2012-11-30,70.23074340820312,72.93192445574368,70.23074340820312,72.25663177758345,8251516
2012-12-03,71.91896057128906,71.91896057128906,70.23072417087388,70.23072417087388,3940708
2012-12-04,72.59426879882812,72.93191509456966,71.58132474415437,71.91897103989591,2593706
2012-12-05,72.93191528320312,72.93191528320312,71.91897122590946,72.5942689865883,2416178
2012-12-06,72.25662994384766,72.93192260487024,71.58133211537537,72.93192260487024,5336856
2012-12-07,72.59426879882812,72.59426879882812,71.91897103989591,72.25662250308659,4097173
2012-12-10,71.5813217163086,72.93191200959474,70.90602398594105,72.59426572813544,2720081
2012-12-11,72.25662994384766,72.25662994384766,71.58133211537537,71.58133211537537,4257650
2012-12-12,72.25662994384766,72.93192260487024,71.24368578486408,72.59427627435895,4499368
2012-12-13,72.93191528320312,72.93191528320312,71.91897122590946,72.5942689865883,5680878
2012-12-14,71.5813217163086,72.93191200959474,71.2436754348493,72.93191200959474,5463232
2012-12-17,72.25662994384766,72.93192260487024,71.58133211537537,72.25662994384766,5864424
2012-12-18,72.25662994384766,72.25662994384766,71.58133211537537,71.58133211537537,2600727
2012-12-19,72.25662994384766,72.25662994384766,70.56838795639182,71.24368578486408,3261690
2012-12-20,69.8930892944336,71.91897227101119,69.8930892944336,71.91897227101119,5388008
2012-12-21,71.5813217163086,71.5813217163086,69.21778741119559,69.55543369265489,3783240
2012-12-24,70.23074340820312,70.90603608636336,69.89309706912302,70.23074340820312,1039087
2012-12-25,70.90602111816406,71.58131882121936,70.2307285825575,70.2307285825575,899673
2012-12-26,70.90602111816406,71.24367255341608,70.56837485036078,70.56837485036078,1254727
2012-12-27,70.90602111816406,71.24367255341608,70.56837485036078,71.24367255341608,3581641
2012-12-28,71.91896057128906,71.91896057128906,71.24366807810236,71.24366807810236,2920677
2013-01-02,72.59426879882812,72.59426879882812,71.24367844841284,71.91897103989591,5199448
2013-01-03,71.91896057128906,72.25661198533082,70.90601666406059,71.91896057128906,6456182
2013-01-04,71.24368286132812,71.58132917798386,70.23073874391146,70.90603137722292,4123250
2013-01-07,70.56837463378906,71.58131860153895,69.89308210025496,71.2436723347719,3448245
2013-01-08,70.23074340820312,70.56838974728325,69.55544556259308,69.89309706912302,5005873
2013-01-09,70.23074340820312,71.2436875928933,69.89309706912302,70.56838974728325,4087143
2013-01-10,70.23074340820312,70.90603608636336,69.55544556259308,70.90603608636336,5844364
2013-01-11,69.8930892944336,70.56838189747637,69.55543782546295,70.56838189747637,3329893
2013-01-14,68.88014221191406,69.8930862396553,68.88014221191406,69.5554347854422,5583589
2013-01-15,70.90602111816406,70.90602111816406,69.21778461169893,69.55543087950221,4500371
2013-01-16,71.5813217163086,71.5813217163086,70.23073142302243,71.5813217163086,4809289
2013-01-17,71.91896057128906,72.59425823192419,71.58131432469571,72.25661198533082,4434174
2013-01-18,72.25662994384766,72.59427627435895,70.90603428690311,72.59427627435895,3854452
2013-01-21,70.90602111816406,72.25661652427465,70.90602111816406,72.25661652427465,1202573
2013-01-22,72.25662994384766,72.25662994384766,70.56838795639182,71.91897844588667,2590697
2013-01-23,71.91896057128906,72.59425823192419,71.24366807810236,72.25661198533082,2502435
2013-01-24,71.24368286132812,71.91897549463958,70.90603137722292,71.91897549463958,2110269
2013-01-25,71.5813217163086,71.5813217163086,70.23073142302243,71.2436754348493,3670906
2013-01-28,71.5813217163086,71.5813217163086,70.90602398594105,71.5813217163086,1147409
2013-01-29,71.91896057128906,72.25661198533082,70.90601666406059,71.91896057128906,3020975
2013-01-30,71.91896057128906,71.91896057128906,70.90601666406059,71.24366807810236,2917668
2013-01-31,72.25662994384766,72.25662994384766,70.90603428690311,70.90603428690311,4090152
2013-02-01,71.5813217163086,72.25661944667614,71.2436754348493,72.25661944667614,2900618
2013-02-04,71.5813217163086,72.25661944667614,71.2436754348493,72.25661944667614,3784243
2013-02-05,70.90602111816406,72.25661652427465,70.90602111816406,71.91896508902263,4719020
2013-02-06,72.93191528320312,72.93191528320312,71.58132492929464,71.91897122590946,6757076
2013-02-18,74.2824935913086,74.62013983317,72.93190345641459,74.2824935913086,5640759
2013-02-19,74.2824935913086,74.62013983317,73.94484734944717,74.2824935913086,2903627
2013-02-20,75.97075653076172,76.64604920466373,74.95781235245893,74.95781235245893,6061008
2013-02-21,76.98368835449219,77.65898613279884,76.30839574363486,76.30839574363486,6110154
2013-02-22,76.30838775634766,77.32133173405695,75.9707414862608,77.32133173405695,4502377
2013-02-25,75.2954330444336,77.32132071103928,75.2954330444336,76.30837687773644,3547540
2013-02-26,75.2954330444336,76.30837687773644,74.95778682248199,74.95778682248199,3349953
2013-02-27,74.62016296386719,76.30840503139083,74.62016296386719,75.63310717089139,3971800
2013-03-01,75.2954330444336,75.6330792663852,73.94484298917915,74.62013543308235,3362991
2013-03-04,75.63308715820312,75.97073858283447,74.28249696202343,75.97073858283447,4015931
2013-03-05,75.63308715820312,76.30838484001725,75.29544090102034,76.30838484001725,5332844
2013-03-06,76.98368835449219,77.65898613279884,76.30839574363486,76.30839574363486,4384025
2013-03-07,75.63308715820312,77.32132877901418,75.63308715820312,76.64603109720004,2965811
2013-03-08,75.63308715820312,76.64603109720004,74.95779464383756,74.95779464383756,3447242
2013-03-11,75.63308715820312,76.64603109720004,75.29544090102034,76.30838484001725,2968820
2013-03-12,75.2954330444336,76.64602309968804,75.2954330444336,75.97073065578483,2357003
2013-03-13,80.36016082763672,80.36016082763672,76.983682526611,76.983682526611,7471198
2013-03-14,83.73663330078125,85.42487491752075,81.71074542767327,82.38604310785878,19091724
2013-03-15,81.37310028076172,85.08722465379974,81.37310028076172,84.4119321318557,11370784
2013-03-18,80.36016082763672,82.38604884174194,79.68486826790094,81.71075111455723,6203431
2013-03-19,81.71075439453125,82.38605214882328,80.36016405339633,80.36016405339633,11918411
2013-03-20,80.02251434326172,82.38604863119453,80.02251434326172,82.04840235218953,7509311
2013-03-21,80.36016082763672,81.37310483468933,80.36016082763672,80.69781227495353,5024929
2013-03-22,81.71075439453125,82.04840585540182,81.03546180768835,81.3731081011098,8805161
2013-03-25,82.04841613769531,82.72370880916577,81.7107646345103,82.38606247343054,3952744
2013-03-26,82.04841613769531,83.73665298382123,81.7107646345103,83.06136031235077,4197471
2013-03-27,82.72369384765625,83.0613452897732,81.7107498562031,82.38604757298815,4757134
2013-03-28,84.41194915771484,84.41194915771484,83.39900500303972,83.73665133211487,8361844
2013-03-29,86.10017395019531,87.11311279600557,84.41193737306263,84.41193737306263,10283553
2013-04-01,87.78842163085938,87.78842163085938,85.76253346735436,87.11311868642531,7255557
2013-04-02,88.12605285644531,88.12605285644531,87.11310888862086,87.78841175710212,5530431
2013-04-03,88.12605285644531,89.13899682426977,87.11310888862086,88.46370429068594,4416120
2013-04-08,86.43782806396484,87.11312068902427,85.76253543890542,87.11312068902427,5567541
2013-04-09,86.77547454833984,87.78841859506392,86.43782308779907,87.78841859506392,2948761
2013-04-10,87.11311340332031,87.78841630679963,86.43782083473897,87.78841630679963,3120270
2013-04-11,88.12605285644531,88.80135572492658,88.12605285644531,88.46370429068594,3730082
2013-04-12,88.80137634277344,88.80137634277344,87.78843213976424,87.78843213976424,3131303
2013-04-15,91.1648941040039,91.84018670680288,88.80136482675826,89.47665742955724,6142249
2013-04-16,91.1648941040039,91.1648941040039,88.80136482675826,89.81430889840597,5594622
2013-04-17,91.1648941040039,91.50254557285264,90.1519500323562,90.82725297005368,5155317
2013-04-18,91.1648941040039,91.84018670680288,90.1519500323562,91.1648941040039,3270717
2013-04-19,91.1648941040039,91.84018670680288,90.82725297005368,91.1648941040039,2803329
2013-04-22,91.50254821777344,92.17784084009205,90.82725559545484,92.17784084009205,3768195
2013-04-23,91.1648941040039,91.84018670680288,90.1519500323562,91.1648941040039,3898583
2013-04-24,91.50254821777344,91.84018936148334,91.16489673916475,91.16489673916475,2450280
2013-04-25,93.86607360839844,95.21666913102862,91.50254436241855,91.84018549190232,7202399
2013-04-26,95.89196014404297,97.58019676832508,94.54137497857656,94.54137497857656,6386976
2013-04-29,95.55430603027344,96.56725004367793,94.2037209023327,95.89195747970757,3912624
2013-04-30,95.55430603027344,96.56725004367793,95.55430603027344,95.89195747970757,4984810
2013-05-02,99.60608673095703,101.29432338709562,98.25550154000551,98.25550154000551,12460020
2013-05-03,98.59313201904297,100.28136849279734,97.5801880678109,99.94372739898483,8752003
2013-05-06,98.2554931640625,100.28137077779066,98.2554931640625,99.26843713837533,3397093
2013-05-07,97.24256134033203,99.26844954209501,97.24256134033203,98.25550544121351,4935664
2013-05-08,100.61904907226562,100.95670059879782,98.25551939124107,98.25551939124107,6297711
2013-05-09,99.26844024658203,100.28137391771345,98.59313735263063,100.28137391771345,3713031
2013-05-10,97.91786193847656,99.9437503052574,97.24256926118282,99.26845762796367,4314819
2013-05-13,98.59313201904297,98.93078344775275,97.5801880678109,98.59313201904297,2100240
2013-05-14,97.91786193847656,99.9437503052574,97.58021043237987,98.5931546157703,3062097
2013-05-15,98.59313201904297,99.94372739898483,98.25549092523046,99.26843487646254,3518453
2013-05-16,100.28136444091797,100.6190158559849,98.93077945044391,100.28136444091797,5490312
2013-05-17,99.26844024658203,100.61902536468915,99.26844024658203,100.28137391771345,3132306
2013-05-20,99.26844024658203,100.61902536468915,98.59313735263063,100.61902536468915,2690995
2013-05-21,98.93080139160156,100.2813866816123,98.25550874659618,99.94374552655918,2492405
2013-05-22,98.93080139160156,99.94374552655918,98.5931499016493,99.94374552655918,3671909
2013-05-23,97.24256134033203,98.59314658490815,96.56725838314516,97.91785396262009,4969765
2013-05-24,95.89196014404297,98.25549968595648,94.54137497857656,97.58019676832508,4609696
2013-05-27,96.90489959716797,97.24255103999596,95.89195560358172,97.24255103999596,2566625
2013-05-28,95.2166748046875,97.24256304189984,92.51549393337069,96.22961892329367,6136231
2013-05-29,95.89196014404297,96.90490418559187,94.54137497857656,96.56725272677618,4834363
2013-05-30,95.2166748046875,95.89196743879195,94.20373068608133,95.89196743879195,6356887
2013-05-31,97.24256134033203,98.59314658490815,96.22961723945053,96.56725838314516,7326768
2013-06-03,94.8790054321289,96.90489328738956,93.86606150449857,94.54136434618349,6166321
2013-06-04,96.22962188720703,96.56726304720925,95.21667773740174,96.56726304720925,3076139
2013-06-05,94.2037124633789,95.55429747033156,94.20371246337889,95.21665638604189,3522465
2013-06-06,93.86607360839844,94.20372507278057,92.17783695628447,92.17783695628447,4183429
2013-06-07,95.55430603027344,96.56725004367793,95.2166649157372,95.2166649157372,9095022
2013-06-10,96.90489959716797,97.91784359075422,96.2296070464097,97.24255103999596,4149328
2013-06-11,97.24256134033203,97.91785396262009,96.22961723945053,97.24256134033203,5762120
2013-06-13,92.51548767089844,95.55430948611689,92.51548767089844,95.21666835936944,5968733
2013-06-14,90.1519546508789,92.51549438410818,88.46371788994314,92.51549438410818,8306680
2013-06-17,90.82723236083984,91.50252481041113,89.1389857345674,89.81428851903483,5539458
2013-06-18,93.5284423828125,94.54138654832306,91.50255405179136,92.51549821730194,6851356
2013-06-19,93.5284423828125,94.54138654832306,92.17784671716527,93.86608354804972,4847402
2013-06-20,90.48959350585938,92.51548147015437,90.15194206684434,91.50253748800688,4430162
2013-06-21,91.1648941040039,93.86607485009829,88.46371335790953,88.80136482675826,14502087
2013-06-24,92.1778335571289,93.52842902995445,89.81430439830666,90.15194551533956,5696926
2013-06-25,89.47664642333984,92.17782683717124,89.47664642333986,91.16488289012231,4378007
2013-06-26,89.47664642333984,91.50253431743769,89.47664642333986,90.82724179770416,5166349
2013-06-27,91.50254821777344,91.50254821777344,89.13900853731016,89.81431149452756,8230453
2013-06-28,92.1778335571289,93.86607014698735,91.50254098816511,93.19077757802357,11632562
2013-07-01,95.89196014404297,96.22961160285867,92.51548689547874,93.86607206094516,5012894
2013-07-02,98.2554931640625,98.59313426556844,96.22960521543682,97.5801902912556,8829232
2013-07-03,98.2554931640625,98.93078570197189,96.90489775334622,98.93078570197189,4220539
2013-07-04,97.58019256591797,98.59313656384323,96.5672485679927,98.25549545446664,4142307
2013-07-05,99.94374084472656,100.61903345809807,98.5931452830849,98.5931452830849,7314733
2013-07-08,100.8478775024414,101.54820693342445,100.14753735338806,100.8478775024414,5108177
2013-07-09,102.24851989746094,104.34951857011819,101.19802056113231,102.24851989746094,5483291
2013-07-10,102.9488754272461,103.29903478000793,101.19803579115614,101.54820586198817,5795218
2013-07-11,101.5482177734375,103.99937640256826,101.5482177734375,103.64921700873326,5687899
2013-07-12,101.5482177734375,102.24854727917895,100.14754804388319,101.5482177734375,5935635
2013-07-15,101.5482177734375,101.89838788534394,100.49771815578963,101.5482177734375,3391075
2013-07-16,104.34954071044922,104.34954071044922,101.19804203279509,101.54821212522472,6764097
2013-07-17,103.64921569824219,104.349545195129,101.89838659698951,104.349545195129,4131274
2013-07-18,102.9488754272461,103.64920485083995,101.54820586198817,102.24853528558204,3363994
2013-07-19,102.9488754272461,104.34953427443382,102.9488754272461,102.9488754272461,4061066
2013-07-22,101.89836120605469,104.349519193417,101.89836120605469,103.99934917319297,4016934
2013-07-23,102.9488754272461,104.34953427443382,100.14753629673025,101.8983759328202,5447184
2013-07-24,101.89836120605469,102.94886054865815,100.84786186345123,102.94886054865815,2609753
2013-07-25,100.14753723144531,101.5482068097762,100.14753723144531,100.8478773796459,3305822
2013-07-26,98.04656219482422,101.54822053689435,97.34622195195281,100.14755076922326,7606600
2013-07-29,92.09371948242188,99.09703502919282,91.3933793532888,99.09703502919282,10087972
2013-07-30,97.34620666503906,98.04654679793146,91.74354991032013,92.09371997676634,7738993
2013-07-31,101.89836120605469,101.89836120605469,95.94553517065799,97.34619381541684,5402050
2013-08-01,99.09705352783203,102.24855254301738,98.74689411597053,102.24855254301738,3347947
2013-08-02,100.14753723144531,101.5482068097762,99.09703772721471,99.09703772721471,2277767
2013-08-05,99.79737091064453,100.8478703415617,96.99604266755524,99.79737091064453,2810349
2013-08-06,97.69637298583984,99.79737186782538,97.34620293281904,99.79737186782538,4534472
2013-08-07,96.64588165283203,99.09704007540559,95.59538212370893,96.64588165283203,3980827
2013-08-08,94.54486846923828,97.3461965556811,94.54486846923828,95.94553787149415,4138295
2013-08-09,94.54486846923828,96.29569718350642,93.8445391271448,95.94553787149415,3592674
2013-08-12,95.24520874023438,95.94554888075724,93.84454989532897,94.8950493880431,3039029
2013-08-13,98.04656219482422,98.04656219482422,96.29572230571743,96.99606254858884,2591700
2013-08-14,97.34620666503906,98.39670614630761,95.94554783539435,98.04654679793146,2856487
2013-08-15,95.24520874023438,97.34620772566267,94.8950493880431,96.64587830320995,6348863
2013-08-16,96.64588165283203,97.69638118195513,93.8445531478606,94.19472323025848,6419072
2013-08-19,93.14423370361328,96.29572191134086,93.14423370361328,96.29572191134086,6705924
2013-08-20,89.6425552368164,92.79405383140852,89.29239051265127,91.74355429987781,8266561
2013-08-22,87.19139862060547,88.24189823853402,85.09040474378408,87.54156873260546,13489078
2013-08-23,89.99271392822266,91.7435426864537,87.89171513111773,87.89171513111773,7487245
2013-08-26,90.34286499023438,91.39336429275428,90.34286499023438,91.0432050039598,2119296
2013-08-27,91.04322814941406,92.0937277189971,90.34288795764473,90.34288795764473,6147264
2013-08-28,92.09371948242188,93.49437830454808,89.99272053116259,90.34287987765916,5680878
2013-08-29,96.99605560302734,98.04655517403998,93.49438679362822,93.49438679362822,7601585
2013-08-30,94.8950424194336,96.29570116148174,93.49437295931605,95.59537179045768,5289716
2013-09-02,94.54486846923828,95.24519781133175,93.14420978505133,93.14420978505133,3555564
2013-09-03,96.99605560302734,97.34621498131759,95.2452158392923,95.94555603201471,3846428
2013-09-04,95.94554901123047,97.34620785804059,95.59537894049285,96.99604850537315,3562584
2013-09-05,97.69637298583984,98.04654303886063,96.29570349182627,97.34620293281904,5260630
2013-09-06,95.59539031982422,97.34621944578437,95.59539031982422,96.64588993901461,3097202
2013-09-09,96.64588165283203,97.69638118195513,95.24521204131105,96.64588165283203,3871502
2013-09-10,95.59539031982422,96.99606005143521,93.84456119386408,96.64588993901461,3480340
2013-09-11,95.94554901123047,95.94554901123047,93.8445500229451,94.19472009368272,3622763
2013-09-12,95.59539031982422,95.94556043224483,94.89506081305446,95.94556043224483,2730111
2013-09-13,95.24520874023438,96.29570823294853,94.54487931778168,95.24520874023438,2655891
2013-09-16,94.54486846923828,95.94553787149415,93.4943690970636,93.4943690970636,4037997
2013-09-17,94.54486846923828,94.89503849931948,92.79403975497013,94.194709157226,6353878
2013-09-18,94.8950424194336,95.59537179045768,94.19471304840951,94.54487237488686,3726070
2013-09-23,100.8478775024414,101.19803685889778,95.59537997489278,95.94555004941945,12325621
2013-09-24,101.5482177734375,101.5482177734375,99.09704842623532,100.49771815578963,5848376
2013-09-25,99.09705352783203,101.54822300122241,98.74689411597053,101.54822300122241,3646835
2013-09-26,99.79737091064453,101.54819972281663,98.74687147972736,99.09703081132007,5117203
2013-09-27,101.5482177734375,101.89838788534394,99.79738865004819,99.79738865004819,5116200
2013-09-30,100.4977035522461,102.9488725432635,100.14753349122365,100.84787361326855,5172367
2013-10-01,101.5482177734375,103.64921700873326,99.79738865004819,101.5482177734375,4468275
2013-10-02,100.4977035522461,102.9488725432635,100.14753349122365,102.2485324212186,2894600
2013-10-03,103.9993667602539,104.34953683969428,100.14753875869155,100.14753875869155,8801149
2013-10-04,103.64921569824219,103.64921569824219,102.24854598639726,102.94888620135538,4312814
2013-10-07,103.64921569824219,103.99937508764994,102.59871609387632,103.29904559076313,3048056
2013-10-08,102.24851989746094,102.59868991559333,101.19802056113231,102.24851989746094,3480340
2013-10-09,102.9488754272461,102.9488754272461,101.8983759328202,102.24853528558204,1217617
2013-10-11,103.64921569824219,106.10037429638166,103.64921569824219,103.64921569824219,4019943
2013-10-14,102.9488754272461,104.34953427443382,102.9488754272461,104.34953427443382,1615800
2013-10-15,102.9488754272461,104.69970434526584,101.8983759328202,104.34953427443382,3232604
2013-10-16,102.24851989746094,104.34951857011819,101.8983605973971,103.64918925192197,2880558
2013-10-17,102.24851989746094,103.64918925192197,101.19802056113231,102.94885993372573,2402137
2013-10-18,103.29903411865234,103.64920418724246,102.59870469954222,102.94887476813234,2393110
2013-10-21,103.29903411865234,103.64920418724246,102.59870469954222,103.64920418724246,2171451
2013-10-22,103.29903411865234,103.99936353776246,101.8983752804321,103.99936353776246,5234552
2013-10-23,103.64921569824219,103.99937508764994,102.94888620135538,103.99937508764994,3983836
2013-10-24,104.69971466064453,104.69971466064453,102.94888557012703,103.64921506271979,3668900
2013-10-25,105.04985046386719,105.04985046386719,104.34952112850068,104.69969115521835,7290661
2013-10-28,108.55154418945312,110.6525434093499,105.40004535960796,105.75021546894787,7288655
2013-10-29,108.90167999267578,109.95217937508656,107.15085126134748,108.55152067725155,6355884
2013-10-30,106.80069732666016,108.90168547926278,105.40002784018883,107.85119676199625,5937641
2013-10-31,106.80069732666016,107.1508566597258,105.40002784018883,105.40002784018883,4535475
2013-11-01,104.69971466064453,107.8512134544188,103.64921506271979,107.8512134544188,2834421
2013-11-04,105.75021362304688,106.8007132146585,104.34954392820768,104.34954392820768,2300836
2013-11-05,102.9488754272461,105.75020383969174,102.9488754272461,105.40003376885971,3853449
2013-11-06,101.5482177734375,103.99937640256826,101.5482177734375,103.64921700873326,3974809
2013-11-07,101.5482177734375,102.59871739108539,101.19804766153106,102.24854727917895,7121158
2013-11-08,101.5482177734375,103.29904689682682,101.5482177734375,101.5482177734375,5898525
2013-11-11,101.89836120605469,102.24852050821008,101.19802116560663,102.24852050821008,5289716
2013-11-12,102.24851989746094,102.94885993372573,101.5481905792647,102.94885993372573,4336885
2013-11-13,101.5482177734375,102.94888750299182,101.5482177734375,102.94888750299182,2416178
2013-11-14,100.14753723144531,102.24853623990651,98.3967082970844,102.24853623990651,3560579
2013-11-15,100.8478775024414,101.89837700795113,99.44720792240501,100.8478775024414,3308831
2013-11-18,103.29903411865234,104.34953360635258,102.24853463095211,102.94887476813234,5188415
2013-11-19,103.29903411865234,103.99936353776246,102.59870469954222,103.64920418724246,3315851
2013-11-20,101.89836120605469,103.64918987103756,101.89836120605469,103.29901985081354,2259713
2013-11-21,101.5482177734375,103.29904689682682,100.49771815578963,103.29904689682682,4554532
2013-11-22,106.45053100585938,106.45053100585936,102.2485331172648,102.94887324407719,6651763
2013-11-25,105.04985046386719,108.20134855011972,105.04985046386719,107.15084918803555,3167410
2013-11-26,108.55154418945312,109.2518736900616,105.04987525026804,106.10037486021643,4187441
2013-11-27,110.30236053466797,112.75352958022975,108.55153162673533,109.25186104629435,6097115
2013-11-28,110.65254211425781,112.40337120432274,109.95220190377485,111.35287160666954,2997907
2013-11-29,110.65254211425781,112.75354130956421,109.60204251660461,110.65254211425781,4619725
2013-12-02,113.45387268066406,114.85453168868108,110.6525439465586,112.05320295457561,3073130
2013-12-03,112.75353240966797,113.45386184680108,111.35286281733136,113.45386184680108,2466327
2013-12-04,111.70304870605469,112.05320811514972,110.6525490426258,111.35287857888775,2230627
2013-12-05,106.80069732666016,111.3528544010702,106.80069732666016,109.95218491459887,7056967
2013-12-06,107.8511962890625,109.25185505132228,106.8006968583329,106.8006968583329,4587630
2013-12-09,110.65254211425781,110.65254211425781,108.90170230612165,110.65254211425781,4117232
2013-12-10,113.45387268066406,113.80403207363261,110.6525439465586,112.05320295457561,5803242
2013-12-11,113.10370635986328,114.15420601011525,111.35287718213392,113.45387648263785,5620699
2013-12-12,113.10370635986328,113.45387648263785,110.30237753188196,112.05320670961132,3892565
2013-12-13,111.35285949707031,112.75352904764247,111.35285949707031,111.70302956423086,3531492
2013-12-16,108.55154418945312,111.00270280061847,107.50104457950474,109.95220319067008,4171393
2013-12-17,110.30236053466797,111.35286002304157,109.25186104629435,109.95219046585339,4849408
2013-12-18,110.30236053466797,112.05318944260061,109.25186104629435,111.35286002304157,5421106
2013-12-19,114.15418243408203,114.15418243408205,111.35285418465341,111.70302423510806,5234552
2013-12-20,116.25518035888672,117.65584983128898,114.85451088648445,114.85451088648445,6290690
2013-12-23,115.90499114990234,117.30566039074652,114.85449189878612,116.95549040101855,2592703
2013-12-24,116.95549011230469,117.30566010116823,116.6053308415088,116.6053308415088,1891620
2013-12-25,116.60539245605469,117.65589225966407,114.85455230465682,117.30572208576983,683029
2013-12-26,115.90499114990234,116.60533112935829,115.2046618885141,115.2046618885141,1547598
2013-12-27,115.90499114990234,116.95549040101855,115.2046618885141,115.90499114990234,2862504
2013-12-30,116.25518035888672,116.95550973605312,114.85451088648445,115.90501031126878,3133309
2013-12-31,119.0565414428711,120.10704115757257,116.25521244302469,116.25521244302469,3613736
2014-01-02,117.6558609008789,119.05651978699196,116.9555207397519,119.05651978699196,2008968
2014-01-03,116.25518035888672,118.35617920845537,115.55485098172032,118.35617920845537,1892623
2014-01-06,115.20469665527344,117.3056957915506,114.15419708713486,117.3056957915506,2070150
2014-01-07,115.20469665527344,116.25519622341201,114.85452655987027,116.25519622341201,2402137
2014-01-08,115.55487823486328,116.60537790740364,115.20470810465916,115.20470810465916,3917639
2014-01-09,115.55487823486328,116.25520777719952,114.1542084321188,114.85453797445504,3772207
2014-01-10,113.10370635986328,115.55487578314178,112.40337683238589,114.85453553759262,4089149
2014-01-13,115.90499114990234,116.95549040101855,114.50433262712585,114.85449189878612,3331899
2014-01-14,115.55487823486328,116.25520777719952,114.50437856232293,115.55487823486328,2658899
2014-01-15,116.25518035888672,116.95550973605312,114.15418150931806,114.15418150931806,3421164
2014-01-16,118.35619354248047,121.15752210848221,117.30569399047097,117.65586408049772,3782237
2014-01-17,116.95549011230469,118.70631862048708,116.25516085264526,118.35615934969121,2553587
2014-01-20,119.75685119628906,120.45719136891468,116.95552265999859,118.00602220086635,4141304
2014-01-21,120.45719909667969,121.1575285961633,119.05652937964108,119.7568588791247,2483378
2014-01-22,120.45719909667969,122.20802820442442,119.05652937964108,120.45719909667967,3780231
2014-01-23,117.6558609008789,119.75684923004847,117.6558609008789,119.75684923004847,4543499
2014-01-24,119.0565414428711,119.40671158712907,117.30571215772615,117.65588230198411,3093190
2014-01-27,116.60539245605469,116.95555191187559,114.50439284883592,116.25522228216045,7117146
2014-02-05,111.00269317626953,112.7535328530934,109.25186421751609,112.05319269513568,19002459
2014-02-06,109.60204315185547,112.40337185581002,109.2518730445844,111.70304235933921,11771976
2014-02-07,109.25186920166016,111.35286833524145,108.90169910670629,110.65253886340466,7681823
2014-02-10,109.60204315185547,111.35287225206815,109.2518730445844,110.65254275559734,10181249
2014-02-11,110.65254211425781,111.35287160666954,109.25187241136314,109.60204251660461,7088059
2014-02-12,116.60539245605469,117.65589225966407,111.35289343800778,112.05322306772293,9312669
2014-02-13,114.85449981689453,117.30566847783933,114.50434052109415,116.60533916817015,3321869
2014-02-14,114.85449981689453,119.05649711104651,114.85449981689453,116.25516915430133,4151334
2014-02-17,114.85449981689453,115.90499914043252,113.80400049335653,114.85449981689453,2864510
2014-02-18,117.3056869506836,117.30568695068361,114.85451790373821,115.55485804176267,3082157
2014-02-19,118.00602722167969,118.3561973228912,115.90502805055274,118.3561973228912,3942714
2014-02-20,115.90499114990234,117.30566039074652,114.15416263739789,115.55483187824207,6098118
2014-02-21,115.90499114990234,117.6558303804745,115.55483187824207,116.25516113963032,5255615
2014-02-24,113.80401611328125,116.6053551725866,113.4538567694205,116.25518511065596,4811295
2014-02-25,114.50434875488281,115.20467811491133,112.75351999577687,114.15417871583394,4785217
2014-02-26,115.90499114990234,116.25516113963032,114.15416263739789,114.15416263739789,5698932
2014-02-27,118.00602722167969,118.00602722167967,116.6053682529758,116.95552763611622,6165318
2014-03-03,116.95549011230469,118.00598936082766,115.55483159298583,117.65583009003178,6914544
2014-03-04,114.15418243408203,116.60535135112556,114.15418243408205,116.60535135112556,5468246
2014-03-05,118.70633697509766,120.45717647206602,115.55484946030711,115.55484946030711,9927496
2014-03-06,120.1070327758789,120.45720289570018,117.3057039715238,118.35620361291592,6594593
2014-03-07,118.70633697509766,121.15750584001177,118.35617765015944,121.15750584001177,2655891
2014-03-10,116.60539245605469,119.05655151909436,116.25522228216045,117.65589225966407,3261690
2014-03-11,119.0565414428711,119.0565414428711,116.25521244302469,116.95554201346818,3875514
2014-03-12,122.55819702148438,122.55819702148438,119.05653853667083,119.7568680900191,7444117
2014-03-13,130.9622039794922,130.9622039794922,126.05987531633355,126.05987531633355,15617401
2014-03-14,127.11034393310547,130.26184245531385,126.76017385794778,129.91167238015618,9033840
2014-03-17,125.3595199584961,127.81067842747062,125.00934986946942,127.46050833844394,5787194
2014-03-18,125.3595199584961,127.46050833844394,123.95885032046012,126.76017887846133,7161277
2014-03-19,125.3595199584961,126.76017887846133,124.30902040948679,125.3595199584961,5576568
2014-03-20,123.25849914550781,124.30899850944621,122.55815909083633,123.25849914550781,5338862
2014-03-21,121.15750885009766,123.95883710954732,120.80733879839036,123.2585077242023,7357861
2014-03-24,123.60868835449219,123.95885846653061,121.15752972443751,121.15752972443751,9835221
2014-03-25,126.4100112915039,126.7601706397013,123.25851284930724,123.95884226377204,5259627
2014-03-26,128.86117553710938,128.86117553710938,125.70967694974006,126.76017647886316,5391017
2014-03-27,126.76016235351562,128.51099113426272,123.60866411732925,128.51099113426272,6909529
2014-03-28,126.05986022949219,126.41003034854978,124.65919047133345,125.35953070944863,2916665
2014-03-31,131.66249084472656,131.66249084472656,126.76016377289979,127.81066319672478,6518367
2014-04-01,130.26185607910156,130.26185607910156,127.8106867327761,128.86118635004823,5566539
2014-04-02,133.413330078125,133.76350015280678,130.6120016348817,131.66250114085673,5801236
2014-04-03,129.56150817871094,133.41333630778826,129.56150817871094,133.41333630778826,5009885
2014-04-07,128.86117553710938,133.76350310032703,125.3595175854127,129.5615049838346,12098947
2014-04-08,128.86117553710938,130.6120045129577,128.5110054547115,129.5615049838346,3832386
2014-04-09,129.56150817871094,130.26184836077647,128.86117871471617,128.86117871471617,3167410
2014-04-10,129.56150817871094,129.56150817871094,127.81067915968865,128.86117871471617,4722029
2014-04-11,128.86117553710938,128.86117553710938,126.05984703213794,127.81067600798626,5819289
2014-04-14,126.05986022949219,128.86118902773802,125.35953070944863,128.86118902773802,2174460
2014-04-15,128.16082763671875,128.16082763671875,126.05982888099187,128.16082763671875,4648812
2014-04-16,126.76016235351562,128.1608318089549,126.76016235351562,128.1608318089549,3838404
2014-04-17,128.16082763671875,129.56148632849067,127.1103282588553,128.16082763671875,3439218
2014-04-18,129.21133422851562,129.21133422851562,127.81066474047464,129.21133422851562,1889614
2014-04-21,129.21133422851562,130.26183366502897,128.16083479200228,129.21133422851562,1804361
2014-04-22,129.91165161132812,130.61198093161235,128.86115227186747,129.21132229104387,4091155
2014-04-23,129.21133422851562,129.91166361350133,127.81066474047464,129.21133422851562,6713948
2014-04-24,128.86117553710938,129.91167506623248,128.5110054547115,129.5615049838346,3752148
2014-04-25,128.16082763671875,130.26182639244564,127.1103282588553,128.8611569826047,3982833
2014-04-28,132.3628387451172,133.06317893772442,125.70968194184516,127.11035160898868,8533353
2014-04-29,130.26185607910156,132.71301470735557,129.2113564618294,132.71301470735557,5108177
2014-04-30,129.56150817871094,130.26184836077647,128.86117871471617,129.56150817871094,6703918
2014-05-02,129.56150817871094,130.96217782477123,129.56150817871094,130.26184836077647,4371989
2014-05-05,132.01268005371094,132.01268005371094,129.56151080297474,130.96218047740558,2905633
2014-05-06,132.7130126953125,132.7130126953125,130.61201349262117,132.36284258884018,1881590
2014-05-07,130.26185607910156,132.3628445955744,129.56151585553917,132.3628445955744,3595683
2014-05-08,129.21133422851562,131.6624924350004,129.21133422851562,131.6624924350004,1960825
2014-05-09,126.05986022949219,129.21135914679562,126.05986022949219,128.86118902773802,3723061
2014-05-12,125.00935363769531,128.8611818608136,124.65918353811327,126.05985321837039,4578603
2014-05-13,127.81067657470703,127.81067657470703,125.70967750714486,126.0598475910954,5489309
2014-05-14,129.91165161132812,129.91165161132812,128.51098225269104,128.86115227186747,3165404
2014-05-15,132.01268005371094,132.01268005371094,130.26185099922566,130.26185099922566,3101214
2014-05-16,132.7130126953125,132.7130126953125,130.61201349262117,131.3123537055658,2679962
2014-05-19,132.7130126953125,133.06318280178482,131.3123537055658,132.7130126953125,3124282
2014-05-20,132.3628387451172,132.71300884142082,131.31234989234827,132.71300884142082,2592703
2014-05-21,130.61199951171875,132.36282842052643,130.2618401607993,132.36282842052643,1973864
2014-05-22,133.06317138671875,133.76350082151308,130.61200228783312,130.61200228783312,3881532
2014-05-23,132.3628387451172,133.7635084122607,130.96217979604464,132.3628387451172,3758166
2014-05-26,135.864501953125,136.56483139879123,132.36283328865287,132.36283328865287,4011920
2014-05-27,134.11366271972656,136.5648209510708,134.11366271972656,135.8644915589824,1950796
2014-05-28,136.21466064453125,136.21466064453125,133.7634917125639,133.7634917125639,3684948
2014-05-29,137.61532592773438,137.96549599688353,136.21466708727797,137.26515585858522,4567570
2014-05-30,136.56483459472656,139.01600378902717,136.56483459472656,138.31566360890085,6208446
2014-06-03,140.06651306152344,140.06651306152344,136.56484407209425,137.96551381148024,4415117
2014-06-04,136.21466064453125,138.3156488058423,135.8644905919446,137.96548947132527,3444233
2014-06-05,134.46385192871094,137.61535097033823,133.06319283336907,137.61535097033823,3643826
2014-06-06,134.46385192871094,135.16419219445393,133.06319283336907,133.06319283336907,3403111
2014-06-09,135.864501953125,137.6153309263258,133.0631734523896,133.0631734523896,2530518
2014-06-10,137.9654998779297,137.9654998779297,134.8140013211442,135.86450084007268,2671938
2014-06-11,137.61532592773438,137.96549599688353,137.26515585858522,137.96549599688353,3032008
2014-06-12,135.864501953125,137.6153309263258,135.864501953125,137.26516084445745,2651879
2014-06-13,135.16416931152344,136.21466881421912,133.7634997352391,135.86449874063047,4033985
2014-06-16,133.413330078125,134.8139996587818,132.36283057215,133.76350015280678,3167410
2014-06-17,134.46385192871094,135.16419219445393,132.36285256762605,133.4133522481685,3783240
2014-06-18,138.66580200195312,140.06647132396213,135.86447407600346,135.86447407600346,6824275
2014-06-19,140.76681518554688,144.26847277564588,139.71631576490327,139.71631576490327,5133251
2014-06-20,143.5681610107422,143.5681610107422,140.41666236226106,142.1674913720603,5176379
2014-06-23,143.5681610107422,144.26849047104773,142.86783155043662,144.26849047104773,5353907
2014-06-24,143.5681610107422,147.0698190303407,142.86783155043662,143.91833109993033,4580609
2014-06-25,143.5681610107422,144.96883064942404,142.51766146124848,144.26849047104773,2412166
2014-06-26,146.36949157714844,146.36949157714844,142.86783350953291,143.21799288545193,3079148
2014-06-27,146.36949157714844,147.06982104705736,144.26849244935076,144.9688326373306,4036994
2014-06-30,152.32232666015625,152.32232666015625,146.36949906617545,147.77016879572975,4009914
2014-07-01,152.32232666015625,153.37282627780414,149.52099791911905,152.32232666015625,4523439
2014-07-02,149.87115478515625,151.9721431166916,148.4704851793955,151.9721431166916,7319748
2014-07-03,150.08706665039062,151.8866805635718,148.2874637538599,149.72715268107473,8283611
2014-07-04,151.88671875,152.60655788625976,148.28750103539483,150.08710438437083,5461226
2014-07-07,149.3672637939453,151.52679219835366,147.56766046248936,150.44702799614947,5395029
2014-07-08,150.8069305419922,151.52676956371644,147.92756343844374,150.0870805036165,5093132
2014-07-09,148.6474151611328,150.8069434274748,148.6474151611328,150.8069434274748,1752206
2014-07-10,149.72720336914062,150.80696767592835,148.64743906235287,148.64743906235287,3796279
2014-07-11,149.72720336914062,149.72720336914062,147.56767475556512,147.9275998633791,2400131
2014-07-14,147.56765747070312,149.00734671667146,147.56765747070312,147.92758253635841,3712028
2014-07-15,148.28750610351562,149.36727035313567,147.56766694265343,148.6474311922735,2706040
2014-07-16,148.6474151611328,150.08709332759256,147.56765102796183,149.3672542443627,3053071
2014-07-17,147.56765747070312,149.00734671667146,146.48789329039008,148.28749658536086,3813329
2014-07-18,143.96844482421875,147.20772621223315,143.96844482421875,145.40812299296906,3544531
2014-07-21,146.8478240966797,147.92758831920332,145.40813479443042,147.20773815975204,2366029
2014-07-22,149.72720336914062,149.72720336914062,146.12798534096342,146.12798534096342,2476357
2014-07-23,149.72720336914062,149.72720336914062,149.72720336914062,149.72720336914062,0
2014-07-24,150.447021484375,153.3263888934079,150.08709642700114,151.16686058247006,3176437
2014-07-25,147.9275665283203,150.08708363860057,146.48787743814847,149.72716962854636,2480369
2014-07-28,146.12799072265625,147.56768019027973,144.3283871506178,146.12799072265625,5619696
2014-07-29,148.28750610351562,149.36727035313567,145.04822437130903,146.12797760427551,6139240
2014-07-30,147.56765747070312,150.80695001164227,147.56765747070312,150.80695001164227,3607719
2014-07-31,148.28750610351562,149.72719544189354,146.4879026930334,148.28750610351562,5848376
2014-08-01,145.0482177734375,149.00734950306907,143.96845357293316,148.28749935829745,5492318
2014-08-04,147.20773315429688,147.92758328927133,145.40812985016657,147.5676582217841,5739051
2014-08-05,145.40814208984375,148.64743491993633,145.40814208984375,148.64743491993633,5313788
2014-08-06,145.0482177734375,147.56766023017892,144.6882927010517,147.56766023017892,5891504
2014-08-07,149.72720336914062,150.08711746030042,145.76807124980363,146.84783555659135,6625685
2014-08-08,149.72720336914062,149.72720336914062,146.84783555659135,149.72720336914062,4062069
2014-08-11,149.3672637939453,149.72718886689773,146.12797118733278,147.92758553544178,3517450
2014-08-12,148.28750610351562,148.6474311922735,146.84782778179127,147.9275920314113,2089207
2014-08-13,149.3672637939453,149.72718886689773,148.28749959174112,149.72718886689773,2645861
2014-08-14,149.3672637939453,149.72718886689773,148.64742466469355,149.72718886689773,1728134
2014-08-15,149.3672637939453,149.72718886689773,147.92758553544178,149.72718886689773,1594738
2014-08-18,149.3672637939453,149.72718886689773,147.56766046248936,149.72718886689773,1336972
2014-08-19,149.3672637939453,149.72718886689773,149.00734973764597,149.72718886689773,2571640
2014-08-20,149.3672637939453,150.08710292319705,149.3672637939453,149.72718886689773,6323788
2014-08-21,149.3672637939453,149.72718886689773,148.64742466469355,149.3672637939453,2114281
2014-08-22,149.3672637939453,150.8069530691019,148.64742466469355,150.44702799614947,6511346
2014-08-25,149.00735473632812,149.36726880470135,148.2875045662748,149.36726880470135,3081154
2014-08-26,149.00735473632812,150.08710795810123,149.00735473632812,149.36726880470135,3554561
2014-08-27,150.447021484375,151.16686058247006,149.7271823862799,150.447021484375,7208417
2014-08-28,151.1668701171875,151.1668701171875,150.44703097368918,150.806956053765,3230598
2014-08-29,151.1668701171875,152.60655942083739,150.0871058936134,151.1668701171875,5441166
2014-09-01,156.92559814453125,156.92559814453125,151.52677765179664,153.32638081049083,5484294
2014-09-02,154.76608276367188,156.56568607139187,153.32639350750412,156.2057610031867,3809318
2014-09-03,156.2057647705078,161.9645109174135,155.1260005565038,155.84585071027527,6420074
2014-09-04,150.8069305419922,154.76606168645276,149.7271665010801,154.40613666726492,6624682
2014-09-05,149.00735473632812,152.60656151998097,146.84782625947506,152.60656151998097,7024871
2014-09-09,147.56765747070312,151.5267891263,147.20773240504784,151.5267891263,4841384
2014-09-10,147.56765747070312,148.64742165101617,145.40812911007703,148.28749658536086,4615713
2014-09-11,143.96844482421875,146.12796207734422,143.2485947231912,146.12796207734422,7313730
2014-09-12,138.92955017089844,143.24859572397617,137.1299359224092,142.52875663457195,7602588
2014-09-15,145.0482177734375,145.76805690155604,137.48986836990707,138.92955764279722,5808257
2014-09-16,141.8089141845703,144.68828149060417,141.8089141845703,144.68828149060417,4413112
2014-09-17,141.44898986816406,143.60851811296845,140.36922574576187,141.80891491451555,5150302
2014-09-18,138.92955017089844,143.24859572397617,138.20970006484174,143.24859572397617,5478276
2014-09-19,138.20970153808594,142.52875815385505,137.48986244100863,140.00931580575815,8540374
2014-09-22,137.84979248046875,139.2894707266607,136.77002828749826,138.20970653369022,5242576
2014-09-23,136.77003479003906,140.00932752295813,136.77003479003906,138.56963819166515,6567513
2014-09-24,135.33033752441406,138.209705001531,135.33033752441406,136.77002677129897,5450193
2014-09-25,136.05018615722656,137.48987550482818,133.8906686608046,136.7700363393542,4420132
2014-09-26,137.4898681640625,137.4898681640625,131.01128297073592,134.61050063924614,8010801
2014-09-29,134.97042846679688,136.77003182946814,133.5307391666679,136.77003182946814,9978648
2014-09-30,138.20970153808594,139.64939074889318,133.89065593896942,133.89065593896942,7389956
2014-10-01,137.84979248046875,140.36923491963117,137.48986741059426,139.2894707266607,5587601
2014-10-02,137.4898681640625,138.9295574347972,136.0501788933278,137.12994309221554,3883538
2014-10-03,137.1299285888672,138.92954274111523,136.4100895379591,138.20969267355525,4253638
2014-10-06,140.00930786132812,140.00930786132812,136.7700155833057,137.12992960309577,5807254
2014-10-07,142.52874755859375,142.8886725887027,137.8497772504362,139.64938036767742,7888437
2014-10-08,136.77003479003906,141.80893092458422,136.77003479003906,141.4490058375976,4955724
2014-10-09,136.41009521484375,139.28946255495663,136.41009521484375,138.20969842533276,7430075
2014-10-13,132.81088256835938,133.89064664736935,128.13190122043224,129.57159033132947,9214377
2014-10-14,135.69024658203125,135.69024658203125,131.011265344155,131.011265344155,6497304
2014-10-15,133.5307159423828,134.97040499211434,132.8108769258427,134.97040499211434,6097115
2014-10-16,134.6105194091797,137.12996221345728,131.37122636083316,131.37122636083316,5946668
2014-10-17,133.17080688476562,136.0501743126362,133.17080688476562,135.3303352098317,6920562
2014-10-20,133.17080688476562,135.6902602695603,132.45096778196117,133.8906570042228,6561495
2014-10-21,132.81088256835938,133.89064664736935,131.73111848934943,133.5307216154821,4319834
2014-10-22,133.5307159423828,135.33031899205872,132.8108769258427,135.33031899205872,4492347
2014-10-23,133.5307159423828,133.89064095897854,132.45095190924698,132.8108769258427,3402108
2014-10-24,133.17080688476562,133.8906570042228,132.45096778196117,133.8906570042228,5935635
2014-10-27,132.091064453125,134.2505931334648,131.73115035083802,133.1708287932949,6500313
2014-10-28,132.091064453125,133.89067903117783,131.73115035083802,132.81091469100792,7106113
2014-10-29,136.05018615722656,136.41011124829038,133.5307435697408,133.8906686608046,7231485
2014-10-30,127.77200317382812,133.17081322695617,126.69223895987189,133.17081322695617,17444831
2014-10-31,131.01126098632812,131.01126098632812,128.13189394468534,128.13189394468534,10118062
2014-11-03,128.85174560546875,132.45095169911033,128.85174560546875,132.45095169911033,8705866
2014-11-04,125.25255584716797,129.93153801065506,125.25255584716797,128.13192355419264,8747991
2014-11-05,122.37317657470703,126.33230817477182,121.653337470146,125.25254400960391,12122016
2014-11-06,122.37317657470703,123.45294073987495,120.93349836558495,122.37317657470703,9025817
2014-11-07,124.17277526855469,125.9723784719666,122.73309711248606,123.09301114317707,5445178
2014-11-10,125.97239685058594,127.0521611334947,124.89264358433108,125.2525576675314,6541435
2014-11-11,126.69222259521484,127.05213660894186,124.53269444624559,125.61245852073021,4421135
2014-11-12,126.69222259521484,128.4918257138053,125.25253349035141,128.1319006834265,5469249
2014-11-13,126.69222259521484,129.57158978828994,125.61245852073021,128.1319006834265,4613708
2014-11-14,122.37317657470703,128.1319114445008,120.93349836558495,128.1319114445008,7497275
2014-11-17,122.37317657470703,124.53270490504286,122.01325151410016,122.37317657470703,7460165
2014-11-18,122.37317657470703,124.53270490504286,119.13388407920328,124.172779844436,7854336
2014-11-19,123.09300994873047,123.81286003643193,119.49380357683192,123.09300994873045,10205321
2014-11-20,122.73311614990234,123.45295533959256,122.01326594355811,122.37319104673023,6533411
2014-11-21,126.33230590820312,127.0521449998493,122.73309943331974,123.81286357911526,5973748
2014-11-24,131.73114013671875,132.45097930213257,127.77200820196227,128.13192227634235,9128120
2014-11-25,129.57159423828125,130.65135834984918,128.85175516945336,130.65135834984918,8517306
2014-11-26,130.2914276123047,131.01126664966972,129.21166354793132,130.2914276123047,3693975
2014-11-27,135.33033752441406,136.41010170541452,130.65136675118063,130.65136675118063,10220366
2014-11-28,134.6105194091797,136.05019786400842,133.53075505973084,134.6105194091797,4207501
2014-12-01,132.81088256835938,133.89064664736935,131.37119345746214,132.09103250458486,6053987
2014-12-02,129.57159423828125,132.81088657298503,128.85175516945336,132.81088657298503,5116200
2014-12-03,132.45095825195312,134.97041145547004,129.57159103125656,129.57159103125656,4040003
2014-12-04,132.091064453125,136.05019669486316,132.091064453125,136.05019669486316,3518453
2014-12-05,133.17080688476562,134.61049610702725,133.17080688476562,133.8906570042228,2982862
2014-12-08,133.5307159423828,134.61047997551861,133.5307159423828,134.61047997551861,1955811
2014-12-09,131.73114013671875,131.73114013671875,129.2116865327899,129.57161162382363,4006905
2014-12-10,132.81088256835938,136.05016378873745,131.73111848934943,133.1707965835948,4991831
2014-12-11,130.65135192871094,133.1707940541113,129.93151289526105,132.45095502066144,3674918
2014-12-12,129.9315185546875,132.0910357490992,129.5715935139595,130.6513576194914,3739109
2014-12-15,127.05217742919922,129.57163141801598,127.0521774291992,128.13194185059848,3776219
2014-12-16,132.091064453125,133.89067903117783,128.49185733032832,129.21169655155674,5705953
2014-12-17,127.41205596923828,132.09102607268062,127.41205596923828,132.09102607268062,6712945
2014-12-18,131.01126098632812,131.37118599777767,128.85174396758444,129.93150798528188,4255644
2014-12-19,133.17080688476562,134.61049610702725,131.7311286791567,133.8906570042228,3798285
2014-12-22,133.89065551757812,135.3303337072017,132.45096631130198,133.17080540611377,3204521
2014-12-23,133.89065551757812,136.0501728020135,133.89065551757812,135.69025876293387,2609753
2014-12-24,137.4898681640625,137.4898681640625,134.61050063924614,135.6902648381339,3197500
2014-12-25,132.81088256835938,136.770013852512,132.45095753647212,136.770013852512,3580638
2014-12-26,133.89065551757812,133.89065551757812,132.09104125556982,133.89065551757812,1743179
2014-12-29,136.77003479003906,136.77003479003906,133.8906671441066,133.8906671441066,2777251
2014-12-30,136.41009521484375,137.84978439322637,135.6902561339786,137.48985934446762,1533556
2014-12-31,135.69024658203125,136.77001063564487,134.97040755183934,134.97040755183934,1510487
2015-01-05,136.77003479003906,136.77003479003906,134.25058121443973,135.33034545874608,1832444
2015-01-06,130.2914276123047,135.3303229071632,130.2914276123047,134.61048386979817,5488306
2015-01-07,129.57159423828125,131.37119741867707,129.57159423828125,130.29143330710914,4748107
2015-01-08,130.65135192871094,131.01126593711007,129.93151289526105,130.29142690366018,2938731
2015-01-09,131.73114013671875,132.45097930213257,131.0112899546513,131.73114013671875,3635802
2015-01-12,128.49185180664062,132.09105877471237,128.13192670317184,131.7311446878976,4150331
2015-01-13,127.77200317382812,128.85176738778438,127.41207809695831,128.13191723404475,8969650
2015-01-14,132.091064453125,133.1708287932949,128.13193221138684,129.57162167049822,8580493
2015-01-15,129.9315185546875,133.1707998546311,129.5715935139595,133.1707998546311,4357948
2015-01-16,128.85174560546875,131.3711876676876,128.13189557341937,131.3711876676876,3842416
2015-01-19,130.2914276123047,132.0910307140431,129.57158857493968,131.01126664966972,4012922
2015-01-20,132.091064453125,132.091064453125,130.29146089172664,131.37122523189655,2443259
2015-01-21,133.17080688476562,133.17080688476562,131.01127855969955,132.81089284168974,4344909
2015-01-22,134.6105194091797,134.6105194091797,132.81091583231648,133.17082993769637,4353936
2015-01-23,141.08908081054688,141.08908081054688,135.69027060337513,136.05018467386114,12972543
2015-01-26,141.44898986816406,143.24859306661696,139.2894616233597,140.72915079211336,8367862
2015-01-27,144.328369140625,144.68829421678132,142.52876579314977,142.8886908693061,11025759
2015-01-28,143.24859619140625,143.60852124560904,142.16883204545036,143.24859619140625,6150273
2015-01-29,140.00930786132812,143.24858912269855,138.56961873221195,142.52875006646647,7825249
2015-01-30,139.2894744873047,141.80892801114226,138.92956042436595,141.0890778519582,5099150
2015-02-02,140.3692626953125,142.52879150857197,138.20973388205306,141.8089522430372,4000887
2015-02-03,138.92955017089844,141.08906743911106,138.20970006484174,140.36922834970684,4808286
2015-02-04,143.24859619140625,145.40812448331803,141.08906789949447,141.08906789949447,10880327
2015-02-05,141.44898986816406,144.32835718901916,140.00931171606265,143.96844315931992,4582615
2015-02-06,141.8089141845703,143.96844241825875,141.08906409557267,143.24859232926113,3303816
2015-02-09,141.08908081054688,142.52877014245144,140.36924165292135,140.72916674006086,2015989
2015-02-10,139.2894744873047,141.80892801114226,139.2894744873047,141.0890778519582,2798314
2015-02-11,143.96844482421875,145.04820895910768,140.72915241955192,141.4489915039271,4736071
2015-02-12,145.40814208984375,146.12798126875748,143.6085386342325,145.0482280087138,8242489
2015-02-13,147.56765747070312,147.56765747070312,145.0482150610746,145.40812911007703,5186409
2015-02-24,146.12799072265625,151.16688733435663,146.12799072265625,150.44704810887217,7034901
2015-02-25,151.1668701171875,151.1668701171875,146.8478242395444,146.8478242395444,5267650
2015-02-26,146.12799072265625,151.16688733435663,145.76807661824128,151.16688733435663,7441108
2015-03-02,149.72720336914062,151.16688176708817,147.56767475556512,149.72720336914062,6486271
2015-03-03,151.1668701171875,151.1668701171875,148.287502526541,151.1668701171875,4777193
2015-03-04,150.447021484375,151.88671069721775,149.36725732890608,151.16686058247006,4554532
2015-03-05,149.3672637939453,151.52679219835366,149.3672637939453,151.52679219835366,4004899
2015-03-06,152.6065673828125,152.6065673828125,149.36727454308587,150.44703882299476,4198474
2015-03-09,149.72720336914062,154.04626059629157,149.36727826132665,153.32641038066365,3862475
2015-03-10,149.00735473632812,149.727193889728,147.56766541287493,149.727193889728,3548543
2015-03-11,146.48788452148438,149.0073377969489,146.48788452148438,147.92757368127155,4647809
2015-03-12,144.6882781982422,147.56764543875644,143.24858906965906,146.48788134648208,9424000
2015-03-13,144.6882781982422,147.20772040244768,144.6882781982422,146.48788134648208,3812326
2015-03-16,143.96844482421875,146.84781217837178,143.96844482421875,146.48788712785802,2765215
2015-03-17,140.00930786132812,146.48788140072097,139.6493828248861,146.12795636427893,7601585
2015-03-18,145.40814208984375,145.40814208984375,140.7291709019237,142.16884925975117,8844277
2015-03-19,146.12799072265625,146.84784096479527,143.60854792513334,146.12799072265625,6321782
2015-03-20,146.12799072265625,146.84784096479527,143.96847304620286,143.96847304620286,4239596
2015-03-23,148.28750610351562,148.6474311922735,146.12797760427551,146.12797760427551,3391075
2015-03-24,147.9275665283203,149.3672446018405,145.0481993646283,149.3672446018405,3637808
2015-03-25,144.328369140625,147.5676617760723,143.24860492880921,146.84782264041286,4529457
2015-03-26,141.08908081054688,146.12797694723258,140.72916674006086,142.88869522959095,6841326
2015-03-27,138.92955017089844,142.52875663457195,138.92955017089844,140.36922834970684,6558486
2015-03-30,142.52874755859375,143.2485866021599,140.36921941124356,140.36921941124356,4459249
2015-03-31,142.16885375976562,144.32838238151538,141.4490145580671,144.32838238151538,2797311
2015-04-01,140.3692626953125,143.96848105629664,140.3692626953125,143.96848105629664,2275761
2015-04-02,142.16885375976562,142.88870397811834,140.7291753563686,142.52877886894197,2913656
2015-04-07,140.7291717529297,142.16885011946306,138.92956828643602,142.16885011946306,4991831
2015-04-08,138.92955017089844,142.1688315815436,138.20970006484174,142.1688315815436,5339865
2015-04-09,138.20970153808594,141.80891905677774,137.48986244100863,140.72915490283546,5162338
2015-04-10,139.2894744873047,139.6493995668967,137.84979620224317,138.92956042436595,4083131
2015-04-13,138.92955017089844,140.00931431333098,138.5696251178701,139.2894642072743,2103249
2015-04-14,140.7291717529297,141.08908583623608,138.92956828643602,138.92956828643602,3064103
2015-04-15,137.1299285888672,140.7291458767114,136.77001457173907,140.3692208429314,6505328
2015-04-16,140.3692626953125,140.3692626953125,138.56965902314803,138.92958416424298,2973835
2015-04-17,138.20970153808594,140.00931580575815,138.20970153808594,138.5696265949509,2301839
2015-04-20,137.1299285888672,139.64938179202332,137.1299285888672,137.84977865642716,2598721
2015-04-21,136.77003479003906,138.2097131046785,136.77003479003906,137.12994886037217,2283785
2015-04-22,137.1299285888672,140.00930682580332,137.1299285888672,138.92954274111523,5080093
2015-04-23,139.64938354492188,140.00930858321968,138.20969440838263,138.92954448497827,7063988
2015-04-24,141.44898986816406,142.88867903691775,140.00931171606265,140.36922574576187,6012865
2015-04-27,141.8089141845703,144.32835644610535,141.08906409557267,142.88867830141453,4899557
2015-04-28,140.00930786132812,141.80891101023437,138.20969369576991,141.0890609373503,3820350
2015-04-29,137.1299285888672,141.0890598938395,136.77001457173907,141.0890598938395,5396032
2015-04-30,133.17080688476562,136.0501743126362,133.17080688476562,136.0501743126362,9549372
2015-05-04,135.69024658203125,137.12992464241503,133.530718474804,136.05016058880142,7212429
2015-05-05,133.89065551757812,136.0501728020135,132.81089136703417,134.6104946123899,6743034
2015-05-06,133.89065551757812,134.6104946123899,131.7311272164902,131.7311272164902,3640817
2015-05-07,132.81088256835938,133.89064664736935,132.45095753647212,133.89064664736935,4087143
2015-05-08,132.45095825195312,133.1707973029643,131.37119416711045,131.73111920094198,4107203
2015-05-11,128.1319122314453,132.81089398146065,127.41207312246327,132.45096891864324,7552439
2015-05-12,127.41205596923828,128.85174501003277,123.09299986350608,123.09299986350608,6126201
2015-05-13,124.53269958496094,128.13190597065946,123.81286051115168,128.13190597065946,10335708
2015-05-14,124.53269958496094,125.25253865877019,122.37317134688094,124.53269958496094,9451080
2015-05-15,127.77200317382812,128.85176738778438,124.89263560882921,125.97238880613224,8251516
2015-05-18,124.53269958496094,128.13190597065946,123.09301042069019,127.77199194208094,5562527
2015-05-19,125.25255584716797,127.05215928697666,124.17279157995202,125.9723950197607,7633680
2015-05-20,123.8128662109375,125.97238353177971,123.09301608733736,125.97238353177971,5062040
2015-05-21,122.37317657470703,123.81286580048183,122.37317657470703,123.09301567926808,6847344
2015-05-22,122.73311614990234,123.81288044276468,122.01326594355811,123.81288044276468,5428127
2015-05-25,123.09300994873047,123.81286003643193,120.93349273558265,123.81286003643193,3463289
2015-05-26,124.53269958496094,125.25253865877019,123.81286051115168,124.1727745397302,3486358
2015-05-27,123.8128662109375,125.25254442483231,123.09301608733736,123.45294114913743,3287768
2015-05-28,126.69222259521484,127.77198666969947,124.89261947662439,125.25253349035141,7943601
2015-05-29,126.33230590820312,127.77199510814799,125.97238085405378,127.41207005399865,6034930
2015-06-01,123.45293426513672,126.69222659074924,123.45293426513672,126.33230154901936,3455266
2015-06-02,122.37317657470703,124.89262996564975,122.37317657470703,124.172779844436,3289774
2015-06-03,122.37317657470703,123.81286580048183,122.01325151410016,122.73310163531391,6268625
2015-06-04,120.213623046875,122.37315092456083,118.77394513951803,121.65331197088236,6308744
2015-06-05,123.8128662109375,123.8128662109375,119.4938095359476,119.4938095359476,4315822
2015-06-08,122.37317657470703,123.45294073987495,122.37317657470703,122.73310163531391,2937728
2015-06-09,120.213623046875,122.73307590972527,118.77394513951803,122.37315092456083,5774155
2015-06-10,116.97435760498047,122.01325345016882,114.45491519071274,121.65333940050365,12983576
2015-06-11,114.09497833251953,117.334270544638,113.01521426181337,116.97434551551869,13931392
2015-06-12,115.17475128173828,115.53467633860325,108.33625231787224,113.73507308758364,10256473
2015-06-15,115.53468322753906,116.61444744586396,114.0949939308881,115.8946083058651,5287710
2015-06-16,118.05411529541016,118.05411529541016,115.89459806621372,117.33427621901134,4651821
2015-06-17,117.33426666259766,118.77395571479055,116.61442764482689,118.77395571479055,5555506
2015-06-18,115.17475128173828,116.61444049254553,115.17475128173828,116.25451543568056,4890530
2015-06-22,119.49380493164062,120.21364401085135,115.17474842307159,115.17474842307159,5102159
2015-06-23,117.33426666259766,120.21363375033208,116.61442764482689,118.41403069757948,5755099
2015-06-24,118.77397155761719,118.77397155761717,116.61444319960191,117.33428231338938,3710023
2015-06-25,119.49380493164062,120.9334941067144,118.41404080449836,118.77396585242988,9305648
2015-06-26,119.49380493164062,120.21364401085135,119.1338798837091,119.49380493164062,3083160
2015-06-29,113.7350845336914,118.05413056746947,113.3751594406042,116.97436630486153,6205437
2015-06-30,118.7715835571289,119.52329916380346,115.38884607034177,115.7647096259296,5967731
2015-07-01,118.01986694335938,118.77159412139822,116.89228768080322,118.01986694335938,3208533
2015-07-02,120.65088653564453,121.02675011680765,117.64401239984522,118.39572805766957,4136289
2015-07-03,118.01986694335938,119.89917338395438,117.26815126982265,119.89917338395438,2881561
2015-07-06,116.89226531982422,118.39570788379781,116.14054979008739,116.89226531982422,5472258
2015-07-07,117.26815795898438,118.39573728585944,116.5164422425686,116.8922943485251,3241631
2015-07-08,116.14058685302734,118.39574566640708,116.14058685302736,117.6440298967817,5752090
2015-07-09,115.01300048828125,116.14057982675482,113.88542114980767,115.38886410260675,6958675
2015-07-10,115.01300048828125,115.01300048828125,115.01300048828125,115.01300048828125,0
2015-07-13,115.38884735107422,116.5164265258519,115.01298379131457,115.38884735107422,8985697
2015-07-14,115.01300048828125,116.51644344108031,115.01300048828125,115.76472771693223,4820321
2015-07-15,118.7715835571289,119.52329916380346,116.14056167701632,117.2681408392787,5250600
2015-07-16,120.27503204345703,122.15432708228391,119.8991799383933,120.27503204345702,4745098
2015-07-17,121.40262603759766,121.77848969258243,120.27504657714752,121.77848969258243,2566625
2015-07-20,121.02674865722656,124.78533840552167,120.27502150396614,122.90604353137412,6446152
2015-07-21,121.77845764160156,121.77845764160158,119.52329931423841,121.77845764160158,2623795
2015-07-22,120.65088653564453,121.02675011680765,119.89917087782017,120.2750229544814,2399128
2015-07-23,121.02674865722656,121.77846430598524,119.52330585520747,120.65088508059635,3110240
2015-07-24,118.7715835571289,121.77845748832821,118.01985644595325,121.77845748832821,3623766
2015-07-27,119.14742279052734,120.65086534663962,117.64399173891493,118.39570726472114,4208504
2015-07-28,122.15431213378906,124.03361844714074,117.64400689344853,120.27501732493873,6547453
2015-07-29,118.01986694335938,123.65776325614013,118.01986694335938,121.02675264651053,6813243
2015-07-30,118.7715835571289,121.77845748832821,115.38884607034177,116.51642523260415,8050920
2015-07-31,116.89226531982422,118.77157140091619,115.76469777746894,117.64399235406098,6550462
2015-08-03,114.26129150390625,116.51645031387534,113.88542786741021,115.76473454538683,7105110
2015-08-04,115.76471710205078,115.76471710205078,104.86478833109403,115.76471710205078,10299601
2015-08-05,116.89226531982422,117.64399235406098,113.88539169637696,115.76469777746894,3836398
2015-08-06,117.26815795898438,117.64402156944367,112.75784065148412,116.8922943485251,3328890
2015-08-07,115.76471710205078,118.01986406771252,114.63713786696898,115.01298994232835,2428214
2015-08-10,116.89226531982422,117.64399235406098,114.63711873061372,115.01297074323217,1821411
2015-08-11,120.65088653564453,122.15431785129323,119.52330729665705,121.778465774632,5150302
2015-08-12,118.01986694335938,120.6508890574911,117.26815126982265,120.27502546847167,2564619
2015-08-13,121.77845764160156,122.15430969316135,116.89227743081436,116.89227743081436,4124253
2015-08-14,122.53019714355469,123.28191289776574,119.52332262220716,119.89918625156436,3470310
2015-08-17,119.5233154296875,121.77847406111597,119.5233154296875,121.77847406111597,2722087
2015-08-18,117.26815795898438,120.65089593960957,117.26815795898438,120.27503232915029,2472345
2015-08-19,115.01300048828125,117.2681591652284,113.50956903998508,115.76472771693223,4568573
2015-08-20,112.75782775878906,113.88540695673707,111.25439649785936,113.13369132627223,4361960
2015-08-21,107.11993408203125,110.50267138561655,106.36820701156752,110.50267138561655,7455150
2015-08-24,105.24065399169922,108.62338025932364,96.59588351998777,102.23376830236317,12495124
2015-08-25,108.99925231933594,110.50269528086945,104.48893493923838,105.24066217225662,6015874
2015-08-26,108.24752807617188,109.37510733250194,106.74408523289777,108.9992437455579,6138237
2015-08-27,110.1268310546875,110.1268310546875,107.49580876269519,108.99925171590549,5121215
2015-08-28,112.00613403320312,113.88542922914705,111.63027039221285,113.88542922914705,5289716
2015-08-31,122.53019714355469,122.53019714355469,112.00613056658663,113.88542570436593,7972688
2015-09-01,117.26815795898438,119.8991802231938,116.8922943485251,118.01987367540016,5230540
2015-09-02,117.64403533935547,118.39575114375752,114.26129696279003,115.38887642164518,6379955
2015-09-03,119.14742279052734,119.14742279052734,117.2681282237619,119.14742279052734,4367977
2015-09-04,116.89226531982422,120.27500246038986,116.89226531982422,119.14742341353464,5939647
2015-09-07,119.5233154296875,121.40261045437701,116.1405774825448,116.1405774825448,5193430
2015-09-08,119.5233154296875,121.40261045437701,119.14745182294854,120.27503113866277,2922683
2015-09-09,130.04736328125,130.7990788856471,122.53017272377583,122.53017272377583,11354736
2015-09-10,127.41635131835938,129.29565773225858,126.2887835763226,129.29565773225858,5360928
2015-09-11,128.16807556152344,128.9197912072313,126.66463276560602,128.54392763212653,4122247
2015-09-14,128.54391479492188,128.54391479492188,126.66462011607956,128.54391479492188,2793299
2015-09-15,118.7715835571289,122.15430953941494,118.01985644595325,119.52329916380346,10292580
2015-09-16,120.27503204345703,121.4026113676537,119.52331632882682,119.8991799383933,7312727
2015-09-17,121.77845764160156,124.40946802052451,121.77845764160158,123.65775241290383,7066997
2015-09-18,120.27503204345703,121.7784749772202,120.27503204345702,121.02675926258999,6258595
2015-09-21,118.7715835571289,119.52329916380346,118.01985644595325,118.7715835571289,4888524
2015-09-22,121.77845764160156,122.53017324922224,119.8991628702993,120.2750149218591,3566596
2015-09-23,118.01986694335938,121.02675264651053,118.01986694335938,120.6508890574911,4035991
2015-09-24,115.38884735107422,118.77158487540729,114.63713173605616,118.39572131564765,4600669
2015-09-25,115.01300048828125,116.8922955509029,113.50956903998508,115.76472771693223,2959793
2015-09-29,115.01300048828125,115.01300048828125,115.01300048828125,115.01300048828125,0
2015-09-30,115.76471710205078,118.77159122743495,112.00611581694417,112.38197939680539,6635715
2015-10-01,119.14742279052734,119.52328630568037,115.38883365699645,115.38883365699645,3716040
2015-10-02,119.5233154296875,119.89917903642647,116.51644108928377,118.39573611397327,4666865
2015-10-05,119.89917755126953,121.02675685301676,118.77159824952231,120.27502964885026,2822385
2015-10-06,121.77845764160156,122.15430969316135,120.65087847791999,121.40259408554067,3498394
2015-10-07,123.2818832397461,123.2818832397461,121.77845209300563,122.53016766637586,4314819
2015-10-08,125.91293334960938,126.2887969731616,123.65777461730247,124.03363824085467,6579548
2015-10-12,125.53705596923828,127.04049879419108,124.78534030901285,127.04049879419108,4357948
2015-10-13,122.53019714355469,125.53707166490223,121.40261775998644,125.53707166490223,5051007
2015-10-14,123.2818832397461,124.03361031761693,121.02673651963539,121.02673651963539,3753151
2015-10-15,120.27503204345703,123.2819064064806,120.27503204345702,122.5301906918504,5095138
2015-10-16,123.65776824951172,123.65776824951172,120.27503032524636,120.27503032524636,5767135
2015-10-19,123.65776824951172,124.78534755760016,122.90605254562028,124.40948395340315,2168442
2015-10-20,123.2818832397461,124.40946235205175,122.53016766637586,123.2818832397461,2296824
2015-10-21,123.65776824951172,124.78534755760016,123.2819046453147,124.03363185370873,1515502
2015-10-22,122.53019714355469,124.78535591069118,122.53019714355469,123.65777652712293,2659902
2015-10-23,126.28875732421875,127.79218833741209,125.16117831207397,125.91289381867064,5921593
2015-10-26,127.04048919677734,127.41634124624494,126.28877359334109,127.04048919677734,4382019
2015-10-27,124.40945434570312,128.91977050466514,124.40945434570312,127.79219146492463,6226499
2015-10-28,127.79222106933594,128.16808467115547,125.91292606924328,125.91292606924328,7994753
2015-10-29,125.53705596923828,129.67150935723106,124.78534030901285,129.29565727936932,8007792
2015-10-30,124.78534698486328,127.0405055906895,124.03363128442204,127.0405055906895,6012865
2015-11-02,124.78534698486328,125.91292628777639,124.03363128442204,125.91292628777639,6237532
2015-11-03,125.16121673583984,126.6646482105779,125.16121673583986,126.28879609414494,6537423
2015-11-04,127.79222106933594,128.16808467115547,126.28878967106283,126.66464176837985,10653653
2015-11-05,127.79222106933594,128.5439367684725,127.4163574675164,127.79222106933594,3724064
2015-11-06,125.53705596923828,129.29565727936932,125.53705596923828,129.29565727936932,4976786
2015-11-09,127.79222106933594,127.79222106933594,125.16121037010673,126.28878967106283,4402079
2015-11-10,123.65776824951172,125.5370632614916,122.15432533722625,125.5370632614916,7444117
2015-11-11,119.14742279052734,122.53015991340506,119.14742279052734,122.53015991340506,5017908
2015-11-12,119.5233154296875,120.65089474540174,117.644020404998,119.5233154296875,5682884
2015-11-13,119.89917755126953,122.15432465026147,118.39573464743906,118.77159824952231,2927698
2015-11-16,120.63346862792969,121.76440739631653,118.74857068061829,119.12555027008057,4575000
2015-11-17,121.01043701171875,123.64929389359423,120.25647790261146,122.89533478448695,5736000
2015-11-18,118.37158203125,121.01043895551354,118.37158203125,120.63345939490446,6944000
2015-11-19,119.87948608398438,121.01042463194648,118.74854753602226,119.12552705200963,3987000
2015-11-20,119.87948608398438,119.87948608398438,117.24062947207277,118.74854753602226,3668000
2015-11-23,119.50251007080078,120.25646912487522,118.3715714896891,120.25646912487522,1879000
2015-11-24,121.01043701171875,122.14137567537968,119.87949834805782,120.25647790261146,3477000
2015-11-25,119.50251007080078,120.25646912487522,119.12553054376355,119.879489597838,1560000
2015-11-26,121.38740539550781,122.14136443523145,119.8794873160605,120.25646683592232,4123000
2015-11-27,119.50251007080078,121.3874077059869,118.3715714896891,120.63344865191246,2765000
2015-11-30,117.99457550048828,117.99457550048828,114.60176023050619,116.86363707716092,9231000
2015-12-01,117.61762237548828,119.12554061107146,117.24064281659248,119.12554061107146,5235000
2015-12-02,118.74857330322266,119.50253249879867,117.61763450985863,117.99461410764664,3899000
2015-12-03,120.63346862792969,121.38742780685425,117.61763191223145,118.74857068061829,5595000
2015-12-04,120.63346862792969,121.01044821739197,118.74857068061829,120.25648903846741,3418000
2015-12-07,121.7643814086914,123.6492789537176,121.38740189968618,122.14136091769666,4337000
2015-12-08,118.74857330322266,121.0104508899507,118.37159370543465,120.6334712921627,4865000
2015-12-09,117.24063873291016,119.50251600750006,117.24063873291016,117.61761827867514,2801000
2015-12-10,119.87948608398438,120.25646559997175,115.3557318921359,115.73271140812328,4959000
2015-12-11,116.86366271972656,121.01043784849105,116.86366271972656,118.7485605055286,3858000
2015-12-14,116.48670196533203,116.86368158334281,115.73274272931047,115.73274272931047,1769000
2015-12-15,116.86366271972656,117.99460139120778,115.73272404824533,116.48668316256615,3218000
2015-12-16,118.74857330322266,119.12555290101066,117.61763450985863,118.74857330322266,3269000
2015-12-17,119.50251007080078,119.879489597838,117.24063290857742,119.879489597838,4920000
2015-12-18,119.12552642822266,119.12552642822266,117.6176083721692,117.6176083721692,4211000
2015-12-21,117.61762237548828,118.37158149327988,116.86366325769669,117.61762237548828,3329000
2015-12-22,118.74857330322266,118.74857330322266,117.24065491207062,117.24065491207062,3042000
2015-12-23,116.86366271972656,118.37158094836819,116.86366271972656,117.99460139120778,2076000
2015-12-24,117.99457550048828,117.99457550048828,117.24061655160337,117.24061655160337,1427000
2015-12-25,117.24063873291016,117.99459782444013,116.48667964138019,117.99459782444013,1522000
2015-12-28,118.37158203125,118.37158203125,116.48668422820462,116.8636637888137,2397000
2015-12-29,116.10968780517578,117.24062632275867,114.60176978173195,116.48666731103675,2952000
2015-12-30,116.10968780517578,117.61760582861963,115.73270829931482,116.10968780517578,1699000
2015-12-31,117.24063873291016,117.24063873291016,116.10970009561521,116.10970009561521,2658000
2016-01-04,112.33988952636719,116.86364346702626,112.33988952636719,116.86364346702626,6414000
2016-01-05,111.9629135131836,112.71687252674037,110.8319749928484,112.33989301996199,10581000
2016-01-06,111.58592224121094,112.71686064230428,110.8319633071487,111.96290170824204,5341000
2016-01-07,111.58592224121094,111.96290170824204,108.57008650496199,111.58592224121094,6387000
2016-01-08,110.07801818847656,111.58593624585295,108.57010013110018,109.32405915978836,4105000
2016-01-11,109.32405090332031,110.45498936094087,107.0621739880792,108.57009193157327,5667000
2016-01-12,111.20895385742188,111.20895385742188,108.57009732521186,109.32405633441472,3476000
2016-01-13,111.58592224121094,111.58592224121094,109.32404543902422,110.8319633071487,3446000
2016-01-14,107.81613159179688,110.07800847833806,107.81613159179688,110.07800847833806,7466000
2016-01-15,108.94709014892578,108.94709014892578,107.06219239548416,108.19313104754913,7233000
2016-01-18,105.93125915527344,107.06219786511622,104.80032044543066,105.55427958532584,7817000
2016-01-19,102.16146087646484,105.55427692033267,99.89958351388628,104.80031779947315,11596000
2016-01-20,98.39164733886719,103.66936022294436,98.39164733886719,102.91540123950476,11551000
2016-01-21,96.1297836303711,99.89957906685623,93.4909268248315,98.7686404359107,13899000
2016-01-22,100.65353393554688,101.40749299124386,98.01467724060744,99.14561582415291,9779000
2016-01-25,105.17727661132812,105.17727661132812,102.16144072283126,102.53842020889337,5778000
2016-01-26,102.9154052734375,104.04634379292582,102.16144626044529,103.66936428642971,5386000
2016-01-27,101.78446960449219,103.2923876727069,101.40749008743852,103.2923876727069,3003000
2016-01-28,101.78446960449219,103.66936718976056,101.03051057038483,101.03051057038483,4703000
2016-01-29,105.17727661132812,105.55425609739022,101.40748175070703,101.78446123676915,6026000
2016-02-01,104.04633331298828,107.06216906119084,104.04633331298828,106.68518959266552,5681000
2016-02-02,102.5384292602539,103.66936781827141,102.16144974091475,102.91540877959308,3341000
2016-02-03,99.89956665039062,102.16144363115419,99.89956665039062,101.40748463756634,4457000
2016-02-15,101.40750122070312,101.7844807791444,96.50676696096654,96.88374651940782,5536000
2016-02-16,106.30821990966797,107.81613792257106,101.7844658709587,102.16144537418447,6674000
2016-02-17,104.8003158569336,107.06219317758683,103.29239764316476,107.06219317758683,5103000
2016-02-18,105.17727661132812,106.68519455557656,104.80029712526601,105.55425609739022,4159000
2016-02-19,106.30821990966797,106.68519941289374,105.17728139999065,105.55426090321643,3000000
2016-02-22,105.17727661132812,105.93123558345233,104.80029712526601,105.55425609739022,1780000
2016-02-23,102.9154052734375,105.55426181891026,102.53842576694139,104.80030280591804,4353000
2016-02-24,100.27655029296875,104.04634541676457,100.27655029296875,102.91540687962582,5403000
2016-02-25,98.39164733886719,101.40748327262557,98.39164733886719,100.65352428918598,9465000
2016-02-26,101.40750122070312,101.7844807791444,99.89958298693803,100.65354210382057,8336000
2016-03-01,101.40750122070312,102.53843989602696,100.65354210382057,101.7844807791444,6227000
2016-03-02,103.2923812866211,103.66936078036788,102.16144280538072,102.91540179287429,4601000
2016-03-03,106.30821990966797,106.30821990966797,104.04634289031334,105.17728139999065,8525000
2016-03-04,106.30821990966797,106.68519941289374,104.80030189676488,106.30821990966797,4242000
2016-03-07,105.93125915527344,107.81615700501139,105.55427958532584,106.30823872522103,4164000
2016-03-08,106.30821990966797,106.30821990966797,104.80030189676488,105.9312404064422,3069000
2016-03-09,104.8003158569336,107.06219317758683,104.8003158569336,105.93125451726021,3026000
2016-03-10,107.06218719482422,107.8161462595765,105.17728953294352,105.55426906531966,3754000
2016-03-11,105.93125915527344,107.43917743506381,105.17730001537825,107.43917743506381,4666000
2016-03-14,107.06218719482422,107.8161462595765,105.9312485976958,106.30822813007194,9368000
2016-03-15,104.8003158569336,107.43917273102905,104.8003158569336,106.68521362414464,4273000
2016-03-16,107.06218719482422,107.06218719482422,105.17728953294352,105.9312485976958,4454000
2016-03-17,106.30821990966797,108.57009692902261,105.55426090321643,107.81613792257106,5894000
2016-03-18,108.19312286376953,108.19312286376953,105.93124573072906,107.0621842972493,6198000
2016-03-21,109.70104217529297,109.70104217529297,108.19312406979066,109.32406264891739,4967000
2016-03-22,110.07801818847656,110.07801818847656,108.19312061675608,109.70103867413246,4188000
2016-03-23,109.32405090332031,110.45498936094087,108.57009193157327,110.07800987506735,2803000
2016-03-24,107.81613159179688,108.94707003506747,107.43915211070667,108.57009055397727,3553000
2016-03-25,105.55425262451172,107.81612946646554,105.17727315085276,107.81612946646554,2515000
2016-03-28,104.8003158569336,105.55427496381802,104.04635675004918,105.1772954103758,3266000
2016-03-29,103.2923812866211,104.80029926160826,102.91540179287429,104.42331976786147,3569000
2016-03-30,107.06218719482422,107.06218719482422,104.04635093581508,104.04635093581508,4008000
2016-03-31,107.06218719482422,107.8161462595765,105.55426906531966,107.43916672720036,3824000
2016-04-01,105.55425262451172,105.9312320981707,104.42331420353482,104.80029367719378,2780000
2016-04-06,105.55425262451172,106.30821157182966,104.04633472987584,105.9312320981707,5206000
2016-04-07,103.66936492919922,105.93124198219994,103.29238542036578,105.55426247336648,3224000
2016-04-08,105.55425262451172,105.55425262451172,103.2923757825579,103.66935525621687,3901000
2016-04-11,105.55425262451172,105.55425262451172,104.80029367719378,105.55425262451172,3574000
2016-04-12,104.04633331298828,105.55425118708956,103.66935384446296,105.17727171856424,3313000
2016-04-13,106.30821990966797,106.30821990966797,104.04634289031334,104.80030189676488,5685000
2016-04-14,107.81613159179688,108.94707003506747,107.06217262961647,107.06217262961647,5218000
2016-04-15,113.09385681152344,113.09385681152344,108.19312301635742,108.94708206176757,8890000
2016-04-18,113.84781646728516,116.48667314036793,113.09385741783294,113.47083694255905,11975000
2016-04-19,110.83198547363281,116.86365815246998,110.07802638877817,116.86365815246998,10799000
2016-04-20,110.45501708984375,113.84783331444646,109.70105792882093,111.9629354118894,7159000
2016-04-21,112.71688079833984,113.09386033278246,111.58594219501202,111.96292172945464,5250000
2016-04-22,113.09385681152344,114.60177490234375,112.33989776611328,113.47083633422851,3892000
2016-04-25,113.84781646728516,114.22479599201127,113.09385741783294,114.22479599201127,2809000
2016-04-26,114.60179138183594,114.97877095874988,113.47085265109413,114.22481180492201,3419000
2016-04-27,114.97875213623047,116.10969068183273,113.09385456022669,114.60177262102971,6431000
2016-04-28,112.71688079833984,115.7327170738807,111.96292172945464,115.7327170738807,5335000
2016-04-29,113.09385681152344,114.22479537963866,111.58593872070313,111.58593872070313,5861000
2016-05-03,110.07801818847656,112.33989527454115,110.07801818847656,112.33989527454115,4840000
2016-05-04,106.30821990966797,109.70103543869993,106.30821990966797,108.57009692902261,6453000
2016-05-05,107.06218719482422,108.5701053243288,106.30822813007194,106.30822813007194,4698000
2016-05-06,105.93125915527344,107.81615700501139,105.55427958532584,106.30823872522103,4412000
2016-05-09,106.30821990966797,107.43915841934529,105.55426090321643,106.68519941289374,2440000
2016-05-10,106.30821990966797,107.06217891611952,105.9312404064422,106.30821990966797,3168000
2016-05-11,106.30821990966797,107.06217891611952,105.55426090321643,106.30821990966797,5259000
2016-05-12,105.17727661132812,106.30821506951445,104.80029712526601,105.17727661132812,5632000
2016-05-13,105.93125915527344,106.30823872522103,104.80032044543066,105.55427958532584,3396000
2016-05-16,105.55425262451172,106.30821157182966,104.80029367719378,105.17727315085276,2481000
2016-05-17,105.93125915527344,107.06219786511622,104.80032044543066,105.93125915527344,2331000
2016-05-18,105.55425262451172,106.68519104548864,105.17727315085276,106.68519104548864,3977000
2016-05-19,104.04633331298828,105.55425118708956,102.53841543888701,105.17727171856424,4076000
2016-05-20,104.04633331298828,104.80029225003892,103.66935384446296,104.80029225003892,2685000
2016-05-23,106.6852035522461,106.6852035522461,103.66936740942641,104.04634692727888,5197000
2016-05-24,106.30821990966797,107.06217891611952,105.55426090321643,106.68519941289374,1527000
2016-05-25,107.06218719482422,108.94708485670493,107.06218719482422,107.43916672720036,3143000
2016-05-26,108.19312286376953,108.57010238594295,107.0621842972493,107.43916381942272,1602000
2016-05-27,107.81613159179688,108.94707003506747,107.81613159179688,108.57009055397727,1753000
2016-05-30,111.58592224121094,112.71686064230428,107.81612757089975,108.57008650496199,5803000
2016-05-31,113.09385681152344,114.60177490234375,111.58593872070313,112.71687728881835,7929000
2016-06-01,114.22480010986328,114.60177964817967,111.58594334164862,111.58594334164862,5690000
2016-06-02,111.58592224121094,114.60175797745987,111.58592224121094,113.84779904339764,5105000
2016-06-03,114.22480010986328,114.60177964817967,113.09386149491415,113.09386149491415,4792000
2016-06-06,114.22480010986328,114.97875918649605,113.8478205715469,114.60177964817967,3973000
2016-06-07,115.35575103759766,116.10971019470614,114.60179188048917,114.60179188048917,6537000
2016-06-08,114.97875213623047,116.86364971223425,114.97875213623047,116.10969068183273,5921000
2016-06-13,113.09385681152344,114.60177490234375,112.33989776611328,113.09385681152344,7301000
2016-06-14,114.60179138183594,114.60179138183594,113.09387307418021,113.09387307418021,3423000
2016-06-15,113.4708251953125,114.97874313810736,113.09384570961379,113.4708251953125,4523000
2016-06-16,112.33988952636719,114.2247870016418,110.8319715461475,113.47082801153196,6150000
2016-06-17,114.60179138183594,114.97877095874988,113.84783222800807,113.84783222800807,4181000
2016-06-20,114.60179138183594,114.97877095874988,113.84783222800807,114.97877095874988,4263000
2016-06-21,114.60179138183594,114.97877095874988,113.84783222800807,114.60179138183594,3203000
2016-06-22,116.48670196533203,116.48670196533203,114.60180387527812,114.60180387527812,3463000
2016-06-23,116.86366271972656,117.24064227688697,115.73272404824533,115.73272404824533,3271000
2016-06-24,114.97875213623047,116.48667019703349,111.58593649942367,116.10969068183273,7929000
2016-06-27,116.48670196533203,116.86368158334281,113.84784463925655,114.60180387527812,3469000
2016-06-28,116.10968780517578,116.86364681689771,114.60176978173195,115.35572879345386,22616000
2016-06-29,117.99457550048828,118.37155497493073,116.48665760271845,116.86363707716092,6365000
2016-06-30,117.61762237548828,118.74856105217566,115.7327245810093,118.74856105217566,5848000
2016-07-01,118.74857330322266,119.87951209658668,117.24065491207062,117.61763450985863,7297000
2016-07-04,120.63346862792969,121.38742780685425,118.74857068061829,119.12555027008057,7451000
2016-07-05,119.87948608398438,121.76438366392122,119.87948608398438,121.01042463194648,3102000
2016-07-06,119.12552642822266,119.87948545624938,118.37156740019593,119.12552642822266,5996000
2016-07-07,123.79712677001953,125.35432333316444,120.29343450294351,120.68273364372973,8405000
2016-07-08,123.79712677001953,123.79712677001953,123.79712677001953,123.79712677001953,0
2016-07-11,126.13291931152344,128.4687141135887,125.35432104416836,128.4687141135887,6873000
2016-07-12,125.74359893798828,126.52219707382723,124.57570173422988,126.13289800590776,4654000
2016-07-13,126.522216796875,126.91151592548076,125.74361853966346,126.91151592548076,4494000
2016-07-14,128.46871948242188,128.46871948242188,124.57572798295456,125.74362543279476,7153000
2016-07-15,131.19381713867188,131.97241545996962,128.46872301412972,128.46872301412972,6868000
2016-07-18,132.36170959472656,132.36170959472656,130.41521386539236,131.19381215712605,5371000
2016-07-19,132.75099182128906,133.5295900137893,131.97239362878884,133.5295900137893,4841000
2016-07-20,132.75099182128906,133.14029091753918,130.41519724378838,132.36169272503895,9874000
2016-07-21,132.75099182128906,133.9188891100394,131.58309453253872,132.75099182128906,5894000
2016-07-22,130.41519165039062,132.36168704815765,129.63659349128383,132.36168704815765,3997000
2016-07-25,130.41519165039062,131.97238796860424,128.0793971730702,131.58308888905086,4289000
2016-07-26,130.80450439453125,130.80450439453125,129.63660703386577,130.41520527430941,2875000
2016-07-27,129.63661193847656,131.19380847827807,129.24731280352617,130.8045093433277,2644000
2016-07-28,129.63661193847656,130.02591107342693,128.46871453362542,128.8580136685758,3543000
2016-07-29,130.80450439453125,131.9724017551967,129.63660703386577,130.41520527430941,3801000
2016-08-01,133.52960205078125,133.52960205078125,131.19380726272092,132.3617046567511,5329000
2016-08-02,136.2546844482422,136.2546844482422,133.52959075927734,133.9188898577009,5738000
2016-08-03,133.9188995361328,135.08679691580838,133.52960040957427,133.9188995361328,2715000
2016-08-04,133.14028930664062,134.69748567280016,132.36169112356086,134.30818658126026,2422000
2016-08-05,135.47610473632812,135.47610473632812,133.1403098270811,133.91890813016343,3710000
2016-08-08,136.2546844482422,136.64398354666574,135.4760862513951,136.2546844482422,3134000
2016-08-09,136.2546844482422,136.64398354666574,135.4760862513951,136.64398354666574,2691000
2016-08-10,136.2546844482422,136.64398354666574,133.52959075927734,136.2546844482422,2946000
2016-08-11,134.697509765625,136.64400557148664,132.75101395976338,136.2547064103143,3353000
2016-08-12,135.8654022216797,136.64400051521366,133.91890648784474,135.4761030749127,3939000
2016-08-15,137.03329467773438,137.8118929429488,135.86539727991277,137.8118929429488,3813000
2016-08-16,137.03329467773438,137.4225938103416,136.25469641252,137.03329467773438,2669000
2016-08-17,136.2546844482422,137.0332826450893,135.4760862513951,136.2546844482422,3426000
2016-08-18,134.697509765625,136.2547064103143,133.91891144328036,135.47610808796966,3369000
2016-08-19,131.19381713867188,136.2547062271073,130.804517978023,135.8654070664584,6467000
2016-08-22,131.58311462402344,132.3617129354082,130.8045163126387,131.19381546833105,3468000
2016-08-23,132.36170959472656,133.52960703232708,131.97241044885973,133.52960703232708,2660000
2016-08-24,132.36170959472656,133.52960703232708,131.97241044885973,133.14030788646025,1848000
2016-08-25,133.52960205078125,133.52960205078125,132.3617046567511,133.14030291943786,2533000
2016-08-26,133.14028930664062,133.14028930664062,131.97239203202096,132.36169112356086,1661000
2016-08-29,130.80450439453125,132.75099999564034,129.63660703386577,132.3617008754185,2906000
2016-08-30,131.19381713867188,131.97241545996962,130.41521881737413,130.804517978023,3531000
2016-08-31,128.85800170898438,131.58309540071517,128.46870261016568,130.4151981042591,4812000
2016-09-01,131.19381713867188,131.58311629932075,127.3008255321831,129.2473213354275,4294000
2016-09-02,130.02590942382812,132.3617042038969,128.85801203379373,131.97240507388543,3539000
2016-09-05,135.0867919921875,135.47609110455693,131.97239909323218,131.97239909323218,3366000
2016-09-06,135.0867919921875,136.64398844166516,133.91889465507927,135.0867919921875,4426000
2016-09-07,135.0867919921875,136.64398844166516,134.6974928798181,136.25468932929576,3085000
2016-09-08,135.8654022216797,136.2547013684467,134.30820563461174,135.8654022216797,3137000
2016-09-09,131.97239685058594,133.91889237935564,131.583097744832,133.91889237935564,3479000
2016-09-12,123.4078140258789,127.69010410248669,123.01851492800547,127.30080500461325,7855000
2016-09-13,127.3008041381836,127.30080413818358,123.40781318594556,125.35430866206457,7142000
2016-09-14,121.85061645507812,126.13290649024061,121.46131736097244,124.18641101971221,8445000
2016-09-19,131.58311462402344,131.97241377971582,124.57572982156066,124.96502897725303,10437000
2016-09-20,131.58311462402344,131.97241377971582,129.2473196898692,131.97241377971582,4548000
2016-09-21,129.24732971191406,130.41522726955185,128.46873134015553,130.02592808367257,3981000
2016-09-22,128.07940673828125,131.1937996072972,126.52221030377328,130.80450049867022,4924000
2016-09-23,128.85800170898438,129.24730080780307,126.91150621489095,127.69010441252833,2682000
2016-09-26,128.85800170898438,130.8044972030778,127.30080531370963,128.85800170898438,3223000
2016-09-27,128.85800170898438,128.85800170898438,128.85800170898438,128.85800170898438,0
2016-09-28,128.85800170898438,128.85800170898438,128.85800170898438,128.85800170898438,0
2016-09-29,132.75099182128906,133.14029091753918,129.24729995503805,131.58309453253872,6596000
2016-09-30,130.80450439453125,131.5831026349749,128.85800879342216,130.80450439453125,3775000
2016-10-03,130.02590942382812,132.3617042038969,129.63661029381666,132.3617042038969,2703000
2016-10-04,130.80450439453125,130.80450439453125,129.24730791364397,130.0259061540876,2136000
2016-10-05,131.97239685058594,131.97239685058594,129.24730311030837,129.24730311030837,1946000
2016-10-06,131.19381713867188,132.36171462061853,130.02591965672525,132.36171462061853,2216000
2016-10-07,129.63661193847656,131.19380847827807,129.24731280352617,130.8045093433277,1787000
2016-10-11,128.46871948242188,131.193813532049,126.91152288263496,130.80451438210227,3796000
2016-10-12,127.69010925292969,128.0794083665057,126.52221191220168,126.91151102577768,3528000
2016-10-13,128.07940673828125,128.46870584690825,126.13291119514628,128.46870584690825,4148000
2016-10-14,127.69010925292969,128.4687074800817,127.69010925292969,128.0794083665057,1791000
2016-10-17,128.07940673828125,128.46870584690825,124.96501386926529,127.30080852102726,2561000
2016-10-18,128.46871948242188,128.46871948242188,127.30082203258168,128.07942033247514,2313000
2016-10-19,130.80450439453125,130.80450439453125,128.07941055297852,128.07941055297852,3450000
2016-10-20,130.80450439453125,131.5831026349749,129.63660703386577,130.80450439453125,2703000
2016-10-21,129.24732971191406,130.8045264554311,128.46873134015553,130.8045264554311,5261000
2016-10-24,129.24732971191406,130.41522726955185,128.8580305260348,130.41522726955185,1679000
2016-10-25,130.80450439453125,131.19380351475306,128.85800879342216,129.24730791364397,2026000
2016-10-26,129.24732971191406,130.8045264554311,129.24732971191406,130.8045264554311,1654000
2016-10-27,128.07940673828125,130.02590228141622,128.07940673828125,128.85800495553525,2080000
2016-10-28,131.19381713867188,131.19381713867188,128.46872301412972,129.2473213354275,3528000
2016-10-31,129.63661193847656,130.41521020837732,128.46871453362542,129.63661193847656,3177000
2016-11-01,128.85800170898438,129.24730080780307,128.079403511347,128.85800170898438,1713000
2016-11-02,128.07940673828125,128.85800495553525,127.30080852102726,127.69010762965425,2048000
2016-11-03,127.3008041381836,128.0794023286312,127.30080413818358,127.69010323340738,3213000
2016-11-04,127.3008041381836,127.69010323340738,126.91150504295979,127.30080413818358,1863000
2016-11-07,128.46871948242188,129.24731778231535,127.30082203258168,127.30082203258168,1603000
2016-11-08,129.24732971191406,130.02592808367257,128.46873134015553,128.8580305260348,2311000
2016-11-09,124.1864013671875,130.80448545258622,124.1864013671875,130.41518638873922,5111000
2016-11-10,128.07940673828125,129.24730406416222,126.52221030377328,127.30080852102726,4800000
2016-11-11,122.23993682861328,124.1864326379861,122.23993682861328,123.01853515236242,8038000
2016-11-14,122.23993682861328,123.01853515236242,120.68274018111502,121.85063766673872,6156000
2016-11-15,122.23993682861328,123.40783431423698,122.23993682861328,122.23993682861328,3861000
2016-11-16,121.85061645507812,123.79711192560653,121.85061645507812,123.40781283150085,4612000
2016-11-17,121.46134185791016,122.23994020315318,119.12554682218112,121.46134185791016,4014000
2016-11-18,122.23993682861328,123.01853515236242,119.9041418573659,120.29344101924046,3413000
2016-11-21,121.07203674316406,122.62923335722405,120.29343843613407,122.23993420370905,2583000
2016-11-22,123.01852416992188,123.79712242416188,121.07202853432184,121.07202853432184,4490000
2016-11-23,124.96501922607422,125.74361747670396,123.01852359949984,123.79712185012959,4433000
2016-11-24,123.4078140258789,124.96501041737264,123.01851492800547,124.18641222162577,3146000
2016-11-25,123.01852416992188,123.79712242416188,123.01852416992188,123.01852416992188,1997000
2016-11-28,123.01852416992188,124.18642155128188,122.62922504280186,122.62922504280186,1548000
2016-11-29,123.01852416992188,124.5757206784019,123.01852416992188,123.01852416992188,3206000
2016-11-30,124.57572937011719,124.57572937011719,122.23993444442749,122.23993444442749,6008000
2016-12-01,123.01852416992188,124.18642155128188,123.01852416992188,123.79712242416188,2922000
2016-12-02,121.85061645507812,121.85061645507812,120.68271917276108,121.07201826686676,4606000
2016-12-05,121.07203674316406,121.85063505019406,120.68273758964907,121.85063505019406,3262000
2016-12-06,122.23993682861328,123.40783431423698,121.46133850486416,121.85063766673872,3623000
2016-12-07,122.23993682861328,123.01853515236242,121.85063766673872,123.01853515236242,1755000
2016-12-08,126.522216796875,126.52221679687499,123.01852463942306,123.01852463942306,6156000
2016-12-09,126.91153717041016,127.6901355579587,125.3543403953131,126.13293878286163,3542000
2016-12-12,126.13291931152344,128.07941497991115,125.7436201778459,126.91151757887853,1716000
2016-12-13,125.74359893798828,126.13289800590776,124.57570173422988,126.13289800590776,2783000
2016-12-14,126.91153717041016,127.6901355579587,125.74363958908737,126.13293878286163,2686000
2016-12-15,124.57572937011719,126.52222514152527,124.18643021583557,126.52222514152527,3166000
2016-12-16,122.23993682861328,124.1864326379861,122.23993682861328,123.79713347611154,5001000
2016-12-19,122.62925720214844,123.40785566057477,121.8506587437221,122.23995797293526,2352000
2016-12-20,123.4078140258789,123.4078140258789,122.23991673225859,122.23991673225859,1863000
2016-12-21,124.1864013671875,125.35429855872844,122.23990604795259,123.40780323949353,2767000
2016-12-22,121.46134185791016,123.7971368936392,121.46134185791016,123.4078377210177,2953000
2016-12-23,120.68273162841797,121.4613298969884,120.68273162841795,121.07203076270318,2011000
2016-12-26,121.07203674316406,121.46133589667906,120.68273758964907,121.46133589667906,414000
2016-12-27,120.68273162841797,121.4613298969884,120.29343249413274,121.07203076270318,943000
2016-12-28,122.62925720214844,123.0185564313616,121.07206028529575,121.07206028529575,1717000
2016-12-29,122.23993682861328,123.40783431423698,121.85063766673872,122.23993682861328,1783000
2016-12-30,124.1864013671875,124.1864013671875,122.62920511179956,123.40780323949353,2018000
2017-01-03,123.4078140258789,124.18641222162577,123.01851492800547,123.79711312375234,1903000
2017-01-04,122.62925720214844,124.18645411900111,121.8506587437221,123.79715488978793,2733000
2017-01-05,123.79712677001953,124.18642591080577,122.23993020687463,122.62922934766087,5100000
2017-01-06,125.74359893798828,126.13289800590776,124.18640266631041,124.96500080214935,2779000
2017-01-09,125.74359893798828,126.9114961417467,124.57570173422988,125.7435989379883,2018000
2017-01-10,124.96501922607422,125.74361747670396,124.18642097544446,125.74361747670396,1407000
2017-01-11,127.3008041381836,127.69010323340738,124.57571047161696,126.13290685251218,3928000
2017-01-12,131.97239685058594,132.36169595633987,127.30080758153865,127.6901066872926,9119000
2017-01-13,131.58311462402344,132.3617129354082,130.4152171569463,131.58311462402344,5819000
2017-01-16,130.80450439453125,131.19380351475306,129.63660703386577,130.80450439453125,3454000
2017-01-17,131.58311462402344,131.58311462402344,130.02591800125393,130.02591800125393,1561000
2017-01-18,130.80450439453125,131.5831026349749,129.63660703386577,130.41520527430941,2573000
2017-01-19,131.19381713867188,132.36171462061853,129.63662049607638,130.41521881737413,5881000
2017-01-20,132.75099182128906,133.9188891100394,131.97239362878884,132.75099182128906,5250000
2017-01-23,135.0867919921875,136.25468932929576,133.1402964303404,134.30819376744867,8571000
2017-01-24,135.47610473632812,135.8654038878693,133.91890813016343,133.91890813016343,6618000
2017-02-02,132.36170959472656,139.75839336619657,132.36170959472656,139.36909422032974,11126000
2017-02-03,133.9188995361328,133.9188995361328,131.9724039033402,133.52960040957427,3230000
2017-02-06,136.2546844482422,136.2546844482422,133.52959075927734,133.9188898577009,4000000
2017-02-07,135.47610473632812,135.47610473632812,133.91890813016343,134.6975064332458,3701000
2017-02-08,136.2546844482422,136.2546844482422,134.697488054548,135.4760862513951,3079000
2017-02-09,136.2546844482422,136.64398354666574,133.9188898577009,134.697488054548,3511000
2017-02-10,136.2546844482422,138.97977813720703,135.86538534981864,136.2546844482422,6797000
2017-02-13,136.2546844482422,136.2546844482422,133.52959075927734,134.697488054548,3245000
2017-02-14,136.6439666748047,137.4225647755158,135.47606952373798,137.03326572516025,3744000
2017-02-15,136.6439666748047,137.4225647755158,136.2546676244491,136.6439666748047,3063000
2017-02-16,136.2546844482422,137.0332826450893,134.697488054548,136.64398354666574,4422000
2017-02-17,135.0867919921875,135.47609110455693,133.91889465507927,134.6974928798181,2493000
2017-02-20,135.47610473632812,137.422600494034,135.08680558478696,136.64400219095165,1841000
2017-02-21,133.14028930664062,134.69748567280016,132.36169112356086,134.69748567280016,2508000
2017-02-22,133.9188995361328,134.30819866269132,133.14030128301576,133.9188995361328,1746000
2017-02-23,133.52960205078125,134.308200313468,132.3617046567511,132.75100378809447,2340000
2017-02-24,133.14028930664062,133.9188874897204,132.36169112356086,133.5295883981805,2780000
2017-03-01,131.19381713867188,132.36171462061853,130.804517978023,130.804517978023,3720000
2017-03-02,131.97239685058594,133.14029416784777,130.80449953332413,132.36169595633987,5147000
2017-03-03,130.80450439453125,131.9724017551967,130.80450439453125,131.5831026349749,3166000
2017-03-06,130.80450439453125,131.19380351475306,130.0259061540876,130.0259061540876,1963000
2017-03-07,130.80450439453125,132.3617008754185,130.41520527430941,131.9724017551967,2580000
2017-03-08,131.58311462402344,131.97241377971582,130.4152171569463,130.4152171569463,2057000
2017-03-09,130.02590942382812,131.1938068138625,129.63661029381666,130.80450768385106,4321000
2017-03-10,125.74359893798828,128.85799148134404,124.96500080214935,128.46869241342458,8320000
2017-03-13,126.13291931152344,126.52221844520098,123.0185262421031,124.18642364313574,7977000
2017-03-14,128.07940673828125,128.46870584690825,126.13291119514628,126.13291119514628,6562000
2017-03-15,127.69010925292969,128.4687074800817,126.13291279862567,128.4687074800817,3304000
2017-03-16,129.24732971191406,130.02592808367257,127.69013296839702,128.07943215427628,4622000
2017-03-17,131.58311462402344,131.58311462402344,128.46872137848442,130.02591800125393,4294000
2017-03-20,130.41519165039062,131.19378980949745,129.24729441173042,130.80449072994404,1715000
2017-03-21,131.58311462402344,131.97241377971582,130.8045163126387,131.58311462402344,4000000
2017-03-22,130.02590942382812,130.02590942382812,128.85801203379373,129.2473111638052,5033000
2017-03-23,130.80450439453125,131.19380351475306,130.0259061540876,130.80450439453125,1430000
2017-03-24,129.63661193847656,131.19380847827807,129.24731280352617,130.8045093433277,2534000
2017-03-27,129.24732971191406,129.24732971191406,128.07943215427628,128.46873134015553,2786000
2017-03-28,129.24732971191406,129.63662889779332,127.30083378251776,129.63662889779332,2970000
2017-03-29,127.69010925292969,129.6366048208097,127.30081013935369,129.24730570723372,2739000
2017-03-30,127.3008041381836,128.468701423855,126.91150504295979,127.30080413818358,1564000
2017-03-31,126.522216796875,127.6901141826923,126.52221679687499,127.30081505408653,3040000
2017-04-05,128.85800170898438,128.85800170898438,123.79711342434149,123.79711342434149,8744000
2017-04-06,129.63661193847656,130.02591107342693,128.46871453362542,128.8580136685758,6080000
2017-04-07,127.69010925292969,129.6366048208097,127.69010925292969,128.8580065936577,4665000
2017-04-10,128.85800170898438,128.85800170898438,127.30080531370963,128.079403511347,2570000
2017-04-11,128.46871948242188,128.8580186323686,127.30082203258168,127.30082203258168,2750000
2017-04-12,130.41519165039062,130.41519165039062,127.6900980935168,128.4686962526236,2774000
2017-04-13,129.24732971191406,130.8045264554311,128.8580305260348,130.41522726955185,2302000
2017-04-14,128.85800170898438,129.63659990662174,128.46870261016568,128.46870261016568,860000
2017-04-17,128.85800170898438,129.63659990662174,128.46870261016568,128.85800170898438,902000
2017-04-18,128.85800170898438,130.02589900544044,128.46870261016568,130.02589900544044,1046000
2017-04-19,128.85800170898438,128.85800170898438,127.30080531370963,127.69010441252833,2981000
2017-04-20,129.24732971191406,129.63662889779332,128.07943215427628,128.07943215427628,2565000
2017-04-21,130.80450439453125,130.80450439453125,129.24730791364397,129.24730791364397,1770000
2017-04-24,131.58311462402344,131.97241377971582,130.4152171569463,131.58311462402344,2779000
2017-04-25,133.14028930664062,133.14028930664062,131.58309294048107,131.97239203202096,5027000
2017-04-26,134.697509765625,135.47610808796966,133.1403131209357,133.52961228210802,7149000
2017-04-27,133.14028930664062,134.69748567280016,132.75099021510073,134.69748567280016,4023000
2017-04-28,132.36170959472656,133.91890617819394,131.19381215712605,132.36170959472656,7384000
2017-05-02,135.47610473632812,136.2547030394105,132.75101067553993,133.52960897862226,6820000
2017-05-03,137.03329467773438,137.4225938103416,134.6974998820912,134.6974998820912,5058000
2017-05-04,136.6439666748047,136.6439666748047,135.08677047338242,135.86536857409354,1881000
2017-05-05,133.9188995361328,136.64399342204248,133.52960040957427,136.64399342204248,3625000
2017-05-08,132.36170959472656,135.08680361579445,131.97241044885973,135.08680361579445,2836000
2017-05-09,132.36170959472656,132.75100874059342,131.58311130299288,131.58311130299288,3329000
2017-05-10,132.36170959472656,132.75100874059342,131.58311130299288,132.75100874059342,2455000
2017-05-11,133.52960205078125,133.52960205078125,131.58310639406432,132.3617046567511,2555000
2017-05-12,132.36170959472656,133.91890617819394,131.97241044885973,133.14030788646025,1836000
2017-05-15,131.58311462402344,132.75101209110056,131.19381546833105,132.75101209110056,2214000
2017-05-16,131.58311462402344,132.3617129354082,131.19381546833105,131.19381546833105,3307000
2017-05-17,130.02590942382812,131.58310594387396,129.2473111638052,131.58310594387396,3305000
2017-05-18,130.02590942382812,130.02590942382812,128.46871290378226,129.2473111638052,3922000
2017-05-19,129.24732971191406,130.41522726955185,129.24732971191406,130.02592808367257,1836000
2017-05-22,130.02590942382812,130.4152085538396,129.2473111638052,130.4152085538396,2271000
2017-05-23,130.02590942382812,130.4152085538396,129.2473111638052,129.63661029381666,1933000
2017-05-24,129.63661193847656,130.02591107342693,128.8580136685758,129.63661193847656,3596000
2017-05-25,130.41519165039062,130.41519165039062,128.857995332177,129.24729441173042,3736000
2017-05-26,130.41519165039062,130.80449072994404,129.63659349128383,130.41519165039062,3227000
2017-05-31,129.24732971191406,130.41522726955185,129.24732971191406,130.41522726955185,4656000
2017-06-01,130.02590942382812,130.4152085538396,129.2473111638052,130.02590942382812,2563000
2017-06-02,131.58311462402344,131.58311462402344,130.4152171569463,130.8045163126387,2692000
2017-06-05,131.97239685058594,131.97239685058594,131.19379863907807,131.19379863907807,3661000
2017-06-06,129.24732971191406,131.5831248271896,127.69013296839702,131.5831248271896,10150000
2017-06-07,130.41519165039062,130.41519165039062,128.4686962526236,128.4686962526236,7330000
2017-06-08,129.63661193847656,130.8045093433277,128.8580136685758,130.41521020837732,4529000
2017-06-09,128.85800170898438,129.63659990662174,128.46870261016568,128.85800170898438,5080000
2017-06-12,128.46871948242188,128.46871948242188,126.13292458274148,126.52222373268822,4855000
2017-06-13,128.07940673828125,128.46870584690825,127.30080852102726,127.69010762965425,2789000
2017-06-14,127.69010925292969,128.4687074800817,126.91151102577768,128.4687074800817,3286000
2017-06-15,127.69010925292969,127.69010925292969,126.91151102577768,127.30081013935369,2959000
2017-06-16,127.3008041381836,127.69010323340738,126.13290685251218,127.30080413818358,3439000
2017-06-19,127.69010925292969,127.69010925292969,126.91151102577768,127.30081013935369,3470000
2017-06-20,128.85800170898438,128.85800170898438,127.69010441252833,127.69010441252833,5112000
2017-06-21,128.85800170898438,129.63659990662174,128.079403511347,128.85800170898438,4574000
2017-06-22,131.97239685058594,131.97239685058594,129.24730311030837,129.24730311030837,6652000
2017-06-23,131.58311462402344,132.3617129354082,130.4152171569463,132.3617129354082,3439000
2017-06-26,132.36170959472656,132.36170959472656,130.8045130112592,131.58311130299288,4908000
2017-06-27,130.80450439453125,132.3617008754185,130.80450439453125,132.3617008754185,4692000
2017-06-28,129.63661193847656,131.97240674817883,129.24731280352617,129.63661193847656,4455000
2017-06-29,130.02590942382812,130.80450768385106,129.63661029381666,130.80450768385106,3768000
2017-06-30,129.63661193847656,129.63661193847656,128.46871453362542,128.46871453362542,6289000
2017-07-03,130.84066772460938,130.84066772460938,129.63661250014977,130.0379642416363,3979000
2017-07-04,129.63661193847656,130.8406671577194,129.63661193847656,130.8406671577194,3317000
2017-07-05,130.03794860839844,130.03794860839844,128.83389352869105,130.03794860839844,2877000
2017-07-06,129.23526000976562,130.03796348808714,128.83390827060487,130.03796348808714,4497000
2017-07-07,128.43258666992188,129.2352903366089,128.03123483657836,128.43258666992188,2646000
2017-07-10,128.43258666992188,128.8339385032654,128.03123483657836,128.43258666992188,1955000
2017-07-11,130.43931579589844,130.43931579589844,128.43255709134615,128.43255709134615,2420000
2017-07-12,129.23526000976562,130.43931522724793,129.23526000976562,130.43931522724793,2461000
2017-07-13,130.43931579589844,131.24201927771935,129.63661231407752,130.43931579589844,4214000
2017-07-14,130.84066772460938,131.2420194660959,130.43931598312284,130.84066772460938,2588000
2017-07-17,131.64337158203125,131.64337158203125,130.43931635414683,130.84066809677495,2866000
2017-07-18,130.84066772460938,131.64337120758242,130.43931598312284,130.84066772460938,3379000
2017-07-19,131.24200439453125,132.04470778532348,130.84065269913512,131.24200439453125,4472000
2017-07-20,132.04469299316406,132.04469299316406,131.24198969229377,131.64334134272892,3118000
2017-07-21,130.84066772460938,132.04472294906896,130.43931598312284,132.04472294906896,3027000
2017-07-24,129.63661193847656,130.03796367822417,128.83390845898134,130.03796367822417,4972000
2017-07-25,129.63661193847656,130.03796367822417,128.83390845898134,129.23526019872895,3368000
2017-07-26,130.03794860839844,130.43930030163423,129.23524522192685,129.63659691516264,3513000
2017-07-27,131.24200439453125,131.64335608992738,130.0379493083429,130.43930100373902,6226000
2017-07-28,130.03794860839844,131.24200368810583,129.63659691516264,131.24200368810583,3824000
2017-07-31,128.8339080810547,130.0379632967655,127.6298528653439,129.63661155819523,5132000
2017-08-01,128.8339080810547,130.0379632967655,128.03120460391418,128.8339080810547,4809000
2017-08-02,130.84066772460938,130.84066772460938,129.23526075866323,129.63661250014977,4347000
2017-08-03,129.63661193847656,130.43931541797178,128.83390845898134,128.83390845898134,3456000
2017-08-04,130.03794860839844,130.43930030163423,129.23524522192685,129.63659691516264,2613000
2017-08-07,130.43931579589844,130.43931579589844,129.63661231407752,130.03796405498798,1691000
2017-08-08,130.43931579589844,130.8406675368089,130.03796405498798,130.43931579589844,2974000
2017-08-09,130.03794860839844,130.84065199487003,129.63659691516264,130.84065199487003,2447000
2017-08-10,128.43258666992188,130.0379940032959,128.43258666992188,130.0379940032959,2958000
2017-08-11,128.0311737060547,128.0311737060547,127.22847042263115,127.62982206434292,2939000
2017-08-14,127.2284927368164,128.83389958523048,126.02443760050583,128.43254787312696,3097000
2017-08-15,128.8339080810547,129.23525981962496,128.03120460391418,128.43255634248442,2156000
2017-08-16,128.8339080810547,129.23525981962496,127.6298528653439,128.8339080810547,3149000
2017-08-17,130.03794860839844,130.03794860839844,128.43254183545525,128.83389352869105,1598000
2017-08-18,128.43258666992188,129.6366421699524,128.03123483657836,129.2352903366089,2335000
2017-08-21,128.43258666992188,129.2352903366089,128.03123483657836,128.03123483657836,1585263
2017-08-22,130.03794860839844,130.43930030163423,128.83389352869105,128.83389352869105,4272986
2017-08-23,130.43931579589844,130.8406675368089,128.8339088322566,130.8406675368089,3428201
2017-08-24,130.03794860839844,130.84065199487003,129.23524522192685,130.03794860839844,4252936
2017-08-25,129.23526000976562,130.43931522724793,128.03120479228335,130.03796348808714,4700673
2017-08-28,130.43931579589844,130.8406675368089,128.8339088322566,129.23526057316707,7361847
2017-08-29,129.63661193847656,130.43931541797178,128.83390845898134,129.63661193847656,4255507
2017-08-30,130.84066772460938,132.04472294906896,129.63661250014977,129.63661250014977,5728868
2017-08-31,132.847412109375,132.847412109375,131.24200531651246,131.64335701472808,7762242
2017-09-01,131.64337158203125,132.84742680991567,131.2420198394031,132.44607506728752,3470906
2017-09-04,129.63661193847656,131.6433706372146,129.63661193847656,131.6433706372146,2008135
2017-09-05,130.43931579589844,130.8406675368089,129.63661231407752,130.03796405498798,2425144
2017-09-06,129.23526000976562,130.03796348808714,129.23526000976562,129.63661174892638,2486821
2017-09-07,129.23526000976562,130.8406669664087,129.23526000976562,130.43931522724793,2856568
2017-09-08,130.84066772460938,130.84066772460938,129.63661250014977,130.43931598312284,2074347
2017-09-11,129.23526000976562,131.24201870556945,129.23526000976562,131.24201870556945,1875530
2017-09-12,130.84066772460938,131.2420194660959,128.8339090171767,129.63661250014977,2518383
2017-09-13,128.43258666992188,130.84069766998292,128.43258666992188,130.84069766998292,4092143
2017-09-14,128.8339080810547,129.63661155819523,127.6298528653439,127.6298528653439,2100549
2017-09-15,128.0311737060547,128.83387698947823,127.22847042263115,128.43252534776644,6977974
2017-09-18,130.84066772460938,130.84066772460938,128.4325572756902,128.8339090171767,3318476
2017-09-19,130.03794860839844,131.24200368810583,129.23524522192685,131.24200368810583,2603903
2017-09-20,128.43258666992188,130.0379940032959,128.03123483657836,129.6366421699524,3273975
2017-09-21,128.43258666992188,128.8339385032654,128.03123483657836,128.03123483657836,2449306
2017-09-22,127.62985229492188,128.43255576847486,127.2285005581454,128.43255576847486,2390843
2017-09-25,125.22174072265625,127.22849938808343,125.22174072265625,126.827147654998,3629537
2017-09-26,124.82038879394531,126.02444399131457,124.41903706148891,125.22174052640173,6076282
2017-09-27,124.82038879394531,127.22849918868381,124.82038879394531,125.22174052640173,3933725
2017-09-28,124.41905975341797,125.62311517038653,123.21500433644941,125.62311517038653,5204405
2017-09-29,125.22174072265625,125.62309245574168,124.41903725648538,124.41903725648538,2296688
2017-10-02,124.01769256591797,126.42580310117852,123.61634081004122,126.42580310117852,4788863
2017-10-03,125.22174072265625,126.42579592191257,124.82038898957082,124.82038898957082,4106055
2017-10-05,124.82038879394531,125.62309225885815,124.41903706148891,124.82038879394531,2033343
2017-10-06,124.01769256591797,124.41904432179473,124.01769256591797,124.01769256591797,2950334
2017-10-11,125.22174072265625,126.02444418882712,124.41903725648538,124.82038898957082,4912193
2017-10-12,122.01093292236328,124.01769168753374,121.6095811693292,122.81363642843147,8896239
2017-10-13,120.00418853759766,122.41229934437219,119.60283673646856,122.01094754324309,8999436
2017-10-16,117.59606170654297,120.00417218517524,117.19470996010425,120.00417218517524,15775568
2017-10-17,116.7933349609375,117.99738996053479,116.39198329440507,117.59603829400235,7334009
2017-10-18,117.99740600585938,118.8001094480761,116.79335084253427,117.596054284751,6338605
2017-10-19,118.39875030517578,119.20145369707528,117.99739860922602,118.80010200112552,4332895
2017-10-20,119.20146179199219,119.60281351519754,118.39875834558146,118.80011006878682,5002851
2017-10-23,115.99065399169922,119.20146794302654,115.99065399169922,118.80011619911062,5653135
2017-10-24,115.99065399169922,116.79335747953105,115.99065399169922,116.39200573561514,4228588
2017-10-25,115.58929443359375,117.19470130072699,115.18794271681043,116.39199786716037,5046828
2017-10-26,115.18795013427734,115.99065361953363,115.18795013427734,115.58930187690548,3475564
2017-10-27,116.7933349609375,118.80009329359966,115.5892799613402,115.5892799613402,5962226
2017-10-30,116.39199829101562,118.39875688224004,116.39199829101562,117.99740516399515,3716453
2017-10-31,116.39199829101562,117.99740516399515,116.39199829101562,116.39199829101562,6985247
2017-11-01,115.18795013427734,117.5960605900462,114.38524664902106,117.19470884741806,9895416
2017-11-02,113.58255004882812,114.78660534969909,113.18119828187113,114.78660534969909,7998421
2017-11-03,113.98387908935547,114.78658246322418,113.58252740242112,113.98387908935547,3502641
2017-11-06,113.58255004882812,114.3852535827421,113.18119828187113,113.58255004882812,3615432
2017-11-07,113.58255004882812,114.3852535827421,113.58255004882812,113.9839018157851,3209422
2017-11-08,109.97037506103516,113.58254066522974,109.97037506103516,113.58254066522974,8779730
2017-11-09,111.17442321777344,111.97712663450827,109.9703680926712,109.9703680926712,6515598
2017-11-10,109.97037506103516,111.97713373003215,109.97037506103516,111.17443026243335,3651656
2017-11-13,109.97037506103516,111.17443026243335,109.97037506103516,110.37172679483456,3423714
2017-11-14,109.97037506103516,110.77307852863395,109.56902332723575,109.97037506103516,3650205
2017-11-15,109.97037506103516,110.77307852863395,109.56902332723575,110.37172679483456,6261950
2017-11-16,109.56902313232422,110.37172659849509,109.56902313232422,109.97037486540965,2813309
2017-11-17,109.97037506103516,110.77307852863395,109.16767159343635,109.97037506103516,6566788
2017-11-20,109.97037506103516,110.77307852863395,109.56902332723575,110.37172679483456,3157845
2017-11-21,109.56902313232422,109.97037486540965,109.16767139923878,109.97037486540965,3793988
2017-11-22,112.37847137451172,113.58252642495292,109.16765790666854,109.97036127362934,11496949
2017-11-23,113.98387908935547,114.78658246322418,112.77982402855243,113.18117571548677,5194620
2017-11-24,117.59606170654297,117.59606170654297,115.18795122791069,115.18795122791069,9228636
2017-11-27,112.77983093261719,117.99740318216887,112.37847922111321,117.59605147066489,8852564
2017-11-28,113.58255004882812,113.9839018157851,112.37849474795715,112.77984651491414,2887758
2017-11-29,111.5757827758789,113.98389319550219,110.77307930267115,113.98389319550219,5693731
2017-11-30,109.56902313232422,111.5757817977514,109.56902313232422,110.77307833158054,6760224
2017-12-01,109.97037506103516,111.17443026243335,109.16767159343635,109.97037506103516,4630641
2017-12-04,111.5757827758789,112.37848624908666,109.97037582946338,110.37172756606726,3023429
2017-12-05,113.18118286132812,113.98388628587657,111.17442429995707,111.57577601223127,5783045
2017-12-06,110.37171936035156,113.18118130770597,110.37171936035156,113.18118130770597,4314582
2017-12-07,110.37171936035156,112.37847789417614,110.37171936035156,110.77307106711648,3217867
2017-12-08,109.97037506103516,111.97713373003215,109.97037506103516,111.57578199623275,2892590
2017-12-11,110.77306365966797,112.77982205929963,110.77306365966795,111.17441533959429,2728205
2017-12-12,110.37171936035156,111.5757744806463,109.97036765358665,110.77307106711648,2577956
2017-12-13,110.77306365966797,111.17441533959429,109.9703602998153,109.9703602998153,3348386
2017-12-14,110.77306365966797,111.97711869944696,110.77306365966795,111.17441533959429,3382095
2017-12-15,109.16767883300781,110.37173411425422,108.36497531217687,110.37173411425422,7940367
2017-12-18,109.16767883300781,109.97038235383874,108.36497531217687,109.56903059342328,2807694
2017-12-19,109.56902313232422,109.97037486540965,109.16767139923878,109.56902313232422,2165997
2017-12-20,109.97037506103516,110.77307852863395,109.56902332723575,110.77307852863395,1492510
2017-12-21,110.77306365966797,110.77306365966795,109.9703602998153,109.9703602998153,1352939
2017-12-22,111.97712707519531,111.97712707519531,110.7730719453545,110.7730719453545,3056892
2017-12-25,112.77983093261719,113.9838860671291,112.37847922111321,112.77983093261719,2540536
2017-12-26,111.97712707519531,113.58253391498306,111.57577536524838,113.18118220503612,1685027
2017-12-27,112.37847137451172,113.18117474147252,111.97711969103132,111.97711969103132,1158887
2017-12-28,113.58255004882812,113.9839018157851,113.18119828187113,113.18119828187113,3839033
2017-12-29,115.18795013427734,115.58930187690548,114.38524664902106,114.38524664902106,4221559
2018-01-02,113.18118286132812,115.58929313497342,112.3784794367797,115.58929313497342,4167036
2018-01-03,111.5757827758789,113.18118972229443,110.77307930267115,113.18118972229443,4681918
2018-01-04,111.5757827758789,112.37848624908666,111.17443103927502,111.97713451248279,3198008
2018-01-05,112.77983093261719,112.77983093261719,111.57577579810525,111.97712750960923,3201939
2018-01-08,112.77983093261719,113.58253435562514,111.97712750960923,113.18118264412117,3385632
2018-01-09,112.37847137451172,113.18117474147252,111.57576800755092,113.18117474147252,2987139
2018-01-10,111.17442321777344,113.1811817596105,110.77307150940602,113.1811817596105,3702758
2018-01-11,109.56902313232422,109.97037486540965,109.16767139923878,109.97037486540965,6765022
2018-01-12,109.56902313232422,109.97037486540965,109.16767139923878,109.56902313232422,5848864
2018-01-15,109.97037506103516,110.77307852863395,109.56902332723575,110.37172679483456,2816611
2018-01-16,112.37847137451172,112.37847137451172,109.97036127362934,110.37171295710972,7069299
2018-01-17,111.5757827758789,112.37848624908666,111.17443103927502,112.37848624908666,6179730
2018-01-18,114.78658294677734,115.18793463540244,112.37847281502678,112.37847281502678,9243839
2018-01-19,115.99065399169922,116.39200573561514,115.1879505038674,115.1879505038674,7010653
2018-01-22,119.6028060913086,119.6028060913086,116.39199250496473,117.1946959015507,14467072
2018-01-23,118.39875030517578,121.20821217682402,117.19469521732653,120.80686048087426,11268320
2018-01-24,118.80008697509766,119.60279026546995,117.1946803943531,118.39873532991152,6225111
2018-01-25,118.39875030517578,121.20821217682402,117.59604691327628,119.60280539302502,6550792
2018-01-26,118.39875030517578,119.60280539302502,117.59604691327628,118.80010200112552,4131314
2018-01-29,117.59606170654297,120.00417218517524,116.39200646722682,119.20146869229782,5050915
2018-01-30,117.19469451904297,117.99739790615969,116.39199113192623,117.19469451904297,3816039
2018-01-31,117.99740600585938,118.8001094480761,115.99064740031754,116.79335084253427,3992610
2018-02-01,117.99740600585938,119.20146116918447,117.596054284751,117.99740600585938,2783695
2018-02-02,117.99740600585938,117.99740600585938,116.39199912142591,117.19470256364264,2167155
2018-02-05,116.39199829101562,116.79335000926051,114.7865914180361,115.58929485452586,3084099
2018-02-06,111.17442321777344,113.58253346797791,109.16766467593636,113.1811817596105,8812236
2018-02-07,109.97037506103516,112.37848546383154,109.97037506103516,111.97713373003215,5284216
2018-02-08,109.97037506103516,110.77307852863395,109.56902332723575,109.56902332723575,2150228
2018-02-09,107.963623046875,107.963623046875,104.75280897856645,106.75956777125928,5514158
2018-02-12,108.3649673461914,109.56902253892687,108.3649673461914,109.56902253892687,2842052
2018-02-21,110.37171936035156,110.77307106711648,108.76631253329191,110.37171936035156,5827472
2018-02-22,110.37171936035156,110.37171936035156,109.56901594682174,109.97036765358665,3299805
2018-02-23,110.77306365966797,111.17441533959429,109.9703602998153,110.37171197974163,2750372
2018-02-26,111.97712707519531,113.18118220503612,111.17442365530144,111.57577536524838,3407713
2018-02-27,111.5757827758789,113.18118972229443,111.5757827758789,112.77983798569055,5618281
2018-03-01,111.97712707519531,112.77983049508919,109.97036852546063,109.97036852546063,4457908
2018-03-02,110.77306365966797,111.97711869944696,109.56900861988896,110.37171197974163,5593253
2018-03-05,111.17442321777344,113.1811817596105,110.77307150940602,110.77307150940602,3613572
2018-03-06,112.37847137451172,112.77982305799212,111.17441632407052,112.77982305799212,2558241
2018-03-07,109.97037506103516,111.57578199623275,109.56902332723575,111.17443026243335,5139950
2018-03-08,109.97037506103516,110.77307852863395,109.16767159343635,109.97037506103516,5207231
2018-03-09,108.76631164550781,110.37171845946365,107.16090483155197,110.37171845946365,9837144
2018-03-12,108.76631164550781,109.56901505248572,107.96360823852989,108.76631164550781,9660674
2018-03-13,109.97037506103516,109.97037506103516,108.76631985963695,109.16767159343635,4056879
2018-03-14,109.56902313232422,109.97037486540965,109.16767139923878,109.56902313232422,1650834
2018-03-15,109.56902313232422,109.97037486540965,108.76631966615335,109.16767139923878,2405887
2018-03-16,109.16767883300781,109.97038235383874,108.76632707259233,109.16767883300781,7401851
2018-03-19,107.963623046875,109.56903008102927,107.56227128833642,109.1676783224907,6656814
2018-03-20,105.95684814453125,107.5622549345999,105.55549644701408,107.16090323708274,8684370
2018-03-21,106.35820770263672,107.56226288417601,105.55550424827719,105.95685597545696,5472332
2018-03-22,104.35145568847656,106.75956620436449,104.35145568847656,106.35821445171649,7126786
2018-03-23,102.74604797363281,103.14739972352982,101.5419927239418,102.74604797363281,10031621
2018-03-26,101.94332885742188,102.34468054583692,100.73927379217673,101.94332885742188,8441182
2018-03-27,105.55550384521484,105.95685557086205,103.14739349133161,103.14739349133161,5377799
2018-03-28,103.14738464355469,104.75279140843492,102.74603295233463,104.35143971721486,2964982
2018-03-29,104.35145568847656,104.35145568847656,102.74604867788462,104.35145568847656,3136830
2018-03-30,104.35145568847656,105.55551094642053,103.5487521831806,105.55551094642053,1995588
2018-04-02,104.35145568847656,105.95686269906851,103.95010393582858,105.55551094642053,2635335
2018-04-03,102.74604797363281,103.54875147342682,102.34469622373581,103.14739972352982,3782695
2018-04-09,102.34469604492188,103.14739954331341,101.54199254653032,102.74604779411764,3610564
2018-04-10,102.34469604492188,102.74604779411764,101.9433442957261,101.9433442957261,1968329
2018-04-11,101.54200744628906,103.14741467864145,101.54200744628906,102.74606287055336,2973069
2018-04-12,99.13387298583984,101.54198326079951,98.33116956085328,101.14063154830623,12299123
2018-04-13,96.72575378417969,99.53521551235087,96.32440210872666,99.13386383689786,10987941
2018-04-16,97.5284652709961,97.92981697993024,97.12711356206195,97.5284652709961,5900316
2018-04-17,96.32440948486328,97.929816309611,95.92305777867635,97.52846460342407,5674156
2018-04-18,96.32440948486328,97.12711289723714,94.31765095392863,97.12711289723714,6671271
2018-04-19,96.32440948486328,97.12711289723714,94.71900266011556,97.12711289723714,8316952
2018-04-20,95.5217056274414,95.92305733175839,94.71900221880745,95.5217056274414,7705110
2018-04-23,91.90953826904297,95.12035183302702,90.70548318254896,95.12035183302702,9035583
2018-04-24,89.50142669677734,91.50818514289342,86.2906131829916,91.50818514289342,10254962
2018-04-25,89.50142669677734,90.30413007522378,88.6987233183309,88.6987233183309,5151494
2018-04-26,88.29737091064453,91.10683271234686,87.09331585277211,90.30412934043191,7893413
2018-04-27,88.29737091064453,89.90277765447443,87.49466753872959,89.10007428255949,8456677
2018-04-30,86.69196319580078,88.69872160311098,85.08655646995261,88.29736992164894,10878231
2018-05-02,86.69196319580078,87.8960182401869,86.69196319580078,86.69196319580078,7610560
2018-05-03,83.48116302490234,87.49468047802264,82.67845953427828,87.09332873271062,12793881
2018-05-04,85.88926696777344,86.6919703973788,81.47439810494396,82.27710153454932,8634726
2018-05-07,89.90279388427734,91.50820091792515,87.49468333380563,87.89603509221757,13122967
2018-05-08,91.90953826904297,93.11359335553699,90.70548318254896,91.10683487804697,10446969
2018-05-09,90.70549011230469,91.9095452907866,90.30413838614405,91.9095452907866,4854371
2018-05-10,92.31089782714844,92.7122495568317,90.70549090841541,91.10684263809867,5840326
2018-05-11,91.50818634033203,93.51494481270772,91.10683464585688,93.11359311823259,5343202
2018-05-14,92.71224975585938,93.11360148640422,91.90954629476968,92.31089802531453,4156290
2018-05-15,92.31089782714844,93.51495301619819,92.31089782714844,93.11360128651494,5964844
2018-05-16,92.71224975585938,93.51495321694907,91.90954629476968,93.11360148640422,3374811
2018-05-17,91.1068344116211,92.71224118539415,91.1068344116211,92.71224118539415,2991657
2018-05-18,91.50818634033203,92.31088972928231,91.10683464585688,91.10683464585688,3430096
2018-05-21,94.31765747070312,94.71900920462102,91.50819533327792,91.90954706719582,7419730
2018-05-22,91.90953826904297,95.12035183302702,91.90953826904297,94.71900013752901,3261883
2018-05-23,90.30413055419922,92.3108890109592,89.90277886284723,91.90953731960721,4132416
2018-05-24,90.30413055419922,91.10683393690321,89.90277886284723,90.30413055419922,2741740
2018-05-25,92.31089782714844,92.7122495568317,90.30413917873216,91.10684263809867,2837452
2018-05-28,91.1068344116211,93.11359287883741,90.70548271817782,92.71224118539415,2349135
2018-05-29,91.90953826904297,91.90953826904297,90.70548318254896,91.10683487804697,2016706
2018-05-30,89.90279388427734,90.70549740110124,89.90279388427734,90.30414564268929,4688370
2018-05-31,89.10008239746094,90.70548928750527,89.10008239746094,90.30413756499419,8911371
2018-06-01,91.90953826904297,91.90953826904297,89.50142809605495,89.50142809605495,4036635
2018-06-04,91.90953826904297,91.90953826904297,90.70548318254896,91.90953826904297,4928376
2018-06-05,89.90279388427734,91.9095526763371,89.90279388427734,91.50820091792515,5043256
2018-06-06,90.70549011230469,91.50819356462597,89.9027866599834,90.30413838614405,3468201
2018-06-07,91.1068344116211,91.50818610506435,90.30413102473456,91.1068344116211,5129387
2018-06-08,91.1068344116211,91.50818610506435,90.30413102473456,90.70548271817782,5327066
2018-06-11,93.51493835449219,94.31764168800714,91.90953168746228,91.90953168746228,7496296
2018-06-12,92.31089782714844,93.91630474588145,92.31089782714844,93.51495301619819,3722148
2018-06-13,93.91629791259766,94.31764961307884,92.7122428111541,92.7122428111541,3516769
2018-06-14,91.50818634033203,93.11359311823259,91.50818634033203,92.71224142375745,3848258
2018-06-15,91.1068344116211,92.31088949195089,90.30413102473456,92.31088949195089,6726881
2018-06-19,88.69873809814453,89.90279336644514,88.29738634204433,89.50144161034494,6285033
2018-06-20,89.10008239746094,89.90278584248311,88.29737895243876,89.10008239746094,3110038
2018-06-21,88.69873809814453,90.30414512254534,88.69873809814453,90.30414512254534,2773849
2018-06-22,88.69873809814453,89.10008985424474,88.29738634204433,88.69873809814453,3225526
2018-06-25,88.29737091064453,89.10007428255949,88.29737091064453,88.69872259660201,3074375
2018-06-26,86.69196319580078,88.69872160311098,86.29061151433874,88.29736992164894,5244992
2018-06-27,86.29061889648438,87.49467404387718,85.88926718068677,87.09332232807958,4791206
2018-06-28,85.88926696777344,87.09332211218148,85.48791525297075,85.88926696777344,3181918
2018-06-29,87.89603424072266,87.89603424072266,85.88927546810342,86.29062722262726,5454133
2018-07-02,87.89603424072266,89.15769980398662,87.89603424072266,88.73714461623196,3761108
2018-07-03,87.47547912597656,88.31658950218788,87.47547912597656,87.89603431408221,2750900
2018-07-04,85.37269592285156,87.89602683682747,84.95214077052225,87.89602683682747,4749470
2018-07-05,83.18580627441406,85.79324680566359,82.6811414001661,85.37269167426328,9746190
2018-07-06,83.43814849853516,84.11103938044391,83.01759330163293,83.26992898663948,5531706
2018-07-09,85.79324340820312,87.4754638671875,84.11102294921875,84.53157806396484,5602877
2018-07-10,86.21380615234375,87.05491645626905,85.37269584841845,86.6343613043064,5075756
2018-07-11,86.21380615234375,86.21380615234375,84.95214069645579,85.79325100038109,3984429
2018-07-12,85.37269592285156,86.2138062275102,84.95214077052225,85.79325107518089,5433658
2018-07-13,88.31658172607422,88.31658172607422,86.2138059706915,86.2138059706915,4494421
2018-07-16,87.47547912597656,88.73714469029353,87.47547912597656,88.31658950218788,2849659
2018-07-17,85.79324340820312,87.8960189819336,85.79324340820312,87.4754638671875,3321716
2018-07-18,88.31658172607422,88.31658172607422,86.2138059706915,86.63436112176804,4150140
2018-07-19,86.63436126708984,88.3165818742178,86.21380611530786,88.3165818742178,2737705
2018-07-20,87.05491638183594,87.89602668504209,86.63436123023287,87.05491638183594,2121100
2018-07-23,87.47547912597656,87.89603431408221,87.05492393787091,87.47547912597656,1884433
2018-07-24,87.89603424072266,87.89603424072266,87.05492386521334,87.89603424072266,2447062
2018-07-25,87.05491638183594,87.89602668504209,87.05491638183594,87.89602668504209,2695813
2018-07-26,87.89603424072266,88.73714461623196,87.475479052968,88.3165894284773,4012289
2018-07-27,90.83991241455078,91.26046756461814,87.89602636407922,87.89602636407922,7484011
2018-07-30,87.89603424072266,90.83992055500522,87.475479052968,90.83992055500522,9679729
2018-07-31,89.57826232910156,89.57826232910156,87.47548621808978,87.89604144029214,5461428
2018-08-01,90.41934967041016,90.83990478515625,88.73712921142578,90.83990478515625,8534681
2018-08-02,89.57826232910156,90.83992799570862,89.15770710689921,90.41937277350627,5947835
2018-08-03,90.83991241455078,91.26046756461814,89.99880211441605,90.41935726448341,4629424
2018-08-06,89.9988021850586,90.83991248585353,89.9988021850586,90.83991248585353,2696406
2018-08-07,90.83991241455078,90.83991241455078,89.99880211441605,89.99880211441605,3285253
2018-08-08,92.10157775878906,92.10157775878906,90.41935716045502,90.83991231003853,5042383
2018-08-09,90.83991241455078,92.10157786475287,90.83991241455078,91.68102271468551,4069771
2018-08-10,89.15768432617188,90.83990478515625,89.15768432617188,90.83990478515625,4305526
2018-08-13,88.31658172607422,89.9988023303804,88.31658172607422,89.1576920282273,5022072
2018-08-14,89.57826232910156,89.99881755130392,88.73715188469686,89.15770710689921,5886494
2018-08-15,88.73712921142578,89.99879455566406,88.73712921142578,89.57823944091797,4210252
2018-08-16,86.63436126708984,88.3165818742178,86.63436126708984,87.89602672243582,3632210
2018-08-17,88.31658172607422,88.73713687715076,87.0549162728446,87.47547142392114,4179565
2018-08-20,88.31658172607422,89.57824717930384,87.47547142392114,88.31658172607422,3071394
2018-08-21,88.73712921142578,89.15768432617188,88.31657409667969,88.31657409667969,1967622
2018-08-22,89.15768432617188,89.15768432617188,88.31657409667969,88.73712921142578,1725129
2018-08-23,89.57826232910156,89.99881755130392,89.15770710689921,89.57826232910156,4419779
2018-08-24,87.89603424072266,89.57825499174126,87.475479052968,89.15769980398662,3438063
2018-08-27,88.73712921142578,88.73712921142578,87.8960189819336,87.8960189819336,1724684
2018-08-28,94.20435333251953,95.46601877893721,89.15769154684885,89.57824669565474,21153489
2018-08-29,99.67156219482422,101.77433776855469,92.94268035888672,93.36323547363281,40310611
2018-08-30,101.77435302734375,104.2976840941374,100.51268749394693,102.61546338294164,23611342
2018-08-31,103.4565658569336,104.71823129421327,100.93323498237424,102.19490041965392,18600048
2018-09-03,102.19490051269531,104.2976762434092,100.5126799281242,104.2976762434092,10438330
2018-09-04,104.29767608642578,105.13878637744536,102.19490035887688,103.45656579540622,8677570
2018-09-05,102.61544799804688,105.13877868652344,102.19489288330078,104.71822357177734,5889228
2018-09-06,102.19490051269531,102.61545565883809,100.93323507426697,101.35379022040975,4625512
2018-09-07,101.3537826538086,102.61544799804688,99.67156219482422,100.5126724243164,9139141
2018-09-10,100.51268768310547,100.93324286169586,97.98935661156307,100.93324286169586,7502118
2018-09-11,99.67156219482422,101.3537826538086,99.67156219482422,100.09211730957031,7027608
2018-09-12,97.98934936523438,100.09212510268576,97.5687942177441,99.2510148077052,5902341
2018-09-13,97.56879425048828,99.25101484101394,97.14823910285686,97.56879425048828,5629240
2018-09-14,97.98934936523438,99.2510148077052,97.14823907025382,97.5687942177441,9890452
2018-09-17,100.93323516845703,101.7743454615275,97.56879399617513,97.98934914271037,10446683
2018-09-18,100.93323516845703,101.7743454615275,98.83045943578084,99.25101458231607,7861375
2018-09-19,100.51268768310547,101.77435321887666,99.67157732592466,100.93324286169586,4754284
2018-09-20,100.93323516845703,102.19490060806274,99.67156972885131,100.93323516845703,6453078
2018-09-21,100.09212493896484,102.61545581977907,100.09212493896484,102.1949006729767,8218692
2018-09-25,100.93323516845703,102.19490060806274,100.09212487538656,100.5126800219218,5524621
2018-09-26,100.51268768310547,102.19490839746706,100.51268768310547,101.35379804028626,4514299
2018-09-27,105.55934143066406,107.24156201123242,104.2976759952378,106.40045172094824,18457158
2018-09-28,110.18545532226562,111.44712084122287,105.13879324643668,106.4004587653939,31475991
2018-10-01,108.92378997802734,112.28823136731005,108.08267963070666,111.44712101998937,15789092
2018-10-02,107.66211700439453,110.18544787168503,105.97989642620087,109.76489272713661,11768864
2018-10-03,105.13878631591797,107.6621171875,104.29767602539063,107.24156204223632,10521609
2018-10-04,103.87712860107422,105.97990448368705,103.03601824802908,105.13879413064193,8907697
2018-10-05,99.67156219482422,102.61544799804688,97.98934173583984,102.61544799804688,12519029
2018-10-08,96.30712890625,99.25101494268559,95.88657375818777,98.40990464656113,12519759
2018-10-09,98.8304672241211,100.09213276315242,97.14824650541264,97.56880168508977,6949979
2018-10-11,93.78378295898438,94.6248931200515,91.68100755631656,93.36322787845081,15179872
2018-10-12,99.67156219482422,100.09211730957031,95.88656616210938,96.30712127685547,13472043
2018-10-15,98.40990447998047,100.51268021673219,97.98934933263013,99.25101477468115,7777579
2018-10-16,100.09212493896484,100.93323523256959,97.98934920495297,98.40990435175534,5700449
2018-10-17,98.40990447998047,103.03601110083424,98.40990447998047,102.6154559534839,6833031
2018-10-18,100.51268768310547,100.51268768310547,98.40991179015347,99.25102214733427,3815909
2018-10-19,99.67156219482422,100.9332275390625,97.98934173583984,98.83045196533203,4223979
2018-10-22,103.03600311279297,103.45655822753906,99.67156219482422,99.67156219482422,6609694
2018-10-23,100.93323516845703,103.03601090113322,100.5126800219218,102.19490060806274,5122204
2018-10-24,103.4565658569336,103.87712100269349,99.25101439933466,101.77434527389403,12861395
2018-10-25,102.19490051269531,103.45656595112365,100.09212478198141,100.5126799281242,10252652
2018-10-26,102.19490051269531,105.13878653569476,100.09212478198141,103.87712109726642,10323605
2018-10-29,100.51268768310547,103.87712911182865,100.09213250451506,103.45657393323826,9998853
2018-10-30,105.13878631591797,105.13878631591797,102.19490029907227,102.61545544433594,17685367
2018-10-31,109.34435272216797,109.34435272216797,107.24157670828014,108.50324231661284,26241499
2018-11-01,109.34435272216797,111.44712873605582,108.08268711383526,108.50324231661284,16187949
2018-11-02,108.50322723388672,111.02655809979106,106.82100665661716,111.02655809979106,12550477
2018-11-05,108.50322723388672,110.18544781115628,106.82100665661716,109.3443375225215,7979512
2018-11-06,107.2415771484375,109.34435317095588,104.71824592141543,108.9237979664522,10603836
2018-11-07,109.34435272216797,109.34435272216797,106.400466302725,108.08268711383526,7208728
2018-11-08,109.34435272216797,110.60601833050069,109.34435272216797,110.60601833050069,8207761
2018-11-09,107.66211700439453,109.76489272713661,106.8210067152977,109.3443375825882,5657408
2018-11-12,108.0826644897461,109.34432983398438,106.40044403076172,107.662109375,4252126
2018-11-13,108.50322723388672,108.50322723388672,104.7182309350302,106.40045151229977,6908353
2018-11-14,109.34435272216797,109.34435272216797,107.24157670828014,108.50324231661284,5623725
2018-11-15,107.2415771484375,109.76490837545956,106.40046673943014,109.76490837545956,6707532
2018-11-16,108.0826644897461,108.0826644897461,106.40044403076172,107.662109375,4469434
2018-11-19,107.2415771484375,108.50324276194853,106.40046673943014,108.50324276194853,4078738
2018-11-20,105.55934143066406,106.82100686609033,105.13878628552197,106.40045172094824,5713094
2018-11-21,105.55934143066406,106.40045172094824,103.45656570495363,105.13878628552197,7979415
2018-11-22,101.77435302734375,105.97990480533316,101.77435302734375,105.97990480533316,7973665
2018-11-23,100.93323516845703,102.61545575459797,99.25101458231607,101.7743454615275,8874819
2018-11-26,102.61544799804688,103.87711334228516,101.77433776855469,102.19489288330078,5031673
2018-11-27,106.40046691894531,106.82102212415855,102.61547007202631,103.45658048245276,8075105
2018-11-28,107.66211700439453,108.50322729349136,106.40045157074928,107.24156185984612,8267565
2018-11-29,108.0826644897461,110.18544006347656,108.0826644897461,108.92377471923828,14108817
2018-11-30,109.34435272216797,109.34435272216797,106.82102150550256,108.50324231661284,14770418
2018-12-03,109.34435272216797,110.18546312772311,107.6621319110577,110.18546312772311,8871799
2018-12-04,109.34435272216797,109.34435272216797,107.6621319110577,109.34435272216797,7157852
2018-12-05,108.50322723388672,108.92378237820411,107.24156180093455,107.66211694525194,2981011
2018-12-06,107.2415771484375,108.08268755744484,105.13880112591912,108.08268755744484,7614449
2018-12-07,107.2415771484375,107.2415771484375,106.40046673943014,107.2415771484375,1579444
2018-12-10,106.40046691894531,107.66213253458498,105.9799117137321,105.9799117137321,2779351
2018-12-11,107.66211700439453,108.92378243803978,106.8210067152977,106.8210067152977,5202470
2018-12-12,108.0826644897461,108.92377471923828,107.662109375,108.92377471923828,3980220
2018-12-13,110.18545532226562,110.60601049525138,108.50323463032264,109.34434497629414,12044446
2018-12-14,110.60601043701172,111.02656560977601,108.92378974595451,109.3443449187188,7405486
2018-12-17,110.18545532226562,110.60601049525138,109.34434497629414,110.60601049525138,2801544
2018-12-18,111.02655792236328,111.02655792236328,108.9237822041367,109.34433734778202,4376454
2018-12-19,111.44711303710938,111.86766818064564,110.18544760650059,111.44711303710938,6002818
2018-12-20,111.86767578125,113.12934129757988,110.18545509281014,110.18545509281014,9684975
2018-12-21,107.66211700439453,111.02655816078186,107.66211700439453,110.60600301623344,10228594
2018-12-24,107.66211700439453,108.50322729349136,107.24156185984612,107.66211700439453,1738282
2018-12-25,106.82100677490234,107.24156191968542,105.97989648533618,107.24156191968542,2707764
2018-12-26,105.97989654541016,107.66211712549604,105.97989654541016,106.8210068354531,1559780
2018-12-27,107.2415771484375,108.08268755744484,105.97991153492646,107.2415771484375,3825119
2018-12-28,108.92378997802734,108.92378997802734,107.241569283386,108.08267963070666,2764729
2019-01-02,106.82100677490234,109.34433764360082,106.40045163011926,108.92378249881774,2743002
2019-01-03,109.34435272216797,109.34435272216797,105.97991109994743,106.400466302725,4493915
2019-01-04,110.18545532226562,111.86767601420861,107.24156911136541,107.66212428435115,11556459
2019-01-07,116.07321166992188,116.07321166992188,111.44710540771484,111.86766052246094,19188005
2019-01-08,118.17599487304688,119.0171051568408,116.49377430545901,118.17599487304688,16380932
2019-01-09,121.54045104980469,121.96100624374864,118.59656469219696,118.59656469219696,15588449
2019-01-10,121.96098327636719,121.96098327636719,119.43765258789062,121.5404281616211,9136605
2019-01-11,119.43766021728516,121.96099106694611,118.17599479245467,121.11988078372579,9997002
2019-01-14,119.43766021728516,120.69932564211564,117.75543965084452,119.85821535889532,5857107
2019-01-15,126.16654205322266,126.16654205322266,120.69932523091634,121.11988037109376,19051578
2019-01-16,125.74600219726562,127.00766777115123,124.48433662338002,126.58711257985603,8452382
2019-01-17,126.16654205322266,129.95153831481935,124.48432149251302,126.16654205322266,15027937
2019-01-18,126.58708953857422,127.4281997680664,123.22264862060547,124.90486907958984,10216757
2019-01-21,127.84876251220703,128.26931765204984,126.16654195283589,127.84876251220703,9012849
2019-01-22,127.42821502685547,127.84877019196061,126.58710469664521,127.84877019196061,4365138
2019-01-23,125.74600219726562,127.00766777115123,124.90489181467521,126.16655738856082,9572651
2019-01-24,128.26931762695312,129.11042790647414,126.58709706791112,127.00765220767163,9068154
2019-01-25,129.53099060058594,130.37210092916118,127.84876994343547,129.53099060058594,9983386
2019-01-28,127.84876251220703,130.37209335126374,127.42820737236426,129.95153821142097,3467145
2019-01-29,125.32543182373047,126.58709724477474,123.64321126233811,126.16654210442665,10239651
2019-01-30,127.00765991210938,127.84877024265315,124.90488408574996,125.74599441629373,7630267
2019-02-11,127.42821502685547,129.110435687276,126.16654953154007,129.110435687276,8166860
2019-02-12,128.6898651123047,129.53097534179688,127.8487548828125,128.2693099975586,6951939
2019-02-13,129.1104278564453,130.37209327523794,128.6898727168478,130.37209327523794,9855024
2019-02-14,129.95155334472656,131.6337740999981,129.1104429670908,129.1104429670908,9376144
2019-02-15,130.37213134765625,131.21324187247984,129.53102082283266,130.79268661006805,7828143
2019-02-18,129.53099060058594,131.21321125773642,129.11043543629833,131.21321125773642,4343117
2019-02-19,128.26931762695312,129.53098304623464,127.42820734743214,129.53098304623464,6202945
2019-02-20,129.95155334472656,132.054329288816,129.5309981559087,129.95155334472656,9239300
2019-02-21,130.37213134765625,131.21324187247984,129.11046556042086,131.21324187247984,5578452
2019-02-22,129.53099060058594,130.79265609344878,128.6898802720107,130.79265609344878,5993405
2019-02-25,129.53099060058594,131.21321125773642,128.6898802720107,130.79265609344878,5060145
2019-02-26,128.26931762695312,129.53098304623464,128.26931762695312,129.53098304623464,7575348
2019-02-27,129.1104278564453,130.37209327523794,129.1104278564453,129.53098299604287,9522023
2019-03-04,132.05430603027344,134.9981918334961,130.37208557128906,131.21319580078125,17139792
2019-03-05,129.1104278564453,132.47486897322565,128.26931757725023,132.0543138336281,8701432
2019-03-06,129.95155334472656,129.95155334472656,127.42822221181926,129.5309981559087,6293865
2019-03-07,129.1104278564453,129.9515381356404,128.6898727168478,129.9515381356404,4322417
2019-03-08,126.58708953857422,127.8487548828125,126.16653442382812,127.8487548828125,6709637
2019-03-11,127.84876251220703,129.1104279317354,126.58709709267868,127.00765223252147,5335683
2019-03-12,121.11988830566406,127.84877098931207,120.69933313793607,127.84877098931207,22712117
2019-03-13,124.48429870605469,124.9048537692508,122.38152339007402,123.64318857966242,11709540
2019-03-14,126.16654205322266,126.16654205322266,123.6432112121582,124.48432149251302,7578145
2019-03-15,125.32543182373047,126.16654210442665,124.90487668338238,125.74598696407855,7312453
2019-03-18,127.42821502685547,127.84877019196061,125.74599436643494,126.16654953154007,5957398
2019-03-19,129.95155334472656,129.95155334472656,126.58711183418349,127.42822221181926,7716999
2019-03-20,130.79266357421875,131.63377395090183,129.53099800919412,130.79266357421875,9385357
2019-03-21,134.9982147216797,135.83932509377738,131.21321804724008,131.63377323328893,16912537
2019-03-22,135.8393096923828,136.25986483074934,134.15708913891677,136.25986483074934,8306770
2019-03-25,131.21322631835938,132.89544716859476,130.3721158932417,132.05433674347705,5910429
2019-03-26,136.25987243652344,136.25987243652344,133.31598630363558,133.7365414654767,7516368
2019-03-27,136.68043518066406,137.10099036583534,134.57765925480768,134.57765925480768,6889351
2019-03-28,135.8393096923828,135.8393096923828,133.31597886218375,135.41875455401632,4330397
2019-03-29,133.73654174804688,134.998207236236,131.63376593439835,134.5776520735063,7750757
2019-04-01,131.21322631835938,134.57766801883014,130.79267110580054,134.15711280627127,7193470
2019-04-02,132.47488403320312,133.7365495954241,131.63377365838915,133.3159944080171,4470744
2019-04-03,134.5776824951172,135.41879301071168,132.47490620613098,133.73657197952272,5222601
2019-04-08,138.783203125,138.783203125,135.83931699810606,137.1009824810606,9875208
2019-04-09,137.9420928955078,138.3626480567746,136.25987225044065,137.9420928955078,4286724
2019-04-10,139.62432861328125,140.04488381994776,137.52155257994872,137.94210778661522,8042576
2019-04-11,139.20375061035156,140.88597116153406,137.10097492137345,140.46541602373844,6465535
2019-04-12,137.10098266601562,140.044868796881,136.25987234291125,140.044868796881,6759374
2019-04-15,136.25987243652344,137.94209308388793,135.83931727468232,137.94209308388793,4771009
2019-04-16,136.25987243652344,136.68042759836456,135.4187621128412,136.25987243652344,3108643
2019-04-17,136.25987243652344,137.5215379220468,135.4187621128412,137.10098276020568,3204494
2019-04-18,135.41876220703125,137.1009828555658,134.9982070448976,136.68042769343216,2326565
2019-04-19,133.73654174804688,136.25987272442512,133.31598658531718,135.83931756169542,2470302
2019-04-22,134.5776824951172,135.41879301071168,133.73657197952272,134.5776824951172,2490053
2019-04-23,134.9982147216797,134.9982147216797,132.89543879143545,134.57765953563086,2161702
2019-04-24,134.5776824951172,135.83934826850893,132.89546146392823,135.83934826850893,4484279
2019-04-25,136.68043518066406,136.68043518066406,133.31599369929387,134.57765925480768,4106356
2019-04-26,135.41876220703125,136.25987253129853,133.7365415584967,136.25987253129853,4547048
2019-04-29,136.25987243652344,136.25987243652344,134.57765178915895,134.57765178915895,3071258
2019-04-30,136.68043518066406,136.68043518066406,134.57765925480768,134.99821443997897,4682562
2019-05-02,134.15707397460938,135.83929433792736,132.8954087021209,135.83929433792736,6015285
2019-05-03,134.9982147216797,135.41876990772855,132.89543879143545,134.57765953563086,7668999
2019-05-06,129.1104278564453,132.8954241128232,128.26931757725023,132.8954241128232,9289415
2019-05-07,130.79266357421875,132.05432913924335,129.53099800919412,129.53099800919412,6352304
2019-05-08,130.79266357421875,132.4748843275849,127.84877725582797,128.26933244416952,4716414
2019-05-09,127.00765991210938,129.95154606901258,126.1665495815656,129.5309909037407,8116717
2019-05-10,126.58708953857422,128.2693099975586,125.32542419433594,127.00764465332031,6679467
2019-05-13,126.16654205322266,127.00765233357748,125.32543177286784,126.58709719340007,2872316
2019-05-14,125.32543182373047,126.58709724477474,122.38154584129384,124.4843215430343,8684661
2019-05-15,124.06377410888672,126.58710510771154,124.06377410888672,125.32543960829912,4833141
2019-05-16,121.11988830566406,124.90488481521606,121.11988830566406,124.06377447976007,6068047
2019-05-17,119.85821533203125,124.48432188870613,119.01710504899945,123.64321160567434,6078379
2019-05-20,121.96098327636719,121.96098327636719,119.43765258789062,121.119873046875,5290608
2019-05-21,120.27876281738281,122.38153839111328,120.27876281738281,121.96098327636719,7542380
2019-05-22,118.17599487304688,121.11988086632562,117.33488458925295,120.27877058253169,6804091
2019-05-23,114.81156158447266,117.75544777894632,114.39100641383357,116.91433743766812,9765270
2019-05-24,117.75543212890625,119.43765258789062,113.54988098144531,113.54988098144531,9151000
2019-05-27,117.75543212890625,119.43765258789062,116.07321166992188,117.75543212890625,5617489
2019-05-28,116.07321166992188,119.01709747314453,116.07321166992188,119.01709747314453,23045374
2019-05-29,116.49376678466797,117.33487701416016,115.23210144042969,115.23210144042969,5688205
2019-05-30,119.85821533203125,121.11988075657895,116.49377419990405,116.49377419990405,6582855
2019-05-31,119.85821533203125,121.11988075657895,117.75543962445175,118.59654990748355,8837705
2019-06-03,124.48429870605469,125.32540883244694,119.85819301089724,121.54041326368177,9010346
2019-06-04,125.74600219726562,127.42822296244643,125.32544700597042,126.16655738856082,5603019
2019-06-05,122.8021011352539,127.8487628257438,122.80210113525392,127.00765254399549,5938387
2019-06-06,124.48429870605469,125.74596389564307,122.38152339007402,122.80207845327016,4861375
2019-06-10,127.42821502685547,127.84877019196061,126.16654953154007,127.84877019196061,4362357
2019-06-11,127.00765991210938,128.26932540792504,126.1665495815656,128.26932540792504,4207298
2019-06-12,127.42821502685547,127.84877019196061,126.58710469664521,127.00765986175034,2106665
2019-06-13,126.58708953857422,127.8487548828125,126.16653442382812,127.4281997680664,3710761
2019-06-14,124.48429870605469,126.58707402203534,124.48429870605467,126.1665189588392,3906399
2019-06-17,128.6898651123047,129.11042022705078,124.90486907958984,125.74597930908203,4581114
2019-06-18,127.84876251220703,129.1104279317354,127.84876251220703,128.6898727918926,3456026
2019-06-19,132.8954315185547,134.1570970076549,129.53099021428747,129.53099021428747,10290321
2019-06-20,133.73654174804688,134.15709691077657,132.05432109712805,132.89543142258748,4955176
2019-06-21,134.15707397460938,134.99818415626837,132.8954087021209,133.7365188837799,11882135
2019-06-24,133.31597900390625,134.15708928153342,132.89542386509265,134.15708928153342,7232717
2019-06-25,130.37213134765625,132.05435239730343,129.53102082283266,131.63379713489164,9259109
2019-06-26,128.6898651123047,130.37208557128906,128.6898651123047,129.53097534179688,4018692
2019-06-27,131.21322631835938,132.05433674347705,129.531005468124,129.531005468124,5082802
2019-06-28,132.47488403320312,132.89543922061011,129.95155290876116,131.21321847098216,4918308
2019-07-01,134.9982147216797,135.41876990772855,133.3159939774843,134.57765953563086,8271578
2019-07-02,134.56411743164062,135.86635082614038,133.69596183530746,134.9981952298072,6365003
2019-07-03,131.9596405029297,134.99818485661558,131.9596405029297,134.5641070918033,2451632
2019-07-04,134.56411743164062,134.56411743164062,132.8278062389743,133.26188403714087,2430531
2019-07-05,134.56411743164062,134.9981952298072,132.8278062389743,134.56411743164062,1134285
2019-07-08,133.69598388671875,134.5641396262429,132.8278281471946,134.1300617564808,1932176
2019-07-09,131.0915069580078,133.6959739836636,131.0915069580078,133.2618961460543,2724318
2019-07-10,131.52557373046875,131.95965153155942,130.65741812828745,131.0914959293781,2832242
2019-07-11,131.9596405029297,133.69595156217878,131.9596405029297,132.82779603255423,4590808
2019-07-12,131.0915069580078,132.82781830844502,131.0915069580078,131.9596626332264,2581148
2019-07-15,134.1300506591797,134.1300506591797,130.65742798839187,131.9596614899373,4369430
2019-07-16,134.1300506591797,134.1300506591797,131.9596614899373,133.6959728253312,5587613
2019-07-17,130.22335815429688,132.8278253173828,130.22335815429688,132.8278253173828,5202106
2019-07-18,128.05294799804688,130.22333694716633,126.75071462857521,129.78925915734243,7264948
2019-07-19,128.48704528808594,130.2233567108979,128.05296743238293,128.92112314378892,4062311
2019-07-22,128.48704528808594,129.7892788551949,128.48704528808594,128.48704528808594,2878511
2019-07-23,129.78927612304688,130.22335396961225,128.05296473678538,129.78927612304688,5486561
2019-07-24,131.52557373046875,131.95965153155942,129.78926252610614,129.78926252610614,6297083
2019-07-25,129.78927612304688,131.95966535587374,129.78927612304688,131.52558750930837,6178584
2019-07-26,130.65744018554688,131.52559593428805,128.92112868806453,129.35520656243511,3023216
2019-07-29,130.22335815429688,130.6574360148112,129.35520243326823,129.35520243326823,2235449
2019-07-30,129.35519409179688,130.65742758936528,128.92111625927407,130.22334975684248,3480223
2019-07-31,131.52557373046875,132.82780713374072,128.9211069239248,129.35518472501548,5355527
2019-08-01,132.82781982421875,134.99820903703278,131.95966413909312,132.39374198165595,11153382
2019-08-02,132.39373779296875,132.39373779296875,128.9211151623335,130.65742647765114,10214897
2019-08-05,128.92112731933594,132.8278281471946,128.92112731933594,131.52559453790838,5890282
2019-08-06,128.92112731933594,129.7892830588601,125.88258223100142,125.88258223100142,7080042
2019-08-07,129.78927612304688,131.091509662743,128.48704258335076,129.3551982764815,4619523
2019-08-08,130.65744018554688,131.52559593428805,129.7892844368057,129.7892844368057,2748827
2019-08-12,129.35519409179688,131.09150542188812,129.35519409179688,129.35519409179688,2871138
2019-08-13,128.48704528808594,129.7892788551949,128.48704528808594,129.7892788551949,3138876
2019-08-14,129.35519409179688,130.65742758936528,128.92111625927407,130.22334975684248,2598417
2019-08-15,128.05294799804688,128.92110357769465,127.1847924183991,127.1847924183991,3041472
2019-08-16,127.18479919433594,128.4870326331858,126.75072138138599,128.05295482023584,4004279
2019-08-19,128.48704528808594,129.35520099949193,127.61888957667995,128.05296743238293,2252922
2019-08-20,131.9596405029297,131.9596405029297,128.05294061961928,128.48701838443154,4315988
2019-08-21,130.22335815429688,131.95966959635416,130.22335815429688,131.95966959635416,2571664
2019-08-22,129.78927612304688,131.52558750930837,129.3551982764815,131.091509662743,2666603
2019-08-23,128.92112731933594,129.7892830588601,128.48704944957387,129.7892830588601,2403727
2019-08-26,125.88257598876953,126.75073168524379,125.88257598876953,126.31665383700667,6084762
2019-08-27,126.31664276123047,127.18479838158257,125.88256495105442,127.18479838158257,6751801
2019-08-28,125.448486328125,126.75071975021626,125.01440852076125,126.31664194285251,3166674
2019-08-29,124.58035278320312,125.88258643598923,124.58035278320312,125.88258643598923,3081498
2019-08-30,127.18479919433594,127.61887700728589,125.88256575548608,125.88256575548608,4532198
2019-09-02,126.750732421875,128.05296597415455,126.750732421875,128.05296597415455,1972080
2019-09-03,126.750732421875,127.18481027263485,125.8825767203553,127.18481027263485,2309515
2019-09-04,126.31664276123047,127.18479838158257,126.31664276123047,127.18479838158257,3258178
2019-09-05,128.05294799804688,128.05294799804688,126.75071462857521,127.1847924183991,4761038
2019-09-06,128.92112731933594,129.355205189098,127.61889371004972,128.05297157981178,2698455
2019-09-10,127.18479919433594,128.92111044613574,126.75072138138599,128.92111044613574,1826423
2019-09-11,126.750732421875,126.750732421875,125.44849886959547,126.750732421875,4425046
2019-09-12,126.31664276123047,128.05295400193467,126.31664276123047,127.61887619175862,2894258
2019-09-16,127.61888122558594,128.05295905288384,125.44849208909638,125.88256991639429,6737044
2019-09-17,126.31664276123047,127.61887619175862,125.44848714087837,127.18479838158257,4788576
2019-09-18,127.18479919433594,128.05295482023584,125.88256575548608,126.75072138138599,6126362
2019-09-19,128.92112731933594,129.355205189098,127.61889371004972,128.48704944957387,6278338
2019-09-20,126.31664276123047,128.92110962228676,126.31664276123047,128.92110962228676,8759802
2019-09-23,126.750732421875,127.6188881233947,126.31665457111515,126.31665457111515,4422156
2019-09-24,124.14624786376953,126.75071460217029,123.71217007403607,126.31663681243683,10382700
2019-09-25,118.06917572021484,121.54179853551527,118.06917572021484,121.54179853551527,24487266
2019-09-26,116.3328628540039,118.9373299328249,116.3328628540039,118.50325208635473,16506852
2019-09-27,115.03063201904297,115.89878773239424,113.72839844901607,114.59655416236734,10822119
2019-10-01,116.3328628540039,116.3328628540039,113.72839577518293,113.72839577518293,9520216
2019-10-02,116.76693725585938,117.63509292318919,115.46470375486467,115.46470375486467,6332557
2019-10-03,115.4646987915039,116.33285442151522,114.5965431614926,115.03062097649826,4100233
2019-10-04,114.1624755859375,115.46470914775428,113.72839773199857,114.59655343987642,11273030
2019-10-07,115.8987808227539,116.76693648434757,115.03062516116024,115.46470299195707,6746213
2019-10-08,114.1624755859375,116.33286485563212,114.1624755859375,116.33286485563212,5305313
2019-10-09,110.25576782226562,112.8602347786971,110.25576782226562,112.8602347786971,15594343
2019-10-14,115.4646987915039,116.33285442151522,110.25576501143607,110.25576501143607,15890825
2019-10-15,115.4646987915039,116.33285442151522,114.5965431614926,115.4646987915039,6535258
2019-10-16,115.03063201904297,116.76694344574551,114.59655416236734,115.46470987571861,9263402
2019-10-17,116.3328628540039,116.3328628540039,113.72839577518293,114.59655146812325,5406029
2019-10-18,118.50325012207031,118.50325012207031,116.3328609256954,116.76693876497038,8902047
2019-10-21,118.06917572021484,119.3714092759525,116.76694216447717,118.93733142403994,8773431
2019-10-22,118.50325012207031,119.37140580062028,117.20101660424537,118.9373279613453,7436098
2019-10-23,119.37141418457031,119.80549205433239,118.0691805752841,118.50325844504616,6810653
2019-10-24,121.10771179199219,121.54178961203516,120.23955615190621,120.6736339719492,9513428
2019-10-25,121.10771179199219,121.97586743207815,120.6736339719492,121.97586743207815,5681138
2019-10-28,121.97586822509766,122.40994604796276,121.10771257936742,121.97586822509766,5916974
2019-10-29,116.3328628540039,121.10771916517571,115.89878500753375,120.23956347223539,21723451
2019-10-30,117.63508605957031,117.63508605957031,115.89877482621873,116.33285263455662,7922762
2019-10-31,116.3328628540039,118.9373299328249,116.3328628540039,117.6350963934144,11228749
2019-11-01,115.8987808227539,117.20101431514439,115.46470299195707,116.33285865355073,6090603
2019-11-04,116.76693725585938,117.20101508952429,115.89878158852957,116.33285942219447,7585356
2019-11-05,122.40995025634766,122.84402809413612,116.76693836509759,117.20101620288605,18437627
2019-11-06,121.97586822509766,125.01441298515347,121.10771257936742,124.14625733942323,13237571
2019-11-07,121.10771179199219,122.84402307216412,118.50324487173428,121.54178961203516,15753508
2019-11-08,121.10771179199219,122.84402307216412,119.80547833186323,122.84402307216412,7336177
2019-11-11,119.80548095703125,121.5417922752491,119.3714031274768,121.5417922752491,4814053
2019-11-12,120.23957061767578,121.10772636220774,119.37141487314382,120.23957061767578,3996051
2019-11-13,117.63508605957031,119.8054751012598,117.20100825123241,118.93731948458401,6112459
2019-11-14,116.76693725585938,118.06917075685409,116.33285942219447,117.63509292318919,3607437
2019-11-15,115.8987808227539,117.20101431514439,115.46470299195707,116.33285865355073,7705576
2019-11-18,118.50325012207031,118.50325012207031,116.3328609256954,116.3328609256954,2473277
2019-11-19,121.10771179199219,121.10771179199219,118.06916705169131,118.93732269177727,7991543
2019-11-20,118.93733978271484,120.67365131238951,118.50326190029617,120.67365131238951,4008970
2019-11-21,119.37141418457031,119.37141418457031,117.20102483575994,117.63510270552202,3674511
2019-11-22,120.23957061767578,120.23957061767578,118.93733700087785,120.23957061767578,2253341
2019-11-25,120.23957061767578,121.10772636220774,119.80549274540981,120.67364848994175,2495878
2019-11-26,120.23957061767578,121.97588210673969,120.23957061767578,121.10772636220774,11651573
2019-11-27,120.67363739013672,121.10771522247533,120.2395595577981,120.67363739013672,3504217
2019-11-28,123.2780990600586,123.2780990600586,120.67363217850806,120.67363217850806,8479199
2019-11-29,121.54178619384766,124.14625304085868,121.10770838601249,123.7121752330235,8392553
2019-12-02,121.97586822509766,122.40994604796276,120.67363475650231,122.40994604796276,5131011
2019-12-03,122.84402465820312,123.27810248385049,121.10771335561368,121.10771335561368,2727679
2019-12-04,121.54178619384766,122.40994180951799,120.67363057817731,121.97586400168282,3283407
2019-12-05,121.97586822509766,122.84402387082788,121.10771257936742,121.97586822509766,4891514
2019-12-06,122.84402465820312,123.27810248385049,121.54179118126105,121.9758690069084,4175102
2019-12-09,124.14624786376953,125.01440344323645,122.84401449456915,123.27809228430262,7142286
2019-12-10,123.71218872070312,124.14626657586349,122.40995515522204,124.14626657586349,3945314
2019-12-11,123.71218872070312,123.71218872070312,122.40995515522204,122.8440330103824,3146511
2019-12-12,124.14624786376953,125.01440344323645,123.71217007403607,124.14624786376953,4480626
2019-12-13,126.31664276123047,126.75072057140652,124.14625371035022,125.01440933070232,9578009
2019-12-16,128.92112731933594,129.355205189098,126.31666010076349,126.75073797052556,55396
2019-12-17,129.78927612304688,129.78927612304688,127.61888689022001,128.48704258335076,7288156
2019-12-18,130.22335815429688,131.09151387532552,128.05296885172527,129.78928029378255,8887892
2019-12-19,130.65744018554688,131.09151805991746,129.7892844368057,130.2233623111763,6476054
2019-12-20,127.18479919433594,130.65742169793555,127.18479919433594,130.65742169793555,8524521
2019-12-23,128.92112731933594,128.92112731933594,127.18481584028764,127.61889371004972,5274084
2019-12-24,127.18479919433594,128.4870326331858,126.31664356843604,128.4870326331858,3952171
2019-12-25,127.61888122558594,128.48703688018176,126.75072557099011,127.18480339828803,1566582
2019-12-26,126.750732421875,128.4870438249144,126.31665457111515,128.05296597415455,3056984
2019-12-27,128.48704528808594,128.92112314378892,127.18481172097695,128.05296743238293,3497322
2019-12-30,131.9596405029297,132.82779603255423,128.92109614924382,129.35517391405608,12644447
2019-12-31,131.52557373046875,132.82780713374072,131.0914959293781,131.95965153155942,4698935
2020-01-02,131.0915069580078,132.39374047083572,130.65742912039852,132.39374047083572,2721085
2020-01-03,131.52557373046875,132.39372933265008,129.35518472501548,131.95965153155942,6932546
2020-01-06,129.35519409179688,131.09150542188812,128.05296059422844,130.22334975684248,6311505
2020-01-07,129.35519409179688,131.09150542188812,127.18480492918283,128.48703842675127,7947026
2020-01-08,128.48704528808594,129.35520099949193,127.61888957667995,128.92112314378892,5376586
2020-01-09,131.9596405029297,132.39371826774197,129.35517391405608,129.35517391405608,10099849
2020-01-10,131.0915069580078,134.1300518212729,129.78927344517993,132.39374047083572,6079101
2020-01-13,129.78927612304688,132.3937432024391,128.92112042991613,132.3937432024391,5115905
2020-01-14,131.0915069580078,131.5255847956171,129.78927344517993,130.65742912039852,4665147
2020-01-15,128.92112731933594,131.0915166681463,128.05297157981178,131.0915166681463,7133097
2020-01-16,131.0915069580078,131.0915069580078,128.48703993235205,128.92111776996134,6949114
2020-01-17,131.9596405029297,131.9596405029297,129.78925167886834,131.52556273811743,5197796
2020-01-20,132.39373779296875,133.69597127945698,131.09150430648054,131.95965996413935,9947821
2020-01-30,124.14624786376953,131.09149249950488,123.27809228430262,131.09149249950488,14343231
2020-01-31,124.14624786376953,127.6188701816372,123.27809228430262,125.44848123296991,7267146
2020-02-03,121.97586822509766,122.40994604796276,119.37140128790696,120.67363475650231,5632380
2020-02-04,123.71218872070312,127.18481156198602,123.71218872070312,126.75073370682566,4574291
2020-02-05,126.31664276123047,126.75072057140652,122.84402027982208,122.84402027982208,6903967
2020-02-06,127.61888122558594,128.05295905288384,125.88256991639429,126.75072557099011,3054143
2020-02-07,124.58035278320312,126.75074220451329,124.1462748989411,125.88258643598923,4951145
2020-02-10,124.14624786376953,124.14624786376953,122.84401449456915,123.27809228430262,5037828
2020-02-11,123.71218872070312,125.01442228618421,122.8440330103824,124.14626657586349,6373141
2020-02-12,125.01441955566406,125.88257524702284,123.2781081729465,123.7121860186259,6651708
2020-02-13,126.31664276123047,126.75072057140652,124.58033152052627,125.01440933070232,4462817
2020-02-14,127.18479919433594,127.61887700728589,125.01441012958618,125.01441012958618,5708755
2020-02-17,125.448486328125,126.31664194285251,125.01440852076125,125.88256413548876,3363519
2020-02-18,123.2780990600586,125.01441031442562,123.2780990600586,124.58033250083386,4853272
2020-02-19,124.58035278320312,125.88258643598923,123.71219701467906,125.44850855172719,2856938
2020-02-20,125.01441955566406,125.88257524702284,123.7121860186259,125.01441955566406,4093280
2020-02-21,125.448486328125,125.88256413548876,123.71217509866999,125.448486328125,3571904
2020-02-24,122.84402465820312,124.1462581351452,122.40994683255576,123.27810248385049,4298383
2020-02-25,122.40995025634766,122.84402809413612,121.10771674298226,121.54179458077073,4551467
2020-02-26,123.2780990600586,124.1462546872421,121.54178780569157,121.54178780569157,4398411
2020-02-27,121.54178619384766,124.14625304085868,121.54178619384766,123.27809742518834,6585642
2020-03-02,119.80548095703125,121.5417922752491,118.0691696388134,118.0691696388134,7135220
2020-03-03,119.80548095703125,121.5417922752491,119.80548095703125,121.10771444569464,4003159
2020-03-04,121.54178619384766,121.54178619384766,119.80547496250698,119.80547496250698,2465646
2020-03-05,123.71218872070312,123.71218872070312,121.97587730006168,122.40995515522204,3036158
2020-03-06,120.23957061767578,122.40995997900566,120.23957061767578,122.40995997900566,5126918
2020-03-09,115.4646987915039,118.93732131154914,115.4646987915039,117.63508786653217,10050978
2020-03-10,115.4646987915039,117.63508786653217,113.72838753148129,113.72838753148129,6663277
2020-03-11,115.4646987915039,117.63508786653217,115.4646987915039,116.33285442151522,6982601
2020-03-12,107.21723175048828,115.46471111591046,107.21723175048828,115.46471111591046,16543675
2020-03-13,104.17868041992188,105.04683609008788,96.79935722351074,98.96974639892578,24175226
2020-03-16,102.44237518310547,105.91499807066836,100.70606373932402,105.91499807066836,10164723
2020-03-17,100.27198028564453,103.31052514278528,98.53566893870696,98.96974677544137,8779939
2020-03-18,99.83790588378906,103.31052869713825,99.83790588378906,100.70606158712636,7516116
2020-03-19,96.36528015136719,100.70605853656392,95.49712447432785,98.53566934396555,11899271
2020-03-20,102.00830078125,102.8764565325798,97.23344414893617,98.10159990026597,13619005
2020-03-23,97.66751098632812,101.57421142578124,94.19488837348091,97.23343315972222,8552340
2020-03-24,99.83790588378906,103.31052869713825,99.40382803212042,99.40382803212042,6085189
2020-03-25,103.3105239868164,103.74460181869378,102.44236832306164,102.44236832306164,8293471
2020-03-26,104.17868041992188,105.04683609008788,102.44236907958984,105.04683609008788,4537205
2020-03-27,102.44237518310547,107.65130951444982,101.57421946121474,106.78315379255909,6649766
2020-03-30,103.74461364746094,103.74461364746094,99.83791271512976,101.57422424061029,4758804
2020-03-31,104.6127700805664,106.34908161717331,103.74461431226295,105.48092584886986,4984744
2020-04-01,104.17868041992188,105.4809139251709,103.31052474975586,105.04683609008788,3194870
2020-04-06,103.3105239868164,104.17867965057117,100.70605699555213,104.17867965057117,8104734
2020-04-07,105.04683685302734,105.91499252949863,104.61275901479169,105.04683685302734,6979309
2020-04-08,108.51946258544922,110.25577398681641,105.91499548339843,106.78315118408203,6482715
2020-04-09,108.51946258544922,110.25577398681641,107.21722903442382,108.95354043579101,4468466
2020-04-10,111.12393188476562,111.99208760261536,108.9535425901413,109.82169830799103,6537037
2020-04-13,108.51946258544922,110.6898518371582,108.51946258544922,110.6898518371582,4315075
2020-04-14,114.5965576171875,114.5965576171875,109.82170104980469,110.25577891956677,9378126
2020-04-15,118.50325012207031,119.80548363989526,114.59654956859546,116.3328609256954,11666393
2020-04-16,116.3328628540039,117.6350963934144,115.46470716106359,117.20101854694424,5379191
2020-04-17,116.76693725585938,119.37140425784881,116.76693725585939,117.63509292318919,6566191
2020-04-20,113.7283935546875,115.89878274466246,113.29431571669251,115.03062706867247,7384361
2020-04-21,111.55801391601562,115.89879266761157,111.12393604085604,113.7284032918136,5284793
2020-04-22,113.7283935546875,114.16247139268249,108.9535373367426,109.38761517473759,5063438
2020-04-23,112.42616271972656,115.89878550643627,111.99208487138785,115.03062980975884,5115276
2020-04-24,113.7283935546875,113.7283935546875,111.99208220270754,112.42616004070253,2666278
2020-04-27,115.8987808227539,117.20101431514439,114.16246949956658,115.46470299195707,5445481
2020-04-28,117.20101165771484,117.63508947866934,116.33285601580585,117.20101165771484,3975866
2020-04-29,119.80548095703125,119.80548095703125,117.63509180925895,118.0691696388134,6067575
2020-04-30,121.54178619384766,124.14625304085868,120.23955277034214,120.67363057817731,15700190
2020-05-04,118.06917572021484,123.27810994316549,117.20102001638973,123.27810994316549,8943086
2020-05-05,120.67363739013672,121.54179305481397,118.069170396105,119.37140389312086,6418731
2020-05-06,120.23957061767578,120.67364848994175,118.50325912861187,120.23957061767578,5461768
2020-05-07,120.67363739013672,121.54179305481397,119.37140389312086,120.2395595577981,2693070
2020-05-08,121.54178619384766,122.40994180951799,120.23955277034214,121.97586400168282,5600668
2020-05-11,121.54178619384766,122.84401961735317,120.67363057817731,122.84401961735317,4854469
2020-05-12,118.93733978271484,120.67365131238951,118.0691840178775,118.93733978271484,7171547
2020-05-13,121.97586822509766,121.97586822509766,115.89877870498603,115.89877870498603,8285650
2020-05-14,121.54178619384766,123.7121752330235,120.23955277034214,121.97586400168282,7928006
2020-05-15,120.23957061767578,122.40995997900566,118.93733700087785,120.23957061767578,5793597
2020-05-18,118.93733978271484,120.67365131238951,118.93733978271484,120.23957342997085,4127933
2020-05-19,122.40995025634766,122.84402809413612,120.67363890519378,122.40995025634766,5147999
2020-05-20,122.40995025634766,123.27810593192459,120.67363890519378,123.27810593192459,4247196
2020-05-21,122.84402465820312,123.27810248385049,121.54179118126105,122.40994683255576,4290445
2020-05-22,119.80548095703125,122.84402576391248,119.3714031274768,122.84402576391248,3260510
2020-05-25,121.10771179199219,121.10771179199219,118.93732269177727,119.80547833186323,3071619
2020-05-26,121.54178619384766,122.40994180951799,120.67363057817731,121.54178619384766,3256558
2020-05-27,122.40995025634766,122.84402809413612,121.10771674298226,121.54179458077073,3782347
2020-05-28,120.67363739013672,122.40994871949121,119.80548172545947,122.40994871949121,4313673
2020-05-29,119.80548095703125,120.67363661614017,119.3714031274768,120.23955878658572,6073740
2020-06-01,125.01441955566406,125.44849740134346,120.67364109887018,121.54179679022896,10782682
2020-06-02,125.88257598876953,126.75073168524379,124.58034244405812,125.88257598876953,8152296
2020-06-03,131.52557373046875,131.95965153155942,127.1847957195622,127.61887352065285,16144277
2020-06-04,132.39373779296875,134.13004910828639,131.09150430648054,132.39373779296875,12406706
2020-06-05,133.26190185546875,133.6959797116755,132.39374614305527,133.26190185546875,7955209
2020-06-08,134.56411743164062,134.56411743164062,132.3937284408077,134.13003963347404,7348146
2020-06-09,138.03675842285156,142.81161484628353,135.43229128279776,135.8663691394734,24471895
2020-06-10,139.3389892578125,141.94345634674357,138.03675571334696,138.03675571334696,13761299
2020-06-11,135.86636352539062,140.64121975152258,134.56413000917283,139.33898623530476,12499559
2020-06-12,134.56411743164062,135.86635082614038,132.3937284408077,132.8278062389743,9953078
2020-06-15,132.82781982421875,136.734520407284,131.95966413909312,135.43228687959558,9064412
2020-06-16,136.30043029785156,138.03674151183694,134.99819688736252,135.4322746908589,10871550
2020-06-17,138.03675842285156,138.03675842285156,134.99821342612213,137.1686027095003,10009396
2020-06-18,141.0753173828125,142.37755108173076,138.90492788461538,140.64123948317308,17024540
2020-06-19,144.54791259765625,144.54791259765625,141.9434457040048,142.37752351961336,18824251
2020-06-22,146.71829223632812,146.71829223632812,142.81159214719514,144.11382551023945,13681875
2020-06-23,147.58645629882812,148.45461192411534,143.6797559850356,146.28422286089727,14072873
2020-06-24,145.8501739501953,149.3227971394857,144.98201815287274,147.5864855448405,10000369
2020-06-29,146.2842254638672,148.02053674533744,143.67975854166184,143.67975854166184,16089004
2020-06-30,145.4160919189453,148.02055923689656,144.9820140326201,147.15240346424616,8697730
2020-07-01,147.15237426757812,148.02052986797682,145.41606306678074,145.41606306678074,7606726
2020-07-02,148.04693603515625,149.83602287546026,145.81057748477625,145.81057748477625,11401074
2020-07-03,151.62509155273438,152.96690652222762,148.04691830075245,148.04691830075245,12728030
2020-07-06,157.88690185546875,161.46507526862385,152.96691341238048,152.96691341238048,17973611
2020-07-07,156.5450897216797,161.01780657087053,153.86145961216516,160.12326320103236,9135303
2020-07-08,160.570556640625,161.01782838614207,156.09783918545438,156.54511093097145,9783424
2020-07-09,161.46507263183594,164.59597431721778,161.46507263183594,162.80688763985674,10770372
2020-07-10,164.148681640625,164.5959532527248,158.33415068332766,160.12323713172685,11400159
2020-07-13,166.8323516845703,168.17416684557222,163.70144964223255,165.4905365235684,7361438
2020-07-14,165.49053955078125,165.93781127929688,164.1487243652344,165.49053955078125,7007020
2020-07-15,165.04324340820312,167.72687338232024,164.59597174585028,165.93778673290882,7584204
2020-07-16,165.49053955078125,166.3850830078125,162.8069091796875,165.93781127929688,9539511
2020-07-17,164.5959930419922,169.51598196444306,164.1487213217694,165.4905364824378,11048128
2020-07-20,162.80686950683594,166.38504246303015,160.1232397896903,164.59595598493306,7720671
2020-07-21,165.9377899169922,169.5159632844745,164.5959749041863,165.0432465751216,9879211
2020-07-22,172.1995849609375,173.54139990868507,166.38505352069805,167.27959681919643,13926213
2020-07-23,169.9632568359375,172.19961547851562,168.174169921875,172.19961547851562,6748573
2020-07-24,165.04324340820312,169.51596003173165,165.04324340820312,167.2796017199674,8768086
2020-07-27,168.62144470214844,169.96325991197986,166.38508601909606,167.7269012289275,9754593
2020-07-28,167.27960205078125,171.7523186831551,167.27960205078125,168.6214170404934,10441480
2020-07-29,170.8577880859375,173.54141826529775,164.1487126375368,166.38507112033705,14013721
2020-07-30,176.6723175048828,182.03957778351216,173.98868736556813,173.98868736556813,20483146
2020-07-31,178.90866088867188,181.59229080200197,173.9886727142334,176.67230262756348,18032797
2020-08-03,181.14503479003906,186.0650233892747,179.80321971752025,179.80321971752025,14126764
2020-08-04,185.6177520751953,185.6177520751953,181.1450351577207,181.59230684946817,11547591
2020-08-05,182.93411254882812,187.40682923706353,180.25048253588687,186.0650142305929,10630317
2020-08-06,182.93411254882812,185.17047089294581,178.90866752941625,182.93411254882812,8173162
2020-08-07,179.35595703125,182.4868590243142,178.01414189136534,182.03958731101935,7327559
2020-08-10,180.25048828125,181.59230333049007,178.4614015489299,180.69775996433,7555436
2020-08-11,178.46139526367188,183.38138360427436,177.56685192901688,183.38138360427436,8219496
2020-08-12,177.56686401367188,180.2504942002765,173.54141873376497,179.80322250250907,10201869
2020-08-13,180.25048828125,182.0395750135701,177.56685818276983,179.80321659816997,7843664
2020-08-14,180.25048828125,182.93411837973014,178.90867323200993,182.93411837973014,4379274
2020-08-17,182.4868621826172,182.4868621826172,179.80323185640225,181.14504701950972,3502261
2020-08-18,180.25048828125,182.0395750135701,178.4614015489299,181.59230333049007,4327719
2020-08-19,178.90866088867188,183.38137741088866,178.90866088867188,182.48683410644531,4342665
2020-08-20,170.41050720214844,181.14502734086645,168.17414883991552,180.2504839959733,11158231
2020-08-21,170.8577880859375,176.67232014121808,168.17415790657722,174.43596165841785,12193314
2020-08-24,176.22506713867188,176.67233888267867,169.51599097857016,169.96326272257696,5683829
2020-08-25,174.88320922851562,179.35592557707102,174.43593759366007,178.90865394221547,4015354
2020-08-26,176.22506713867188,176.67233888267867,173.0941649306244,176.22506713867188,3473396
2020-08-27,173.0941619873047,177.11960761491642,171.75234677810076,176.6723358785151,4770717
2020-08-28,173.54139709472656,174.43594037872,170.85776724274623,173.09412545272983,5529994
2020-08-31,169.06869506835938,175.77777026948476,169.06869506835938,173.54141186910962,6997181
2020-09-01,170.41050720214844,172.19959389193477,166.83233382257578,169.96323552970185,7381033
2020-09-02,169.5159454345703,173.9886616729495,168.17413056305656,173.9886616729495,6661935
2020-09-03,171.3050537109375,173.09414043376714,169.06869530740047,170.8577820302301,5954594
2020-09-04,166.3850555419922,169.06868547008884,164.5959689232611,167.7268705060405,11207777
2020-09-07,162.80686950683594,167.2795857020787,161.01778302873885,165.93777084350586,7794587
2020-09-08,165.04324340820312,165.49051507055597,162.80688509643886,164.1487000834974,4195908
2020-09-09,164.5959930419922,165.043264762215,159.67600411954135,163.25417788132378,6699797
2020-09-10,165.9377899169922,165.9377899169922,162.80688822044516,164.5959749041863,3499176
2020-09-11,167.7268829345703,168.17415462239583,164.59598111979167,165.4905244954427,4377242
2020-09-14,169.06869506835938,170.85778178865948,167.7268800281343,169.96323842850944,4392422
2020-09-15,168.62144470214844,170.8578033852008,168.17417296553796,169.96325991197986,5894338
2020-09-16,170.8577880859375,170.8577880859375,169.0687012996973,169.9632446928174,4442883
2020-09-17,170.8577880859375,172.19960317561763,169.9632446928174,169.9632446928174,2599798
2020-09-18,170.8577880859375,170.8577880859375,168.17415790657722,169.9632446928174,6870617
2020-09-21,169.9632568359375,171.75234375000002,169.06871337890627,170.85780029296876,2976117
2020-09-22,165.9377899169922,169.96323495540977,165.4905182460569,169.06869161353922,3939906
2020-09-23,165.49053955078125,168.174169921875,164.1487243652344,166.83235473632814,5445713
2020-09-24,163.70144653320312,165.49053338056055,161.01781626216703,163.70144653320312,8655837
2020-09-25,157.88690185546875,163.25416197520138,157.43963017882436,162.35961862191263,8279854
2020-09-28,163.25416564941406,163.25416564941406,158.33417709559612,159.6759921557283,5556682
2020-09-29,165.49053955078125,167.72689819335938,163.70145263671876,164.59599609375002,4787722
2020-09-30,169.06869506835938,169.5159667484344,165.9377933078342,167.7268800281343,5363374
2020-10-05,169.5159454345703,171.7523035537599,168.17413056305656,169.0686738107324,8077771
2020-10-06,171.3050537109375,171.3050537109375,168.62142362669306,170.4105103495227,5266598
2020-10-07,170.8577880859375,171.75233147905757,169.0687012996973,171.75233147905757,5769108
2020-10-08,172.64686584472656,172.64686584472656,170.41050747886223,172.64686584472656,5057573
2020-10-12,175.33050537109375,176.67232046321945,172.64687518684232,176.22504876584424,9359096
2020-10-13,173.9886932373047,174.88323664726514,171.7523347124036,174.88323664726514,7794846
2020-10-14,173.54139709472656,175.33048366271342,173.09412545272983,175.33048366271342,3944607
2020-10-15,173.9886932373047,174.88323664726514,172.64687812236406,174.43596494228493,5776707
2020-10-16,174.4359588623047,175.77777393047626,173.09414379413312,173.09414379413312,4688086
2020-10-19,175.7777557373047,177.1195706665971,173.0941258787199,173.98866916491482,4660675
2020-10-20,175.7777557373047,176.67229902349962,174.4359408080123,176.67229902349962,2860195
2020-10-21,175.7777557373047,177.56684230969458,174.88321245110976,177.1195706665971,3706540
2020-10-22,173.9886932373047,175.77778005722556,173.54142153232448,173.9886932373047,2458542
2020-10-23,171.75233459472656,174.43596482276917,171.3050628900528,174.43596482276917,3966258
2020-10-26,173.9886932373047,175.77778005722556,172.19960641738382,172.64687812236406,2980731
2020-10-27,181.59230041503906,181.59230041503906,173.54141024885507,173.98868192475416,9224322
2020-10-28,179.35595703125,182.9341307376091,177.11959846477558,181.14504388442955,8975688
2020-10-29,174.4359588623047,177.11958899864786,173.98868717291418,176.2250456198668,6235646
2020-10-30,169.9632568359375,175.330517578125,169.06871337890627,175.330517578125,13388941
2020-11-02,168.1741485595703,168.1741485595703,164.59597518596243,167.7268768878693,6030909
2020-11-03,168.1741485595703,169.51596357467326,166.83233354446736,167.7268768878693,4454772
2020-11-04,171.75233459472656,171.75233459472656,167.2796175479889,168.17416095733643,4023500
2020-11-05,169.5159454345703,172.1995751775978,168.17413056305656,171.7523035537599,7871056
2020-11-06,173.9886932373047,176.672323467186,169.96324789248274,170.85779130244316,8955949
2020-11-09,176.6723175048828,178.46140426442594,174.8832307453397,177.56686088465437,4018880
2020-11-10,172.64686584472656,176.67231090328238,170.8577791520351,176.2250392301095,5457030
2020-11-11,174.4359588623047,175.33050224108575,172.64687210474258,172.64687210474258,5535341
2020-11-12,180.69776916503906,182.03958428260123,175.33050869479038,176.22505210649848,11774793
2020-11-13,179.35595703125,181.14504388442955,176.2250550381858,181.14504388442955,4621335
2020-11-16,180.69776916503906,181.59231257674716,178.46141063576877,181.59231257674716,7379861
2020-11-17,183.82867431640625,184.27594603007145,181.14504403441492,183.38140260274102,7065167
2020-11-18,181.59230041503906,183.3813871186355,180.25048538734174,183.3813871186355,6334716
2020-11-19,186.06503295898438,186.9595763866718,182.48685924823468,182.9341309620784,8189736
2020-11-20,186.9595489501953,188.30136389481396,183.38137576454565,187.85409224660773,5153321
2020-11-23,189.64320373535156,191.43229056304355,187.40684520073657,190.09047544227454,7490506
2020-11-24,187.40684509277344,190.53774703943074,184.72321485278144,190.0904753327654,4319730
2020-11-25,185.6177520751953,190.09046899266988,184.7232086917004,186.9595671504377,7874907
2020-11-26,193.22137451171875,193.22137451171875,187.40684240835685,187.85411410861545,8779867
2020-11-27,196.79954528808594,198.5886320634322,194.11591512506658,194.11591512506658,8606577
2020-11-30,200.82498168945312,204.4031550825837,196.79953662218125,199.03589499288785,15918427
2020-12-01,203.06134033203125,204.85042703099188,199.48316693411,204.85042703099188,10924463
2020-12-02,207.53407287597656,208.42861629354542,203.50862749691666,204.85044262326997,8986604
2020-12-03,212.00677490234375,212.4540465793529,204.85042807019713,205.74497142421546,8717593
2020-12-04,220.95220947265625,221.84675283084516,211.5595042116729,212.00677589076736,11851116
2020-12-07,223.63583374023438,234.8176254272461,222.74129040527345,227.21400708007812,16865191
2020-12-08,222.74130249023438,226.31947602421403,220.05767233974962,223.6358458737293,11644308
2020-12-09,224.5303955078125,226.76675402880664,222.29403698681836,222.29403698681836,6967093
2020-12-10,221.84674072265625,224.5303706507529,219.1631107945596,223.63582734138734,5839883
2020-12-11,224.08309936523438,224.08309936523438,217.82129618935957,224.08309936523438,7890615
2020-12-14,220.05767822265625,221.8467650374746,217.37404800042873,220.05767822265625,8620759
2020-12-15,219.61038208007812,224.97764192724907,217.37402381042355,218.7158387722163,11969201
2020-12-16,221.84674072265625,224.5303706507529,219.61038244924237,223.63582734138734,6936786
2020-12-17,220.95220947265625,223.63583954722293,220.05766611446737,221.84675283084516,6482149
2020-12-18,221.84674072265625,223.18855568670458,218.26856748519404,218.71583913987683,7308195
2020-12-21,230.79220581054688,230.79220581054688,220.50495632674344,222.29404319349186,7968761
2020-12-22,220.95220947265625,229.45037137545074,219.6103944353729,229.45037137545074,7462262
2020-12-23,221.84674072265625,224.0830989960701,219.1631107945596,220.9521974132907,3657846
2020-12-24,221.3994903564453,225.4249356356534,220.95221865875553,222.2940337518249,4501429
2020-12-25,222.74130249023438,225.4249326407191,222.29403079848692,222.74130249023438,2488279
2020-12-28,227.66128540039062,229.00310044204323,224.08311195598372,225.4249269976363,4762482
2020-12-29,228.55584716796875,229.89766231768286,225.87221686854056,228.1085754513974,2577709
2020-12-30,232.58126831054688,233.47581165020284,227.66127994243917,229.0030949519231,6373510
2020-12-31,235.26492309570312,237.05400996335106,232.58129279423125,237.05400996335106,7180868
2021-01-04,237.0540008544922,242.42126125119765,234.8176423558649,235.7121857553158,9557973
2021-01-05,247.34121704101562,253.15574836386048,241.07941407795192,241.52668571817077,17970813
2021-01-06,266.5739440917969,271.49393299281996,252.2612491070024,254.05033598010172,30775304
2021-01-07,282.67572021484375,287.5957090160515,266.57393868361845,266.57393868361845,24705690
2021-01-08,277.3084716796875,290.72662353515625,273.7302978515625,285.35936279296874,29381806
2021-01-11,279.9920654296875,280.88660876971846,270.15208868934707,274.6248053895018,16416371
2021-01-12,280.88665771484375,289.3848209259616,279.54484247098304,282.22847295870446,18488250
2021-01-13,279.5447998046875,282.22842988281246,277.7557130859375,279.097528125,13523606
2021-01-14,273.7302551269531,279.0975150314032,271.0466251747281,279.0975150314032,17536526
2021-01-15,267.915771484375,279.9921084294136,265.6794127908493,271.9412171327212,19587752
2021-01-18,258.9703369140625,261.206695609348,253.15580430632016,259.4176086531196,25851194
2021-01-19,262.9957275390625,266.57390070285925,260.7593693116895,260.7593693116895,10458587
2021-01-20,263.4430236816406,267.46846886523105,260.759393559247,264.33756705577184,12332882
2021-01-21,267.4684753417969,268.36301873758885,262.1012149670451,265.679388550213,12918547
2021-01-22,260.3121032714844,267.9157214082803,259.41755996127307,267.9157214082803,14543821
2021-01-25,264.3375549316406,265.2320982647426,257.6284799333756,257.6284799333756,7928935
2021-01-26,258.5230407714844,266.1266596177045,257.6284973778114,266.1266596177045,10803829
2021-01-27,257.18121337890625,260.75938678243887,253.60303997537363,254.94485500169836,11315540
2021-01-28,257.18121337890625,259.8648434315557,251.36668159816577,252.2612249490489,10906075
2021-01-29,252.70852661132812,266.57395019531253,252.70852661132812,266.57395019531253,16621413
2021-02-01,254.94485473632812,256.7339414362322,247.7885079367119,247.7885079367119,8580481
2021-02-02,255.83941650390625,261.6539486971769,255.3921447967316,257.6285033326049,12052100
2021-02-03,254.05030822753906,259.4175682605152,252.26122154988033,258.5230249216859,10273226
2021-02-04,256.73394775390625,257.18121943988865,253.15577426604693,254.9448610099766,9260796
2021-02-05,250.91941833496094,257.6284936915107,246.89397312103108,257.18122200107405,23719764
2021-02-17,267.915771484375,269.2575867004904,251.36671715228505,251.36671715228505,36972888
2021-02-18,273.7302551269531,279.99205834881155,271.94116849213646,273.282983468249,20323345
2021-02-19,268.363037109375,271.9412109375,265.6794067382813,271.0466674804688,10231363
2021-02-22,269.2575378417969,275.07206938987554,268.36299452670784,272.3884394446085,10381912
2021-02-23,271.0466613769531,271.0466613769531,263.890313881852,267.4684876294026,10102295
2021-02-24,262.9957275390625,270.59934551213064,262.1011842481133,270.15207386665605,10607310
2021-02-25,263.4430236816406,267.91574055229665,258.9703068109846,267.91574055229665,12635835
2021-02-26,250.91941833496094,258.07576538194735,250.91941833496094,258.07576538194735,21096376
2021-03-02,257.62847900390625,266.12664063771564,254.49757734934488,265.6793689727783,12680787
2021-03-03,258.5230407714844,260.3121275588303,253.60305210628312,259.8648558619938,9296074
2021-03-04,251.36669921875,257.18123140708406,248.68306897798044,256.28668799349424,12519455
2021-03-05,245.9994354248047,250.02488073175604,244.65762032248756,247.7885222278942,11820537
2021-03-08,241.97398376464844,250.472145856198,241.5267120756195,250.472145856198,10820965
2021-03-09,235.71218872070312,239.29036236352215,231.68674337253174,238.84309065816979,17334230
2021-03-10,237.0540008544922,243.31580465064857,236.60672915476673,241.52671785174675,12590581
2021-03-11,251.81393432617188,253.15574925153334,237.94851343076985,239.7375999979185,14670775
2021-03-12,252.26124572753906,255.39214771351914,249.13034374155896,254.05033257667054,10993548
2021-03-15,248.23580932617188,251.36671142578126,247.78853759765627,249.13035278320314,8281126
2021-03-16,252.26124572753906,254.4976042889534,248.68307202927608,249.13034374155896,8761741
2021-03-17,254.05030822753906,254.05030822753906,250.91940654163628,253.15576488870968,6876524
2021-03-18,257.62847900390625,260.7593806584676,254.94484901428223,256.73393567403156,9619500
2021-03-19,253.15576171875,257.18120669307643,253.15576171875,257.18120669307643,11019237
2021-03-22,256.73394775390625,257.18121943988865,253.15577426604693,254.9448610099766,4098207
2021-03-23,257.62847900390625,259.4175656636556,255.8393923441569,257.1812073389689,5365531
2021-03-24,255.3921356201172,258.5230374578419,253.60304885570304,257.6284940756348,4953663
2021-03-25,254.05030822753906,256.28666657461247,250.4721348722216,255.3921232357831,6228684
2021-03-26,257.62847900390625,257.62847900390625,253.15576235453287,254.49757734934488,5271209
2021-03-29,257.62847900390625,259.4175656636556,255.8393923441569,258.5230223337809,5392245
2021-03-30,261.6539306640625,263.44301736945783,255.83939887152778,257.6284855769231,8447204
2021-03-31,257.62847900390625,263.89028231302893,257.62847900390625,263.89028231302893,7768583
2021-04-01,264.3375549316406,264.7848265981916,258.97029493302864,259.41756659957963,10478453
2021-04-07,267.0212097167969,268.3630248410019,263.89030776031854,268.3630248410019,5278713
2021-04-08,265.6793518066406,268.81025325890744,265.6793518066406,268.81025325890744,5847491
2021-04-09,267.4684753417969,268.36301873758885,265.679388550213,268.36301873758885,5794158
2021-04-12,260.3121032714844,268.8102647184916,259.86483161637875,268.36299306338594,7944815
2021-04-13,261.2066955566406,266.126684685276,261.2066955566406,262.10123903457435,5676551
2021-04-14,260.7593994140625,264.33757299092787,256.2866824429808,261.20667111117064,6517011
2021-04-15,264.3375549316406,264.3375549316406,257.6284799333756,258.07575159992666,6286712
2021-04-16,265.2321472167969,265.6794189658977,260.7594297257885,262.99578847129266,4032348
2021-04-19,266.5739440917969,267.46848752834654,263.44304206387307,265.6794006552472,5773684
2021-04-20,275.07208251953125,281.3338860240409,266.57392062055385,267.9157356572345,23138791
2021-04-21,269.2575378417969,274.62479773233105,269.2575378417969,273.730254417242,10429203
2021-04-22,262.1012268066406,271.94120460484214,261.2066833704405,271.046661168642,13382492
2021-04-23,265.6793518066406,267.021166714755,259.8648205381451,261.2066354462595,8593125
2021-04-26,266.5739440917969,269.7048461197207,265.2321289369724,267.0212158100717,3781368
2021-04-27,270.152099609375,271.046642985565,265.2321110403301,267.02119779271004,7142910
2021-04-28,273.2829895019531,273.7302611705324,268.3630011475808,271.4939028276359,8197440
2021-04-29,270.599365234375,280.4393421519886,269.257550200155,277.3084404054752,15696456
2021-05-03,274.17755126953125,277.3084531600479,271.0466493790146,273.730279570886,11476952
2021-05-04,260.7593994140625,275.51936541863205,257.6284975343053,275.0720937215239,12782925
2021-05-05,253.60304260253906,263.4430195641896,253.60304260253906,261.2066611638145,11033524
2021-05-06,253.15576171875,255.39212003782023,246.89395842535336,253.15576171875,11266016
2021-05-07,262.5484619140625,262.99573356979346,254.9448437666365,256.73393038956027,8009072
2021-05-10,257.18121337890625,264.78483186141307,257.18121337890625,263.8902885105299,4225794
2021-05-11,242.42124938964844,251.8139546243027,241.5267060339671,250.47213959078067,13253880
2021-05-12,237.0540008544922,242.42126125119765,219.1631328654739,242.42126125119765,16213359
2021-05-13,236.60671997070312,244.65761025326012,229.89764473523894,232.58127482942461,12302219
2021-05-14,238.39581298828125,242.86852992990003,236.60672621163374,238.84308468244313,9351658
2021-05-17,238.39581298828125,242.42125823573815,228.10856402255803,232.5812809641768,8584940
2021-05-18,245.5521697998047,246.89398493532275,239.29036583405377,241.52672439325053,9169583
2021-05-19,244.6575927734375,246.4466793750714,243.76304947262054,245.10486442384598,5226549
2021-05-20,251.36669921875,253.15578604592972,245.104895323621,245.99943873721085,7807643
2021-05-21,258.5230407714844,258.97031246832086,253.15578040944663,255.39213889362904,8624909
2021-05-24,254.94485473632812,256.7339414362322,252.26122468647205,255.83939808628017,3123942
2021-05-25,259.4175720214844,259.8648436973835,255.8393986142915,256.73394196608973,4516093
2021-05-26,259.4175720214844,261.6539304009799,258.97030034558526,260.7593870491817,2949623
2021-05-27,262.5484619140625,262.5484619140625,254.05030045517464,258.52301701248405,11409019
2021-05-28,260.7593994140625,263.4430295967115,259.417584322738,261.20667111117064,4134366
2021-05-31,264.78485107421875,265.2321227821144,258.5230471636798,262.9957642426362,5848692
2021-06-01,265.6793518066406,265.6793518066406,263.44299362645006,263.8902652624882,3902100
2021-06-02,267.0212097167969,267.4684814248652,265.23212288452356,266.57393800872853,5705982
2021-06-03,265.6793518066406,267.9157099868312,263.8902652624882,267.021166714755,5474528
2021-06-04,265.6793518066406,267.021166714755,262.5484503543738,262.99572199041194,4688395
2021-06-07,265.6793518066406,267.46843835079306,262.99572199041194,266.5738950787169,4927910
2021-06-08,266.1266174316406,267.4684323094472,264.784802553834,267.4684323094472,2609253
2021-06-09,263.89031982421875,267.46849365234374,262.5485046386719,265.6794067382813,5359415
2021-06-10,263.89031982421875,265.6794067382813,262.9957763671875,265.2321350097656,3726268
2021-06-11,265.2321472167969,266.5739624640994,263.89033196949435,263.89033196949435,2884626
2021-06-15,270.152099609375,274.6248164903249,266.57392610461505,267.02119779271004,7648145
2021-06-16,271.0466613769531,271.9412048138407,269.25757450317786,270.15211794006547,4877092
2021-06-17,267.915771484375,270.15213017790063,265.6794127908493,268.81031496178525,4212210
2021-06-18,267.915771484375,274.624847564952,267.4684997456699,269.2575867004904,10130964
2021-06-21,262.9957275390625,267.91571563928306,262.1011842481133,266.12662905738466,6096411
2021-06-22,264.78485107421875,269.25756815317516,262.9957642426362,262.9957642426362,5928065
2021-06-23,264.78485107421875,265.67939449001005,262.9957642426362,264.78485107421875,5412917
2021-06-24,259.4175720214844,264.7848321322737,258.52302866968614,264.7848321322737,7629277
2021-06-25,263.89031982421875,267.02122192382814,259.4176025390625,259.4176025390625,8163402
2021-06-28,265.6793518066406,266.5738950787169,262.5484503543738,264.7848085345644,3518361
2021-06-29,267.915771484375,269.2575867004904,265.6794127908493,266.57395626825956,5311720
2021-06-30,271.0466613769531,271.9412048138407,268.810302784734,269.70484622162166,6856340
2021-07-01,266.1266174316406,272.83569182067356,265.67934580570505,271.04660531693145,4793026
2021-07-02,267.4684753417969,272.83573571654864,267.0212036439009,269.2575621333808,6457836
2021-07-05,271.9411926269531,272.8357360237523,269.70483413495515,270.5993775317543,4054190
2021-07-06,271.493896484375,272.8357114587624,269.70480985185856,272.8357114587624,2509271
2021-07-07,271.493896484375,272.38843980063325,269.70480985185856,271.493896484375,3102705
2021-07-08,269.7048645019531,272.83576674326935,265.679418763118,271.9412232457504,4213294
2021-07-09,263.89031982421875,267.02122192382814,262.9957763671875,266.1266784667969,4592079
2021-07-12,267.915771484375,268.3630432230801,264.78486931343906,267.915771484375,2890751
2021-07-13,274.6248474121094,279.0975647966714,269.2575865506349,271.04667350445976,13559688
2021-07-14,288.9375,289.83204334365325,273.2829914860681,273.2829914860681,17997184
2021-07-15,286.701171875,299.672051725819,283.5702698420437,292.51570422191884,18264870
2021-07-16,285.8066101074219,290.7265987008204,281.33389320433236,287.5956968686577,6815070
2021-07-19,275.51934814453125,284.0175098567814,270.15208811574166,282.675694849584,12399686
2021-07-20,273.24237060546875,278.251814066569,271.4207548014323,275.0639864095052,6196752
2021-07-21,278.7071838378906,278.7071838378906,273.6977409911311,275.9747604669309,5194371
2021-07-22,275.9747619628906,284.62743601783274,274.608550270005,280.9842048368045,5425645
2021-07-23,276.88555908203125,281.4395978827226,276.4301552019621,277.7963668421695,3004883
2021-07-26,272.33154296875,280.07340957488503,271.8761390507421,277.79638998484535,4297749
2021-07-27,265.9559020996094,273.6977691127829,265.04509421570657,273.24236517083153,6859069
2021-07-28,265.9559020996094,268.2329218093663,261.4018626800955,261.4018626800955,6138241
2021-07-29,265.50048828125,270.0545275313572,264.1342765062178,269.5991236063465,5074213
2021-07-30,261.40185546875,265.0450869038545,259.5802397511977,260.94645153936193,6845664
2021-08-02,261.40185546875,262.31266332752614,258.6694318924216,261.85725939813807,5606790
2021-08-03,261.85723876953125,268.2328932787024,258.21400762143344,268.2328932787024,8161612
2021-08-04,260.9464111328125,263.2234304271651,260.0356034150714,262.7680265682946,5120891
2021-08-05,261.40185546875,262.7680672569142,260.0356436805858,260.49104760997386,3493677
2021-08-06,259.5802307128906,261.85725028054753,259.5802307128906,260.9464424534848,5184945
2021-08-09,256.3923645019531,257.7585760357113,253.65994143443675,257.7585760357113,5407553
2021-08-10,253.20455932617188,257.75859816297356,252.7491554424917,257.75859816297356,5124460
2021-08-11,255.0261688232422,255.93697656903947,251.83834171295166,251.83834171295166,4479527
2021-08-12,251.83831787109375,255.4815485093736,250.47210638173883,253.6599331902337,5588362
2021-08-13,249.56134033203125,252.74916767203894,246.82891689773894,251.83835986060816,5019848
2021-08-16,254.11538696289062,255.48159872075564,250.47215560858396,253.20457912431397,6086921
2021-08-17,254.11538696289062,254.11538696289062,254.11538696289062,254.11538696289062,0
2021-08-18,243.18569946289062,245.46271912078288,231.80060117342947,233.1668129681648,13123851
2021-08-19,245.00730895996094,248.19513639996043,242.73028935996132,244.551905039961,10432306
2021-08-20,239.54246520996094,250.01675551381854,239.54246520996094,250.01675551381854,6871970
2021-08-23,245.91807556152344,247.73969093605322,241.3640371251989,242.73024865609628,5312768
2021-08-24,244.0964813232422,249.5613279200312,243.64107744017645,248.6505201538997,3979710
2021-08-25,252.74917602539062,253.20457994615708,243.64109761006122,245.91811721389357,5573452
2021-08-26,251.83831787109375,256.39235616894354,249.56129872216886,255.4815485093736,5760801
2021-08-27,254.11538696289062,255.02619480146728,250.01675168929563,253.20457912431397,5127582
2021-08-30,254.57078552246094,255.0261894321612,250.9275542448586,252.74916988365976,3369663
2021-08-31,246.37350463867188,253.20456299279402,240.45325406509934,250.92754354141996,13596682
2021-09-01,247.73973083496094,248.650538668913,244.5519034161287,246.37351908403284,6343603
2021-09-02,244.55191040039062,247.28433398028326,242.2748907504801,245.91812219033693,5148078
2021-09-03,247.73973083496094,247.73973083496094,243.64109558217663,247.28432691798488,5250975
2021-09-06,249.1059112548828,250.0167189742791,246.37348809669396,248.65050739518466,5350022
2021-09-07,247.28431701660156,250.47214430779164,244.5518936241529,250.0167404090502,5449144
2021-09-08,246.37350463867188,249.56133187059552,245.00729296784743,249.56133187059552,4119319
2021-09-09,245.46267700195312,247.73969626913265,243.1856577347736,244.5518692950813,3236036
2021-09-10,245.00730895996094,245.9181167999608,243.18569327996124,244.551905039961,4525576
2021-09-13,239.99786376953125,245.46271076238585,238.6316520213176,243.64109509810098,8035550
2021-09-14,239.99786376953125,242.73028726595854,239.0870559373888,240.90867160167366,4250034
2021-09-15,234.98843383789062,241.36408901953882,234.98843383789062,240.4532811364462,7072101
2021-09-16,236.8100128173828,238.1762244297908,234.5329934633695,235.44380120497485,4345266
2021-09-17,233.1667938232422,235.8992171883583,232.25598603487015,234.53300550580025,8292541
2021-09-22,227.7019500732422,231.34518127441405,223.14791107177734,223.14791107177734,8970073
2021-09-23,229.06814575195312,232.71137669830625,228.15733801536484,232.25597283001213,3836704
2021-09-24,236.8100128173828,243.18566700862004,235.8992050757775,238.63162830059346,8007932
2021-09-27,234.98843383789062,237.2654535456221,233.16681807170542,234.077625954798,6111931
2021-09-28,229.97897338867188,234.98841637337563,228.61276166557084,234.07760855797494,5582900
2021-09-29,226.3357391357422,227.7019508407869,224.96952743069747,227.7019508407869,7186676
2021-09-30,229.5235595703125,230.43436734638516,225.8803284660218,225.8803284660218,6903790
2021-10-01,225.8803253173828,229.97896025257725,223.60330590894145,229.52355637088897,6207548
2021-10-04,218.5938720703125,224.96952667236326,217.6830642700195,224.51412277221678,7434328
2021-10-05,223.1479034423828,224.96951898068798,215.86144128916214,216.7722490583147,8903015
2021-10-06,222.6925048828125,224.96952436014186,219.50467761455138,223.60331267374426,5889341
2021-10-07,226.3357391357422,229.06816254583163,224.0587196273343,225.8803352340606,3907186
2021-10-08,228.15733337402344,230.4343526691734,227.24652565596347,229.52354495111342,3262048
2021-10-12,224.9695281982422,226.3357399079481,218.59387355294785,224.9695281982422,4823574
2021-10-13,224.5141143798828,228.61274932799427,223.60330661363582,226.7911337955003,4124746
2021-10-14,214.4952392578125,222.69250954791997,214.4952392578125,221.78170173790804,9493873
2021-10-15,218.5938720703125,219.96008377075194,213.58442916870115,215.86144866943357,8452604
2021-10-18,227.24655151367188,232.25599453301135,220.41549285093626,221.32630067263435,11619726
2021-10-19,235.8992156982422,238.63163904609826,225.8803300894365,231.3451767851487,10739877
2021-10-20,231.80059814453125,235.44382954955336,229.52357851639243,234.9884256239256,8878035
2021-10-21,230.43435668945312,234.98839535920516,228.6127412215523,231.80056829037872,5544615
2021-10-22,222.2371063232422,228.61276101284338,221.326298510442,226.79114538724303,8722997
2021-10-25,220.8708953857422,224.05872274182505,219.50468366170668,221.78170320176585,5511221
2021-10-26,222.6925048828125,227.70194773293713,222.23710098734662,224.05871656921013,6503126
2021-10-27,222.6925048828125,226.3357360465395,220.41548540548314,224.05871656921013,5428240
2021-10-28,229.97897338867188,231.34518511177288,222.2371069577661,224.05872258856743,9046939
2021-10-29,223.1479034423828,229.52355782645088,223.1479034423828,228.6127500572983,9703833
2021-11-01,234.5330047607422,236.3546203316994,223.14790744225954,224.51411912047746,11485773
2021-11-02,229.5235595703125,236.3546178908575,228.15734790620348,236.3546178908575,9387889
2021-11-03,224.9695281982422,229.52356723059526,224.05872039177157,229.52356723059526,7200313
2021-11-04,230.88978576660156,233.16680535009863,226.33574659960746,228.61276618310453,7958668
2021-11-05,238.63165283203125,239.542460667268,231.80059406775553,234.07761365584744,10637637
2021-11-08,236.35462951660156,240.45326471053107,234.0776099644185,239.54245688965784,6751550
2021-11-09,242.2748565673828,242.2748565673828,239.08702950728565,239.997837238742,7030050
2021-11-10,241.36407470703125,244.09649819428068,239.08705513432344,242.2748825361144,6120368
2021-11-11,235.8992156982422,239.54244682871695,235.4438118069328,238.63163904609826,4487025
2021-11-12,237.7208251953125,239.997844593735,235.44380579688996,237.7208251953125,3726272
2021-11-15,236.8100128173828,239.99783991300143,236.35460894658016,238.63162830059346,4490883
2021-11-16,233.1667938232422,236.81002497673035,232.25598603487015,235.8992171883583,6463726
2021-11-17,238.17625427246094,239.08706212818737,231.80059928237594,234.07761892169202,6813010
2021-11-18,236.8100128173828,239.99783991300143,235.8992050757775,239.54243604219877,6024426
2021-11-19,237.7208251953125,238.6316329546815,236.81001743594348,238.6316329546815,3589329
2021-11-22,235.8992156982422,238.63163904609826,235.8992156982422,237.72083126347957,2280851
2021-11-23,232.2559814453125,235.4438086416207,232.2559814453125,234.98840475643382,4285585
2021-11-24,233.1667938232422,236.81002497673035,232.71138992905617,234.53300550580025,3196688
2021-11-25,235.8992156982422,239.0870429374076,234.98840791562347,237.72083126347957,4097542
2021-11-26,229.5235595703125,234.9884062267485,229.5235595703125,232.71138678656683,5776606
2021-11-29,230.88978576660156,232.7114014333992,227.70195834970568,228.61276618310453,3157124
2021-11-30,233.1667938232422,235.8992171883583,232.25598603487015,233.1667938232422,9761784
2021-12-01,234.98843383789062,236.35464566252952,233.16681807170542,233.16681807170542,2793210
2021-12-02,238.17625427246094,238.63165820032415,233.1668110659656,235.44383070528167,5643450
2021-12-03,238.17625427246094,240.90867783964023,237.2654464167345,240.45327391177702,4565537
2021-12-06,237.7208251953125,239.08703683436602,235.44380579688996,237.7208251953125,3633839
2021-12-07,239.54246520996094,241.36408091497964,236.81004165243286,239.54246520996094,3571998
2021-12-08,237.7208251953125,242.27486399215755,237.7208251953125,241.36405623278856,4135985
2021-12-09,245.00730895996094,245.00730895996094,239.0870579999619,240.9086736799616,7468533
2021-12-10,246.82891845703125,248.6505340914005,243.64109109688508,245.007302822662,7171934
2021-12-13,245.91807556152344,250.01671015421547,244.09646018699362,249.56130631058303,5764469
2021-12-14,245.00730895996094,247.28432855996058,242.2748854399614,243.64109719996117,4325261
2021-12-15,243.6410675048828,245.46268296286325,241.36404818240726,244.09647136937792,4282767
2021-12-16,242.2748565673828,248.19510682184892,241.81945270165463,248.19510682184892,5685104
2021-12-17,245.00730895996094,245.46271287996086,240.45326975996167,242.73028935996132,5677521
2021-12-20,240.4532470703125,245.91809359463778,239.99784319328538,245.00728584058356,3239403
2021-12-21,242.2748565673828,244.09647203029544,240.9086449701983,241.36404883592647,2258089
2021-12-22,241.81947326660156,244.09649278888597,241.81947326660156,242.73028107551534,1601355
2021-12-23,245.91807556152344,245.91807556152344,242.2748448124638,242.2748448124638,3818504
2021-12-24,246.37350463867188,248.1951201997711,245.91810074839705,246.82890852894667,2108407
2021-12-27,250.9275665283203,251.83837439230695,246.8289311403804,246.8289311403804,4520189
2021-12-28,252.74917602539062,253.65998386692354,250.92756034232474,251.83836818385768,3770984
2021-12-29,253.20455932617188,255.02617486089255,252.29375155881155,253.65996320985207,3610412
2021-12-30,250.47215270996094,253.2045761940696,250.47215270996094,253.2045761940696,2272848
2022-01-03,256.8478088378906,257.30321275426985,250.4721540085813,251.38296184133978,5888040
2022-01-04,270.5098876953125,271.4206953979903,260.0355991145176,260.49100296585647,15548338
2022-01-05,264.58966064453125,275.0639501364834,263.67885286262236,275.0639501364834,10172224
2022-01-06,265.0450439453125,265.9558516564648,258.66938996724656,262.31262081185565,7272144
2022-01-07,257.7585754394531,266.86665231010517,256.84776775238794,265.95584462304,6692949
2022-01-10,258.2139892578125,259.58020084118715,251.83833520206406,254.1153545076885,5729943
2022-01-11,261.40185546875,265.0450869038545,254.570796527929,254.570796527929,7526835
2022-01-12,256.8478088378906,265.0450793327169,254.57078925599444,262.3126558344415,6709009
2022-01-13,252.29376220703125,258.21401294474134,251.38295440122968,258.21401294474134,6180022
2022-01-14,247.28431701660156,249.56133651030876,244.0964897254115,248.65052871282586,6667600
2022-01-17,249.1059112548828,249.56131511458094,245.9180842369958,246.37348809669396,3393651
2022-01-18,249.56134033203125,252.29376376632356,249.56134033203125,250.01674423774662,2492696
2022-01-19,250.47215270996094,252.2937683660334,248.1951331398704,251.38296053799718,4741817
2022-01-20,248.19512939453125,250.9275528374068,245.00730204450974,249.56134111596901,5538212
2022-01-21,248.19512939453125,250.9275528374068,245.91810985880159,248.65053330167717,4385695
2022-01-24,247.73973083496094,248.650538668913,245.00730733310473,245.46271125008076,2378221
2022-01-25,245.00730895996094,246.37352071996074,242.2748854399614,245.00730895996094,5697799
2022-01-26,244.0964813232422,246.37350073857095,242.73026967404493,243.1856735571107,4044914
2022-02-07,246.82891845703125,252.74916926873124,245.46270673125431,247.28432236562355,8686008
2022-02-08,245.00730895996094,248.19513639996043,245.00730895996094,246.82892463996066,9562776
2022-02-09,245.46267700195312,246.82888856226083,244.5518692950813,245.0072731485172,5081218
2022-02-10,245.46267700195312,246.82888856226083,244.09646544164542,245.91808085538904,5238991
2022-02-11,241.81947326660156,245.0073005977997,241.81947326660156,243.64108888442908,7143298
2022-02-14,233.1667938232422,240.4532561302185,232.71138992905617,240.4532561302185,7142153
2022-02-15,230.88978576660156,233.62220926679805,229.52357401650335,232.2559975166998,8154774
2022-02-16,235.4438018798828,236.35460962409897,233.62218639145044,234.07759026355853,4369497
2022-02-17,237.7208251953125,239.08703683436602,235.44380579688996,236.81001743594348,4778897
2022-02-18,238.17625427246094,238.63165820032415,234.98842677741845,235.44383070528167,2333536
2022-02-21,236.8100128173828,236.8100128173828,234.07758959256685,235.44380120497485,2174876
2022-02-22,234.07760620117188,234.9884140074021,233.16679839494162,234.53301010428697,4271945
2022-02-23,235.8992156982422,237.72083126347957,234.07760013300478,234.53300402431412,3158838
2022-02-24,230.88978576660156,234.07761318349745,229.52357401650335,232.7114014333992,6130739
2022-02-25,224.5141143798828,232.71138427610572,224.05871049675932,231.34517262673523,14130109
2022-03-01,233.6221923828125,233.6221923828125,225.42492247464364,226.79113412600512,8626670
2022-03-02,232.2559814453125,234.98840475643382,229.52355813419118,231.8005775601256,5681260
2022-03-03,233.1667938232422,234.98840939998627,231.80058214068413,232.71138992905617,6209627
2022-03-04,231.80059814453125,234.07761777267007,229.06817459076467,230.43438636764796,3171154
2022-03-07,224.9695281982422,227.70195161765403,224.05872039177157,227.2465477144187,8601256
2022-03-08,214.4952392578125,227.70195250298568,213.12902754279457,220.4154900228901,13041761
2022-03-09,219.9600830078125,221.3262947035132,215.4060440221435,215.4060440221435,6350583
2022-03-10,231.80059814453125,234.9884256239256,227.24655888825362,229.52357851639243,9832666
2022-03-11,238.63165283203125,240.45326850250476,231.80059406775553,234.53301757346583,10775338
2022-03-14,234.5330047607422,239.99785147361385,233.16679308252426,239.99785147361385,4342888
2022-03-15,229.06814575195312,234.53299217148285,227.24653027877656,234.53299217148285,6369525
2022-03-16,226.7911376953125,231.34517660485693,224.96952213149473,229.06815715008472,7822678
2022-03-17,237.26544189453125,238.63165365208133,230.4343831067808,232.25599878351426,8182081
2022-03-18,233.1667938232422,239.08704444766045,231.80058214068413,236.81002497673035,10297139
2022-03-21,237.7208251953125,241.36405623278856,236.81001743594348,237.7208251953125,5578053
2022-03-22,238.63165283203125,240.45326850250476,237.2654410791761,239.99786458488637,3944770
2022-03-23,240.90866088867188,242.27487257613126,238.6316414095729,242.27487257613126,3060714
2022-03-24,242.73028564453125,243.6410934705895,239.08705434029812,241.36407390544383,4664658
2022-03-25,244.0964813232422,245.91809685550518,242.2748657909792,245.0072890893737,4838490
2022-03-28,241.36407470703125,241.81947862157284,235.44382381799088,240.45326687794812,2708029
2022-03-29,242.2748565673828,244.5518758960236,239.997837238742,239.997837238742,3124763
2022-03-30,244.0964813232422,245.91809685550518,241.36405802484768,245.0072890893737,4674913
2022-03-31,244.55191040039062,245.46271826035482,242.2748907504801,245.00731433037274,3503336
2022-04-01,244.55191040039062,244.55191040039062,239.54246717058746,241.81948682049799,4892578
2022-04-06,239.99786376953125,245.00730684631463,239.54245985346003,243.64109509810098,5970828
2022-04-07,237.7208251953125,240.45324847341954,235.89920967657446,235.89920967657446,6654945
2022-04-08,237.7208251953125,241.36405623278856,235.89920967657446,236.81001743594348,4173598
2022-04-11,228.15733337402344,239.54242984977313,228.15733337402344,239.54242984977313,5472520
2022-04-12,226.3357391357422,230.8897781525579,224.96952743069747,225.42493133237903,5738549
2022-04-13,232.71139526367188,234.0776069775486,227.70195231279047,230.43437574054397,3778360
2022-04-14,230.43435668945312,234.53299149222997,229.9789528224779,234.53299149222997,2687244
2022-04-15,227.24655151367188,230.88978280046422,226.79114760282283,230.43437888961518,2204279
2022-04-18,225.42494201660156,227.70196163293087,223.6033263235381,224.51413417006984,2327584
2022-04-19,225.42494201660156,230.43438517252605,225.42494201660156,229.52357732599432,1874868
2022-04-20,228.61277770996094,229.5235855892835,225.88035407199328,225.88035407199328,4663273
2022-04-21,230.43435668945312,231.80056829037872,228.6127412215523,231.34516442340353,3007639
2022-04-22,224.0587158203125,227.24654307791857,223.60331192636878,225.8803313960874,5823134
2022-04-25,215.40603637695312,220.41547908339388,214.9506324945494,217.22765190656796,7374069
2022-04-26,229.5235595703125,229.5235595703125,217.6830584813678,218.59386625744045,8487324
2022-04-27,223.1479034423828,227.24653840356942,222.23709567323021,222.23709567323021,7040354
2022-04-28,224.5141143798828,227.24653767862378,221.78169108114184,224.9695182630063,5022354
2022-04-29,227.7019500732422,229.5235656738281,224.96952667236326,229.06816177368162,5162064
2022-05-03,220.8708953857422,227.7019540059198,219.04927975369483,227.7019540059198,3752988
2022-05-04,219.5046844482422,224.05872354467877,219.04928053859854,221.32630008681681,3061828
2022-05-05,219.5046844482422,223.14791572539144,218.5938766289549,223.14791572539144,2971792
2022-05-06,213.1290283203125,215.8614517603165,210.85200878697583,214.03983613364716,7663635
2022-05-09,209.48580932617188,211.30742505944295,207.66419359290083,209.48580932617188,5075197
2022-05-10,206.2979736328125,208.1195892940294,202.1993383950745,204.4763579715956,5421293
2022-05-11,203.56553649902344,206.75336369252045,202.19932484466756,205.84255592294986,4135782
2022-05-12,199.01150512695312,202.19933244019953,198.10069732316845,202.19933244019953,4688068
2022-05-13,201.2884979248047,201.74390176626352,197.645267193134,199.0114787175105,4935635
2022-05-16,203.1101531982422,207.20878857668205,201.7439414054289,205.387172852931,2888742
2022-05-17,204.9317626953125,205.8425705295139,202.65474310980903,205.8425705295139,4393790
2022-05-18,210.39659118652344,212.21820669463187,207.66416792436078,208.574975678415,5048360
2022-05-19,202.19932556152344,204.02094110712272,200.83311390232396,203.11013333432308,4430469
2022-05-20,206.2979736328125,206.75337754811673,202.65474231037874,204.0209540562914,4368825
2022-05-23,204.9317626953125,209.48580186631943,204.9317626953125,209.48580186631943,2814966
2022-05-24,200.37771606445312,207.2087745666504,200.37771606445312,204.47635116577146,2506749
2022-05-25,202.65472412109375,204.02093574438203,200.37770474894663,203.11012799552316,4505551
2022-05-26,204.0209503173828,205.8425659452166,202.65473859650749,204.47635422434126,2667918
2022-05-27,210.85198974609375,212.673605208263,204.9317394940436,205.84254722512824,5419829
2022-05-30,217.22764587402344,217.6830497437803,212.21820330669794,214.49522265548225,5241412
2022-05-31,219.9600830078125,219.9600830078125,215.4060440221435,215.86144792071042,7719352
2022-06-01,219.9600830078125,220.8708908049463,218.1384674135449,220.8708908049463,2433464
2022-06-02,215.40603637695312,218.59386355377907,215.40603637695312,216.77224802416424,2733008
2022-06-06,217.68307495117188,218.13847887366387,210.852016113792,215.8614592612039,3480827
2022-06-07,212.21820068359375,214.95062386836105,209.94118136295432,213.5844122759774,5461195
2022-06-08,213.58441162109375,214.0398154838253,212.21820003289912,213.1290077583622,2547311
2022-06-09,214.03982543945312,214.9506332072806,211.30740213597073,213.5844215555394,3503804
2022-06-10,215.8614501953125,217.68306580877504,211.76281506502175,214.95064238858123,3178462
2022-06-13,207.66416931152344,213.58441975242212,206.29795767131606,211.30740035207648,4606352
2022-06-14,208.1195831298828,208.1195831298828,203.1101402099075,203.1101402099075,4450039
2022-06-15,204.9317626953125,207.20878228081597,203.11014702690971,205.8425705295139,4602648
2022-06-16,207.20877075195312,211.30740577781592,205.8425590766655,208.5749824272407,6179689
2022-06-17,206.7533721923828,207.66417999939773,199.4669097362636,199.4669097362636,7204965
2022-06-20,200.37771606445312,206.2979667663574,200.37771606445312,204.93175506591797,4482545
2022-06-21,211.7628173828125,211.7628173828125,203.56554703251007,206.29797048261088,4675560
2022-06-22,206.2979736328125,210.85201278585473,206.2979736328125,209.9412049552463,3793161
2022-06-23,213.1290283203125,214.9506439469818,207.66418144030447,210.39660488030847,7481808
2022-06-24,217.68307495117188,219.50469064113983,214.03984357123593,218.13847887366387,7573675
2022-06-27,215.40603637695312,219.04926743618276,215.40603637695312,217.68305578897164,6077910
2022-06-28,214.95065307617188,217.6830766322249,213.1290373721365,216.3168648541984,5687285
2022-06-29,212.15301513671875,213.08555586259445,209.82166332202954,212.15301513671875,6688257
2022-06-30,206.5577850341797,209.8216777999568,205.62524424395767,208.42286661462376,6214337
2022-07-01,206.5577850341797,211.68675938040084,204.22643305862462,205.62524424395767,8243287
2022-07-04,204.22640991210938,206.55776162343483,199.56370648945847,203.2938692275792,7078357
2022-07-05,205.62522888183594,209.3553917640461,202.8276067201783,207.02403996266474,6841010
2022-07-06,196.29981994628906,207.49030849429604,196.29981994628906,206.09149742579515,7179289
2022-07-07,206.0914764404297,208.42282798387347,198.63115150140962,200.96250304485338,7589572
2022-07-08,212.15301513671875,214.01809658847012,205.1589596926511,206.55777078146463,7086233
2022-07-11,214.01808166503906,214.48435199546398,211.68673001291447,211.68673001291447,3580265
2022-07-12,215.41690063476562,217.28198202554282,214.01808959168272,214.9506302870713,5310206
2022-07-13,223.34349060058594,226.60738294756734,221.0121389241706,222.87722026530287,11264037
2022-07-14,223.34349060058594,227.53992361813346,222.4109499300198,223.34349060058594,9033953
2022-07-15,228.47247314453125,230.337554557956,222.877228904257,224.74231031768176,8157340
2022-07-18,228.47247314453125,231.73636561802456,228.00620279117507,230.337554557956,6417910
2022-07-19,229.40501403808594,231.27009545302974,228.47247333061406,229.40501403808594,4020371
2022-07-20,232.20263671875,234.0677181381777,231.27009600903614,231.73636636389307,5619108
2022-07-21,233.1351776123047,235.00025903320312,230.33755548095704,235.00025903320312,5897761
2022-07-22,231.27008056640625,233.6014321850192,229.4049992715159,231.73635089012885,6043083
2022-07-25,233.60142517089844,234.06769548062078,228.00618145423022,228.47245176395256,5085149
2022-07-26,232.20263671875,235.00025884789156,230.33755529932228,233.13517742846383,3538189
2022-07-27,236.86532592773438,236.86532592773438,230.8038116815522,232.2026226614404,5016556
2022-07-28,244.32568359375,247.12330592497614,240.59552048544847,241.52806126252383,11552644
2022-07-29,240.59552001953125,245.7244942835135,239.196708856627,245.7244942835135,8031735
2022-08-01,241.061767578125,243.393119295515,238.730415860735,241.994308265081,5192623
2022-08-02,241.061767578125,242.460578608559,235.00025311291103,239.662956547691,10633808
2022-08-03,246.19073486328125,246.19073486328125,238.73040956439394,240.59549088911575,8164692
2022-08-04,243.3931121826172,247.58954515128298,241.06176053335838,246.65700449157947,11656117
2022-08-05,244.7919158935547,247.1232674734933,244.32564557756697,247.1232674734933,5289534
2022-08-08,246.65701293945312,247.1232832852744,242.92685017288295,244.79193155616804,3141830
2022-08-09,247.123291015625,249.92091317806603,243.39312813237026,245.72447993440448,6410161
2022-08-10,253.6510772705078,253.6510772705078,247.1232921936933,248.5221032815821,8013322
2022-08-11,254.1173553466797,254.1173553466797,248.5221108252849,253.18481459311388,8242612
2022-08-12,248.98838806152344,252.2522807889217,247.12330650301016,250.3871992304084,7320848
2022-08-15,255.5161590576172,255.98242942086102,249.92091469869126,249.92091469869126,6645298
2022-08-16,254.1173553466797,255.51616647702838,252.718544216331,255.51616647702838,3567962
2022-08-17,254.1173553466797,256.91497760737707,252.718544216331,255.51616647702838,5063045
2022-08-18,254.1173553466797,254.1173553466797,251.3197330859823,252.718544216331,3214449
2022-08-19,254.1173553466797,255.51616647702838,252.25227383954808,254.1173553466797,2910680
2022-08-22,251.7859649658203,255.51612740975838,250.38715404934354,253.1847758822971,2534000
2022-08-23,248.05581665039062,251.31970897473786,246.1907353221922,251.31970897473786,6318459
2022-08-24,248.98838806152344,252.71855117855003,248.0558472822668,249.9209288407801,4086267
2022-08-25,249.9208984375,251.78597976912312,248.05581710587686,250.85343910331156,3130759
2022-08-26,249.9208984375,252.2522501020289,249.4546281045942,251.31970943621735,5206334
2022-08-29,244.7919158935547,246.6569971575056,243.39310494559152,246.19072684151786,6279501
2022-08-30,246.19073486328125,248.988356850364,244.7919238697399,246.6570051944617,5593105
2022-08-31,245.2582244873047,245.72449487606383,241.99433176599075,243.8594133210273,4828766
2022-09-01,241.061767578125,246.19074135638297,237.33160483030102,246.19074135638297,7411790
2022-09-02,237.79788208007812,240.5955042221967,236.86534136603862,238.73042279411766,5186787
2022-09-05,238.26416015625,241.99432313325588,237.79788978412427,239.6629712726272,3206306
2022-09-06,240.1292266845703,241.5280377138008,238.7304156553398,241.5280377138008,4041862
2022-09-07,239.6629638671875,240.1292342249058,235.9328010054414,237.79788243631447,4311268
2022-09-08,249.9208984375,250.85343910331156,239.66295111357275,240.59549177938433,7725265
2022-09-12,251.7859649658203,254.58358679877387,250.38715404934354,252.71850557680483,5072030
2022-09-13,250.8534698486328,254.58363296905858,249.92092906852636,254.58363296905858,5416697
2022-09-14,249.9208984375,252.2522501020289,244.3256544426306,244.7919247755364,5847757
2022-09-15,252.25225830078125,252.71852864884184,247.58955482017532,247.58955482017532,4573145
2022-09-16,246.65701293945312,252.25225708930842,246.65701293945312,251.78598674348714,6856982
2022-09-19,250.8534698486328,253.18482179889892,246.19076594810062,248.98838828841994,3588861
2022-09-20,252.71853637695312,254.11734746391042,250.38718456535761,252.25226601463402,4374422
2022-09-21,248.98838806152344,252.71855117855003,248.0558472822668,251.31974000966505,3420568
2022-09-22,251.7859649658203,251.7859649658203,244.32564007794414,245.72445099442095,3910477
2022-09-23,248.52210998535156,252.25227298700787,247.58956923493747,249.92092111097267,2552816
2022-09-26,242.92686462402344,248.0558387331679,241.0617831297891,244.3256757446992,5848435
2022-09-27,244.32568359375,245.72449475936307,241.52806126252383,241.99433165106154,4950709
2022-09-28,235.00025939941406,246.1907479422433,235.00025939941406,244.32566651843842,6943098
2022-09-29,235.46653747558594,238.7304300742574,232.6689152481532,236.86534858930227,6424983
2022-09-30,235.9327850341797,237.3315960126432,227.5399191633986,228.4724598157076,6074617
2022-10-03,235.00025939941406,237.33161117917015,231.73636690775552,232.66890761965794,2758861
2022-10-04,241.061767578125,241.994308265081,237.33160483030102,238.730415860735,3844626
2022-10-05,251.3197021484375,252.71851310659204,243.85937703827977,247.1232692739738,7642321
2022-10-06,259.71258544921875,261.1113965019075,253.18480053667105,253.65107088756733,11359968
2022-10-07,256.4486999511719,262.0439443137429,255.5161592240767,260.6451332231001,5540612
2022-10-11,246.65701293945312,250.8534460518446,241.52803913541914,248.9883646685595,11169930
2022-10-12,253.6510772705078,256.4486994462855,246.19075146843406,247.5895625563229,8868688
2022-10-13,249.9208984375,254.58360176655782,246.6570061071595,252.2522501020289,7344658
2022-10-14,248.05581665039062,255.51614196318434,248.05581665039062,255.04987163113472,5897695
2022-10-17,250.38719177246094,253.18481402690185,246.1907583907996,246.1907583907996,8285987
2022-10-18,254.1173553466797,257.38124798416,250.8534627091994,255.0498961002455,7639403
2022-10-19,249.9208984375,254.58360176655782,248.9883577716884,253.65106110074626,4353310
2022-10-20,247.58956909179688,248.9883802166093,242.4605949674847,247.1232987168594,7240593
2022-10-21,248.98838806152344,253.65109195780667,247.5895768926385,251.7860103992934,5848809
2022-10-24,250.38719177246094,254.11735477838215,248.05583989376018,254.11735477838215,6919482
2022-10-25,241.99432373046875,249.92092007616813,235.93280887787512,249.92092007616813,11902400
2022-10-26,238.7304229736328,241.0617747604847,235.46653047204018,237.79788225889206,7441402
2022-10-27,240.59552001953125,243.39314234533975,239.196708856627,241.52806079480075,5806732
2022-10-28,240.59552001953125,246.657035058783,238.73043846899225,244.791953508244,7232875
2022-10-31,240.1292266845703,245.2582004584155,238.7304156553398,245.2582004584155,7506288
2022-11-01,243.3931121826172,244.3256528423207,239.6629495438031,241.99430119306192,7038739
2022-11-02,250.38719177246094,252.7185436511617,245.2582176393193,246.1907583907996,8670563
2022-11-03,248.98838806152344,249.45465845115177,246.19076572375351,248.0558472822668,3995598
2022-11-04,251.3197021484375,252.71851310659204,247.1232692739738,249.45462087089805,3863239
2022-11-07,254.5836181640625,254.5836181640625,247.58956271999486,253.6510774381868,5456668
2022-11-08,255.5161590576172,257.3812405105925,253.18480724139806,254.58361833112954,6364760
2022-11-09,255.5161590576172,257.8475108738363,254.58361833112954,256.91497014734864,5204749
2022-11-10,252.71853637695312,255.0498881885486,251.3197252899958,253.6510771015913,3569518
2022-11-11,264.3752746582031,265.7740856352307,258.3137604244172,260.6451120527964,13038628
2022-11-14,266.2403869628906,268.1054684827708,263.4427646830704,265.30784620295054,6883328
2022-11-15,273.23443603515625,273.23443603515625,264.8415693992641,268.57173234854946,10584892
2022-11-16,269.0379943847656,274.16696828118233,268.10545367632625,272.76815721852324,9200343
2022-11-17,272.3019104003906,272.76818079491187,267.63920645517845,267.63920645517845,4242747
2022-11-18,273.23443603515625,276.0320582471203,270.9030841918529,272.7681656664956,4185501
2022-11-21,273.70068359375,276.9645759023637,269.97052095533434,272.76814293414606,5515962
2022-11-22,273.70068359375,274.16695392355194,268.57170996592845,271.36933194474017,5787619
2022-11-23,275.5657653808594,277.43084670323407,274.16695438907834,277.43084670323407,4672679
2022-11-24,281.6272888183594,281.6272888183594,276.03204466965025,276.03204466965025,6906855
2022-11-25,281.6272888183594,283.4923702012624,278.8296667440048,278.8296667440048,6978610
2022-11-28,273.23443603515625,276.96459898444164,272.3018952978349,276.49832861578096,7848122
2022-11-29,277.8971252441406,278.8296659328794,273.234421800447,275.0995031779245,6435263
2022-11-30,281.6272888183594,281.6272888183594,276.96458536110174,280.6947481269078,8181265
2022-12-01,284.4248962402344,285.8237072053503,281.6272743100026,282.55981495341314,7282288
2022-12-02,284.4248962402344,285.8237072053503,278.8296523797707,278.8296523797707,4354675
2022-12-05,282.09356689453125,284.8911890455514,282.09356689453125,283.9586483285447,2960255
2022-12-06,280.6947326660156,283.95862490631816,277.8971107457563,280.6947326660156,5617960
2022-12-07,274.63323974609375,278.82967295104254,271.8356176094612,278.82967295104254,6713723
2022-12-08,274.63323974609375,276.49832117051545,269.50426582893414,272.30188796556666,4980293
2022-12-09,274.63323974609375,276.9645915266209,272.30188796556666,276.03205081441,4343552
2022-12-12,273.70068359375,274.16695392355194,270.4367912851363,270.4367912851363,2716143
2022-12-13,271.83563232421875,277.8971472817056,268.57173965480274,273.7007138495993,7062679
2022-12-14,275.5657653808594,275.5657653808594,270.9030620749227,273.234413727891,6866648
2022-12-15,275.5657653808594,276.03203571145303,272.30187306670365,273.7006840584847,4275855
2022-12-16,271.36932373046875,273.7006753089092,269.9705127834045,270.43678309909257,6685173
2022-12-19,270.4367980957031,271.36933877879176,268.10544638798154,268.57171672952586,2776657
2022-12-20,263.90899658203125,272.30186219771423,262.9764559580665,271.83559188573184,4435897
2022-12-21,264.3752746582031,266.7066262865823,262.5101933554998,262.5101933554998,4127728
2022-12-22,267.1728820800781,268.1054226807067,262.97644937724965,264.84153057850676,3485621
2022-12-23,262.0439453125,264.3752971391237,258.78005275522685,262.0439453125,5070128
2022-12-26,262.97650146484375,264.37531264284826,260.64514950150294,262.5102310721756,1897459
2022-12-27,264.841552734375,266.70663409165934,262.97647137709066,263.90901205573283,1516931
2022-12-28,263.4427795410156,264.84159075981745,259.24634588461004,262.9765091347483,3531444
2022-12-29,262.0439453125,263.4427564084742,259.7125934858763,261.11140458185054,3206167
2022-12-30,267.1728820800781,269.03796328133524,264.84153057850676,264.84153057850676,4026590
2023-01-03,266.2403869628906,268.5717388627408,264.37530544301046,264.84157582298053,4589158
2023-01-04,264.841552734375,268.5717154489437,262.97647137709066,266.70663409165934,5347370
2023-01-05,259.71258544921875,266.7066407126627,258.31377439652994,265.3078296599739,6515157
2023-01-06,253.6510772705078,259.7125919846928,253.18480690787823,259.24632162206314,8409973
2023-01-09,263.90899658203125,263.90899658203125,256.44867159031304,256.44867159031304,7305951
2023-01-10,264.3752746582031,266.7066262865823,262.04392302982393,262.5101933554998,4190126
2023-01-11,266.7066345214844,267.1729048615569,264.84155316119427,265.7740938413393,4937253
2023-01-12,258.31378173828125,266.24037792880614,257.3812410099842,265.77410756465764,6880576
2023-01-13,258.7800598144531,262.04395246076155,257.847519058365,259.71260057054127,6049946
2023-01-16,262.51019287109375,265.3078148199864,261.11138189664746,262.04392254627834,5910488
2023-01-17,266.7066345214844,268.10544554170195,262.51020146083164,262.97647180090416,5410461
2023-01-30,269.0379943847656,275.0995089896217,264.84156119678835,275.0995089896217,16308214
2023-01-31,269.5042724609375,271.8356242988349,267.1729206230401,269.03800209335805,9340160
2023-02-01,274.63323974609375,274.63323974609375,269.50426582893414,272.30188796556666,6778489
2023-02-02,277.8971252441406,278.8296659328794,273.70069214481634,275.5657735222938,8757140
2023-02-03,281.1610412597656,281.62731164328096,277.89714857515804,279.29595972570417,8898606
2023-02-06,276.9645690917969,280.2284613201514,276.9645690917969,277.8971097284696,4707300
2023-02-07,276.03204345703125,280.228476550128,275.0995027696764,279.76220620645057,4334191
2023-02-08,276.03204345703125,278.36339517541836,275.0995027696764,277.89712483174094,6434441
2023-02-09,272.3019104003906,275.5658031620391,270.43682882230576,274.1669919784755,8649462
2023-02-10,274.1669616699219,275.099502355874,271.3693396120655,274.63323201289796,4847984
2023-02-13,274.1669616699219,275.5657726988501,271.8356099550416,275.099502355874,5057295
2023-02-14,274.1669616699219,276.0320430418261,273.70069132694584,275.099502355874,3633393
2023-02-15,273.23443603515625,274.1669767724776,271.83562492917423,274.1669767724776,4672549
2023-02-16,278.8296813964844,280.6947628773973,274.16697769420205,274.6332480644303,6294069
2023-02-17,274.63323974609375,277.8971322388317,272.76815832167205,276.49832117051545,4527456
2023-02-20,275.0995178222656,276.4983289298365,273.2344363455045,274.63324745307534,2894524
2023-02-21,277.43084716796875,278.36338783071824,274.63322517972034,275.0994955110951,2832638
2023-02-22,270.4367980957031,275.5657718526906,270.4367980957031,275.0995015111463,6506557
2023-02-23,270.4367980957031,273.70069048651334,269.5042574126145,271.8356091203361,7839880
2023-02-24,267.1728820800781,273.70066628447796,266.7066117797639,271.83558508322085,8552790
2023-03-01,269.9705505371094,271.3693616797887,262.97649482371276,262.97649482371276,6760142
2023-03-02,269.9705505371094,271.3693616797887,266.7066578708576,271.3693616797887,4559023
2023-03-03,268.57171630859375,272.301879035102,268.57171630859375,272.301879035102,3904004
2023-03-06,270.4367980957031,273.234420144969,269.9705277541588,271.8356091203361,6869404
2023-03-07,281.1610412597656,286.29001547843467,271.36936320594293,272.76817435648906,17364119
2023-03-08,278.3634033203125,282.5598365361966,276.4983218910307,282.0935661788762,6784662
2023-03-09,275.5657653808594,280.69473901738974,275.0994950502657,278.82965769501504,3970170
2023-03-10,270.4367980957031,272.3018794618804,269.5042574126145,272.3018794618804,6474886
2023-03-13,272.3019104003906,272.3019104003906,267.17293606065726,270.43682882230576,4124355
2023-03-14,265.77410888671875,268.5717310855263,264.8415681537829,267.63919035259045,7906747
2023-03-15,269.5042724609375,271.8356242988349,268.1054613581991,269.03800209335805,4553407
2023-03-16,267.1728820800781,270.9030444825923,265.307800878821,269.5042335816495,3952222
2023-03-17,267.1728820800781,269.03796328133524,266.7066117797639,267.6391523803924,5029009
2023-03-20,268.1054382324219,269.50424921450406,266.24035692297895,268.1054382324219,2846026
2023-03-21,273.23443603515625,274.1669767724776,269.5042730858708,270.43681382319215,3446521
2023-03-22,275.0995178222656,277.89714003740727,274.16697708388506,276.4983289298365,3939280
2023-03-23,274.63323974609375,275.5657804583046,271.3693472533558,271.8356176094612,3751662
2023-03-24,280.22845458984375,281.16099520411944,275.0994812113275,276.9645624398788,6974042
2023-03-27,279.7622375488281,280.69477834065754,276.96461517333984,279.7622375488281,5249267
2023-03-28,278.3634033203125,283.49237725083754,277.89713296299203,283.02610689351707,6330215
2023-03-29,275.5657653808594,279.7621983562024,274.63322471967206,279.7621983562024,5279559
2023-03-30,275.5657653808594,277.8971170338277,274.16695438907834,277.43084670323407,3708073
2023-03-31,280.6947326660156,280.6947326660156,276.9645701056699,276.9645701056699,6126101
2023-04-06,274.63323974609375,276.49832117051545,273.2344286777775,275.0995101021992,7433278
2023-04-07,274.1669616699219,276.49831338480215,272.7681506409937,274.1669616699219,3628003
2023-04-10,275.0995178222656,276.0320585606462,274.16697708388506,274.16697708388506,2560007
2023-04-11,278.8296813964844,279.76222213694086,274.6332480644303,276.4983295453432,5443239
2023-04-12,278.3634033203125,282.0935661788762,276.96459224835115,281.6272958215557,4200460
2023-04-13,280.22845458984375,280.6947248969816,277.43083274701667,279.7621842827059,4972576
2023-04-14,293.2840270996094,301.67689273997973,283.02608020582335,283.02608020582335,21236434
2023-04-17,289.0876159667969,294.21658979846586,287.2225345734627,294.21658979846586,7726543
2023-04-18,286.7562561035156,291.88522978991995,286.28998576838796,291.88522978991995,5263244
2023-04-19,284.89117431640625,289.55387766037364,283.95863364761277,287.22252598839,6237353
2023-04-20,285.82373046875,289.55389334599306,284.42491938978384,289.0876229863377,5342084
2023-04-21,282.5598449707031,287.6888190543297,280.69476348574796,285.3574671981358,7219844
2023-04-24,282.09356689453125,282.09356689453125,277.89713366800106,279.76221510201447,3290742
2023-04-25,276.9645690917969,285.35743482185137,275.5657581367878,283.4923535485059,7131432
2023-04-26,274.1669616699219,276.96458372777823,270.4367989261134,276.96458372777823,9896004
2023-04-27,275.5657653808594,278.82965769501504,274.16695438907834,275.0994950502657,5536886
2023-04-28,279.7622375488281,279.7622375488281,275.5658039855957,278.8296967569987,7383326
2023-05-02,277.8971252441406,282.5598286878343,275.0995031779245,281.62728799909553,9648194
2023-05-03,278.3634033203125,280.2284847495943,276.96459224835115,279.7622143922739,3013501
2023-05-04,283.49237060546875,284.8911816446405,278.829667141563,279.29593748795355,5665304
2023-05-05,282.5598449707031,283.0261153419419,278.82968200079284,280.69476348574796,3949886
2023-05-08,284.89117431640625,285.82371498519973,281.6272819756291,283.49236331321606,4068301
2023-05-09,283.49237060546875,286.28999268381216,282.5598299126876,284.8911816446405,3139744
2023-05-10,281.1610412597656,286.29001547843467,279.7622301092195,286.29001547843467,3308589
2023-05-11,276.9645690917969,281.1610019568241,276.49829877346053,279.76219100181504,3465093
2023-05-12,277.43084716796875,277.8971174993435,273.2344141855961,276.0320361738445,4834059
2023-05-15,280.22845458984375,282.09353581839514,275.0994812113275,275.0994812113275,4156945
2023-05-16,280.22845458984375,281.6272655112573,277.8971030541545,280.22845458984375,3825260
2023-05-17,284.4248962402344,285.357436883645,281.6272743100026,282.55981495341314,6317047
2023-05-18,285.82373046875,288.6213526266823,285.35746010909463,286.29000082840537,7670543
2023-05-19,285.82373046875,288.6213526266823,284.42491938978384,288.15508226702696,6340880
2023-05-22,284.89117431640625,285.82371498519973,281.6272819756291,284.89117431640625,3580478
2023-05-23,282.09356689453125,284.8911890455514,281.16102617752455,284.42491868704803,3704405
2023-05-24,284.4248962402344,284.4248962402344,280.69473366659196,281.6272743100026,3178766
2023-05-25,287.2225341796875,288.1550748750761,282.55983070274453,284.4249120935217,6968511
2023-05-26,296.54791259765625,298.41299380896226,290.02012835808523,291.88520956939124,14377215
2023-05-29,294.2165832519531,302.14317899725137,293.2840425760357,302.14317899725137,7364522
2023-05-30,292.81781005859375,294.21662125314117,290.95272846586386,292.81781005859375,4986738
2023-05-31,295.1491394042969,298.41303194115324,291.41897650503245,298.41303194115324,10391549
2023-06-01,295.1491394042969,296.08168012911295,290.9527061426244,295.1491394042969,4039271
2023-06-02,293.75030517578125,295.1491161528088,289.55387224469865,291.41895354740205,9237870
2023-06-05,297.9467468261719,298.413017165493,294.6828544509243,297.4804764868508,7566450
2023-06-06,294.6828918457031,297.9467846351334,294.2166214472131,297.01424383815333,5661114
2023-06-07,306.3396301269531,307.2721708579332,296.5479524516624,297.4804931826425,13081816
2023-06-08,303.0757141113281,308.67095806415267,301.21063279372,308.67095806415267,9425060
2023-06-09,301.21063232421875,306.3396059396466,301.21063232421875,305.87333561097137,7395981
2023-06-12,313.33367919921875,319.86146418253577,303.54200172424316,304.9408127920968,16110012
2023-06-13,319.8614807128906,324.5241845133701,312.4011546321235,318.92893995279474,17939329
2023-06-14,329.1868591308594,332.4507515018452,322.6590743888877,323.5916150663122,18987883
2023-06-15,345.04010009765625,347.8377225308805,333.8496103647593,337.5797736090583,22353717
2023-06-16,346.4388732910156,359.02817285879144,345.9726029366535,349.70276577155005,26551004
2023-06-19,350.16900634765625,352.50035792120923,338.978518794602,342.24241099757614,13244021
2023-06-20,344.1075134277344,349.2364872051125,343.64124308433634,345.9725948013264,12521966
2023-06-21,339.4447937011719,344.5737672323709,336.1809014540452,343.6412265903347,14971700
2023-06-26,324.524169921875,333.8495771035381,322.6590884855424,324.0578995627918,17890023
2023-06-27,321.7265319824219,329.6531276979308,321.7265319824219,322.6590726548347,9300932
2023-06-28,323.59161376953125,326.3892357905935,322.65907309584384,326.3892357905935,5470564
2023-06-29,325.9229431152344,331.05191646897913,324.52413220057673,326.38921342012026,7624476
2023-06-30,330.5672302246094,331.0470084977946,325.7694474927573,326.7290040391277,7763518
2023-07-03,347.8392333984375,351.197681169181,331.04699454471984,332.96610755657326,14633528
2023-07-04,352.1572265625,355.515674227265,343.5212182816758,349.7583353733822,10611053
2023-07-05,351.19769287109375,354.55614075374086,348.3190232573963,349.27857979529546,7850777
2023-07-06,339.6830139160156,346.39990967141705,338.2436791112868,344.48079659844524,11427482
2023-07-07,333.9256591796875,337.7638851472701,332.48632444184403,332.9661026877918,7899739
2023-07-10,334.40545654296875,340.162795823479,332.0065651760895,338.2436827299756,5278772
2023-07-11,344.9605712890625,346.879684342131,337.7638973400556,338.72345386658986,7932830
2023-07-12,348.31903076171875,353.1168135545799,344.960582806716,347.35947420314653,7376081
2023-07-13,355.51568603515625,367.989920632881,352.1572382588457,353.116794766363,14361457
2023-07-14,353.1168212890625,357.4348258972168,346.3999252319336,355.0359344482422,10016643
2023-07-17,353.5965576171875,355.5156705486241,349.7583317543144,352.15722291861005,5869269
2023-07-18,350.7178955078125,361.2730168500449,348.3190042936688,355.03589969327123,7820536
2023-07-19,342.5616760253906,355.9954672420726,341.1223412521747,352.1572411801635,8453497
2023-07-20,342.0818786621094,344.4807698168226,342.0818786621094,343.5212133549373,3197927
2023-07-21,344.9605712890625,347.3594626053981,332.0065581808501,335.84478428698714,7058998
2023-07-24,346.39990234375,347.35945885993766,338.7234502142486,342.5616762789993,6338027
2023-07-25,349.278564453125,355.5156816755022,348.31900795737465,348.31900795737465,9002331
2023-07-26,345.9201354980469,353.11680960688284,345.9201354980469,347.8392485937365,4024071
2023-07-27,344.0010070800781,349.27856785815464,343.0414505749733,343.5212288275257,4099534
2023-07-28,351.677490234375,353.59660341437154,337.7639196793997,340.6425894493946,7688409
2023-07-31,350.7178955078125,372.7876946779348,347.83922605084,359.3539038787299,23324811
2023-08-01,357.434814453125,366.55060166736575,347.3594706900168,361.75281892302854,16759870
2023-08-02,346.39990234375,366.55058918369116,343.52123279518696,359.8336935703774,24843115
2023-08-04,346.8796691894531,348.7987821586894,335.84476961634465,335.84476961634465,10019147
2023-08-07,348.7987976074219,355.9954715608075,348.31901934386286,351.6774671887761,8897380
2023-08-08,345.9201354980469,350.71791823727085,343.0414658545125,350.23813996334843,4985950
2023-08-09,343.0414733886719,345.44036481097027,340.6425819663735,343.5212516731316,4141453
2023-08-10,337.28411865234375,342.56167954164073,331.04700123772005,339.6830099656606,7980504
2023-08-11,342.5616760253906,344.4807890563452,337.76389344800424,337.76389344800424,7236258
2023-08-14,336.3245849609375,339.2032547323578,333.92569348475394,337.2841415514109,4784995
2023-08-15,337.28411865234375,346.879683905611,335.84478386435364,341.602123016314,8198314
2023-08-16,335.84478759765625,337.76390066964285,334.4054527936663,334.885231061663,5676866
2023-08-17,333.9256591796875,335.8447721634788,329.60765496615704,333.44588093373966,7921856
2023-08-18,327.6885681152344,333.44590752575095,321.4514504205081,332.0065726731218,9476800
2023-08-21,329.1278991699219,331.0470122846153,325.289672940535,328.6481208912485,3920291
2023-08-22,335.364990234375,335.364990234375,330.5672078275885,332.4863207903031,4700450
2023-08-23,333.9256591796875,336.32455040942665,330.5672114580527,335.36499391753097,3813531
2023-08-24,342.5616760253906,343.04145428312927,336.3245586747883,337.76389344800424,8312355
2023-08-25,331.52679443359375,337.76391212916064,331.52679443359375,337.76391212916064,4557248
2023-08-28,328.6481018066406,331.5267713115163,325.2896540509523,331.0469930607037,4438982
2023-08-29,332.486328125,332.486328125,326.7289891098485,327.68854561237373,5011776
2023-08-30,332.486328125,336.324554135101,332.00654987373736,335.8447758838384,4179046
2023-08-31,332.0065612792969,333.9256743502755,328.6481134050843,328.6481134050843,5413397
2023-09-01,332.0065612792969,334.88523088576477,329.127891672829,334.88523088576477,3536166
2023-09-04,332.0065612792969,336.80434395674337,329.127891672829,333.4458960825308,3935391
2023-09-05,334.40545654296875,334.8852348163446,332.0065651760895,333.92567826959294,3527950
2023-09-06,331.0469970703125,335.84477963654894,331.0469970703125,335.84477963654894,6801750
2023-09-07,329.1278991699219,332.48634712063534,327.6885643339018,329.6076774485952,4349426
2023-09-08,326.2492370605469,330.08746337890625,326.2492370605469,328.16835021972656,3528912
2023-09-11,318.0929870605469,326.72899575902323,316.6536522774675,326.24921749799677,6398224
2023-09-12,319.05255126953125,320.49188608728855,316.65365990660246,316.65365990660246,4932578
2023-09-13,318.0929870605469,320.9716566267057,315.21431749438807,319.5323218436263,4998593
2023-09-14,324.3301086425781,325.76944344424635,320.0121042375734,320.9716607720189,5786983
2023-09-15,326.2492370605469,328.6481285095215,320.4918975830078,322.8907890319824,5635141
2023-09-18,317.1334228515625,323.3705400937264,317.1334228515625,322.4109835949319,5095564
2023-09-19,317.1334228515625,319.5323140985486,314.73453160457643,318.5727575997542,4361492
2023-09-20,317.1334228515625,320.49187059734305,313.29519685638473,316.1738663527681,3775074
2023-09-21,311.8558654785156,316.1738697697566,308.017639441857,316.1738697697566,7913989
2023-09-22,315.2143249511719,315.6941032235481,307.05809432077626,308.0176508655287,3977354
2023-09-25,322.8907775878906,323.8503341334713,316.6536600416164,317.61321658719703,6966017
2023-09-26,313.29522705078125,319.53234489405867,313.29522705078125,317.13345341587507,7013332
2023-09-27,309.936767578125,311.8558806900638,308.0176544661861,309.936767578125,7920100
2023-09-28,311.3760986328125,317.1334378987505,309.93676381632804,312.815433449297,4544858
2023-10-02,321.93121337890625,324.809882947123,312.81542641288655,312.81542641288655,6158668
2023-10-03,322.8907775878906,328.64811686137455,320.9716644967293,324.3301124062616,7922427
2023-10-04,319.5323181152344,321.93120939237576,313.774979050095,318.57276160437783,5865565
2023-10-05,324.3301086425781,327.68855651313737,322.89077384090984,324.3301086425781,5336610
2023-10-06,323.8503112792969,326.24920247395835,323.8503112792969,325.2896459960937,3083791
2023-10-11,324.8099060058594,327.68857577843715,322.41101452871123,323.8503494150001,7963276
2023-10-12,322.4109802246094,325.7694279352824,321.45142373584565,325.28964969090055,5555567
2023-10-13,315.2143249511719,320.4918859473102,314.73454667879565,320.4918859473102,7195284
2023-10-16,311.8558654785156,314.73453500600965,311.3760872239333,311.8558654785156,5044846
2023-10-17,308.4974060058594,315.21430131547373,308.4974060058594,313.77496660627065,4118960
2023-10-18,304.6592102050781,308.4974364753783,304.6592102050781,307.05810162401576,5481594
2023-10-19,304.6592102050781,305.6187667726532,297.9423142320528,300.8209839347779,4410769
2023-10-20,296.50299072265625,299.8614388376378,295.0636558162356,299.3816605354976,11328173
2023-10-23,296.98272705078125,299.3816182224354,295.54339234778877,296.50294881645044,3917083
2023-10-24,295.54339599609375,297.46250895710733,291.70517007406653,297.46250895710733,7126725
2023-10-25,293.14453125,296.9827575184124,290.7456398322422,295.5434226677578,7667448
2023-10-26,285.9478454589844,290.7456281009136,285.9478454589844,287.8669585157561,8388052
2023-10-27,283.0691833496094,289.30630094883804,282.58940507274565,284.98829645706434,7685565
2023-10-30,283.0691833496094,284.98829645706434,281.1500702421544,281.1500702421544,4986029
2023-10-31,278.75115966796875,286.42761156932414,277.7916031802993,283.06916386248116,8191015
2023-11-01,275.3927307128906,279.7107352014203,273.47361760687744,278.27140037191043,9573190
2023-11-02,286.4276428222656,287.387199414635,278.7511900833104,278.7511900833104,10026299
2023-11-03,291.7051696777344,293.62428263614055,286.42760904211747,288.34672200052364,9049467
2023-11-06,295.54339599609375,299.86140015837435,295.06361775584037,296.50295247660057,9878341
2023-11-07,293.6242980957031,295.0636328902899,292.6647415659786,293.6242980957031,4147832
2023-11-08,288.8265075683594,290.74562057545813,286.427616309486,286.9073945612607,6778704
2023-11-09,289.78607177734375,291.22540657093987,287.86695871921563,287.86695871921563,4823784
2023-11-10,291.22540283203125,292.184959348776,287.8669550234246,287.8669550234246,4910800
2023-11-13,287.3871765136719,292.1849590931989,287.3871765136719,289.3062895454827,3678656
2023-11-14,287.3871765136719,288.82651128752997,283.5489504500502,283.5489504500502,6207623
2023-11-15,294.10406494140625,296.5029561725759,289.3062824790668,292.6647302027044,8474277
2023-11-16,292.66473388671875,297.46251640945184,291.70517738217217,292.18495563444543,5183819
2023-11-17,292.66473388671875,295.5434034003586,291.70517738217217,291.70517738217217,4026571
2023-11-20,293.6242980957031,295.54341115515217,290.74562850652956,291.2254067713918,3857768
2023-11-21,297.94232177734375,298.4221000732815,294.10409540984176,295.543430297655,5825043
2023-11-22,295.0636291503906,297.94229870307737,294.5838508916095,294.5838508916095,2995001
2023-11-23,299.8614196777344,301.30075449218754,295.543415234375,296.50297177734376,4564683
2023-11-24,303.69964599609375,308.4974287132516,302.7400894526622,304.6592025395253,6982483
2023-11-27,301.780517578125,304.65918706217707,300.820961083441,303.21985232015106,4145463
2023-11-28,305.6187438964844,307.5378568879851,297.94229193048164,300.82096141773263,6222287
2023-11-29,304.1794128417969,309.45697363242743,303.2198563344095,309.45697363242743,5783194
2023-11-30,303.69964599609375,307.0580938981043,302.26031118094636,307.0580938981043,7897593
2023-12-01,306.5783386230469,307.05811693075117,300.8209989305953,303.21989046911676,3816371
2023-12-04,307.5378723144531,308.497428858336,304.17942441086313,306.57831577057027,3830489
2023-12-05,297.94232177734375,303.6996613285968,297.462543481406,301.7805481448458,7934731
2023-12-06,297.4625244140625,302.74008533108616,296.9827461488785,298.42208094443043,4347959
2023-12-07,298.42205810546875,300.34117101933026,296.5029451916072,296.5029451916072,3274255
2023-12-08,299.8614196777344,301.30075449218754,298.9018631347656,300.82097622070313,3006150
2023-12-11,297.94232177734375,301.30076984890803,296.02320859359276,297.94232177734375,4603790
2023-12-12,288.8265075683594,296.5029595967543,287.86695106481,294.5838465896556,9662222
2023-12-13,290.7456359863281,290.7456359863281,287.86696632309713,287.86696632309713,6397971
2023-12-14,293.14453125,295.5434226677578,291.7051963993453,292.6647529664484,4912096
2023-12-15,300.3411865234375,304.1794125492961,297.9422952572759,301.30074302990215,12618433
2023-12-18,294.5838623046875,300.34120163311786,294.5838623046875,298.4220885236411,5689265
2023-12-19,290.2658386230469,294.5838428339682,289.78606037738894,294.5838428339682,5498557
2023-12-20,293.14453125,294.5838661006547,291.2254181157938,291.7051963993453,4692701
2023-12-21,291.22540283203125,292.66473760714837,290.26584631528647,292.184959348776,2305314
2023-12-22,293.14453125,296.0232009513093,292.6647529664484,293.14453125,2958062
2023-12-25,294.10406494140625,295.54339968010805,292.18495195647046,294.10406494140625,1816011
2023-12-26,297.94232177734375,298.9018783692193,294.58387370577947,296.02320859359276,4795026
2023-12-27,300.3411865234375,300.8209647766698,298.9018517637405,299.38163001697285,4706224
2023-12-28,300.3411865234375,301.7805212831345,299.38163001697285,301.30074302990215,4537485
2023-12-29,300.82098388671875,300.82098388671875,297.9423141844535,299.3816490355861,3771677
2024-01-02,297.4625244140625,299.86141573998236,296.50296788369457,298.42208094443043,3109841
2024-01-03,292.1849670410156,296.0231932090421,290.7456322280057,295.5434149380388,4579539
2024-01-04,291.7051696777344,293.144504396539,291.2253914381329,291.7051696777344,2509212
2024-01-05,292.1849670410156,295.5434149380388,291.7051887700123,292.1849670410156,3784034
2024-01-08,293.6242980957031,296.5029676848767,293.14451983084086,293.6242980957031,2569327
2024-01-09,283.5489501953125,295.0636283758328,283.5489501953125,294.58385011831115,12261247
2024-01-10,279.23095703125,281.62984841468,275.872509094448,278.75117875456397,12612037
2024-01-11,281.15008544921875,283.0691986604762,278.27141563233255,278.27141563233255,6607509
2024-01-12,281.62982177734375,282.5893782399582,279.2309306208076,280.6702653147293,4568518
2024-01-15,283.5489501953125,285.9478414829209,281.1500589077041,284.9882849678775,4568498
2024-01-16,277.7916259765625,280.6702956758015,276.83206941014953,280.6702956758015,12306065
2024-01-17,268.1960754394531,274.4331934729288,268.1960754394531,272.51408023185934,17044138
2024-01-18,265.7971496582031,270.11515389452774,265.3173714097226,268.1960409006057,10672844
2024-01-19,273.4736022949219,274.4331587942023,267.7162632992393,267.7162632992393,8213576
2024-01-22,279.23095703125,280.670291861308,275.872509094448,276.352287371134,11402735
2024-01-23,281.62982177734375,282.109600008651,279.2309306208076,281.15004354603656,7415838
2024-01-24,277.31182861328125,283.0691676156331,277.31182861328125,283.0691676156331,5680329
2024-01-25,272.5140686035156,276.8320732116699,272.5140686035156,274.4331817626953,9033993
2024-01-26,275.87249755859375,278.27138884171194,270.11515847911005,270.11515847911005,5448236
2024-01-29,281.15008544921875,281.15008544921875,276.3523024210751,277.79163732951815,4539149
2024-01-30,274.43316650390625,279.23094913509345,274.43316650390625,277.3118360826186,8196904
2024-01-31,268.6758117675781,272.51403764997207,268.6758117675781,270.5949247087751,12591570
2024-02-01,273.4736022949219,273.4736022949219,270.1151545474404,270.5949327970806,6348860
2024-02-02,274.43316650390625,277.3118360826186,274.43316650390625,275.3927230301437,5138944
2024-02-05,275.87249755859375,276.832054071841,271.07471499235737,272.03427150560464,5900421
2024-02-15,272.99383544921875,281.6298443034998,270.5949441008073,281.6298443034998,17232417
2024-02-16,279.71075439453125,280.6703110133804,274.43319299086085,274.43319299086085,7861288
2024-02-19,280.19049072265625,283.069160147889,279.23093424757866,281.15004719773384,5481542
2024-02-20,280.6702880859375,281.62984462640225,278.751175005008,278.751175005008,4283504
2024-02-21,279.23095703125,279.710735307936,276.83206564782,277.311843924506,5206800
2024-02-22,281.62982177734375,282.109600008651,279.2309306208076,279.2309306208076,4508796
2024-02-23,280.6702880859375,283.06917943709936,280.1905098157051,282.1096228966346,9056901
2024-02-26,283.0691833496094,283.0691833496094,279.2309571346994,279.7107354115632,3448207
2024-02-27,277.31182861328125,282.10961111524114,275.87249386269326,281.62983286504516,7324920
2024-02-29,282.58941650390625,282.58941650390625,275.39274205983395,276.35229865237693,8800844
2024-03-01,281.62982177734375,283.5489347025727,279.2309306208076,283.06915647126544,5104529
2024-03-04,281.62982177734375,284.9882693964944,281.62982177734375,283.06915647126544,15229456
2024-03-05,278.75115966796875,282.10960737481173,277.31182493646463,280.19049439947287,9729251
2024-03-06,283.0691833496094,284.5085181802006,277.31184402724443,278.27140058097194,8247652
2024-03-07,284.98828125,287.86695075757575,284.0287247474747,284.50850299873736,9722159
2024-03-08,299.38165283203125,301.78054428100586,284.5085258483887,284.5085258483887,34679985
2024-03-11,295.54339599609375,300.34117839862773,291.70517007406653,299.86140015837435,12692967
2024-03-12,299.8614196777344,304.65920239257815,296.50297177734376,297.4625283203125,11740932
2024-03-13,301.780517578125,304.65918706217707,299.86140458875695,303.69963056749305,12757407
2024-03-14,297.94232177734375,303.6996613285968,296.9827651854682,303.6996613285968,9178712
2024-03-15,290.7456359863281,296.02319703558493,289.3063011547126,294.58386220396943,12754217
2024-03-18,293.6242980957031,294.1040763605654,290.74562850652956,291.7051850362541,5915661
2024-03-19,307.0580749511719,308.9771879196167,291.2253929615021,291.2253929615021,20195502
2024-03-20,303.2198791503906,310.41655349731445,301.78054428100586,307.05810546875,13513844
2024-03-21,324.3301086425781,324.3301086425781,304.17942141922265,304.17942141922265,34760173
2024-03-22,343.5212097167969,350.23810487885714,333.4458669737065,333.9256451995679,63351844
2024-03-25,338.2436828613281,350.2381397003823,336.3245697670795,347.3594700590093,20721428
2024-03-26,329.607666015625,337.76389647016015,325.2896616573417,335.8447834220342,22050628
2024-03-27,327.6885681152344,337.7639120836384,323.85034184155666,334.8852423783801,13322434
2024-03-28,328.6481018066406,332.96610606395416,324.8098758001397,325.2896540509523,9056096
2024-03-29,328.1683349609375,339.2032351131328,327.208778425964,332.4863393683183,9454000
2024-04-01,320.9716491699219,332.0065489171688,319.53231442028095,329.60765766776734,12150199
2024-04-02,324.3301086425781,325.76944344424635,315.6940998325686,320.9716607720189,8812613
2024-04-03,318.57275390625,321.4514233692583,317.61319741858057,318.57275390625,5893050
2024-04-08,320.49188232421875,327.6885563285051,319.05254752336145,322.41099539202844,10654070
2024-04-09,320.49188232421875,323.8503301928857,316.65365618859937,321.4514388581236,5531984
2024-04-10,314.73455810546875,322.4110107421875,314.73455810546875,320.97167587280273,6572451
2024-04-11,306.5783386230469,310.8963433923856,302.74011216141247,310.4165650846812,14121531
2024-04-12,304.1794128417969,308.9771953787337,303.2198563344095,304.1794128417969,8179651
2024-04-15,295.54339599609375,300.8209566388811,295.06361775584037,299.3816219181209,9393926
2024-04-16,281.15008544921875,293.6243213223923,280.67030714640435,292.66476471676356,16149891
2024-04-17,288.3467102050781,288.8264884250533,282.5893715653761,285.46804088522714,9850265
2024-04-18,296.50299072265625,299.8614388376378,286.42764637771165,287.8669812841323,13827593
2024-04-19,286.4276428222656,298.4221002268831,283.06919474897273,292.6647606726667,13722446
2024-04-22,287.8669738769531,290.74564361572266,282.10963439941406,288.34675216674805,7663871
2024-04-23,285.46807861328125,292.1849745806526,283.0691871963629,290.7456397305016,7696142
2024-04-24,291.7051696777344,292.66472615693743,286.42760904211747,287.8669437609221,6477064
2024-04-25,293.6242980957031,298.42208074432574,288.8265154470805,290.74562850652956,9839162
2024-04-26,302.26031494140625,306.09854116288443,291.70519283234125,296.502975609189,13462374
2024-04-29,308.0176696777344,310.416561186128,304.17944326430467,307.53789137605565,11108134
2024-04-30,307.5378723144531,312.81543330580877,305.138980954746,307.0580940425117,9168151
2024-05-02,296.98272705078125,300.8209529254279,292.6647229418038,296.98272705078125,12183392
2024-05-03,314.2547607421875,320.01209987028864,306.0985303107109,306.578308571386,21683530
2024-05-06,308.9772033691406,322.4109948199728,306.57831203863486,322.4109948199728,13319894
2024-05-07,312.8154296875,313.29520795389186,307.05809049079755,309.4569818227569,6464447
2024-05-08,308.0176696777344,313.29523099620025,307.05811307437693,311.8558960911641,5413599
2024-05-09,309.936767578125,313.295215524018,307.0580979102167,307.0580979102167,4567244
2024-05-10,306.0985412597656,310.41654576029526,305.13898470409237,308.49743264894875,6605839
2024-05-13,303.69964599609375,305.1389808112411,300.820976365799,303.21986772437793,7082093
2024-05-14,303.2198791503906,307.05810546875,302.2603225708008,305.1389923095703,3941317
2024-05-15,306.0985412597656,310.89632403813187,304.65920642625576,306.0985412597656,6397231
2024-05-16,307.0580749511719,310.89630088806155,306.0985184669495,308.9771879196167,4572912
2024-05-17,309.4570007324219,312.81544880238613,306.09855266245756,307.05810925387595,6769579
2024-05-20,305.13897705078125,310.8963162404186,304.17942051917504,309.4569814430093,7917556
2024-05-21,305.6187438964844,309.45696987948577,305.1389656486092,305.6187438964844,3505355
2024-05-22,314.2547607421875,315.6940955242128,306.0985303107109,308.01764335341124,8572037
2024-05-23,316.17388916015625,321.45145028422564,312.3356628881058,314.25477602413105,11081177
2024-05-24,314.73455810546875,319.05256271362305,311.8558883666992,313.7750015258789,7841722
2024-05-27,332.0065612792969,334.4054526180201,317.6132132469574,318.5727697824467,18024622
2024-05-28,332.486328125,339.6830018939394,332.00654987373736,338.72344539141415,14465139
2024-05-29,327.6885681152344,336.80435551521896,326.72901154681495,329.60768125207323,10582351
2024-05-30,316.6536865234375,322.4110262784091,316.6536865234375,321.9312479654948,9667565
2024-05-31,311.8558654785156,320.97165231557995,310.89630896935097,318.5727610426683,20471487
2024-06-03,323.37054443359375,326.2492139686109,315.2143140843785,319.052540131068,9056672
2024-06-04,322.8907775878906,331.0470082253262,320.491886223939,328.1683385885842,11383907
2024-06-05,332.0065612792969,332.9661178147862,322.89077419214857,323.85033072763787,13179253
2024-06-06,331.0469970703125,337.76389266304346,329.6076623004416,337.28411440641986,10257557
2024-06-07,331.0469970703125,331.0469970703125,325.2896579908288,329.12788404381797,7913632
2024-06-11,326.7289733886719,329.1278645295579,318.5727435096595,321.4514128787227,11064870
2024-06-12,330.0874328613281,337.2841065428978,328.6480981250142,328.6480981250142,10540277
2024-06-13,339.2032470703125,339.6830253547118,327.688568244729,333.9256859419201,14755006
2024-06-14,339.2032470703125,343.041473345507,335.8447990795173,342.5616950611077,9740263
2024-06-17,337.763916015625,347.83926010131836,334.88524627685547,344.001033782959,15084073
2024-06-18,340.1390075683594,343.55994586286874,335.7406583325616,337.6954802151384,11058221
2024-06-19,358.7098083496094,362.61945203734354,348.4469936693072,349.9131100522075,27262125
2024-06-20,361.1533508300781,362.61946727458457,355.77759053355464,360.17593986707385,15658314
2024-06-21,374.348388671875,378.7467378860354,354.80016994227316,358.70981368819355,27328765
2024-06-24,367.9952087402344,373.3709687616721,364.0855650882797,369.4613251097174,14788504
2024-06-25,378.258056640625,382.6564061364462,361.1533641568758,366.5291246517684,19342112
2024-06-26,376.30322265625,383.6338049157874,374.83710620434255,378.2580445921266,13606956
2024-06-27,377.7693176269531,378.74672853931264,372.3935576089758,374.34837943369484,8110428
2024-06-28,378.7467346191406,387.0547275075605,378.25802915511593,379.2354400831653,14517508
2024-07-01,381.678955078125,387.0547150088028,376.3031951474472,379.72413328515125,8171543
2024-07-02,374.348388671875,379.7241488225155,373.3709777353949,375.32579960835506,10480225
2024-07-03,370.9274597167969,377.2806309635931,368.48393231418294,374.3483980804564,10079137
2024-07-04,373.3709716796875,379.2354372034522,370.9274443781189,373.3709716796875,8370304
2024-07-05,378.258056640625,383.6338171355176,375.32582364341084,376.3032346424822,11011210
2024-07-08,392.919189453125,394.87401129120025,376.30320382948537,376.7919092890042,19276224
2024-07-09,400.73846435546875,403.6706970214844,387.05471191406247,390.96435546875,18394935
2024-07-10,411.00128173828125,412.9561035301399,400.73846733102334,403.18199457084665,16984440
2024-07-11,424.19635009765625,425.1737610425817,407.0916585614604,411.00130234116233,14686355
2024-07-12,412.4674072265625,418.33187273215344,410.5125853913655,413.93352360296024,11593686
2024-07-15,405.62554931640625,414.4222479762801,402.6933164297816,411.49001508965546,9957443
2024-07-16,403.1820068359375,408.0690614642519,398.78365767045455,398.78365767045455,9149976
2024-07-17,401.7159118652344,405.62555577633157,397.8062679541372,400.7385008874601,8138419
2024-07-18,392.43048095703125,395.8514191471922,387.05472094392127,389.9869536783449,12596981
2024-07-19,389.9869689941406,393.89661279358063,384.6112087699106,387.0547361445606,9753619
2024-07-22,365.06298828125,387.054734563253,363.5968718624498,385.5886181444528,16977855
2024-07-23,380.7015686035156,382.1676850422968,369.95004805245355,371.4161644912348,10284203
2024-07-26,379.2354431152344,381.19026498696235,360.66463533381824,362.61945720554627,15418212
2024-07-29,387.05474853515625,395.85144736550075,384.1225155917081,388.52086500688034,12455583
2024-07-30,390.9643859863281,390.9643859863281,380.21286537170414,387.0547421264649,9070732
2024-07-31,405.1368408203125,408.5577791625829,390.9643819737636,393.8966148385668,17954450
2024-08-01,414.4222412109375,417.3544740496941,405.62554269466756,413.44483026468527,21610324
2024-08-02,381.19024658203125,395.8514099121094,380.21283569335935,383.63377380371094,21524543
2024-08-05,343.07122802734375,351.867926181891,343.07122802734375,343.07122802734375,22193364
2024-08-06,364.57427978515625,368.4839235362035,339.1615954033491,361.6420469718708,22656609
2024-08-07,370.9274597167969,380.2128638467298,365.0629939505234,366.52911039209175,15060540
2024-08-08,368.4839172363281,377.76932098631517,365.06297901264867,371.41614999948195,13918520
2024-08-09,378.7467346191406,388.52084389963454,374.83709090694305,374.83709090694305,14785272
2024-08-12,389.9869689941406,397.80625659302063,386.0773251947006,394.8740237434406,13303160
2024-08-13,390.4756774902344,396.8288487134798,387.0547391392561,396.34014323476856,6194292
2024-08-14,399.7610778808594,403.18201620013326,393.40790671649364,395.85143408740356,8988188
2024-08-15,399.7610778808594,404.1594271484972,396.82884503576753,404.1594271484972,7223463
2024-08-16,401.7159118652344,407.5803777318801,399.7610899096858,406.6029667541058,8601345
2024-08-19,395.36273193359375,401.227197673029,394.8740264553075,397.8062593250251,6549779
2024-08-20,393.40789794921875,402.6933017517469,392.9191924859278,398.78365804541926,5535444
2024-08-21,390.9643859863281,397.8062627410889,388.0321530914307,389.9869750213623,11392681
2024-08-22,392.919189453125,394.3853058316814,390.4756621555309,390.96436761504975,4367333
2024-08-23,392.919189453125,393.8966003721626,387.543429398418,390.96436761504975,4590172
2024-08-26,386.07733154296875,398.7836741000791,385.0999205770372,395.85144120228443,6359095
2024-08-27,390.9643859863281,390.9643859863281,381.67898181915285,382.16768730163574,3095579
2024-08-28,391.4530944824219,391.4530944824219,385.5886286474792,390.96438899617664,3109258
2024-08-29,388.5208435058594,390.96437082350633,383.6337888705656,385.0999052611537,3811373
2024-08-30,390.4756774902344,396.34014323476856,390.4756774902344,393.8966158412127,9353162
2024-09-02,385.5885925292969,395.8514067791261,383.14506532695657,395.8514067791261,6586239
2024-09-03,383.6337890625,388.03213823646496,383.1450835987261,385.58861091759553,5984980
2024-09-04,363.59686279296875,370.4387392433741,355.77757542107696,364.085568253712,12529472
2024-09-05,360.6646423339844,372.39357379200015,360.17593685656703,366.52910806299224,7722618
2024-09-06,367.017822265625,368.48393873273136,360.6646509081641,362.13076737527047,7390351
2024-09-09,354.31146240234375,357.73240066002154,350.4018186792834,350.89052414466596,9215501
2024-09-10,360.6646423339844,363.108169721071,357.2437039920631,358.2211149468978,7282460
2024-09-11,356.26629638671875,360.6646457248264,352.3566525306231,356.75500186873074,8409792
2024-09-12,380.2128601074219,380.70156558313835,367.5065177387934,368.4839286902263,8894805
2024-09-13,376.30322265625,383.6338049157874,373.3709897524351,383.6338049157874,4663800
2024-09-16,376.7919006347656,380.21283877282445,372.39355160011854,376.3031951864715,3624545
2024-09-18,371.4161682128906,376.3032230577971,367.9952298214561,372.3935791818719,6556263
2024-09-19,382.6564025878906,382.6564025878906,373.85970367782414,373.85970367782414,7207787
2024-09-20,378.258056640625,388.5208721308745,378.258056640625,386.07734463319605,9136601
2024-09-23,381.678955078125,384.61118776758565,380.2128387333947,383.63377687109875,5020496
2024-09-24,388.0321350097656,388.0321350097656,378.25802581556496,381.6789640335352,3850774
2024-09-25,389.0095520019531,392.4304902733271,386.0773191979183,386.0773191979183,8606574
2024-09-26,387.05474853515625,389.98698147860443,385.0999265728575,385.0999265728575,7370610
2024-09-27,390.9643859863281,394.87402984619143,388.5208585739136,389.0095640563965,8232728
2024-09-30,371.9048767089844,386.07733587397854,371.9048767089844,380.7015755010497,8344665
2024-10-01,375.81451416015625,379.2354525205218,370.9274593596341,370.9274593596341,5868987
2024-10-04,357.7323913574219,367.99520586357744,357.7323913574219,363.59685678951075,16627056
2024-10-07,364.0855712890625,368.97262593723786,355.2888729223469,363.1081603594275,15414148
2024-10-08,373.3709716796875,373.3709716796875,361.64204063215806,362.6194515527855,10171348
2024-10-09,372.88226318359375,378.74672865961355,370.4387359019188,378.2580232032786,9331512
2024-10-11,371.4161682128906,377.769339511269,369.95005175941867,372.3935791818719,5817406
2024-10-14,378.7467346191406,380.2128510112147,367.99521441059727,367.99521441059727,6546725
2024-10-15,389.49822998046875,391.45305171186385,378.7467104577958,379.2354158906446,11524844
2024-10-16,380.2128601074219,387.0547367674526,378.25803820455593,384.1225039131537,9403088
2024-10-17,383.14508056640625,385.58860786593686,376.79190958762655,385.58860786593686,6769479
2024-10-18,392.919189453125,395.85142221023784,386.0773130198616,388.03213485793685,12959796
2024-10-21,390.9643859863281,394.87402984619143,388.5208585739136,393.8966188812256,5116616
2024-10-22,395.36273193359375,395.36273193359375,387.0547388027271,390.96438262901734,6272355
2024-10-23,389.49822998046875,392.43046257756134,388.03211368192245,390.96434627901505,3487185
2024-10-24,384.6112060546875,389.4982607694866,384.6112060546875,386.07732246912724,5396460
2024-10-25,392.919189453125,392.919189453125,384.12249118178636,384.12249118178636,6453110
2024-10-28,395.8514099121094,403.6706970214844,392.4304718017578,394.8739990234375,8652651
2024-10-29,396.8288269042969,396.8288269042969,387.5434233190978,392.43047783762364,8256951
2024-10-30,394.8740234375,398.2949617593595,389.98696869198636,397.80625628480817,11943686
2024-11-01,381.678955078125,387.0547150088028,372.3935515614997,372.3935515614997,13189106
2024-11-04,386.07733154296875,386.07733154296875,379.2354547814478,379.2354547814478,8698905
2024-11-05,389.49822998046875,393.8965788761077,382.1676484877372,383.14505935343476,5569740
2024-11-06,393.8966064453125,393.8966064453125,386.0773189724527,387.05472990656017,7211207
2024-11-07,389.9869689941406,393.89661279358063,388.0321470944206,393.89661279358063,6116649
2024-11-08,390.9643859863281,393.8966188812256,389.0095640563965,390.9643859863281,6679657
2024-11-11,391.9417724609375,392.91918336483013,387.54342339342077,390.96436155704487,6098507
2024-11-12,388.0321350097656,399.7610660428064,386.56601863063554,390.9643677680258,12544916
2024-11-13,384.6112060546875,388.03214435504685,382.6563841687679,383.14508964024776,6205958
2024-11-14,380.2128601074219,386.5660312917361,377.280627253123,386.07732581601965,6985748
2024-11-15,377.2806091308594,384.61119091449007,377.2806091308594,383.1450745577639,5062478
2024-11-18,377.7693176269531,380.2128449078519,374.8370848898746,377.7693176269531,4209054
2024-11-19,379.2354431152344,379.2354431152344,373.37097750005034,376.30321030764236,5048593
2024-11-20,377.7693176269531,377.7693176269531,377.7693176269531,377.7693176269531,6252197
2024-11-21,372.3935546875,373.85967104453744,367.506500164042,371.41614378280843,9970868
2024-11-22,385.0998840332031,385.0998840332031,377.2805970477574,377.2805970477574,6811218
2024-11-25,384.6112060546875,390.96437718392633,384.6112060546875,388.03214435504685,9755212
2024-11-26,378.7467346191406,384.1224947234123,378.7467346191406,382.1676728673135,3536692
2024-11-27,377.2806091308594,384.122485462248,377.2806091308594,377.2806091308594,2711116
2024-11-28,375.3258056640625,379.2354494730631,369.9500454266866,377.2806275685628,5038111
2024-11-29,372.3935546875,377.280609210958,366.0403838070046,367.9952056163878,6334609
2024-12-02,379.7241516113281,382.16767897047436,377.28062425218184,377.28062425218184,2840583
2024-12-03,382.1676940917969,385.09992703879277,381.19028310946493,382.1676940917969,4794785
2024-12-04,386.07733154296875,386.07733154296875,381.19027671331094,384.1225096111056,3312822
2024-12-05,382.6564025878906,389.4982795179423,382.6564025878906,387.5434575379275,4924741
2024-12-06,389.9869689941406,390.4756744690706,380.2128594955406,380.2128594955406,6341198
2024-12-09,395.8514099121094,397.31752624511716,389.00953369140626,389.9869445800781,7631308
2024-12-10,393.8966064453125,395.3627228464737,389.49825724182887,395.3627228464737,7292463
2024-12-11,405.1368408203125,408.5577791625829,392.43049840616516,393.8966148385668,12553245
2024-12-12,407.5803527832031,411.4899964549844,402.69329819347644,402.69329819347644,8575396
2024-12-13,413.44482421875,422.7302280723626,409.04647502493356,411.97870782081117,14190436
2024-12-16,416.3770446777344,419.7979828382322,411.9786956142372,416.3770446777344,8747143
2024-12-17,410.0238952636719,415.3996555114673,406.60295692416565,409.0464843095272,8338235
2024-12-18,415.8883361816406,415.8883361816406,405.13681632735614,405.13681632735614,6226938
2024-12-19,407.0916442871094,410.02387701906935,403.6707060998228,405.6255279211294,7012984
2024-12-20,402.69329833984375,408.06905839049705,397.8062437483408,398.7836546666414,8318027
2024-12-23,410.5126037597656,415.3996585664295,407.5803708757673,410.5126037597656,4464278
2024-12-24,415.8883361816406,417.8431579733287,410.51257625449836,411.4899871503424,5490650
2024-12-25,412.9561462402344,417.35449572681676,410.0239132491795,415.3996737327802,1990180
2024-12-26,418.3318786621094,418.3318786621094,412.956118539115,413.44482400484173,2472540
2024-12-27,421.7528076171875,423.2189239820213,415.8883421578523,416.3770476127969,3045217
2024-12-30,424.68505859375,428.1059969253452,419.79800383432826,421.26412026215473,4956839
2024-12-31,420.7754211425781,423.70765404252637,418.33189372595456,420.2867156592534,3638189
2025-01-02,407.5803527832031,426.6398656831371,403.1820036524491,420.77540017546505,11192962
2025-01-03,404.6481018066406,412.46738879807333,403.181985495747,410.0238616132506,9296991
2025-01-06,409.0464782714844,412.46741656049323,405.6255399824756,412.46741656049323,5850642
2025-01-07,422.24151611328125,424.19633794713906,413.9335233193857,415.399639694779,7409053
2025-01-08,418.3318786621094,435.9252754282728,415.88835133347555,430.5495153052784,11336057
2025-01-09,408.0690612792969,420.28669784454524,407.5803558166869,418.33187599410553,5111761
2025-01-10,410.5126037597656,411.001309240432,406.6029599144345,410.5126037597656,3864851
2025-01-13,390.9643859863281,406.11425594329836,390.9643859863281,404.1594340133667,8744187
2025-01-14,400.73846435546875,403.18199157714844,393.89658813476564,400.73846435546875,10130114
2025-01-15,391.4530944824219,397.3175603173645,389.498272537441,395.36273837238366,7451745
2025-01-16,409.0464782714844,414.91094390978526,396.3401360551659,399.2723688743163,9382557
2025-01-17,412.4674072265625,416.37705089695646,405.1368253445738,411.489996308964,6489319
2025-01-20,417.3544921875,421.75284163678276,415.399670210041,415.399670210041,4669776
2025-01-21,411.97869873046875,418.82057510321675,409.04646599929106,415.3996369168428,6449745
2025-01-22,427.6172790527344,428.105984514509,414.4222315848215,414.4222315848215,9474389
2025-02-03,389.9869689941406,397.80625659302063,385.58861971977063,390.9643799440006,20139532
2025-02-04,388.0321350097656,398.7836551233863,387.5434295500556,392.4304841471559,9534874
2025-02-05,396.3401184082031,400.7384674410932,393.89659116770866,393.89659116770866,6548251
2025-02-06,407.5803527832031,408.0690582421758,402.20459273450376,404.15941457039446,8811916
2025-02-07,405.62554931640625,409.04648768413495,399.761083543157,408.55778220303085,4812142
2025-02-10,395.36273193359375,400.24978671645647,394.8740264553075,395.85143741188006,5268719
2025-02-11,392.919189453125,398.78365496735074,392.919189453125,395.85142221023784,6778905
2025-02-12,391.9417724609375,397.31753243234687,391.9417724609375,393.8965942687227,3916708
2025-02-13,395.8514099121094,396.8288208007812,391.45306091308595,391.94176635742184,5636862
2025-02-14,391.9417724609375,396.82882698040055,390.96436155704487,392.91918336483013,4860464
2025-02-17,396.8288269042969,399.2723541635598,390.9643614820659,390.9643614820659,4526789
2025-02-18,382.1676940917969,394.3853313709464,381.6789886006309,392.91921489744846,20018112
2025-02-19,383.14508056640625,385.09990240603076,377.28061504753265,377.28061504753265,7986505
2025-02-20,381.19024658203125,385.5885955810547,381.19024658203125,383.63377380371094,7510785
2025-02-21,387.05474853515625,387.05474853515625,377.7693442142371,377.7693442142371,8569868
2025-02-24,386.5660400390625,387.0547455258375,380.7015741977619,382.6563961448621,6950019
2025-02-25,384.12249755859375,388.0321412996482,380.7015592851712,380.7015592851712,7103863
2025-02-26,389.9869689941406,389.9869689941406,382.1676813952606,383.1450923451206,8789809
2025-02-27,392.919189453125,397.8062440483131,385.099902100824,385.099902100824,19590848
2025-03-03,381.19024658203125,390.96435546875,381.19024658203125,388.03212280273436,11721984
2025-03-04,368.9726257324219,378.2580295588007,364.5742765515056,376.3032077006157,19452498
2025-03-05,369.95001220703125,374.3483610972073,368.9726013425477,370.4387176392731,10116547
2025-03-06,374.83709716796875,378.7467409454704,371.9048643348425,372.88227527921794,8270692
2025-03-07,366.5290832519531,372.8822540283203,366.5290832519531,372.8822540283203,8921265
2025-03-10,367.017822265625,372.393582645015,366.52911677658955,366.52911677658955,5451626
2025-03-11,362.1307373046875,365.0629699954137,357.2436828201438,363.5968536500506,9403893
2025-03-12,378.7467346191406,380.7015564752394,363.1081597703503,363.1081597703503,13031685
2025-03-13,379.7241516113281,389.00955557608387,379.2354461394989,383.6337953859621,11384379
2025-03-14,369.95001220703125,377.28059369065807,368.48389591030593,376.30318282617446,9108047
2025-03-17,385.0998840332031,387.0547057795646,374.34836442821523,376.3031861745767,11902227
2025-03-18,390.9643859863281,390.9643859863281,383.6338037490845,384.1225092315674,8162071
2025-03-19,381.678955078125,390.96435859475037,381.678955078125,389.00953680177656,6964005
2025-03-20,384.6112060546875,391.94178812688614,382.16767869728795,382.16767869728795,7133147
2025-03-21,387.05474853515625,389.00957049745506,381.19028264825994,383.6338101011334,8097221
2025-03-24,383.14508056640625,396.8288334437779,383.14508056640625,390.9643679249043,10078008
2025-03-25,383.14508056640625,386.5660187857491,381.67896418668784,383.63378602631235,4649203
2025-03-26,389.9869689941406,391.45308541893064,385.0999142448406,387.54344161949064,9411426
2025-03-27,383.14508056640625,386.077313325843,372.8822659083775,386.077313325843,5016744
2025-03-28,367.9952087402344,377.7693178701211,366.52909237075136,374.34837967466075,9435073
2025-03-31,351.8679504394531,361.1533546871609,351.8679504394531,356.7550053066678,8691223
2025-04-01,362.61944580078125,363.10815125334295,354.31145310723235,356.75498037004087,6160920
2025-04-02,361.1533508300781,365.0629946820952,355.77759053355464,356.7550014965589,3389999
2025-04-07,325.47784423828125,325.47784423828125,325.47784423828125,325.47784423828125,2196910
2025-04-08,298.1103515625,303.974817494877,293.22329661885243,293.7120021132172,28156853
2025-04-09,274.16375732421875,297.6216189134567,268.78799737668504,286.38139356861353,16901587
2025-04-10,301.5312805175781,301.5312805175781,301.5312805175781,301.5312805175781,3270591
2025-04-11,327.4326477050781,327.4326477050781,293.71197204589845,299.57643737792966,22014107
2025-04-14,322.54559326171875,342.09381103515625,320.590771484375,341.6051055908203,17476535
2025-04-15,323.0343017578125,324.98912355362376,316.68113092142585,322.05689085990684,7198521
2025-04-16,313.2602233886719,320.10210034255863,313.2602233886719,317.6585728590277,7262799
2025-04-17,308.3731384277344,309.35054932607903,300.0651457918049,306.4183166310451,11970974
2025-04-18,312.28277587890625,312.7714813184664,307.8844269228653,308.86183780198553,2443456
2025-04-21,304.95220947265625,311.79408596723505,302.5086821531638,309.3505586477426,3215675
2025-04-22,302.9974060058594,309.8392829156691,301.53128952518585,301.53128952518585,4505507
2025-04-23,322.0569152832031,324.011737227259,307.3957507027842,309.35057264684,7128300
2025-04-24,319.1246643066406,326.94395164034086,317.16984247321557,324.50042434855953,5268652
2025-04-25,323.0343017578125,331.83099983896324,322.05689085990684,326.45523990048224,8015088
2025-04-28,332.8084411621094,336.2293796175202,327.9213862258082,335.25196863025997,6256932
2025-04-29,332.3197326660156,332.3197326660156,324.50044483857994,331.34232168758615,7308691
2025-04-30,325.966552734375,330.8536074980088,325.4778472580116,329.876196545282,7771275
2025-05-02,346.00347900390625,347.95830091918253,329.3874927240576,331.831020118153,12799777
2025-05-05,349.9131164550781,355.7775820939901,344.5373562860755,355.7775820939901,10719987
2025-05-06,350.8905029296875,354.8001464163693,345.02603769966487,346.9808594430057,7370329
2025-05-07,355.28887939453125,359.6872286580124,351.37923560477026,351.8679410784904,7607451
2025-05-08,363.59686279296875,366.52909555742815,354.31145903884726,354.8001644995905,9611005
2025-05-09,365.55169677734375,369.46134059314426,362.13075843851834,368.97263511616916,9755813
2025-05-12,361.64202880859375,367.0177886962891,359.68720703125,366.5290832519531,4638215
2025-05-13,359.6872253417969,369.46133472608483,359.1985198725825,367.50651284922725,6316275
2025-05-14,363.59686279296875,366.52909555742815,361.1533354892526,361.1533354892526,9096626
2025-05-15,362.1307373046875,367.50649723768555,359.68721006241566,365.5516754438681,4578850
2025-05-16,362.61944580078125,363.59685670590466,355.77756946491746,358.7098021802876,4282212
2025-05-19,354.8001708984375,360.6646365331224,353.8227599593233,358.7098146548941,3935670
2025-05-20,357.2436828613281,360.1759155523924,352.84533382473177,352.84533382473177,4213227
2025-05-21,369.95001220703125,370.4387176392731,358.2210818332284,360.66460899443734,6185556
2025-05-22,369.4613342285156,374.83709438263423,364.085574074397,367.9952178228469,6923417
2025-05-23,365.06298828125,371.9048649023176,363.5968718624498,369.4613375376506,5281106
2025-05-26,362.1307373046875,367.9952026861399,361.15332640777876,365.5516754438681,6179396
2025-05-27,359.1985168457031,364.08557149666507,356.7549895202221,359.6872223107993,4513583
2025-05-28,361.64202880859375,365.0629669189453,358.7097961425781,362.6194396972656,4201968
2025-05-29,365.55169677734375,372.88227893196967,364.08558034641857,364.57428582339367,13005295
2025-06-02,359.1985168457031,372.3935644033004,357.73240045041456,372.3935644033004,5906314
2025-06-03,370.9274597167969,377.2806309635931,364.5742884700006,366.04040491156894,14118434
2025-06-04,380.2128601074219,380.2128601074219,370.43875059309227,373.37098344739115,10651570
2025-06-05,389.0095520019531,389.4982574692923,381.1902645245269,386.0773191979183,11147342
2025-06-06,387.05474853515625,389.98698147860443,383.6338101011334,386.0773375540069,7562289
2025-06-09,388.5208435058594,389.0095489693888,384.12249433409494,388.5208435058594,3767191
2025-06-10,392.919189453125,394.3853058316814,389.0095457769745,389.0095457769745,6805847
2025-06-11,392.919189453125,394.87401129120025,387.543429398418,392.919189453125,6391497
2025-06-12,390.4756774902344,396.34014323476856,389.9869720115232,396.34014323476856,4715311
2025-06-13,389.0095520019531,393.4079012080054,384.6112027959009,386.0773191979183,6256987
2025-06-16,391.4530944824219,391.9417999686671,387.5434505924601,389.00956705119575,4977272
2025-06-17,392.9452819824219,396.4270756202408,390.9556856179539,392.9452819824219,6977658
2025-06-18,398.41668701171875,399.90888434135064,391.9504985833138,392.9452968030684,5519023
2025-06-19,401.8984680175781,405.8776607702274,398.41667435901,398.41667435901,9073025
2025-06-20,397.9192810058594,403.88807022094727,396.42708370208743,399.9088774108887,19669788
2025-06-23,397.9192810058594,400.9036756134033,393.9400881958008,393.9400881958008,6099946
2025-06-24,414.8308410644531,415.82563924446384,399.90886836429297,399.90886836429297,11116100
2025-06-25,421.2970275878906,426.27101846850326,417.8152339714618,417.8152339714618,11108825
2025-06-26,417.81524658203125,422.2918385096959,415.82565016973587,420.3022420974005,7336581
2025-06-27,421.79443359375,424.2814290748452,417.3178417277786,418.8100390164357,7345295
2025-06-30,410.8516540527344,422.7892323787218,410.8516540527344,418.3126405064765,5198117
2025-07-01,425.77362060546875,430.2502124109001,414.8308406366366,414.8308406366366,10078725
2025-07-02,427.26580810546875,432.23979888667327,418.81002377742107,419.3074228555415,6626261
2025-07-03,456.61236572265625,457.60716390505854,428.75801661539185,429.255415706593,22317749
2025-07-04,454.6227722167969,459.0993640657587,448.1565839905186,449.1513821791768,14577748
2025-07-07,447.6591796875,456.1149641927083,445.6695833333333,449.6487760416666,8986785
2025-07-08,449.1513671875,452.63316073158916,444.1773764102298,447.65916995431894,10717852
2025-07-09,448.65399169921875,449.6487899069776,437.711211413872,439.70080782938953,11825025
2025-07-10,479.9901123046875,482.9745067853384,455.61755737937176,455.61755737937176,22619776
2025-07-11,480.4875183105469,488.9433027942728,468.54994021587487,468.54994021587487,13587750
2025-07-14,470.53955078125,479.9901337250595,470.04215167894426,476.01094090661337,6912679
2025-07-15,491.4302978515625,493.41989419913966,477.50312341852225,480.487517939888,15644025
2025-07-16,497.3990783691406,510.33145440673826,492.92248666381835,497.3990783691406,23245466
2025-07-17,496.404296875,500.383489635521,487.45111316382764,491.43030592434866,9166864
2025-07-18,506.3522644042969,506.3522644042969,496.40428278535194,496.40428278535194,7238844
2025-07-21,512.321044921875,514.3106412128337,508.34185233995754,510.33144863091627,9627700
2025-07-22,510.33148193359375,530.2274461415311,505.3574908816094,512.3210783543875,13326683
2025-07-23,517.2950439453125,524.2586310753455,514.3106494610126,514.3106494610126,10567662
2025-07-24,515.3054809570312,516.300279182817,505.3574986991735,512.3210862796739,9134695
2025-07-25,514.3106689453125,515.305467144433,505.35748515322774,509.33667794970984,8134464
2025-07-28,519.28466796875,526.2482554702467,517.295071539751,521.2742643977491,7048224
2025-07-29,522.26904296875,526.2482356770834,513.315859375,517.2950520833333,7290167
2025-07-30,527.2430419921875,530.2274365695018,517.2950600678066,525.2534456073113,7441150
2025-07-31,564.0505981445312,578.9725716404183,558.0818087461764,577.9777734073592,14290496
2025-08-04,589.9153442382812,590.9101424579073,574.9933709438897,575.9881691635157,11241547
2025-08-05,628.7124633789062,632.6916561851019,596.8789209293413,596.8789209293413,20244945
2025-08-06,617.7696533203125,628.712433008756,601.8528828643946,603.8424791713843,20094089
2025-08-07,619.75927734375,629.7072593235855,614.7852863538322,619.75927734375,14701639
2025-08-08,633.6864624023438,633.6864624023438,622.7436820468872,622.7436820468872,11940640
2025-08-11,634.6812133789062,639.6552040793679,624.733231977983,631.6968189586293,9087647
2025-08-12,638.6604614257812,645.6240490114205,632.6916720666618,638.6604614257812,8669434
2025-08-13,671.48876953125,677.4575585937499,658.5563932291666,661.5407877604166,23398116
2025-08-14,666.5147705078125,671.4887613324977,659.5511833532532,663.5303760130014,11571094
2025-08-15,682.4315795898438,691.3847635786318,665.5200098332441,666.5148080542206,14052732
2025-08-18,684.421142578125,691.3847297845886,677.4575553716616,686.4107389228288,12090726
2025-08-19,657.5615844726562,687.4055293050008,656.5667863115781,679.4471440163755,12791048
2025-08-20,621.7488403320312,653.5823809570313,620.7540421875,624.7332347656251,23360715
2025-08-21,644.6292114257812,651.592798586245,615.780064618146,616.7748627839264,17291029
2025-08-22,660.5460205078125,668.5044062970633,654.5772311658744,664.5252134024379,9862231
2025-08-25,672.4835815429688,681.4367653209076,663.5303977650298,676.4627743331638,9498974
2025-08-26,681.436767578125,681.436767578125,668.5043909671533,671.4887855696852,10083437
2025-08-27,716.2546997070312,726.2026816474067,683.4263593037923,686.410753885905,15231644
2025-08-28,705.3118896484375,713.2702748630884,701.332697041112,713.2702748630884,8589429
2025-08-29,707.301513671875,714.2651010076038,701.3327245269646,705.3119172902383,10833614
2025-09-01,684.421142578125,720.2338767827944,674.4731608546058,702.3275096804597,13704967
2025-09-02,681.436767578125,700.3379333941606,674.4731801722171,694.3691441890967,11127649
2025-09-03,676.4627685546875,683.4263558780445,671.4887776094324,679.4471631218405,11506701
2025-09-04,687.405517578125,701.3326915956268,681.4367287134813,685.4159212899104,9965095
2025-09-05,722.2235107421875,722.2235107421875,707.3015373797456,716.2547213972108,14205816
2025-09-08,722.2235107421875,741.1246770012806,722.2235107421875,741.1246770012806,11029416
2025-09-09,779.9217529296875,793.8489270891463,724.2130562918527,725.2078544460998,20739103
2025-09-10,832.6460571289062,839.6096442255638,801.8073142722801,802.8021124289454,22858768
2025-09-11,826.6773071289062,848.5628676064465,820.708517907759,820.708517907759,25892416
2025-09-12,832.6460571289062,849.5576257922173,829.6616626589101,829.6616626589101,19279803
2025-09-15,831.6513061523438,843.5888847095545,824.6877186606375,837.620095430949,11977009
2025-09-16,836.625244140625,836.625244140625,816.7292811408479,828.6668589407142,14964160
2025-09-17,831.6513061523438,848.5628757750588,826.6773150868394,835.6304990047473,10046309
2025-09-18,887.3599853515625,894.3235726805545,832.6460849094818,832.6460849094818,21414831
2025-09-19,883.3807983398438,904.2715604627455,880.3964037508578,889.3495875178156,19564182
2025-09-22,902.281982421875,910.2403681543723,875.4224305746968,875.4224305746968,14261438
2025-09-23,888.3547973632812,912.2299542912978,885.3704027472792,908.2507614699616,16298095
2025-09-24,886.3651733398438,888.3547696885303,861.4952189812623,883.380778816814,15633116
2025-09-25,879.401611328125,898.3027771824625,878.4068131252651,881.3912077338447,11493170
2025-09-26,843.5888671875,864.4796292286999,832.646087070681,862.4900328438238,18652130
2025-09-30,849.5576782226562,883.380817636673,846.5732835684782,847.5680817865376,16138286
2025-10-01,866.46923828125,873.4328257301235,855.526458004449,865.474440074268,9681582
2025-10-02,889.3495483398438,905.2663187799304,888.3547501873383,888.3547501873383,17801201
2025-10-03,937.0999145507812,939.0895109723327,890.3443986443198,895.3183896981986,17752218
2025-10-07,981.8657836914062,989.8241689695534,936.10506834206,937.0998665018284,25013368
2025-10-08,975.8970336914062,979.8762264893325,956.9958679012567,957.9906661007383,11682890
2025-10-09,993.8034057617188,999.7721949855128,980.8710291101648,994.7982039656844,14545045
2025-10-13,1024.64208984375,1039.5640620259405,962.9646048240292,962.9646048240292,23036958
2025-10-14,986.8397827148438,1054.4860581428775,984.8501863787251,1044.5380764622842,19658119
2025-10-15,1009.7201538085938,1009.7201538085938,981.8658047380119,994.7981810922106,12815338
2025-10-16,1019.6681518554688,1019.6681518554688,994.7981969321646,999.7721879168255,7584072
2025-10-17,993.8034057617188,1044.5381141639687,990.8190111498217,999.7721949855128,12240453
2025-10-20,1009.7201538085938,1014.6941447140548,980.8710065569197,992.8085847300262,11890513
2025-10-21,1014.6941528320312,1024.6421347225414,994.798189051011,1009.7201618867762,7639845
2025-10-22,1014.6941528320312,1014.6941528320312,994.798189051011,999.7721799962661,5599702
2025-10-23,1004.7461547851562,1014.6941365157023,994.7981730546102,999.7721639198832,5140862
2025-10-27,1064.43408203125,1069.4080730687792,1029.6161447685456,1029.6161447685456,13894647
2025-10-28,1069.4080810546875,1074.3820721293605,1049.5121167559955,1054.4861078306685,8604771
2025-10-29,1054.486083984375,1079.3560387953273,1029.6161291734227,1069.4080568709464,12152233
2025-10-30,1004.7461547851562,1064.434045168433,999.7721639198832,1064.434045168433,21746938
2025-10-31,989.82421875,1009.7201829459799,984.8502277010051,994.798209798995,18521789
2025-11-03,977.8865966796875,999.772156320535,976.8917985141944,986.8397801691251,14781907
2025-11-04,969.92822265625,1004.7461588541667,969.92822265625,974.9022135416666,17580080
2025-11-05,961.9698486328125,966.9438395771394,925.1623156447939,925.1623156447939,16538385
2025-11-06,972.91259765625,988.8293681700536,971.9177994991372,974.9021939704754,9760798
2025-11-07,959.980224609375,966.9438117308938,951.0270411674222,955.0062338082901,9119881
2025-11-10,976.891845703125,988.8294242656887,962.9646707134674,974.9022492760311,10503689
2025-11-11,966.94384765625,992.8086007828575,966.94384765625,987.8346097969714,10930686
2025-11-12,961.9698486328125,975.8970232769277,949.0374721775628,959.9802522550818,13794867
2025-11-13,953.0166625976562,967.9386353940705,953.0166625976562,959.9802499026496,10534466
2025-11-14,917.2039184570312,940.084276509647,917.2039184570312,933.1206892762423,17956984
2025-11-17,911.235107421875,941.0790519880935,911.235107421875,926.1570797049843,10205990
2025-11-18,893.3287963867188,925.1623392423702,893.3287963867188,901.2871821006316,12776058
2025-11-19,889.3495483398438,906.2611169324358,884.3755575773166,885.370355729822,11496641
2025-11-20,949.0374755859375,959.9802557027565,929.1415117371757,934.1155026993662,15713499
2025-11-21,890.3443603515625,908.2507273753928,890.3443603515625,902.2819383674494,16093630
2025-11-24,888.3547973632812,904.2715686486256,888.3547973632812,899.2975776219555,18570764
2025-11-25,905.266357421875,921.1831285413805,894.323577277215,908.2507520067822,10214403
2025-11-26,940.0842895507812,945.0582805007854,911.2351420407573,923.1727203207672,11021726
2025-11-27,937.0999145507812,954.0114841339694,933.1207217076781,950.0322912908663,8485835
2025-11-28,927.1519165039062,941.0790912153383,923.1727237292114,941.0790912153383,7920998
2025-12-01,967.9386596679688,972.9126507248443,927.1519330015898,931.1311258470902,16772623
2025-12-02,983.8554077148438,992.8085914048677,968.9334348981373,982.8606095270634,19606844
2025-12-03,991.8137817382812,999.7721671484179,978.8814054468091,991.8137817382812,12394746
2025-12-04,993.8034057617188,999.7721949855128,985.8450201299933,993.8034057617188,6602493
2025-12-05,973.9074096679688,999.7721621208464,967.9386206403816,992.8085749219947,9363660
2025-12-08,973.9074096679688,987.8345840656721,964.9542261265881,979.8761986955559,5590132
2025-12-09,965.9490356445312,974.902219291082,960.9750447297808,970.9230265592817,7569165
2025-12-10,962.9646606445312,972.912642675983,959.9802660350957,967.938651660257,6126655
2025-12-11,940.0842895507812,970.9230334408069,940.0842895507812,964.9542443008019,11239205
2025-12-12,933.1206665039062,943.0686480231377,924.167483136598,940.0842535673683,9026719
2025-12-15,917.2039184570312,928.1466983952388,911.2351293998272,912.2299275760279,6527359
2025-12-16,896.3131713867188,910.2403460808521,894.3235750018426,903.2767587337854,10227812
2025-12-17,885.370361328125,902.2819300276509,885.370361328125,895.3183429160814,12462736
2025-12-18,886.3651733398438,891.33916421156,881.3911824681275,884.3755769911572,6069232
2025-12-19,906.2611694335938,918.1987479552218,890.3443980714231,894.3235909119658,12394315
2025-12-22,948.0426635742188,952.0218562859678,904.2715437449788,906.2611401008534,13468014
2025-12-23,938.0946655273438,959.9802250624462,938.0946655273438,956.9958305803867,5730016
2025-12-24,950.0322875976562,955.0062786321989,943.0687001492964,947.0478929769306,4891620
2025-12-26,951.0270385742188,956.9958275192453,947.0478459442011,955.0062312042364,3106463
2025-12-29,956.995849609375,968.9334277749805,955.0062532484408,955.0062532484408,6073574
2025-12-30,956.0010375976562,964.9542210923273,952.021844933358,958.98543209588,4433797
2025-12-31,957.9906616210938,968.9334417642216,945.0582850883064,954.0114688417746,8863603
2026-01-02,989.82421875,992.808613379397,963.9594652952262,964.9542635050252,13024209
2026-01-05,1004.7461547851562,1019.6681273809754,994.7981730546102,1004.7461547851562,12466679
2026-01-06,1044.5380859375,1044.5380859375,977.8866080729166,999.77216796875,16032166
2026-01-07,1024.64208984375,1079.3559878451154,982.8605677336166,1074.3819971177186,18172207
2026-01-08,1004.7461547851562,1034.5900999767946,1004.7461547851562,1029.6161091115216,9003951
2026-01-09,1009.7201538085938,1024.642126524977,989.8241901867495,994.7981810922106,7391100
2026-01-12,1049.5120849609375,1059.4600668089086,1029.6161212649956,1034.590112188981,11344658
2026-01-13,1024.64208984375,1074.3819971177186,1019.6680991163532,1064.4340156629248,11474459
2026-01-14,1054.486083984375,1064.4340659087559,1034.5901201356132,1034.5901201356132,8593128
2026-01-15,1039.5640869140625,1054.486059453499,1019.6681235281475,1049.51206860702,8172566
2026-01-16,1119.14794921875,1129.0959309895834,1054.4860677083334,1069.4080403645833,22782095
2026-01-19,1114.1739501953125,1153.9658769880023,1104.22596849714,1139.0439044407435,12008197
2026-01-20,1124.1219482421875,1134.0699300850388,1094.278002713634,1099.2519936350595,7198430
2026-01-21,1129.095947265625,1178.8358568367978,1109.1999834371559,1124.1219563085076,18083264
2026-01-22,1238.523681640625,1238.523681640625,1188.7837747474273,1193.7577654367471,19318986
2026-01-23,1253.4456787109375,1278.3156326536148,1238.523706345331,1273.3416418650793,17512693
2026-01-26,1223.601806640625,1233.5497888084349,1198.7318512211,1213.653824472815,11798393
2026-01-27,1243.4976806640625,1253.445662109375,1213.653736328125,1223.6017177734375,8618449
2026-01-28,1273.3416748046875,1273.3416748046875,1228.5757565498352,1243.4977293014526,10930051
2026-01-29,1248.4716796875,1308.159568756225,1233.5497074203188,1303.185578000498,12829784
2026-01-30,1213.65380859375,1248.4717457255379,1208.6798175749232,1243.497754706711,10202205
2026-02-02,1168.8878173828125,1193.757770944149,1153.9658452460105,1178.8357988073471,12433041
2026-02-03,1208.6798095703125,1213.6538005561986,1168.8878816832241,1198.7318275985403,11004255
2026-02-04,1203.705810546875,1213.653792452221,1188.7838376888558,1213.653792452221,7111184
2026-02-05,1144.0179443359375,1173.8618907099185,1124.1219800866168,1168.8878996475883,14283127
2026-02-06,1153.9659423828125,1163.9139246447332,1109.2000222041688,1129.0959867280105,10257879
2026-02-09,1173.86181640625,1203.7057608911546,1173.86181640625,1193.7577793961864,8765470
2026-02-10,1178.8358154296875,1203.7057693417062,1163.9138430824762,1198.7317785593025,7916235
2026-02-11,1253.4456787109375,1258.419669499473,1183.809807671441,1193.757789248512,14422679
2026-02-23,1298.211669921875,1372.821536009339,1288.2636877768798,1313.133643139368,21053140
2026-02-24,1377.7955322265625,1377.7955322265625,1328.0556213158561,1347.9515856801388,13399510
2026-02-25,1427.535400390625,1472.3013188697737,1372.8215000272214,1417.5874185063699,13893910
2026-02-26,1422.5614013671875,1447.431355936544,1407.6394286255736,1442.4573650226728,16681606
2026-03-02,1417.58740234375,1437.4833658854166,1347.9515299479167,1347.9515299479167,14087742
2026-03-03,1333.029541015625,1427.5353666846431,1333.029541015625,1402.6654125612174,16095323
2026-03-04,1248.4716796875,1313.1335595119522,1243.497688931773,1288.2636057333168,16961184
2026-03-05,1328.0555419921875,1357.8994867560568,1303.1855880222963,1328.0555419921875,13120905
2026-03-06,1313.133544921875,1338.0034984241834,1303.1855635209517,1333.0295077237217,10254707
2026-03-09,1213.65380859375,1223.6017906314037,1188.7838534996158,1203.7058265560963,21625496
2026-03-10,1283.2896728515625,1318.1076097118762,1268.367699911428,1273.3416908914728,11474848
2026-03-11,1392.7174072265625,1407.6393794468472,1318.1075461251396,1342.977499825614,13726816
2026-03-12,1362.87353515625,1402.6654631900092,1357.89954415203,1382.7694991731296,7368490
2026-03-13,1377.7955322265625,1397.691496590845,1333.0296124069268,1347.9515856801388,7461038
2026-03-16,1352.925537109375,1387.7434737261603,1342.9775552188648,1387.7434737261603,5929443
2026-03-17,1432.5093994140625,1462.353345235189,1377.7954987419976,1377.7954987419976,12515796
2026-03-18,1457.37939453125,1482.2493500693258,1442.4574212084044,1457.37939453125,10696722
2026-03-19,1447.431396484375,1472.3013517504296,1437.483414377953,1442.457405431164,7980699
2026-03-20,1467.3272705078125,1522.0411687301375,1402.665390790519,1442.4573167703918,15113545
2026-03-23,1402.6654052734375,1417.5873776699634,1377.7954512792276,1397.6914144745954,12888516
2026-03-24,1407.639404296875,1462.3533034038205,1402.6654134689709,1447.4313309201082,12355449
2026-03-25,1541.9371337890625,1546.9111245432207,1477.275253985005,1477.275253985005,15224832
2026-03-26,1507.1192626953125,1556.8591723552238,1507.1192626953125,1527.015226559277,12323637
2026-03-27,1502.145263671875,1512.0932455504967,1432.5093905215233,1452.4053542787665,10081583
2026-03-30,1477.2752685546875,1487.2232501611163,1442.4573329321863,1472.301277751473,11069480
2026-03-31,1372.821533203125,1462.353372325068,1357.8995600161345,1457.3793812627378,18001261
2026-04-01,1467.3272705078125,1487.2232334977489,1442.4573167703918,1457.3792890128443,11380012
2026-04-02,1422.5614013671875,1502.1452559891281,1412.613419539445,1472.3013105059003,9316602
2026-04-07,1507.1192626953125,1507.1192626953125,1482.2493078653567,1487.2232988313478,9471155
2026-04-08,1656.3389892578125,1656.3389892578125,1606.5990796704907,1621.5210525466873,11931374
2026-04-09,1636.4429931640625,1696.1308834922352,1626.4950114427004,1676.234920049511,14632032
2026-04-10,1725.974853515625,1740.89682631259,1666.2869623277647,1681.2089351247298,10973678
2026-04-13,1730.9488525390625,1750.8448163613505,1701.1049068056304,1721.0008706279184,6680545
2026-04-14,1740.8968505859375,1810.532724609375,1740.8968505859375,1795.6107516043528,9707370
2026-04-15,1775.7147216796875,1825.4546298499868,1775.7147216796875,1775.7147216796875,9811750
2026-04-16,1835.402587890625,1835.402587890625,1775.7146988535317,1825.4546063844427,9212364
2026-04-17,1830.4287109375,1860.272657311481,1820.4807288128397,1855.2986662491508,8436351
2026-04-20,1890.1165771484375,1969.7004330283717,1850.3246492084704,1850.3246492084704,9692483
2026-04-21,2004.518310546875,2024.414273926993,1919.9604661813742,1939.856429561492,8888821
2026-04-22,2004.518310546875,2034.362255617052,1984.6223471667572,2029.3882647720225,10117948
2026-04-23,1969.700439453125,2103.9981966885653,1924.934520374645,2089.0762236624055,15088821
2026-04-24,2064.206298828125,2079.128272072666,1979.6484504423945,1994.570423686935,10846873
2026-04-27,2009.4923095703125,2069.180199953589,1984.6223552439474,2059.232218223043,13935817
2026-04-28,2113.946044921875,2148.763979779412,2019.4402217371323,2019.4402217371323,13898931
2026-04-29,2153.738037109375,2158.7120279572027,2024.414275065856,2029.3882659136834,11741236
2026-04-30,2153.738037109375,2268.139826609411,2138.816064565892,2208.451936435479,13424815
2026-05-04,2208.451904296875,2248.243830500422,2138.816033440667,2238.2958489495354,11783423
2026-05-05,2153.738037109375,2183.581982196341,2133.842073718064,2173.6340005006855,9420938
2026-05-06,2198.50390625,2258.191795107466,2138.816017392534,2203.477896988122,14353798
2026-05-07,2268.139892578125,2357.671730443051,2238.2959466231496,2263.165901585629,14784421
2026-05-08,2188.555908203125,2238.2958152077417,2158.7119640003552,2218.3998524058948,10393004
2026-05-11,2233.322021484375,2258.191977180192,2193.530092371068,2203.478074649395,8790271
2026-05-12,2183.58203125,2248.2439137243737,2178.6080402904327,2213.425977007403,11944561
2026-05-13,2153.738037109375,2173.6340005006855,2128.868082870237,2148.7640462615473,6913371
2026-05-14,2143.7900390625,2238.295864450406,2143.7900390625,2198.5039379712875,6872103
2026-05-15,2064.206298828125,2183.58208478445,2064.206298828125,2173.634102621423,10469059
2026-05-18,2009.4923095703125,2029.3882730314047,1974.6743735134012,1974.6743735134012,8419378
2026-05-19,1905.03857421875,2014.4663774375815,1900.0645831633485,2009.4923863821803,13603182
2026-05-20,1905.03857421875,1949.804493717363,1870.22063683094,1870.22063683094,9789768
2026-05-21,2019.4403076171875,2049.284253049954,1979.648380373499,2004.5183349008043,10651255
2026-05-22,2084.102294921875,2113.9462418658636,2039.3363745058919,2113.9462418658636,7818792
2026-05-25,2278.087890625,2288.035872680131,2173.6340790461245,2193.5300431563865,10142736
2026-05-26,2337.775634765625,2397.4635233128324,2278.0877462184176,2337.775634765625,10816822
2026-05-27,2506.891357421875,2571.553237672836,2477.047412690662,2477.047412690662,12553894
2026-05-28,2377.567626953125,2506.8913890886506,2357.6716635476596,2472.0734531290864,10222545
2026-05-29,2432.281494140625,2511.8653467096433,2432.281494140625,2457.151448068443,16536758
2026-06-01,2407.41162109375,2506.8914401472107,2397.4636391884037,2437.255566809788,8049328
2026-06-02,2347.7236328125,2442.229457014698,2317.8796883275954,2417.3595032772773,10988523
2026-06-03,2442.2294921875,2447.203483006619,2397.463574815428,2407.411556453666,9586099
2026-06-04,2412.385498046875,2452.1774237878544,2392.4895351763853,2427.3074701997425,7468543
2026-06-05,2288.035888671875,2367.6197456691575,2263.1659333602242,2367.6197456691575,10553680
2026-06-08,2243.27001953125,2248.2440107053767,2079.128310785061,2079.128310785061,13577277
2026-06-09,2402.4375,2422.333462732919,2203.4778726708073,2253.2177795031057,14588560
2026-06-10,2188.555908203125,2397.4635176225142,2178.6079268022017,2357.6715920188212,15899110
2026-06-11,2148.76416015625,2218.4000357168693,2069.180302372685,2158.7121423791955,13885654
2026-06-12,2203.47802734375,2268.1399107646725,2158.712108052342,2248.243946635158,9226158
2026-06-15,2198.50390625,2307.9317024886877,2188.5559247737556,2297.9837210124433,8753968
2026-06-16,2218.39990234375,2258.1918288431893,2208.45192071889,2253.2178380307596,8686389
2026-06-17,2155.0,2220.0,2140.0,2220.0,9738528
2026-06-18,2150.0,2210.0,2150.0,2190.0,10417286
2026-06-22,2150.0,2195.0,2135.0,2170.0,13464755
2026-06-23,2080.0,2170.0,2080.0,2170.0,12891436
2026-06-24,2000.0,2050.0,1970.0,2030.0,20264727
2026-06-25,1980.0,2060.0,1960.0,2060.0,12022420
2026-06-26,1810.0,1935.0,1790.0,1925.0,23031042
2026-06-29,1905.0,1970.0,1850.0,1860.0,15526992
2026-06-30,1950.0,2030.0,1950.0,2010.0,13304651
2026-07-01,1990.0,2020.0,1965.0,2020.0,7908636
2026-07-02,1970.0,2010.0,1920.0,1955.0,6297745
2026-07-03,2075.0,2075.0,1885.0,1920.0,14301078
2026-07-06,1995.0,2135.0,1995.0,2120.0,8145268
2026-07-07,1890.0,2025.0,1890.0,2015.0,7758597
2026-07-08,1885.0,1950.0,1840.0,1925.0,9971797
2026-07-09,1880.0,1935.0,1870.0,1890.0,7841958
2026-07-13,1890.0,1980.0,1885.0,1970.0,8806668
2026-07-14,1855.0,1905.0,1780.0,1900.0,9524870
2026-07-15,1890.0,1930.0,1865.0,1930.0,8404556
2026-07-16,1905.0,1935.0,1820.0,1865.0,8268310
2026-07-17,1740.0,1825.0,1735.0,1820.0,11858468
2026-07-20,1705.0,1785.0,1665.0,1695.0,10772125
2026-07-21,1835.0,1855.0,1720.0,1735.0,10098929
2026-07-22,1880.0,1950.0,1870.0,1920.0,10969269
2026-07-23,1880.0,1945.0,1850.0,1900.0,5618996
2026-07-24,1785.0,1890.0,1785.0,1850.0,6241072
2026-07-27,1755.0,1785.0,1695.0,1755.0,9059474
2026-07-28,1580.0,1655.0,1580.0,1635.0,13486947
2026-07-29,1495.0,1595.0,1425.0,1560.0,20678144
2026-07-30,1530.0,1625.0,1475.0,1505.0,21777808
2026-07-31,1640.0,1680.0,1590.0,1680.0,30147832
2026-08-03,1580.0,1645.0,1560.0,1610.0,15743225
2026-08-04,1620.0,1680.0,1520.0,1530.0,20202651
2026-08-05,1650.0,1720.0,1645.0,1705.0,12850469
2026-08-06,1680.0,1700.0,1625.0,1650.0,10401132
2026-08-07,1650.0,1715.0,1635.0,1700.0,9625558
2026-08-10,1815.0,1815.0,1690.0,1695.0,9424787
2026-08-11,1805.0,1865.0,1785.0,1835.0,17945648
2026-08-12,1790.0,1830.0,1785.0,1810.0,8531235
2026-08-13,1885.0,1915.0,1845.0,1845.0,13176472
2026-08-14,1885.0,1975.0,1865.0,1945.0,13046175
2026-08-17,1885.0,2005.0,1885.0,1950.0,12517935
2026-08-18,1820.0,1905.0,1820.0,1900.0,8795046
2026-08-19,1765.0,1800.0,1740.0,1745.0,11427523
2026-08-20,1745.0,1785.0,1705.0,1770.0,8963292
2026-08-21,1750.0,1760.0,1720.0,1760.0,4121202
2026-08-24,1735.0,1775.0,1710.0,1720.0,4212827
2026-08-25,1710.0,1715.0,1655.0,1715.0,9387717
2026-08-26,1750.0,1760.0,1670.0,1680.0,9443448
2026-08-27,1770.0,1820.0,1760.0,1780.0,8291060
2026-08-28,1830.0,1870.0,1780.0,1800.0,12492688
2026-08-31,1840.0,1840.0,1775.0,1785.0,8324574
2026-09-01,1865.0,1865.0,1810.0,1845.0,6739494
2026-09-02,1730.0,1815.0,1730.0,1815.0,13320729
2026-09-03,1760.0,1810.0,1725.0,1735.0,9748529
2026-09-04,1825.0,1850.0,1790.0,1810.0,8546741
2026-09-07,1850.0,1885.0,1825.0,1845.0,6954450
2026-09-08,1805.0,1860.0,1795.0,1860.0,5798359
2026-09-09,1795.0,1855.0,1780.0,1780.0,7476593
2026-09-10,1675.0,1775.0,1675.0,1775.0,17189917
2026-09-11,1620.0,1635.0,1595.0,1595.0,13791960
2026-09-14,1620.0,1630.0,1560.0,1560.0,7950846
2026-09-15,1670.0,1715.0,1585.0,1590.0,14032981
2026-09-16,1710.0,1730.0,1655.0,1680.0,10024781
2026-09-17,1685.0,1745.0,1685.0,1730.0,10154006
2026-09-18,1735.0,1750.0,1715.0,1730.0,12081302
2026-09-21,1875.0,1885.0,1740.0,1750.0,16615887
2026-09-22,1900.0,1965.0,1900.0,1965.0,15394512
2026-09-23,1900.0,1920.0,1890.0,1910.0,9023356
2026-09-24,1910.0,1935.0,1875.0,1875.0,8183368
2026-09-29,1835.0,1950.0,1810.0,1880.0,12874206
2026-09-30,1890.0,1930.0,1870.0,1885.0,10195681
2026-10-01,1905.0,1935.0,1860.0,1925.0,5670120
2026-10-02,1885.0,1915.0,1880.0,1895.0,5526334
2026-10-05,2005.0,2010.0,1920.0,1920.0,15113335
2026-10-06,2050.0,2115.0,2010.0,2045.0,13605448
2026-10-07,1990.0,2045.0,1975.0,2025.0,9007514
2026-10-08,1965.0,1990.0,1950.0,1980.0,4855304
