Date,Close,High,Low,Open,Volume
,2330.TW,2330.TW,2330.TW,2330.TW,2330.TW
2000-01-04,33.24224090576172,33.24224090576172,32.68198275550321,33.24224090576172,200662336736
2000-01-05,33.98919677734375,33.98919677734375,32.868680329123926,33.242245287645765,402466805912
2000-01-06,33.24224090576172,33.989192296999,33.24224090576172,33.802499056020224,197545715802
2000-01-07,32.30842208862305,32.68198704695536,31.74816386479737,32.12172882312969,235270344752
2000-01-10,33.42894744873047,33.61564076399793,32.68199576026744,33.24225413346301,276171685539
2000-01-11,32.86867904663086,34.17588870943313,32.68198578832732,33.80250219282605,277769544650
2000-01-12,33.80250549316406,33.80250549316406,32.868682255794205,33.05537553232572,216246806621
2000-01-13,33.24224090576172,33.802499056020224,33.24224090576172,33.802499056020224,147490954216
2000-01-14,33.98919677734375,34.54945500145366,33.42893855323384,33.61563181882191,288318964353
2000-01-17,34.923004150390625,35.48326217929002,34.923004150390625,35.48326217929002,155256940719
2000-01-18,34.362762451171875,34.92301704556982,34.175890754348124,34.92301704556982,131648031590
2000-01-19,34.362762451171875,34.92301704556982,34.175890754348124,34.362762451171875,134848688061
2000-01-20,33.98919677734375,34.36276173586559,33.80250351175568,34.36276173586559,125758120596
2000-01-21,34.73612976074219,34.73612976074219,33.98918223206617,33.98918223206617,113397441219
2000-01-24,35.109710693359375,35.66996893516871,34.923017421873375,35.109710693359375,175113122879
2000-01-25,36.04353332519531,36.04353332519531,35.48327509240607,36.04353332519531,223692148326
2000-01-26,38.471248626708984,38.471248626708984,37.16404278060013,37.16404278060013,357880999032
2000-01-27,38.844810485839844,39.40506856917918,38.09785918382102,38.844810485839844,287927232252
2000-01-28,38.097862243652344,38.097862243652344,37.53742568800066,37.53742568800066,197904810671
2000-01-31,37.91099548339844,38.0978671685442,36.79048272325113,36.977175981058636,168059342623
2000-02-01,37.724308013916016,38.284566300641444,37.53743630009711,38.284566300641444,153081850577
2000-02-02,37.724308013916016,37.724308013916016,37.724308013916016,37.724308013916016,0
2000-02-03,37.724308013916016,37.724308013916016,37.724308013916016,37.724308013916016,0
2000-02-04,37.724308013916016,37.724308013916016,37.724308013916016,37.724308013916016,0
2000-02-07,37.724308013916016,37.724308013916016,37.724308013916016,37.724308013916016,0
2000-02-08,37.724308013916016,37.724308013916016,37.724308013916016,37.724308013916016,0
2000-02-09,39.405067443847656,39.96532551118712,38.6581161631603,39.96532551118712,252580321587
2000-02-10,39.96532440185547,40.152017610021254,38.65811509011332,39.0315015064449,177540543615
2000-02-11,40.8991584777832,41.45941304135371,40.15202858629709,40.52559353204015,215027859365
2000-02-14,39.96532440185547,40.71227202043615,39.96532440185547,40.71227202043615,140301270822
2000-02-15,40.152015686035156,40.525580511757234,39.59175766109317,39.965322486815246,105105248690
2000-02-16,39.77863311767578,40.3387127692627,39.77863311767578,40.15201955206706,79352313450
2000-02-17,39.405067443847656,39.778632297839216,39.218374230499755,39.405067443847656,116400258474
2000-02-18,38.844810485839844,39.96532665251851,38.65811726716036,39.591761787858665,121805090619
2000-02-21,36.41691970825195,37.91099749045075,36.41691970825195,37.91099749045075,153903007581
2000-02-22,36.41691970825195,36.97717793867346,35.48327494244792,35.85666147783045,168143612807
2000-02-23,36.23021697998047,36.41691019892165,36.04352376103929,36.41691019892165,73892584628
2000-02-24,36.41691970825195,36.79048467098219,36.230226440560685,36.41691970825195,83371097848
2000-02-25,37.164039611816406,37.350732829162766,36.416909887831785,36.416909887831785,165796729239
2000-02-28,37.164039611816406,37.164039611816406,37.164039611816406,37.164039611816406,0
2000-02-29,37.53742980957031,37.910994745250065,37.35074019677201,37.35074019677201,98749286567
2000-03-01,38.471248626708984,38.471248626708984,38.09786216017955,38.28455539344427,90504908649
2000-03-02,37.91099548339844,38.84481862711249,37.91099548339844,38.65812536930498,68745687934
2000-03-03,37.91099548339844,38.0978671685442,37.72430222559093,37.72430222559093,58129351241
2000-03-06,37.350746154785156,38.28456578790143,37.16405287083225,38.09787250394852,72312707991
2000-03-07,37.164039611816406,37.537422405135665,36.79047474982409,36.97716796717045,83737461434
2000-03-08,36.977169036865234,37.164040686917104,36.603782591370994,36.977169036865234,64819045052
2000-03-09,37.350746154785156,37.350746154785156,36.97718115951609,36.97718115951609,71897783191
2000-03-10,36.41691970825195,37.724304222759486,36.230226440560685,37.53743252772051,99978344966
2000-03-13,33.98919677734375,35.48327454271101,33.98919677734375,35.48327454271101,232179364310
2000-03-14,34.73612976074219,34.92300137370641,33.61561743340707,33.98918223206617,145477589021
2000-03-15,34.17588424682617,35.10970362971115,33.98919101290059,34.54944914199277,154204016711
2000-03-16,34.362762451171875,34.73614534874607,32.12172950808217,33.42893924910136,233438180185
2000-03-17,35.48326110839844,35.48326110839844,34.175877103607725,34.54944192069424,267728113852
2000-03-20,34.362762451171875,34.362762451171875,34.362762451171875,34.362762451171875,21190095663
2000-03-21,36.41691970825195,36.60379140329092,33.24224566213636,33.24224566213636,447638099122
2000-03-22,35.856658935546875,36.977175316943814,35.296400744848405,35.856658935546875,247260900862
2000-03-23,37.53742980957031,37.910994745250065,36.04353056289505,36.23022381706753,280164605464
2000-03-24,36.977169036865234,37.53742349103778,36.603782591370994,37.53742349103778,189561198505
2000-03-27,39.405067443847656,39.405067443847656,37.350732029211095,37.350732029211095,257812048419
2000-03-28,39.031517028808594,39.96534029558942,38.658130463985685,39.59177530340473,181779906634
2000-03-29,38.097862243652344,38.844813605662594,38.097862243652344,38.844813605662594,105678469394
2000-03-30,38.844810485839844,39.591761787858665,38.09785918382102,38.09785918382102,227815979813
2000-03-31,38.28455352783203,39.218376503279885,38.28455352783203,38.65811840347239,127027740887
2000-04-03,38.28455352783203,38.28455352783203,38.28455352783203,38.28455352783203,0
2000-04-04,38.28455352783203,38.28455352783203,38.28455352783203,38.28455352783203,0
2000-04-05,38.844810485839844,39.218375350499684,37.53742267318083,37.53742267318083,182695562287
2000-04-06,37.724308013916016,39.405082874092315,37.724308013916016,38.84482458736688,145596416273
2000-04-07,37.350746154785156,38.28456578790143,37.350746154785156,38.09787250394852,110518474790
2000-04-10,39.218387603759766,39.77864586214429,37.350744765614905,37.537434401249584,201610650952
2000-04-11,38.28455352783203,38.84481162763952,38.28455352783203,38.84481162763952,117967570843
2000-04-12,37.350746154785156,38.09787250394852,37.350746154785156,37.72430750867946,128216408046
2000-04-13,35.856658935546875,36.23022387179087,35.48327242663793,35.48327242663793,248891269216
2000-04-14,34.73612976074219,35.483259358060394,34.54944021642015,34.54944021642015,239165097006
2000-04-17,33.42894744873047,33.61564076399793,32.68199576026744,32.8686890755349,208060407784
2000-04-18,35.296390533447266,35.296390533447266,34.54944294576374,35.296390533447266,217523114345
2000-04-19,34.17588424682617,36.23021988789549,33.98919101290059,36.23021988789549,145654459349
2000-04-20,34.73612976074219,34.73612976074219,33.61561743340707,34.17587541776105,95074579646
2000-04-21,34.73612976074219,35.29638774509617,34.54944021642015,34.92300137370641,70356985905
2000-04-24,33.61561965942383,34.923003686297776,33.61561965942383,34.736132060958965,80690194617
2000-04-25,34.923004150390625,35.10969735092925,33.61562010614282,33.61562010614282,129573988875
2000-04-26,34.54944610595703,35.85665184182234,34.17588124361748,35.669958624302446,221065619149
2000-04-27,35.109710693359375,35.48327566368271,34.54945609292456,35.296403964845375,105813977898
2000-04-28,36.79047775268555,37.16404264516846,35.296396610068065,35.669961502550976,237572314797
2000-05-01,36.79047775268555,36.79047775268555,36.79047775268555,36.79047775268555,0
2000-05-02,36.04353332519531,36.60379155798456,35.85666162936659,36.60379155798456,84578099452
2000-05-03,35.109710693359375,36.04353390549205,35.109710693359375,35.66996893516871,75426358510
2000-05-04,34.923004150390625,35.85664858036727,34.54944296340299,35.10969735092925,111779167839
2000-05-05,35.856658935546875,36.23022387179087,34.36275968661518,34.549452941069646,110709562579
2000-05-08,36.04353332519531,36.230226593675575,35.48327509240607,35.48327509240607,82047327484
2000-05-09,36.04353332519531,36.04353332519531,36.04353332519531,36.04353332519531,0
2000-05-10,35.109710693359375,36.23022717697805,35.109710693359375,36.23022717697805,93664437942
2000-05-11,33.42894744873047,34.36277087985413,33.055382390802365,33.989205821926035,165385745438
2000-05-12,34.54944610595703,34.54944610595703,33.42892994623815,33.98918802609759,213521853794
2000-05-15,33.70530700683594,35.13956725512393,33.585709760994526,35.13956725512393,134465742550
2000-05-16,35.73709487915039,35.856692113501005,33.94426883070043,34.54202923736612,105315890488
2000-05-17,38.008094787597656,38.008094787597656,37.051997488978486,37.29096264130985,165332157320
2000-05-18,38.96443176269531,38.96443176269531,37.29097595514901,37.76913947844841,124512470273
2000-05-19,38.72522735595703,38.72522735595703,38.00809877579454,38.247293359770865,83311748884
2000-05-22,37.76913070678711,38.48625930118566,37.76913070678711,38.247294119035836,106654860230
2000-05-23,36.573848724365234,37.769141058620356,36.334883476719384,37.769141058620356,78500882016
2000-05-24,35.498146057128906,35.856712195916984,35.13958355971525,35.13958355971525,85726893995
2000-05-25,34.78101348876953,35.85670814214699,34.42244739051905,35.61773933170943,96828793828
2000-05-26,34.78101348876953,34.90061077658246,34.18348222145549,34.42244739051905,70008419144
2000-05-29,34.78101348876953,35.37854475608358,34.6614162009566,34.78101348876953,52122944798
2000-05-30,34.78101348876953,34.78101348876953,34.78101348876953,34.78101348876953,0
2000-05-31,37.52993392944336,37.76912850421903,36.812801735491334,37.52993392944336,158989878703
2000-06-01,36.573848724365234,37.29097751531572,36.334883476719384,37.29097751531572,55122098697
2000-06-02,37.052005767822266,38.00810328007041,37.052005767822266,37.529939820647584,101225329179
2000-06-05,37.76913070678711,38.00809953031114,37.05200211238856,37.529936118062416,59798968599
2000-06-06,37.76913070678711,37.76913070678711,37.76913070678711,37.76913070678711,0
2000-06-07,38.48625183105469,38.48625183105469,37.051994920644965,37.290960056411976,81345149055
2000-06-08,37.52993392944336,38.725225866385244,37.52993392944336,38.486257056797065,70697027392
2000-06-09,37.76913070678711,38.00809953031114,37.29096729453838,37.76913070678711,45171655346
2000-06-12,37.52993392944336,38.24729188858288,37.52993392944336,38.24729188858288,67123280572
2000-06-13,37.052005767822266,37.290970973547644,37.052005767822266,37.290970973547644,48311780619
2000-06-14,36.812808990478516,37.76913594767702,36.812808990478516,37.76913594767702,64295991259
2000-06-15,35.8567008972168,36.81279442822639,35.8567008972168,36.81279442822639,69274685557
2000-06-16,35.8567008972168,36.09566601799689,35.617732135063434,35.8567008972168,75573138725
2000-06-19,35.37855529785156,35.85671882639363,35.0199890927589,35.73712150294422,57780102371
2000-06-20,35.498146057128906,36.09567739199668,35.37854875579494,36.09567739199668,45751547817
2000-06-21,35.139591217041016,35.61775111998525,35.139591217041016,35.49815379258963,37673562283
2000-06-22,35.617740631103516,35.737112158083015,34.900612049814505,34.900612049814505,64192016747
2000-06-23,34.900611877441406,35.49814316360319,34.900611877441406,35.378545872017845,49329023488
2000-06-26,33.82490921020508,34.66140911699617,33.58571468346484,34.54203761876821,95197240574
2000-06-27,33.82490921020508,34.183475235173276,33.82490921020508,33.94427706705978,54066359094
2000-06-28,34.42245101928711,34.542048319707824,33.94428758281635,34.06388852461145,64997227603
2000-06-29,34.06388854980469,34.90061448156993,33.94428760792113,34.90061448156993,77624156393
2000-06-30,34.900611877441406,34.900611877441406,33.82491719013365,34.183483299694274,78027855479
2000-07-03,34.3028564453125,34.90061722971496,33.58572775758826,34.18348854199072,104447180852
2000-07-04,33.70530700683594,34.42243531029357,33.4663419216349,34.30283806445215,73680107655
2000-07-05,35.617740631103516,35.85670945025905,33.46635488723649,34.06388617634946,119441525468
2000-07-06,34.66142272949219,35.25918351595775,34.30285656370518,34.66142272949219,101119813131
2000-07-07,33.94428253173828,34.90060926237362,33.94428253173828,34.66141469712554,56914463307
2000-07-10,34.3028564453125,34.5420510651655,33.46635985426648,34.06389123206422,65217525581
2000-07-11,34.42245101928711,34.78101715533715,33.94428758281635,34.183485825032164,52507541337
2000-07-12,34.3028564453125,34.5420510651655,34.06389123206422,34.422453755239,40919616069
2000-07-13,34.66142272949219,35.13958620561848,34.42245387404446,34.42245387404446,69994503658
2000-07-14,34.900611877441406,35.13958069541668,34.66141729427071,34.66141729427071,62976544862
2000-07-17,34.3028564453125,35.139586084337914,34.18348854199072,34.90061722971496,50712314469
2000-07-18,33.94428253173828,34.30284861443191,33.94428253173828,34.30284861443191,32287023418
2000-07-19,33.94428253173828,34.30284861443191,33.94428253173828,34.30284861443191,32287023418
2000-07-20,32.27105712890625,33.70531783809632,32.27105712890625,33.70531783809632,115203218360
2000-07-21,31.07576560974121,32.39065845757307,30.597831638434865,32.271057530436835,162136495092
2000-07-24,30.2392635345459,30.83679467990746,30.119664450455414,30.71719741650361,110822798308
2000-07-25,30.000072479248047,30.59783131588678,29.641508211612408,29.641508211612408,93606483860
2000-07-26,31.07576560974121,31.195362895503493,30.358637066910294,30.358637066910294,123597006270
2000-07-27,30.8367977142334,30.8367977142334,29.88070044972299,30.717200439061234,75383138177
2000-07-28,30.478229522705078,30.95639282479396,29.88069836032883,29.88069836032883,112145144460
2000-07-31,30.358640670776367,30.59783527069566,30.119673656755484,30.478237970736014,44307028697
2000-08-01,30.119667053222656,30.956394618383705,30.119667053222656,30.717200070906195,54874186395
2000-08-02,29.880706787109375,30.478238117997883,29.880706787109375,30.239272923509578,39456927657
2000-08-03,29.163572311401367,29.880700799117243,28.92437593757331,29.880700799117243,50216489866
2000-08-04,30.000072479248047,30.71720283520628,29.282942123289814,29.282942123289814,80865639734
2000-08-07,29.402544021606445,30.119672625002174,29.16357701577141,30.119672625002174,88230506600
2000-08-08,30.000072479248047,30.11966976374959,29.16357424534422,29.402541228478313,87806300921
2000-08-09,31.07576560974121,31.07576560974121,30.239269187706377,30.239269187706377,97692062259
2000-08-10,31.79290199279785,31.79290199279785,31.075769713882163,31.434335853340006,102063658059
2000-08-11,31.314956665039062,31.792890527104966,31.314956665039062,31.553921775385458,55832817569
2000-08-14,31.07576560974121,31.43433170184364,30.836800444775008,31.314963822639722,42591720049
2000-08-15,31.195362091064453,31.55392817392049,30.95639693226048,31.55392817392049,53931312217
2000-08-16,32.27105712890625,32.27105712890625,31.195362507357167,31.195362507357167,77309224777
2000-08-17,32.98819351196289,33.22715870443674,32.51003007905606,32.74922467811468,93825423620
2000-08-18,33.34675216674805,33.58572097309806,33.107787001771975,33.22715488098082,86628725821
2000-08-21,32.98819351196289,33.22715870443674,32.86859257105922,33.1077908114922,50032384651
2000-08-22,32.74921798706055,32.988186772084596,32.39065556831595,32.988186772084596,47266781772
2000-08-23,32.74921798706055,32.74921798706055,32.74921798706055,32.74921798706055,0
2000-08-24,33.34675216674805,33.58572097309806,32.98818971600475,32.98818971600475,86961297607
2000-08-25,33.585723876953125,33.585723876953125,33.22715775383389,33.46635598742361,67969846253
2000-08-28,32.98819351196289,33.34675600396605,32.74922467811468,33.34675600396605,41797979053
2000-08-29,32.74921798706055,32.988186772084596,32.03208950819773,32.988186772084596,70881336756
2000-08-30,32.27105712890625,32.98818930418823,32.27105712890625,32.51002593227304,55343475749
2000-08-31,32.15146255493164,32.27105984928764,31.792900078438496,31.792900078438496,59711834325
2000-09-01,31.07576560974121,32.271057530436835,30.956397730537294,32.271057530436835,78236371122
2000-09-04,31.912498474121094,31.912498474121094,31.43433504539593,31.79290117563769,37302006304
2000-09-05,32.03207778930664,32.151445614192355,31.55391462902958,31.912480557966955,44200016942
2000-09-06,31.314956665039062,31.673519033811623,31.075758506813624,31.553921775385458,57121754055
2000-09-07,30.000072479248047,30.59783131588678,29.8807027806155,30.23926886893809,67406794020
2000-09-08,29.761096954345703,30.239260189931635,29.641499704169906,30.000063868893612,53151311722
2000-09-11,29.641504287719727,29.880698825058648,29.522134604889136,29.522134604889136,59550218869
2000-09-12,29.641504287719727,29.641504287719727,29.641504287719727,29.641504287719727,0
2000-09-13,29.641504287719727,29.880698825058648,28.326842855024438,29.163570384719627,118942384480
2000-09-14,28.685407638549805,29.402537913659334,28.56581036753156,29.043971865761193,58547691419
2000-09-15,29.28293800354004,29.641504041416795,28.685406836835604,29.163570142388036,82176445198
2000-09-18,28.92438507080078,29.163581520158036,28.32685367097769,28.6854180280567,97868072327
2000-09-19,27.012187957763672,28.565816717850034,27.012187957763672,28.20725059024092,133186917707
2000-09-20,27.490114212036133,27.84867841768453,27.012180328391374,27.60971147586215,120368246850
2000-09-21,27.370521545410156,27.609717949836007,26.653392965959828,27.012186662255075,68452388650
2000-09-22,25.45832633972168,25.81689241872014,25.45832633972168,25.45832633972168,132834122636
2000-09-25,25.45832633972168,25.936260293561702,24.980164800018578,25.81689241872014,88873752030
2000-09-26,27.13155174255371,27.13155174255371,25.338726958214412,25.458324229693535,199394350975
2000-09-27,26.534019470214844,27.729313101914364,26.534019470214844,26.89258552941437,137224758488
2000-09-28,25.45832633972168,26.892587014341714,25.45832633972168,26.534020935343253,107525519700
2000-09-29,24.860567092895508,25.577697470444544,24.860567092895508,25.45832776821811,76034057956
2000-10-02,23.545909881591797,24.382637640145564,23.545909881591797,23.90447419983445,138001375937
2000-10-03,24.621599197387695,25.099760710983567,23.067741326215494,23.18734042176393,194590275197
2000-10-04,23.78487777709961,23.78487777709961,23.78487777709961,23.78487777709961,84448144144
2000-10-05,24.621599197387695,25.219130399994544,23.426305564949732,23.426305564949732,164805785309
2000-10-06,26.29483985900879,26.29483985900879,24.621613169968796,24.621613169968796,180029493800
2000-10-09,25.697294235229492,26.414424598174396,25.697294235229492,26.055860327045426,102031335801
2000-10-10,25.697294235229492,25.697294235229492,25.697294235229492,25.697294235229492,0
2000-10-11,24.860567092895508,24.860567092895508,24.860567092895508,24.860567092895508,29010663869
2000-10-12,23.187345504760742,24.143441155691633,23.187345504760742,23.306942805839807,183667251856
2000-10-13,23.067745208740234,23.426309507824314,21.633486191716795,21.633486191716795,191179714534
2000-10-16,23.067745208740234,23.067745208740234,23.067745208740234,23.067745208740234,0
2000-10-17,22.470216751098633,22.7091837854535,21.514119207074042,21.514119207074042,152970339373
2000-10-18,20.916353225708008,22.47021116918372,20.916353225708008,22.231244194191593,197565539457
2000-10-19,19.482093811035156,20.67738746397882,19.482093811035156,19.840659876607535,199457078987
2000-10-20,20.796987533569336,20.796987533569336,20.796987533569336,20.796987533569336,53403302845
2000-10-23,23.78487777709961,23.78487777709961,23.187346419921926,23.78487777709961,393125049096
2000-10-24,25.338726043701172,25.338726043701172,23.42630405690497,23.78487009324369,281450989671
2000-10-25,25.697294235229492,26.055860327045426,24.980165692971557,24.980165692971557,211862326584
2000-10-26,25.219135284423828,25.697296890629797,24.860569155555876,24.860569155555876,162335511542
2000-10-27,25.219135284423828,25.219135284423828,25.219135284423828,25.219135284423828,0
2000-10-30,23.545909881591797,23.545909881591797,23.545909881591797,23.545909881591797,43094344075
2000-10-31,23.426298141479492,23.66549443609156,22.828767128221966,22.828767128221966,237316567164
2000-11-01,23.187345504760742,24.143441155691633,23.06774638299447,24.143441155691633,178478658699
2000-11-02,24.741199493408203,24.741199493408203,23.18734325318073,23.30694054264644,190518503961
2000-11-03,26.17545509338379,26.29482478169024,25.338727525305295,25.81689085676582,246387764272
2000-11-06,26.055856704711914,26.414420925992616,24.980162220183086,25.219129172423695,242870995952
2000-11-07,27.84868621826172,27.84868621826172,26.77299147932161,27.251154903418985,252449083392
2000-11-08,27.96827507019043,29.28293642090926,27.848677808978525,28.446438349899967,235556099847
2000-11-09,27.490114212036133,27.490114212036133,26.653386716226688,27.490114212036133,166633646908
2000-11-10,27.251148223876953,27.490115174062062,26.534017966797308,26.772984916982416,174306612636
2000-11-13,25.45832633972168,25.936260293561702,25.45832633972168,25.45832633972168,146585514365
2000-11-14,25.45832633972168,26.05585939564015,25.21913177693859,25.338729058330134,104741997508
2000-11-15,25.577693939208984,26.414421489342388,24.62159852401598,26.2948242177516,138232731310
2000-11-16,23.90447235107422,25.21913404167548,23.90447235107422,23.90447235107422,145488774074
2000-11-17,23.545909881591797,23.90447419983445,22.23124808931524,22.23124808931524,149759745078
2000-11-20,21.035953521728516,21.992049061867437,21.035953521728516,21.035953521728516,121477336093
2000-11-21,22.470216751098633,22.470216751098633,20.79699051809166,20.79699051809166,141268915401
2000-11-22,21.75308609008789,23.187347099448868,21.75308609008789,22.58981390407264,176943588927
2000-11-23,21.27492332458496,21.51411793066647,21.03595630440773,21.155553607448482,93637447900
2000-11-24,22.709178924560547,22.709178924560547,21.633484300651745,21.753081585188305,159707601148
2000-11-27,22.589811325073242,23.42630963695439,22.589811325073242,23.42630963695439,107690655691
2000-11-28,22.111648559570312,22.47021284167764,22.111648559570312,22.350615552349137,63623002519
2000-11-29,21.633493423461914,21.87268991409077,21.514123674456382,21.633493423461914,73151677484
2000-11-30,21.394514083862305,21.9920452444956,21.15554713677592,21.63348103094869,121708583142
2000-12-01,21.872684478759766,21.872684478759766,20.79698966854067,20.79698966854067,104125416483
2000-12-04,21.035953521728516,21.394517797514883,21.035953521728516,21.394517797514883,46402605085
2000-12-05,21.15555191040039,21.39451891140826,20.79698761594558,20.79698761594558,89459185698
2000-12-06,21.27492332458496,22.47021541796691,21.155553607448482,22.47021541796691,116992933196
2000-12-07,21.75308609008789,21.75308609008789,21.155554715398992,21.274924438787053,95605339286
2000-12-08,21.514118194580078,21.87268434288383,21.394520890072222,21.753085217688717,78859568253
2000-12-11,21.514118194580078,21.87268434288383,21.394520890072222,21.753085217688717,73807371858
2000-12-12,22.111648559570312,22.231245848898816,21.753082456775964,21.753082456775964,143221466422
2000-12-13,21.992042541503906,22.231238865712562,21.872674696235954,22.111641613951463,38686726331
2000-12-14,21.633493423461914,21.87268991409077,21.394526339485815,21.75309075843248,48019688732
2000-12-15,21.035953521728516,21.274920510294702,21.035953521728516,21.155550808948696,48902934635
2000-12-18,20.199220657348633,20.91634902413298,20.199220657348633,20.796981174232464,56883986726
2000-12-19,20.079851150512695,20.079851150512695,19.60168970681855,19.840656635756933,94536729942
2000-12-20,19.482093811035156,19.840659876607535,19.482093811035156,19.60169290863536,93251563970
2000-12-21,18.884565353393555,19.0041626477559,18.884565353393555,18.884565353393555,72586742077
2000-12-22,18.645593643188477,19.362723877223523,18.287029436514274,18.76496332152634,110292068333
2000-12-25,18.645593643188477,18.645593643188477,18.645593643188477,18.645593643188477,0
2000-12-26,18.167436599731445,19.12353410508975,18.04783929443185,19.00416438569873,51800030525
2000-12-27,17.928466796875,18.167431939581103,17.808867701566648,18.167431939581103,70824474913
2000-12-28,19.123533248901367,19.123533248901367,18.047838486403887,18.40640280034065,123757400996
2000-12-29,19.004167556762695,19.482101685892733,18.88457023150691,19.482101685892733,126381270066
2001-01-01,19.004167556762695,19.004167556762695,19.004167556762695,19.004167556762695,0
2001-01-02,19.96026039123535,19.96026039123535,18.52600135835802,18.64559865467103,109761621667
2001-01-03,19.243125915527344,19.721289234965194,19.004158959073585,19.243125915527344,110639113891
2001-01-04,20.31882667541504,20.557793705449413,19.960262337406647,20.438425804076367,234113138928
2001-01-05,21.633493423461914,21.633493423461914,20.31883126195809,20.31883126195809,200624646603
2001-01-08,21.394514083862305,22.35061127872919,21.035949870315395,21.394514083862305,193371911891
2001-01-09,22.231250762939453,22.231250762939453,21.633489949357838,21.633489949357838,156022413782
2001-01-10,22.470216751098633,22.7091837854535,22.11165240660744,22.470216751098633,115662646051
2001-01-11,22.111648559570312,22.828777123784963,21.992049449554784,22.70917983445646,126919807712
2001-01-12,22.470216751098633,22.470216751098633,22.11165240660744,22.231249716743765,94983533704
2001-01-15,22.589811325073242,22.589811325073242,22.111649728362433,22.470214029422987,89597298981
2001-01-16,24.1434383392334,24.1434383392334,22.470212428132545,22.470212428132545,261560243776
2001-01-17,24.1434383392334,24.62160172255606,23.78487406372514,24.1434383392334,224263841163
2001-01-18,24.38263702392578,24.741201333106474,24.143440606521246,24.62160403474779,233121389730
2001-01-19,24.38263702392578,24.38263702392578,24.38263702392578,24.38263702392578,0
2001-01-22,24.38263702392578,24.38263702392578,24.38263702392578,24.38263702392578,0
2001-01-23,24.38263702392578,24.38263702392578,24.38263702392578,24.38263702392578,0
2001-01-24,24.38263702392578,24.38263702392578,24.38263702392578,24.38263702392578,0
2001-01-25,24.38263702392578,24.38263702392578,24.38263702392578,24.38263702392578,0
2001-01-26,24.38263702392578,24.38263702392578,24.38263702392578,24.38263702392578,0
2001-01-29,23.187345504760742,24.263038456770698,23.187345504760742,23.904474139434047,162287082317
2001-01-30,23.665504455566406,23.665504455566406,22.948375901728873,23.187342891049756,104442681234
2001-01-31,25.219135284423828,25.219135284423828,23.7848762310135,24.02407082706385,225187996096
2001-02-01,24.263036727905273,25.21913413139654,24.143439435348128,24.860568018922354,114697036302
2001-02-02,24.024072647094727,24.980170166731728,24.024072647094727,24.382638803127158,159626108062
2001-02-05,23.545909881591797,23.90447419983445,23.426310759523332,23.665507182973055,131682770311
2001-02-06,23.426298141479492,24.024058561201784,23.306930310981336,23.426298141479492,118522811741
2001-02-07,21.872684478759766,22.470215833196843,21.872684478759766,21.872684478759766,236950264906
2001-02-08,21.633493423461914,21.87268991409077,21.15555925550971,21.514123674456382,94213749009
2001-02-09,21.872684478759766,22.231248808603706,21.39452102297775,21.872684478759766,128952451939
2001-02-12,21.992042541503906,22.111641613951463,21.514108706072893,21.7530756237884,65390573400
2001-02-13,23.426298141479492,23.426298141479492,22.231236114964442,22.350605766148824,99125740632
2001-02-14,22.470216751098633,23.665508915395872,22.231249716743765,23.426312474435882,79813354005
2001-02-15,24.024072647094727,24.024072647094727,22.948379641059315,23.06774754154575,174380139732
2001-02-16,23.426298141479492,24.143428212386166,23.306930310981336,24.024058561201784,142289462156
2001-02-19,22.948368072509766,23.187334980303092,22.470204850439487,22.470204850439487,42987928103
2001-02-20,22.948368072509766,23.426300067410043,22.948368072509766,23.06773591282143,42253082111
2001-02-21,23.30694007873535,23.426307959259642,22.470212420199825,22.470212420199825,62630686703
2001-02-22,22.35061264038086,23.067741111163826,22.23124295248272,23.067741111163826,87930948679
2001-02-23,21.75308609008789,22.23124956207606,21.514119057395572,21.75308609008789,95466076101
2001-02-26,21.27492332458496,21.753084950843704,21.27492332458496,21.51411793066647,88333264549
2001-02-27,21.514118194580078,21.753085217688717,21.514118194580078,21.514118194580078,76196927473
2001-02-28,21.514118194580078,21.514118194580078,21.514118194580078,21.514118194580078,0
2001-03-01,20.079851150512695,20.79698134383176,20.079851150512695,20.79698134383176,179983114401
2001-03-02,19.96026039123535,20.318824694282902,19.840663094922345,20.199227397969892,98608467848
2001-03-05,20.199220657348633,20.3188179137512,19.960253730359028,19.960253730359028,85291005973
2001-03-06,21.15555191040039,21.514116204855203,20.67739032249864,21.035954616953447,118538885378
2001-03-07,21.992042541503906,22.231238865712562,21.872674696235954,21.872674696235954,143096743670
2001-03-08,21.633493423461914,21.99205784240858,21.514123674456382,21.99205784240858,54103039316
2001-03-09,21.035953521728516,21.035953521728516,20.916354413821345,20.916354413821345,55776539010
2001-03-12,20.43842124938965,20.557789124161655,20.31882214738089,20.31882214738089,60270770241
2001-03-13,20.796987533569336,20.796987533569336,20.079857126813156,20.079857126813156,103342974528
2001-03-14,20.796987533569336,20.796987533569336,20.796987533569336,20.796987533569336,0
2001-03-15,21.035953521728516,21.155550808948696,20.43842225737596,20.677389245942148,69605303342
2001-03-16,21.15555191040039,21.274921617961315,20.916355502819417,20.916355502819417,67691249055
2001-03-19,20.796987533569336,21.155551826603883,20.677390240596115,21.03595453363066,32191037811
2001-03-20,20.55778694152832,21.035950250872794,20.438419079429675,20.796983299463303,47933600202
2001-03-21,20.31882667541504,20.438425804076367,20.19922936744102,20.31882667541504,51471745876
2001-03-22,20.677387237548828,20.79698451315253,20.31882117590297,20.31882117590297,67485420683
2001-03-23,21.633493423461914,21.633493423461914,20.916362764880855,20.916362764880855,227713615167
2001-03-26,21.514118194580078,21.753085217688717,21.394520890072222,21.753085217688717,86627400933
2001-03-27,21.394514083862305,21.872677384556418,21.394514083862305,21.63348103094869,107902171080
2001-03-28,21.27492332458496,21.51411793066647,21.155553607448482,21.394520627625717,63876351860
2001-03-29,21.035953521728516,21.274920510294702,21.035953521728516,21.274920510294702,47865014354
2001-03-30,21.15555191040039,21.274921617961315,20.79698761594558,21.274921617961315,52554195712
2001-04-02,20.31882667541504,21.035957172119137,20.31882667541504,21.035957172119137,52770689846
2001-04-03,19.482093811035156,19.840659876607535,19.362725940663186,19.840659876607535,137153456204
2001-04-04,19.004167556762695,19.243134621327712,18.88457023150691,18.88457023150691,105939504251
2001-04-05,19.004167556762695,19.004167556762695,19.004167556762695,19.004167556762695,0
2001-04-06,19.721288681030273,20.318819848302905,19.60169141324087,20.318819848302905,83165377968
2001-04-09,19.123533248901367,19.362729669478654,18.884566234909652,19.362729669478654,50202053590
2001-04-10,18.884565353393555,19.24312965059283,18.764968059031208,19.123532356230484,64384767062
2001-04-11,19.840662002563477,19.840662002563477,19.12353161526399,19.3627280154078,63600441933
2001-04-12,20.55778694152832,20.796983299463303,20.199222721494692,20.31881999011883,172602523870
2001-04-13,20.31882667541504,20.91635804345781,20.31882667541504,20.91635804345781,59615425837
2001-04-16,20.079851150512695,20.318818079451077,19.721286964196434,20.199220822073194,26751186803
2001-04-17,19.96026039123535,20.07985768754836,19.72129338450081,19.840663094922345,35215179174
2001-04-18,20.31882667541504,20.31882667541504,20.079859645380665,20.31882667541504,72644312193
2001-04-19,21.633493423461914,21.633493423461914,21.514123674456382,21.633493423461914,290954416778
2001-04-20,21.633493423461914,21.87268991409077,21.394526339485815,21.75309075843248,135618069792
2001-04-23,21.514118194580078,21.633487913180865,21.27492358556437,21.633487913180865,47925092591
2001-04-24,21.035953521728516,21.274920510294702,21.035953521728516,21.155550808948696,53528517222
2001-04-25,20.677387237548828,21.274918443863214,20.55778814125831,21.035951478507872,41989129503
2001-04-26,20.677387237548828,21.274918443863214,20.55778814125831,21.035951478507872,41989129503
2001-04-27,20.796987533569336,21.274921533691987,20.796987533569336,21.274921533691987,44470839800
2001-04-30,21.75308609008789,21.87268522007948,21.155554715398992,21.274924438787053,182494001389
2001-05-01,21.75308609008789,21.75308609008789,21.75308609008789,21.75308609008789,0
2001-05-02,22.948368072509766,23.187334980303092,22.709171758232813,23.187334980303092,347857956012
2001-05-03,23.067745208740234,23.067745208740234,22.70918090965615,22.828778204647165,134483249398
2001-05-04,22.231250762939453,22.948381306357117,22.231250762939453,22.948381306357117,80099413071
2001-05-07,22.709178924560547,23.187342297524676,22.231244958152434,22.350614656819932,114545190851
2001-05-08,22.589811325073242,22.82877833048354,22.350616733772732,22.589811325073242,99755803847
2001-05-09,22.709178924560547,22.94837531432062,22.589809225893053,22.709178924560547,61278672235
2001-05-10,22.111648559570312,22.47021284167764,21.992049449554784,22.47021284167764,64391741470
2001-05-11,22.470216751098633,22.470216751098633,21.99205327578378,22.11165240660744,63826143619
2001-05-14,22.111648559570312,22.231245848898816,21.992049449554784,21.992049449554784,40124516855
2001-05-15,21.394514083862305,21.63348103094869,21.274916817401778,21.514111350322832,85139960454
2001-05-16,21.035953521728516,21.155550808948696,20.916354413821345,21.035953521728516,59935477852
2001-05-17,21.27492332458496,21.51411793066647,20.91635718067974,21.155553607448482,47654757191
2001-05-18,21.633493423461914,21.87268991409077,21.274929004515243,21.514123674456382,95308472805
2001-05-21,21.15555191040039,21.514116204855203,20.916355502819417,21.514116204855203,53491624518
2001-05-22,21.514118194580078,21.753085217688717,21.394520890072222,21.394520890072222,62981494442
2001-05-23,22.589811325073242,22.589811325073242,21.633486310964503,21.633486310964503,77986608978
2001-05-24,22.470216751098633,22.589814061234957,22.231249716743765,22.470216751098633,56666480178
2001-05-25,22.589811325073242,22.709181034833286,22.350616733772732,22.470214029422987,57861378809
2001-05-28,22.231250762939453,22.470217808540035,22.231250762939453,22.3506204927755,27492071866
2001-05-29,22.231250762939453,22.470217808540035,22.231250762939453,22.231250762939453,50391879153
2001-05-30,21.514118194580078,22.23124867050032,21.514118194580078,22.11165136599247,49790259358
2001-05-31,21.394514083862305,21.514111350322832,21.274916817401778,21.274916817401778,54368179322
2001-06-01,21.27492332458496,21.753084950843704,21.155553607448482,21.633487647802948,40753226018
2001-06-04,21.514118194580078,21.753085217688717,21.155553866963583,21.27492358556437,38533131028
2001-06-05,21.75308609008789,21.75308609008789,21.39452174809131,21.514119057395572,28913070066
2001-06-06,22.35061264038086,22.470209914127533,22.111645678736046,22.111645678736046,72897807355
2001-06-07,22.231250762939453,22.3506204927755,21.992054310722956,22.11165344717492,62141449041
2001-06-08,23.187345504760742,23.306942805839807,22.948378488503156,22.948378488503156,163135010383
2001-06-11,23.665504455566406,23.665504455566406,23.06774378276487,23.187342891049756,71574202976
2001-06-12,23.187345504760742,23.545909822097393,23.06774638299447,23.426310700331126,61879767074
2001-06-13,22.470216751098633,23.187347260768355,22.470216751098633,23.06774812994469,58310724022
2001-06-14,22.111648559570312,22.47021284167764,21.753082456775964,22.47021284167764,54805425562
2001-06-15,22.35061264038086,22.35061264038086,21.872678717091237,21.99204658430259,33606221920
2001-06-18,21.992042541503906,22.350608531666968,21.633478372027298,22.231238865712562,132926523131
2001-06-19,21.633493423461914,21.99205784240858,21.514123674456382,21.87268991409077,89109248718
2001-06-20,21.514118194580078,21.633487913180865,21.394520890072222,21.514118194580078,41634972048
2001-06-21,20.55778694152832,21.274917202282285,20.55778694152832,21.274917202282285,101354893188
2001-06-22,20.31882667541504,20.796990142084763,20.079859645380665,20.557793705449413,119957081731
2001-06-25,20.31882667541504,20.31882667541504,20.31882667541504,20.31882667541504,0
2001-06-26,20.41450309753418,21.08361106328116,20.41450309753418,20.58162032367923,96070796227
2001-06-27,21.251047134399414,21.41848480324208,20.749056389488846,20.916494058331512,57765016150
2001-06-28,20.581623077392578,21.251049752945192,20.414505828888117,21.251049752945192,47031141048
2001-06-29,21.418489456176758,21.418489456176758,20.916498602214116,21.083615866430872,53805625856
2001-07-02,22.422466278076172,22.422466278076172,21.58560019603963,21.58560019603963,62442405056
2001-07-03,22.255027770996094,22.75701849666109,22.087590108572737,22.42246543341945,30191453577
2001-07-04,21.92047691345215,22.08759233108604,21.75303923418076,22.08759233108604,26744552544
2001-07-05,21.92047691345215,22.08759233108604,21.75303923418076,21.75303923418076,16044664142
2001-07-06,21.083606719970703,21.58559553547377,21.083606719970703,21.41848016444227,40584223689
2001-07-09,20.41450309753418,20.74905617006413,20.41450309753418,20.74905617006413,62249903530
2001-07-10,20.581623077392578,20.91649663565379,20.581623077392578,20.581623077392578,48435884971
2001-07-11,20.581623077392578,20.91649663565379,20.581623077392578,20.74905894617952,34178454624
2001-07-12,21.251047134399414,21.251047134399414,20.749056389488846,20.916494058331512,45144006501
2001-07-13,21.083606719970703,21.920470800632046,21.083606719970703,21.75303316805291,83440695087
2001-07-16,21.083606719970703,21.41848016444227,20.74905189567335,21.41848016444227,52098044529
2001-07-17,20.91649627685547,21.083613522493227,20.581622724338626,20.749058590253398,39253753226
2001-07-18,20.74905776977539,20.91649544975649,20.41450467145206,20.91649544975649,40148263650
2001-07-19,20.41450309753418,20.74905617006413,19.912512357932247,20.41450309753418,52451240755
2001-07-20,20.247068405151367,20.74905921850554,20.247068405151367,20.74905921850554,48338503352
2001-07-23,19.410526275634766,20.24707028848455,19.24308856838827,20.079632581238055,62147840760
2001-07-24,19.243085861206055,19.243085861206055,18.74109507177967,19.075649998202525,52030990693
2001-07-25,19.745075225830078,19.91251289743859,19.24308447262729,19.410522144235802,43066286931
2001-07-26,20.247068405151367,20.414506096823214,19.745077591797198,20.07963071347952,51942754131
2001-07-27,21.251047134399414,21.585600210467316,21.08361128624385,21.251047134399414,156155062051
2001-07-30,21.251047134399414,21.251047134399414,21.251047134399414,21.251047134399414,0
2001-07-31,22.087587356567383,22.087587356567383,21.418481313451444,21.585596693447968,103162152962
2001-08-01,22.92445182800293,22.92445182800293,22.422461197178254,22.92445182800293,137701829919
2001-08-02,23.593883514404297,23.760998907907485,23.426445859310142,23.426445859310142,99316282800
2001-08-03,23.09157371520996,23.59388488907199,23.09157371520996,23.59388488907199,69056552276
2001-08-06,22.75701904296875,22.924456709411636,22.589581376525867,22.75701904296875,46619357529
2001-08-07,22.087587356567383,22.422462639690274,21.92047197657086,22.255024998128828,45691471961
2001-08-08,22.589574813842773,22.589574813842773,22.087584221964345,22.087584221964345,33965064989
2001-08-09,21.75303840637207,22.08759149054598,21.75303840637207,21.75303840637207,29149178904
2001-08-10,22.92445182800293,22.92445182800293,21.92047056635358,22.255023566388633,51262912996
2001-08-13,22.75701904296875,22.75701904296875,22.422465971695793,22.75701904296875,22755986154
2001-08-14,23.09157371520996,23.09157371520996,22.75701882643325,22.75701882643325,30352773225
2001-08-15,22.92445182800293,23.259004828037984,22.92445182800293,23.09156901793505,37550138824
2001-08-16,22.75701904296875,22.924456709411636,22.589581376525867,22.75701904296875,22472824164
2001-08-17,22.589574813842773,22.924450049441184,22.422459457562756,22.75701243164198,24091688315
2001-08-20,22.087587356567383,22.087587356567383,21.753034335009414,21.92047197657086,54058062773
2001-08-21,22.255027770996094,22.255027770996094,21.753037045331098,21.753037045331098,28486645824
2001-08-22,20.74905776977539,21.58560164640315,20.74905776977539,21.418486228060914,131335001004
2001-08-23,20.74905776977539,20.91649544975649,20.079629311489864,20.079629311489864,109761355021
2001-08-24,20.247068405151367,20.414506096823214,20.07963071347952,20.414506096823214,92537405507
2001-08-27,21.251047134399414,21.585600210467316,20.247065644578278,20.247065644578278,172843967671
2001-08-28,21.083606719970703,21.41848016444227,20.74905189567335,21.41848016444227,97109196229
2001-08-29,21.585601806640625,21.585601806640625,20.916495605026956,21.083612845296983,99128757042
2001-08-30,21.083606719970703,21.41848016444227,21.083606719970703,21.25104253186313,50885587864
2001-08-31,21.418489456176758,21.585604899706013,20.749060896997424,20.916498602214116,49968004993
2001-09-03,21.418489456176758,21.585604899706013,21.251051750960066,21.418489456176758,39017023309
2001-09-04,22.087587356567383,22.087587356567383,21.251043671890002,21.418481313451444,52138689890
2001-09-05,21.92047691345215,21.92047691345215,21.585601554909374,21.92047691345215,45011258834
2001-09-06,21.418489456176758,21.585604899706013,21.083615866430872,21.418489456176758,32151543245
2001-09-07,21.083606719970703,21.25104253186313,20.916489528252487,21.25104253186313,41915298266
2001-09-10,21.418489456176758,21.585604899706013,20.916498602214116,20.916498602214116,28395811269
2001-09-11,21.083606719970703,21.41848016444227,21.083606719970703,21.41848016444227,29208435782
2001-09-12,21.083606719970703,21.083606719970703,21.083606719970703,21.083606719970703,0
2001-09-13,19.745075225830078,19.745075225830078,19.745075225830078,19.745075225830078,38823893860
2001-09-14,18.57365608215332,19.745073326817426,18.406538867553177,19.410520277399304,98405401741
2001-09-17,18.57365608215332,18.57365608215332,18.57365608215332,18.57365608215332,0
2001-09-18,18.57365608215332,18.57365608215332,18.57365608215332,18.57365608215332,0
2001-09-19,18.57365608215332,18.57365608215332,18.57365608215332,18.57365608215332,0
2001-09-20,17.569673538208008,17.569673538208008,17.569673538208008,17.569673538208008,4882070946
2001-09-21,17.06768226623535,17.06768226623535,17.06768226623535,17.06768226623535,2609586650
2001-09-24,17.06768226623535,17.06768226623535,17.06768226623535,17.06768226623535,0
2001-09-25,15.86291217803955,16.498980327992502,15.796193079598345,16.465301248091684,181477080515
2001-09-26,16.23114585876465,16.298185404123505,14.758532603393727,15.729154922923232,137796559978
2001-09-27,15.561708450317383,16.06370092490752,15.394593073388933,16.06370092490752,52486362776
2001-09-28,15.561708450317383,15.561708450317383,15.561708450317383,15.561708450317383,0
2001-10-01,15.561708450317383,15.561708450317383,15.561708450317383,15.561708450317383,0
2001-10-02,15.059722900390625,15.595393677750032,14.658130265437713,15.595393677750032,67122484210
2001-10-03,14.758524894714355,15.126758809241956,14.591408600871576,14.89260300505643,50025077532
2001-10-04,14.825565338134766,15.762509112261943,14.792206709601393,15.762509112261943,107361475283
2001-10-05,15.662109375,15.862905649038462,14.892603344885028,14.95932150552194,90599194936
2001-10-08,15.3945951461792,15.595391434776564,15.227158395490774,15.227158395490774,36931798424
2001-10-09,16.465299606323242,16.465299606323242,15.829550140097783,15.929948308429024,85981949737
2001-10-10,16.465299606323242,16.465299606323242,16.465299606323242,16.465299606323242,0
2001-10-11,17.569673538208008,17.569673538208008,17.06768463435518,17.23512047571622,70577691087
2001-10-12,18.406539916992188,18.741092985484674,18.07166458688957,18.741092985484674,146532259358
2001-10-15,17.904544830322266,18.406535441817248,17.737107205980013,17.904544830322266,45872414944
2001-10-16,18.57365608215332,18.57365608215332,17.737110507125177,18.0716635565433,42133562488
2001-10-17,19.410526275634766,19.745079428436412,19.0756526818293,19.410526275634766,129414568686
2001-10-18,19.912506103515625,19.912506103515625,19.07564211331152,19.07564211331152,85720721898
2001-10-19,19.57763671875,19.745074383213144,19.07564780765662,19.57763671875,87127763246
2001-10-22,19.410526275634766,19.745079428436412,19.0756526818293,19.577641721189917,53561188259
2001-10-23,19.243085861206055,19.912514334323234,19.243085861206055,19.912514334323234,59501452172
2001-10-24,20.581623077392578,20.581623077392578,19.410524215356773,19.410524215356773,133139455065
2001-10-25,20.91649627685547,21.083613522493227,20.581622724338626,21.083613522493227,100118530217
2001-10-26,21.083606719970703,21.41848016444227,21.083606719970703,21.083606719970703,63375879436
2001-10-29,22.422466278076172,22.422466278076172,21.58560019603963,22.25502860934542,159762803606
2001-10-30,20.91649627685547,21.58560249996053,20.91649627685547,20.91649627685547,103426940023
2001-10-31,20.41450309753418,20.916493837136112,20.07962776339021,20.07962776339021,87162486490
2001-11-01,20.41450309753418,20.916493837136112,20.247065430462197,20.916493837136112,67706863206
2001-11-02,20.91649627685547,21.41848707501007,20.749058590253398,21.083613522493227,107589015503
2001-11-05,21.75303840637207,21.75303840637207,20.916494565124683,21.083611797086167,72908380267
2001-11-06,21.92047691345215,22.589583107262705,21.92047691345215,22.422467689628814,114083762138
2001-11-07,22.422466278076172,22.58958168518971,22.087590940614668,22.25502860934542,62689312681
2001-11-08,22.589574813842773,23.259003023520407,22.422459457562756,22.75701243164198,97915110002
2001-11-09,22.589574813842773,22.589574813842773,22.589574813842773,22.589574813842773,0
2001-11-12,22.75701904296875,23.09157393492879,22.422465971695793,22.75701904296875,60076010572
2001-11-13,22.589574813842773,22.75701243164198,22.422459457562756,22.422459457562756,32001930937
2001-11-14,24.095870971679688,24.095870971679688,23.426442703085534,23.426442703085534,167287343831
2001-11-15,24.93241310119629,24.93241310119629,23.928431889886323,24.09586951228066,127912553253
2001-11-16,25.9363956451416,26.27094864559188,24.5978595611092,24.932414382246172,154915643388
2001-11-19,26.605825424194336,26.605825424194336,25.601845856051703,25.93639889846655,99340227197
2001-11-20,24.93241310119629,26.270947295766902,24.76497547880195,26.103831934900597,108705218429
2001-11-21,25.26697540283203,25.26697540283203,24.09587839875914,24.09587839875914,113891195141
2001-11-22,24.430423736572266,25.099851998627596,24.262986105672333,25.099851998627596,78148114323
2001-11-23,24.597864151000977,24.932419034564944,24.095875246570248,24.430428309447183,67781672336
2001-11-26,24.764982223510742,24.9324198915065,24.43042914913503,24.59786499644369,106122556577
2001-11-27,25.26697540283203,26.4383946685518,24.76498461204454,26.4383946685518,208435722041
2001-11-28,24.764982223510742,26.1038390442452,24.764982223510742,25.43441063387797,82210650629
2001-11-29,24.430423736572266,24.430423736572266,24.0958707363168,24.262986105672333,78561674477
2001-11-30,24.430423736572266,25.099851998627596,24.430423736572266,25.099851998627596,121174113006
2001-12-03,25.9363956451416,25.9363956451416,25.099852013243606,25.266967382696453,95400454286
2001-12-04,26.270944595336914,26.43838220052009,25.266963487227677,25.601838697594026,87963745896
2001-12-05,27.94436264038086,27.94436264038086,27.27493427086669,27.442371928644267,205624746225
2001-12-06,29.784893035888672,29.784893035888672,29.11578499032492,29.784893035888672,194245604436
2001-12-07,29.617774963378906,29.78489037383569,28.780908864600356,29.450337291298464,118018166457
2001-12-10,28.11180877685547,29.115788682448283,28.11180877685547,28.948352794857982,107978018216
2001-12-11,28.613784790039062,28.78090198121439,27.27493007753724,27.44236770957245,95422642880
2001-12-12,29.617774963378906,30.119765717996575,28.613791633456433,28.780908864600356,118173177116
2001-12-13,28.11180877685547,29.952334521138326,28.11180877685547,29.78489681286049,105076597693
2001-12-14,27.94436264038086,28.111800298158435,27.442371928644267,27.60980958642184,73413581455
2001-12-17,27.10781478881836,27.77692266151147,26.94037896571902,27.609807279294504,62690628046
2001-12-18,27.60980796813965,28.11179865045327,27.442370320176025,28.11179865045327,90387456947
2001-12-19,28.613784790039062,28.948339613249605,27.9443583441315,28.111795976166714,95314211603
2001-12-20,28.613784790039062,28.78090198121439,27.77692071209629,27.77692071209629,82619407618
2001-12-21,26.77294158935547,27.60980755507619,26.77294158935547,27.442369909617565,184451732922
2001-12-24,27.10781478881836,27.44236963550833,26.270950652143537,26.270950652143537,69557938312
2001-12-25,27.94436264038086,28.111800298158435,26.94038121690767,27.10781705399826,56300051145
2001-12-26,27.60980796813965,28.27891403683965,27.442370320176025,27.94436100248965,50672647595
2001-12-27,27.4423770904541,28.446358702772525,27.4423770904541,27.94436789661331,74257765791
2001-12-28,28.44635009765625,28.613785915591013,27.609806427667078,27.944359443350894,90661600356
2001-12-31,29.282907485961914,29.78489837543756,28.948354313548226,28.948354313548226,142278227393
2002-01-01,29.282907485961914,29.282907485961914,29.282907485961914,29.282907485961914,0
2002-01-02,28.780914306640625,29.450342859917658,28.278923457104,29.28290515617725,63219970044
2002-01-03,28.780914306640625,28.780914306640625,28.780914306640625,28.780914306640625,0
2002-01-04,29.784893035888672,29.95233072293402,29.450339923450446,29.61777761049579,161224084400
2002-01-07,30.956308364868164,31.123746030510556,29.784889228593954,30.11976455987874,143660633926
2002-01-08,30.286882400512695,30.788873176214146,30.11976698303701,30.788873176214146,66545271274
2002-01-09,30.621753692626953,31.123746252205635,30.119764774422435,30.956308585370582,72284564141
2002-01-10,30.286882400512695,30.788873176214146,30.11976698303701,30.621755938051244,51368481421
2002-01-11,29.282907485961914,30.28688926491321,29.282907485961914,30.119773809561483,69855335701
2002-01-14,29.450328826904297,29.450328826904297,28.780900592608265,28.948338216565034,47642526681
2002-01-15,29.282907485961914,29.617782920085833,29.115790209922558,29.450345203023872,36711147501
2002-01-16,28.44635009765625,29.45033140626696,28.44635009765625,29.282893767645422,63000476760
2002-01-17,28.27891731262207,28.446354979981393,27.609811166413934,27.77692657215868,74009989192
2002-01-18,28.44635009765625,28.948340751961606,28.27891245903471,28.44635009765625,64443521005
2002-01-21,30.286882400512695,30.286882400512695,28.61379283524544,28.780910073408347,106826877778
2002-01-22,30.119760513305664,31.12374184905315,29.617769845431923,30.45431353803217,128790074046
2002-01-23,29.617774963378906,30.788871883071025,29.28289961921802,29.450337291298464,120107453497
2002-01-24,30.286882400512695,30.454320079625578,29.282900849109797,30.11976698303701,91067250466
2002-01-25,30.78886604309082,30.956303683411974,30.119760004931276,30.621748843645406,131361617793
2002-01-28,30.78886604309082,30.956303683411974,30.454313024011046,30.78886604309082,88306395399
2002-01-29,29.784893035888672,30.454321522417587,29.784893035888672,30.454321522417587,58836080048
2002-01-30,29.11577606201172,29.45033089254646,28.948340246997642,29.11577606201172,73377524990
2002-01-31,29.11577606201172,29.11577606201172,29.11577606201172,29.11577606201172,0
2002-02-01,28.613784790039062,29.115775424598112,28.44634897869055,29.115775424598112,103873616415
2002-02-04,28.780914306640625,29.115787893433954,28.278923457104,28.446361160844404,48429656333
2002-02-05,28.613784790039062,28.78090198121439,28.27891134665534,28.27891134665534,43280411623
2002-02-06,28.94834327697754,29.282896321842706,28.78090562375127,28.78090562375127,70636501574
2002-02-07,28.94834327697754,28.94834327697754,28.94834327697754,28.94834327697754,0
2002-02-08,28.94834327697754,28.94834327697754,28.94834327697754,28.94834327697754,0
2002-02-11,28.94834327697754,28.94834327697754,28.94834327697754,28.94834327697754,0
2002-02-12,28.94834327697754,28.94834327697754,28.94834327697754,28.94834327697754,0
2002-02-13,28.94834327697754,28.94834327697754,28.94834327697754,28.94834327697754,0
2002-02-14,28.94834327697754,28.94834327697754,28.94834327697754,28.94834327697754,0
2002-02-15,28.94834327697754,28.94834327697754,28.94834327697754,28.94834327697754,0
2002-02-18,29.282907485961914,29.78489837543756,29.115790209922558,29.617782920085833,79417673286
2002-02-19,28.613784790039062,29.450330247808655,28.44634897869055,29.28289261577344,49938769378
2002-02-20,27.4423770904541,28.1118055858853,27.4423770904541,28.1118055858853,64741959973
2002-02-21,27.60980796813965,27.94436100248965,27.107815465139147,27.776923354526026,53616987097
2002-02-22,27.274930953979492,27.44236859139508,26.772940303289666,26.772940303289666,45345656060
2002-02-25,27.10781478881836,27.77692266151147,27.10781478881836,27.44236963550833,33289509205
2002-02-26,26.77294158935547,27.60980755507619,26.77294158935547,27.442369909617565,63760930103
2002-02-27,27.4423770904541,27.609814779726086,26.94038628429489,26.94038628429489,74203270414
2002-02-28,27.4423770904541,27.4423770904541,27.4423770904541,27.4423770904541,0
2002-03-01,27.10781478881836,27.609807279294504,27.10781478881836,27.10781478881836,75910280361
2002-03-04,28.94834327697754,28.94834327697754,28.111799534020932,28.94834327697754,97211205432
2002-03-05,30.45431900024414,30.788872084975267,29.78489056915612,30.788872084975267,179088949780
2002-03-06,31.625730514526367,31.625730514526364,30.454313363049145,30.62174918454751,179561088297
2002-03-07,31.290868759155273,31.792857762081777,31.123751505041888,31.792857762081777,120272975169
2002-03-08,30.621753692626953,31.625735170410152,30.454317846478983,31.290863478114208,84486290907
2002-03-11,32.62971496582031,32.62971496582031,31.290861864771816,31.290861864771816,141985430804
2002-03-12,31.7928524017334,32.29484132002341,31.29086348344339,31.96029006859697,81775919652
2002-03-13,31.458290100097656,32.12772016896594,31.290856114041123,31.792844914106265,55129555206
2002-03-14,31.123746871948242,31.123746871948242,30.62175430237378,30.788871531610027,61840313278
2002-03-15,30.286882400512695,30.788873176214146,30.11976698303701,30.454320079625578,93412069400
2002-03-18,30.621753692626953,30.621753692626953,29.784889440752327,30.621753692626953,39047773677
2002-03-19,30.621753692626953,30.788870918535526,30.119764774422435,30.788870918535526,46678081714
2002-03-20,32.12773513793945,32.12773513793945,30.621760753332932,30.788878017775076,89969926892
2002-03-21,31.458290100097656,31.792844914106265,30.956301300032514,30.956301300032514,59678431206
2002-03-22,31.7928524017334,32.12772773546054,31.625735175796365,31.96029006859697,57703426137
2002-03-25,32.12773513793945,32.29484876100659,31.290870693102253,31.792859727054424,50071097438
2002-03-26,31.625730514526367,31.960285358017423,31.458292872341183,31.79284771583224,34394957091
2002-03-27,30.956308364868164,31.96028983549998,30.956308364868164,31.96028983549998,49892148333
2002-03-28,31.7928524017334,31.7928524017334,31.12374625750635,31.29086348344339,66767145308
2002-03-29,32.294837951660156,32.62971325045968,32.12772438452729,32.46227560105992,84362914469
2002-04-01,31.960289001464844,32.46227790299379,31.960289001464844,32.127726662737786,29433916653
2002-04-02,32.12773513793945,32.629724171891624,32.12773513793945,32.29484876100659,52946121391
2002-04-03,31.7928524017334,31.96029006859697,31.625735175796365,31.7928524017334,50674695041
2002-04-04,30.956308364868164,31.79285216985759,30.78887069922577,31.458297279497003,67791165578
2002-04-05,30.956308364868164,30.956308364868164,30.956308364868164,30.956308364868164,0
2002-04-08,30.621753692626953,30.956308585370582,30.454317846478983,30.788870918535526,61887291435
2002-04-09,30.621753692626953,30.788870918535526,30.286880179643926,30.788870918535526,39162192542
2002-04-10,30.286882400512695,30.454320079625578,30.11976698303701,30.286882400512695,76946484121
2002-04-11,30.119760513305664,30.45431353803217,30.119760513305664,30.119760513305664,65494044979
2002-04-12,30.78886604309082,30.78886604309082,29.61776934553035,29.952322364610122,69123195432
2002-04-15,30.621753692626953,30.956308585370582,30.454317846478983,30.788870918535526,45049916269
2002-04-16,30.956308364868164,31.123746030510556,30.621753474507578,30.78887069922577,33122690024
2002-04-17,32.12773513793945,32.46228646644911,31.960297432496937,31.960297432496937,119691131673
2002-04-18,31.960289001464844,32.46227790299379,31.792851340191902,32.46227790299379,43245786585
2002-04-19,31.625730514526367,31.79284771583224,31.458292872341183,31.79284771583224,33966082760
2002-04-22,31.123746871948242,31.62573580014847,31.123746871948242,31.29086410118449,33068661869
2002-04-23,31.458290100097656,31.458290100097656,30.788863672602673,30.788863672602673,29257137007
2002-04-24,31.7928524017334,31.96029006859697,31.458297508932795,31.458297508932795,39788585830
2002-04-25,30.78886604309082,31.29085852317854,30.78886604309082,31.123741323733128,54026886847
2002-04-26,30.78886604309082,30.78886604309082,30.454313024011046,30.454313024011046,51807319192
2002-04-29,29.784893035888672,30.11976840997936,29.450339923450446,30.11976840997936,139939925764
2002-04-30,29.282907485961914,29.617782920085833,29.115790209922558,29.450345203023872,75670931619
2002-05-01,29.282907485961914,29.282907485961914,29.282907485961914,29.282907485961914,0
2002-05-02,28.44635009765625,29.45033140626696,28.44635009765625,29.282893767645422,75300367818
2002-05-03,28.44635009765625,28.44635009765625,27.776921804729355,27.776921804729355,58913763934
2002-05-06,27.10781478881836,27.44236963550833,26.772941321932848,27.44236963550833,86268098080
2002-05-07,27.4423770904541,27.609814779726086,26.772948595022903,26.772948595022903,61861001999
2002-05-08,27.776927947998047,28.111803299303645,27.60981253397578,27.60981253397578,79020605781
2002-05-09,28.44635009765625,29.282893767645422,28.44635009765625,29.282893767645422,76347552789
2002-05-10,28.94834327697754,29.115779109516872,27.944361880794663,28.111799534020932,43498655013
2002-05-13,28.44635009765625,28.780903113340067,28.44635009765625,28.44635009765625,27724948539
2002-05-14,29.11577606201172,29.11577606201172,28.78090261129682,28.78090261129682,36539659073
2002-05-15,30.119760513305664,30.286875894884933,29.617769845431923,29.784885227011188,79152731477
2002-05-16,29.617774963378906,29.78489037383569,29.450337291298464,29.78489037383569,27776030515
2002-05-17,29.952329635620117,29.952329635620117,29.450338854359554,29.784891954653006,40331926640
2002-05-20,29.11577606201172,29.784883902394462,29.11577606201172,29.617768528247282,44740805587
2002-05-21,28.94834327697754,29.282896321842706,28.78090562375127,28.94834327697754,36348737770
2002-05-22,29.450328826904297,29.784881813286795,28.948338216565034,28.948338216565034,53130516462
2002-05-23,29.11577606201172,29.282893256845643,28.948340246997642,29.11577606201172,44650024598
2002-05-24,29.282907485961914,29.450345203023872,28.948354313548226,28.948354313548226,44515744323
2002-05-27,28.94834327697754,29.115779109516872,28.78090562375127,29.115779109516872,19161398245
2002-05-28,28.780914306640625,29.28290515617725,28.446361160844404,29.115787893433954,49149752981
2002-05-29,28.613784790039062,28.613784790039062,28.111795976166714,28.44634897869055,45141530520
2002-05-30,28.94834327697754,28.94834327697754,28.111799534020932,28.111799534020932,74988001460
2002-05-31,28.613784790039062,28.78090198121439,28.111795976166714,28.613784790039062,65398588791
2002-06-03,28.44635009765625,28.44635009765625,27.609806427667078,28.111797081972433,42716879074
2002-06-04,27.274930953979492,27.60980622881067,27.10781375743408,27.274930953979492,90498292782
2002-06-05,27.4423770904541,27.609814779726086,27.274939401182113,27.274939401182113,64899535890
2002-06-06,26.940380096435547,27.274933136480232,26.772942445621837,27.274933136480232,85301430088
2002-06-07,25.099853515625,25.601844177119958,25.099853515625,25.099853515625,220255362174
2002-06-10,25.099853515625,25.434406536100347,24.764978233585776,25.099853515625,96887346002
2002-06-11,24.764982223510742,25.43441063387797,24.59786499644369,25.43441063387797,69473808544
2002-06-12,24.095870971679688,24.76497697872629,23.928433339144263,24.597859787051704,69348253720
2002-06-13,25.26697540283203,25.43441308697682,24.59786736885936,24.93242229618933,106950879163
2002-06-14,25.26697540283203,25.26697540283203,24.93242229618933,25.09985998033412,34995182956
2002-06-17,24.764982223510742,25.43441063387797,24.764982223510742,25.266972965882214,101340164674
2002-06-18,25.26697540283203,25.43441308697682,25.09985998033412,25.43441308697682,91342244994
2002-06-19,25.216899871826172,25.953271235850092,25.216899871826172,25.58490803686312,88099701354
2002-06-20,25.216899871826172,25.216899871826172,24.296347818652226,24.664711017639195,58709305089
2002-06-21,25.40108299255371,25.953273720287346,24.664713378726027,24.848540872210265,76163646854
2002-06-24,25.216899871826172,25.401080560976194,24.84853849352612,25.216899871826172,50425943958
2002-06-25,25.584909439086914,26.137100144224547,25.21690125388066,25.584909439086914,77223383791
2002-06-26,24.480527877807617,25.401078018140776,24.480527877807617,25.216897347428596,66817691886
2002-06-27,24.480527877807617,25.032716676716415,24.296345386408696,24.664708548519798,52370730270
2002-06-28,25.0327205657959,25.21690126512236,24.664712380425584,24.848539866469434,53725561220
2002-07-01,24.66472053527832,25.032728842322566,24.296357194147053,25.032728842322566,31670484218
2002-07-02,24.296354293823242,24.4805368527463,23.560337767595104,23.560337767595104,34987654104
2002-07-03,23.376148223876953,23.56032889273421,22.63977694098539,23.56032889273421,103732963846
2002-07-04,23.744155883789062,23.928336549042637,23.37614776649918,23.560328431752758,57177497811
2002-07-05,24.66472053527832,24.66472053527832,23.37615981983674,23.744168126880986,64912258296
2002-07-08,26.137096405029297,26.32127707792461,25.40107831922514,25.584905778888526,128201266856
2002-07-09,26.321287155151367,26.321287155151367,25.58491557419201,25.953278881698996,43663517110
2002-07-10,25.76909065246582,25.953273176071935,25.401082459917212,25.953273176071935,55840300646
2002-07-11,24.848543167114258,25.216904614696826,24.664715656652504,25.216904614696826,42029900287
2002-07-12,26.137096405029297,26.137096405029297,25.40107831922514,25.40107831922514,77343844351
2002-07-15,25.584909439086914,26.137100144224547,25.584909439086914,26.137100144224547,30993639582
2002-07-16,25.40108299255371,26.137101213771583,25.216902285772562,25.953273720287346,40165515704
2002-07-17,24.66472053527832,25.216909602544387,24.4805397750565,25.032728842322566,56765584704
2002-07-18,23.744155883789062,24.48052715227278,23.560328431752758,24.48052715227278,127583656914
2002-07-19,22.639787673950195,22.823968430123003,22.455960131169018,22.823968430123003,161639111963
2002-07-22,22.271772384643555,22.271772384643555,21.7195834576894,21.903764171110666,79529952182
2002-07-23,22.823957443237305,22.823957443237305,21.903758711429738,21.903758711429738,97899616728
2002-07-24,21.535398483276367,22.087587300974498,21.535398483276367,21.90375983723496,99113193428
2002-07-25,21.351572036743164,22.455951545439774,21.351572036743164,22.271769038999068,106641634836
2002-07-26,19.878829956054688,19.878829956054688,19.878829956054688,19.878829956054688,52826795476
2002-07-29,18.590625762939453,18.95863398865867,18.590625762939453,18.590625762939453,268685257937
2002-07-30,19.1428165435791,19.326644049919327,18.7744532835682,19.1428165435791,179507412116
2002-07-31,18.590625762939453,18.95863398865867,18.406445043419176,18.95863398865867,72425544064
2002-08-01,18.40644073486328,18.774448874439628,18.40644073486328,18.40644073486328,63482390422
2002-08-02,18.369752883911133,18.369752883911133,17.85425801366758,18.038438752947627,96478698311
2002-08-05,17.117881774902344,17.55963322199711,17.117881774902344,17.30206246388885,104370150049
2002-08-06,16.97075080871582,17.412502317900863,16.087247790345735,16.087247790345735,111234870709
2002-08-07,18.148866653442383,18.148866653442383,17.817552696566732,18.1118193253122,98428338108
2002-08-08,18.075136184692383,18.222269603217885,17.817565309260708,18.222269603217885,77595895479
2002-08-09,18.77445411682129,18.77445411682129,18.40644587448618,18.40644587448618,64740914607
2002-08-12,18.590625762939453,18.77445326913839,18.406445043419176,18.77445326913839,52770712571
2002-08-13,18.40644073486328,18.590621411270785,18.332697457515188,18.40644073486328,25020477487
2002-08-14,18.77445411682129,18.77445411682129,18.40644587448618,18.40644587448618,51260440263
2002-08-15,19.51081657409668,19.878826466204053,19.326635931799597,19.326635931799597,105961573482
2002-08-16,19.69500732421875,19.878836668373506,19.510826587396867,19.878836668373506,53287622182
2002-08-19,19.69500732421875,20.063017405195385,19.510826587396867,19.69500732421875,46580983350
2002-08-20,20.06300926208496,20.431017373008242,19.87882860001774,19.87882860001774,85566285325
2002-08-21,19.51081657409668,19.69499721639376,19.326635931799597,19.69499721639376,54778096387
2002-08-22,19.51081657409668,19.878826466204053,19.51081657409668,19.69499721639376,76792100033
2002-08-23,19.51081657409668,19.51081657409668,19.51081657409668,19.51081657409668,0
2002-08-26,19.326637268066406,19.510817923097957,19.142809826232522,19.510817923097957,49183911880
2002-08-27,18.77445411682129,19.5108256355161,18.77445411682129,19.326644907679903,46771935765
2002-08-28,18.40644073486328,18.590621411270785,18.40644073486328,18.40644073486328,66760743254
2002-08-29,18.40644073486328,18.774448874439628,18.18556593674446,18.222260058455777,46533076159
2002-08-30,18.369752883911133,18.590627757428525,18.296009581389786,18.590627757428525,44359594421
2002-09-02,17.928001403808594,18.33270566701208,17.928001403808594,18.33270566701208,32902936481
2002-09-03,17.928001403808594,18.111830769984138,17.85425991412541,17.928001403808594,31752749966
2002-09-04,17.633380889892578,17.927999058754068,17.48624750179346,17.670076843923386,57145958279
2002-09-05,17.48624038696289,17.85425031414951,17.48624038696289,17.85425031414951,31957792095
2002-09-06,17.48624038696289,17.48624038696289,17.48624038696289,17.48624038696289,0
2002-09-09,17.8542537689209,17.927995233223218,17.52293971672541,17.59668118102773,48750177031
2002-09-10,18.590625762939453,18.590625762939453,17.780512803569856,17.85425609817968,49558517546
2002-09-11,18.590625762939453,18.77445326913839,18.406445043419176,18.77445326913839,40989717968
2002-09-12,18.369752883911133,18.590627757428525,18.222266278868435,18.590627757428525,32294468079
2002-09-13,17.707115173339844,18.00137997899753,17.670067845511984,17.890942601169012,38608734895
2002-09-16,17.37580680847168,17.596681635177873,17.22832023468661,17.522940168972372,49178944769
2002-09-17,18.038436889648438,18.038436889648438,17.265371270817347,17.265371270817347,61144158051
2002-09-18,16.78656578063965,17.265366330174473,16.78656578063965,17.117879782571183,112968608908
2002-09-19,16.78656578063965,16.97074644818957,16.5656909931431,16.934052328242938,73465780491
2002-09-20,16.013500213623047,16.41855748507116,15.829672761239497,16.381861544826027,126676288003
2002-09-23,15.498360633850098,16.087245428774793,15.461311475914268,15.829674672274528,75797395458
2002-09-24,15.571752548217773,15.792627386222858,15.277485812163123,15.277485812163123,105920386500
2002-09-25,15.461309432983398,15.755929308490831,15.09330131919621,15.645491917170617,78987027462
2002-09-26,15.6821870803833,16.087244374178443,15.6821870803833,16.05054843190879,82077349709
2002-09-27,15.461309432983398,15.79262342763071,15.461309432983398,15.682186036310496,61569057069
2002-09-30,15.13000202178955,15.13000202178955,14.725297816428872,15.13000202178955,69557291722
2002-10-01,14.76198673248291,15.240433099239507,14.72529079639111,14.8724241125633,77405814202
2002-10-02,14.725296020507812,15.277485847840746,14.725296020507812,15.130000176510114,86896919194
2002-10-03,13.878490447998047,14.467375415262245,13.878490447998047,14.467375415262245,98992186377
2002-10-04,13.98892593383789,14.209802600163153,13.547174421874555,13.547174421874555,89524174664
2002-10-07,13.252552032470703,13.804741738421288,13.252552032470703,13.804741738421288,78537828557
2002-10-08,13.10542106628418,13.179164354245964,12.847851199039242,12.884545326031855,143018927543
2002-10-09,13.252552032470703,13.841789982347528,12.994981301458528,13.105418696442628,176815140516
2002-10-10,13.252552032470703,13.252552032470703,13.252552032470703,13.252552032470703,0
2002-10-11,13.142114639282227,13.69430434530826,13.068724577870976,13.620914283897008,142303923266
2002-10-14,13.98892593383789,13.98892593383789,13.47343112866125,13.583869461823882,143797064993
2002-10-15,14.946171760559082,14.946171760559082,14.430677003694859,14.541114416163648,107764602339
2002-10-16,15.976805686950684,15.976805686950684,15.608797536405548,15.976805686950684,202784225298
2002-10-17,16.013500213623047,16.16098675966609,15.682186215196452,15.79262360777642,114359757123
2002-10-18,17.117881774902344,17.117881774902344,16.418559569699315,16.71317766528778,193637858376
2002-10-21,16.749874114990234,17.007444880861016,16.565693420452998,17.007444880861016,94279112187
2002-10-22,16.013500213623047,16.934052149099248,15.682186215196452,16.786565603056204,136840209293
2002-10-23,16.565692901611328,16.74987359037998,15.350874147678988,15.645494063605891,207266918600
2002-10-24,16.565692901611328,16.860310996851315,16.41855955027906,16.860310996851315,124002532148
2002-10-25,16.934057235717773,17.08119061273851,16.418562416846378,16.565695793867114,125819877973
2002-10-28,17.154932022094727,17.52294206991143,17.117884678330785,17.449198775019013,131088738347
2002-10-29,17.228322982788086,17.265372149129796,16.934058035535333,17.154932897473426,59101295644
2002-10-30,16.749874114990234,17.04449221945773,16.418560064512477,16.860311524920494,74077746973
2002-10-31,17.117881774902344,17.26536833967143,16.970748423396042,17.081187650684925,72249828452
2002-11-01,16.565692901611328,17.117881754654913,16.565692901611328,17.081187630480898,56491857925
2002-11-04,17.302064895629883,17.4862456105023,17.08119005138282,17.117884180757464,88400985319
2002-11-05,17.559635162353516,17.92799658103081,17.559635162353516,17.85425511118469,124262282839
2002-11-06,18.77445411682129,18.77445411682129,17.375809411395664,17.559636925894573,204144045002
2002-11-07,18.958627700805664,19.32663762515726,18.590619597140687,19.14281017992687,152395751105
2002-11-08,18.77445411682129,18.77445411682129,18.40644587448618,18.40644587448618,107783107263
2002-11-11,17.559635162353516,18.406444025898814,17.522941034081363,18.406444025898814,91990724072
2002-11-12,17.228322982788086,17.265372149129796,16.74987730591091,16.74987730591091,95338546119
2002-11-13,17.228322982788086,17.302066281443466,16.74987730591091,17.228322982788086,72543369566
2002-11-14,17.081186294555664,17.486241764587458,17.081186294555664,17.228317813693806,57321657659
2002-11-15,17.81755256652832,18.14886652098593,17.55962866213463,18.14886652098593,105183977112
2002-11-18,17.743810653686523,18.038430515877447,17.5229358810294,17.81755392253374,42476953811
2002-11-19,17.522937774658203,17.78050851331782,17.522937774658203,17.670071115054764,45870578249
2002-11-20,16.97075080871582,17.338760845838525,16.897007515966305,17.1549315235898,55682754488
2002-11-21,17.265369415283203,17.486244242247363,17.081188714822463,17.338759488977075,85523015187
2002-11-22,18.40644073486328,18.40644073486328,18.111822659396367,18.259307393405756,183661410360
2002-11-25,19.1428165435791,19.1428165435791,18.2222643379043,18.590625777227977,147887832670
2002-11-26,18.590625762939453,19.14281652886617,18.590625762939453,18.95863398865867,102202628304
2002-11-27,18.40644073486328,18.40644073486328,18.075126716998252,18.222260058455777,50155420371
2002-11-28,18.590625762939453,18.95863398865867,18.406445043419176,18.95863398865867,88820138071
2002-11-29,18.590625762939453,18.77445326913839,18.406445043419176,18.590625762939453,42270212692
2002-12-02,18.590625762939453,18.590625762939453,18.590625762939453,18.590625762939453,0
2002-12-03,19.69500732421875,19.878836668373506,18.958635769598352,19.142818327107626,126338005013
2002-12-04,19.1428165435791,19.510824769581163,19.1428165435791,19.326644049919327,73386864025
2002-12-05,19.326637268066406,19.326637268066406,18.774446695482837,18.958627350514387,48143978458
2002-12-06,18.958627700805664,19.32663762515726,18.958627700805664,18.958627700805664,51058844811
2002-12-09,19.1428165435791,19.510824769581163,18.95863400323004,19.326644049919327,50093028478
2002-12-10,18.40644073486328,18.590621411270785,18.332697457515188,18.590621411270785,93248680123
2002-12-11,18.40644073486328,18.590621411270785,18.332697457515188,18.40644073486328,86301396122
2002-12-12,18.038436889648438,18.590625837090403,17.854256169393533,18.4064451168355,63603402883
2002-12-13,17.928001403808594,18.185574080354932,17.74382064492383,17.928001403808594,61258493589
2002-12-16,17.633380889892578,17.780514277991696,17.412504201068586,17.59668493586177,60298937548
2002-12-17,17.596677780151367,18.038430978159877,17.596677780151367,17.854250318263983,43846304633
2002-12-18,17.67007827758789,17.780515720616556,17.522944877551083,17.59668636357161,44765306756
2002-12-19,16.897005081176758,17.30206240261974,16.5656928625441,16.63943432398059,109025956371
2002-12-20,16.934057235717773,17.22832216907201,16.381866465578586,16.897008071125946,93595912570
2002-12-23,16.381866455078125,16.93405722486337,16.160991603713818,16.93405722486337,57534935020
2002-12-24,16.492305755615234,16.63943731233767,16.23438173883571,16.308123213515792,34911984116
2002-12-25,16.455257415771484,16.52900071483531,16.197686599405785,16.455257415771484,15449960942
2002-12-26,16.934057235717773,16.934057235717773,16.344819121673993,16.565695793867114,23857678406
2002-12-27,16.749874114990234,16.970748934850757,16.602740759049713,16.970748934850757,27456574932
2002-12-30,15.903068542480469,16.56569677772702,15.86637258903325,16.56569677772702,47293731325
2002-12-31,15.6821870803833,15.9030636984157,15.645492958800439,15.645492958800439,28136119555
2003-01-01,15.6821870803833,15.6821870803833,15.6821870803833,15.6821870803833,0
2003-01-02,15.645499229431152,15.976811558237737,15.60880327245396,15.829679979012536,29925258898
2003-01-03,16.492305755615234,16.56569583765759,16.05055241006124,16.197685787470913,52579684405
2003-01-06,16.492305755615234,16.82361803374987,16.34481916488059,16.492305755615234,49129154621
2003-01-07,16.713180541992188,17.265371311419962,16.713180541992188,16.82361796760285,61698515784
2003-01-08,17.117881774902344,17.449195815395147,16.71317766528778,16.74987361019212,67404817402
2003-01-09,16.934057235717773,17.08119061273851,16.749876514792444,16.934057235717773,48948028212
2003-01-10,17.37580680847168,17.412500934932243,17.265369395118583,17.37580680847168,57046935294
2003-01-13,18.590625762939453,18.590625762939453,17.6700753786594,17.6700753786594,137273311079
2003-01-14,18.590625762939453,18.77445326913839,18.406445043419176,18.77445326913839,96393056226
2003-01-15,18.590625762939453,18.77445326913839,18.259311667520866,18.590625762939453,86943424989
2003-01-16,17.890947341918945,18.59062276349105,17.890947341918945,18.59062276349105,59139106289
2003-01-17,17.96468734741211,18.11182067273074,17.486240040569914,17.670069304261524,78192755017
2003-01-20,17.633380889892578,17.670076843923386,17.302066767000277,17.52294345582427,63110711997
2003-01-21,17.522937774658203,17.854251790134157,17.4862418325247,17.63337517292126,55275862600
2003-01-22,17.596677780151367,17.67006965836809,17.265365612674934,17.522936330100915,39410885459
2003-01-23,18.590625762939453,18.77445326913839,17.964693523090133,17.964693523090133,99996484294
2003-01-24,18.185565948486328,18.95862956308814,18.075126728668813,18.774448886561718,76299782491
2003-01-27,18.001380920410156,18.001380920410156,17.707116099363397,17.927990866571445,51491860024
2003-01-28,17.559635162353516,17.81755916222541,16.934056170407956,17.00744624763939,74556364377
2003-01-29,17.559635162353516,17.559635162353516,17.559635162353516,17.559635162353516,0
2003-01-30,17.559635162353516,17.559635162353516,17.559635162353516,17.559635162353516,0
2003-01-31,17.559635162353516,17.559635162353516,17.559635162353516,17.559635162353516,0
2003-02-03,17.559635162353516,17.559635162353516,17.559635162353516,17.559635162353516,0
2003-02-04,17.559635162353516,17.559635162353516,17.559635162353516,17.559635162353516,0
2003-02-05,17.559635162353516,17.559635162353516,17.559635162353516,17.559635162353516,0
2003-02-06,16.344818115234375,16.565694773826916,16.344818115234375,16.38186545685776,78312317385
2003-02-07,15.461309432983398,15.719235189350954,15.203739620859757,15.203739620859757,156444098138
2003-02-10,14.982865333557129,15.203741047263284,14.909122054458253,15.203741047263284,86410429080
2003-02-11,15.277482986450195,15.461310448814574,15.16704558787408,15.203740619768212,58846760960
2003-02-12,14.872427940368652,15.167046951375596,14.76199053186433,15.056608632527798,72050164654
2003-02-13,14.798691749572754,15.13000502384342,14.798691749572754,14.872434153691792,58453282436
2003-02-14,15.093301773071289,15.20374007805586,14.9461693478434,15.129996803657969,71910988150
2003-02-17,16.123939514160156,16.123939514160156,15.75593135262845,16.123939514160156,77185984366
2003-02-18,15.79262924194336,16.12394335856934,15.755935109293942,16.12394335856934,42627000606
2003-02-19,15.829679489135742,16.160993628376758,15.829679489135742,16.160993628376758,69164819607
2003-02-20,16.234378814697266,16.27142615202682,15.755931424643721,15.829674706728394,71036376200
2003-02-21,16.529001235961914,16.89700949551092,16.455257934573112,16.565697190323107,93056499457
2003-02-24,16.676130294799805,16.749873577038382,16.38186359236966,16.6394343499681,48756659165
2003-02-25,15.829679489135742,16.565697858613454,15.829679489135742,16.565697858613454,63858229750
2003-02-26,15.755927085876465,16.087241033786878,15.719232971912852,15.903060396267824,48616795490
2003-02-27,15.461309432983398,15.755929308490831,15.277481982696758,15.498358586023855,45889288783
2003-02-28,15.461309432983398,15.461309432983398,15.461309432983398,15.461309432983398,0
2003-03-03,16.19768524169922,16.30812266402297,15.682190438834445,15.792627861158197,48204979777
2003-03-04,15.976805686950684,15.976805686950684,15.755930882248505,15.903064228091463,32170168559
2003-03-05,15.31418228149414,15.57175307727509,15.277486331222596,15.4613138338332,60949861764
2003-03-06,15.240438461303711,15.424619170859723,15.203743422644688,15.314181751923988,38581028912
2003-03-07,15.31418228149414,15.682190500029794,15.093305615297545,15.167048908467892,48518302763
2003-03-10,15.6821870803833,15.792624479056105,15.461310462350903,15.571749681710498,53968365297
2003-03-11,15.645499229431152,15.940117421948065,15.461316659162248,15.461316659162248,46218481635
2003-03-12,15.829679489135742,15.829679489135742,15.64549874525415,15.682192880408257,32006602890
2003-03-13,16.234378814697266,16.344816220850145,15.755931424643721,15.829674706728394,68480959873
2003-03-14,16.749874114990234,17.22831970072154,16.676130830383258,17.22831970072154,150857310190
2003-03-17,16.19768524169922,16.63943675168141,16.19768524169922,16.565695279486008,60341060598
2003-03-18,17.302064895629883,17.302064895629883,16.93405667919747,17.08119005138282,141363072348
2003-03-19,17.633380889892578,17.743818323960888,17.302066767000277,17.449200155099394,125366615560
2003-03-20,17.890947341918945,18.296004666594595,17.670072527734423,18.038433907342814,143544153548
2003-03-21,17.8542537689209,17.96469117942373,17.633377127228243,17.96469117942373,55634506417
2003-03-24,17.8542537689209,18.038434464413037,17.780510483931593,18.00138530493726,56761429212
2003-03-25,17.154932022094727,17.412502823890534,17.044494596761062,17.30206539855687,65069090229
2003-03-26,17.302064895629883,17.52294156056412,17.302064895629883,17.375808188378773,66753806613
2003-03-27,16.529001235961914,16.786572060448314,16.197687110086715,16.565697190323107,152417480863
2003-03-28,16.344818115234375,16.565694773826916,16.013504037689124,16.455255534187085,83406035690
2003-03-31,15.571752548217773,16.12394146391761,15.498362470855334,16.01350404491507,77543735402
2003-04-01,15.535052299499512,15.535052299499512,15.24043425237206,15.277481583758437,85137907165
2003-04-02,15.755927085876465,15.903060396267824,15.461307251929663,15.64548971013513,45530807291
2003-04-03,16.16098976135254,16.492303821316263,16.087246474634195,16.381864587537002,83089644783
2003-04-04,16.639436721801758,16.71318001455192,16.050551840424934,16.16099108323755,75165160133
2003-04-07,17.007448196411133,17.117885627870834,16.529000696720974,16.6761340813447,79856120398
2003-04-08,16.8236141204834,17.117880806854675,16.78656678509829,16.93405334152674,63372226608
2003-04-09,16.492305755615234,16.676133263702464,16.418562460247912,16.602743181660113,48875783259
2003-04-10,16.381866455078125,16.67613320893098,16.308123159953006,16.455256536879435,49287317610
2003-04-11,16.492305755615234,16.52899988629279,16.34481916488059,16.418562460247912,24538294367
2003-04-14,16.050556182861328,16.676137183549923,16.050556182861328,16.492309632252688,38926002352
2003-04-15,16.455257415771484,16.455257415771484,16.160992466888874,16.344819984190753,40375606106
2003-04-16,17.265369415283203,17.30206354178662,16.823616119980816,16.823616119980816,129519607395
2003-04-17,16.86031150817871,17.302062968148082,16.86031150817871,17.265368842861236,83916290022
2003-04-18,17.48624038696289,17.633373715196157,17.338755666209344,17.37580299782953,109353158050
2003-04-21,17.780506134033203,17.780506134033203,17.30205884218374,17.486239492617145,55647984710
2003-04-22,17.302064895629883,17.633378982687653,17.228321602880992,17.633378982687653,80199879114
2003-04-23,17.780506134033203,17.81755346375858,17.52293542984021,17.633372813325174,126460202439
2003-04-24,17.412504196166992,17.670076838949285,17.228323461425656,17.670076838949285,98290763199
2003-04-25,16.749874114990234,17.26536886000523,16.639434884373,16.93405480952747,84724571018
2003-04-28,16.19768524169922,16.30812266402297,15.829677024599613,16.23438119182757,98643352334
2003-04-29,16.602739334106445,16.74987267741913,16.34481537709876,16.528996055828546,118886537594
2003-04-30,17.596677780151367,17.743811108418537,17.449193059363832,17.743811108418537,239182284642
2003-05-01,17.596677780151367,17.596677780151367,17.596677780151367,17.596677780151367,0
2003-05-02,17.780506134033203,17.81755346375858,17.559629546376733,17.559629546376733,83687050811
2003-05-05,17.8542537689209,18.038434464413037,17.780510483931593,17.8542537689209,91162699080
2003-05-06,17.596677780151367,18.00138182584452,17.522936330100915,17.854250318263983,70984042978
2003-05-07,17.559635162353516,17.70712174342001,17.412501794588838,17.67007440184604,61006929433
2003-05-08,17.191625595092773,17.48624369989778,17.191625595092773,17.48624369989778,42516871961
2003-05-09,17.48624038696289,17.59667777609625,17.22831645638935,17.22831645638935,47392932866
2003-05-12,17.780506134033203,17.890943517518167,17.67006875054824,17.743810196810138,77305595431
2003-05-13,18.111825942993164,18.33270078115565,18.038435865578425,18.111825942993164,78423898828
2003-05-14,18.111825942993164,18.111825942993164,17.964692574860987,18.038435865578425,61289822100
2003-05-15,18.222265243530273,18.222265243530273,17.964694429722567,18.11182781304632,49432034770
2003-05-16,17.96468734741211,18.406438715881325,17.96468734741211,18.33269544662205,67041985629
2003-05-19,18.001380920410156,18.0751241874381,17.74381021593948,17.964686803834073,49004700893
2003-05-20,17.67007827758789,17.780515720616556,17.522944877551083,17.59668636357161,45992883891
2003-05-21,17.67007827758789,17.707125627287798,17.522944877551083,17.67007827758789,72198636907
2003-05-22,17.67007827758789,17.817563070316467,17.449201570843034,17.5596390138717,69367556736
2003-05-23,18.075136184692383,18.148879500666972,17.743821993286122,17.817565309260708,77408027218
2003-05-26,18.332698822021484,18.369747980415838,18.222261414742196,18.222261414742196,52531668998
2003-05-27,18.148866653442383,18.369743231588302,18.148866653442383,18.332694082771656,46901118529
2003-05-28,18.590625762939453,18.95863398865867,18.590625762939453,18.590625762939453,111594385664
2003-05-29,19.1428165435791,19.1428165435791,18.7744532835682,18.7744532835682,140509421824
2003-05-30,19.69500732421875,20.247198142017268,19.142818327107626,19.142818327107626,150196284018
2003-06-02,20.799386978149414,20.98321450019402,20.063017249915617,20.247197985312013,142074007706
2003-06-03,20.61520767211914,20.799388420285805,20.431026923952476,20.61520767211914,77388158773
2003-06-04,20.61520767211914,20.61520767211914,20.61520767211914,20.61520767211914,0
2003-06-05,21.167394638061523,21.535402853460347,20.79938460197553,20.79938460197553,135359642257
2003-06-06,21.535398483276367,21.535398483276367,21.167390342557532,21.35157101953683,86426629004
2003-06-09,21.71957778930664,22.087585906796644,21.1673890064629,21.351569671816634,111310611036
2003-06-10,21.167394638061523,21.535402853460347,20.983212103019223,21.351575352416653,53176084025
2003-06-11,20.799386978149414,21.351577791674192,20.799386978149414,21.351577791674192,60828892589
2003-06-12,21.535398483276367,22.087587300974498,20.6151997041726,20.799380381151895,136477069104
2003-06-13,20.98321533203125,21.16739789541657,20.79938780269917,21.16739789541657,66954963790
2003-06-16,20.61520767211914,20.98321595507619,20.61520767211914,20.61520767211914,51793235972
2003-06-17,21.351572036743164,21.535399509240396,20.799381372051418,20.983208844548646,100960450135
2003-06-18,21.71957778930664,21.903758454660373,21.535397123952905,21.71957778930664,84217703845
2003-06-19,21.71957778930664,21.903758454660373,21.535397123952905,21.903758454660373,64311302785
2003-06-20,21.535398483276367,21.90375983723496,21.35157101953683,21.719579160255662,47996945477
2003-06-23,21.167394638061523,21.719583567815476,21.167394638061523,21.351575352416653,39969704393
2003-06-24,20.98321533203125,20.98321533203125,20.6152070600013,20.79938780269917,55692212560
2003-06-25,20.98321533203125,21.351578638114443,20.6152070600013,20.79938780269917,53202099134
2003-06-26,20.98321533203125,21.351578638114443,20.79938780269917,20.98321533203125,32158938451
2003-06-27,20.98321533203125,21.351578638114443,20.79938780269917,21.16739789541657,46451329847
2003-06-30,20.98321533203125,21.16739789541657,20.79938780269917,20.79938780269917,28406805466
2003-07-01,21.535398483276367,21.535398483276367,20.98320784489143,20.98320784489143,60523815656
2003-07-02,22.087587356567383,22.087587356567383,21.53539853747943,21.719579214922298,57313162709
2003-07-03,22.45595359802246,23.191969981800003,22.45595359802246,22.45595359802246,85603235654
2003-07-04,22.823957443237305,22.823957443237305,22.455949321433284,22.639776775724492,76343664050
2003-07-07,22.455713272094727,22.455713272094727,21.535443358050898,21.719498433271898,93530385024
2003-07-08,22.823814392089844,23.008248111958256,22.45570617861572,22.823814392089844,99411800454
2003-07-09,22.27166175842285,22.4557150273433,21.903553399894758,22.087606668815205,70019638063
2003-07-10,21.16733741760254,22.271660615845814,21.16733741760254,22.271660615845814,60270951107
2003-07-11,21.16733741760254,21.16733741760254,20.615175818480903,20.79922907795908,56009057175
2003-07-14,21.903553009033203,22.08760627466928,21.3513913914378,21.3513913914378,66079095337
2003-07-15,21.903553009033203,22.271661360992525,21.535444657073878,22.08760627466928,43450568707
2003-07-16,21.903553009033203,22.08760627466928,21.535444657073878,21.903553009033203,37579022970
2003-07-17,21.35139274597168,21.903554398596256,21.35139274597168,21.719501121283823,56681934796
2003-07-18,21.35139274597168,21.535446023284113,20.983284370659536,20.983284370659536,49861129963
2003-07-21,20.9832820892334,21.71949875981187,20.9832820892334,21.351390424522634,33956792885
2003-07-22,20.79921531677246,21.16732341286807,20.615162179067607,20.615162179067607,55617671227
2003-07-23,21.16733741760254,21.535443936558895,20.983282337437256,20.983282337437256,63373451654
2003-07-24,21.535438537597656,21.535438537597656,21.16733211092604,21.351385324261848,79735509542
2003-07-25,20.9832820892334,21.351390424522634,20.9832820892334,21.167337167221557,58440488710
2003-07-28,21.35139274597168,21.535446023284113,21.16733946865925,21.35139274597168,39421419179
2003-07-29,20.9832820892334,21.351390424522634,20.9832820892334,21.351390424522634,27504470801
2003-07-30,20.9832820892334,21.167337167221557,20.615175574631248,20.9832820892334,53640030158
2003-07-31,21.719499588012695,21.719499588012695,20.61517636072238,20.61517636072238,114120709746
2003-08-01,22.08761215209961,22.271667287399232,21.719505522875664,21.903558837487637,93000327378
2003-08-04,22.08761215209961,22.271667287399232,21.719505522875664,22.08761215209961,51672965192
2003-08-05,21.535438537597656,22.271655032314186,21.535438537597656,22.08759999829173,58083135669
2003-08-06,21.535438537597656,21.719493571620113,21.351385324261848,21.351385324261848,32957914783
2003-08-07,22.08761215209961,22.08761215209961,21.351397072964073,21.535450387576045,52379980930
2003-08-08,21.35139274597168,21.903554398596256,21.35139274597168,21.903554398596256,45816399346
2003-08-11,20.9832820892334,21.167337167221557,20.615175574631248,20.9832820892334,50757723974
2003-08-12,20.9832820892334,21.351390424522634,20.9832820892334,20.9832820892334,28211681929
2003-08-13,21.719499588012695,21.90355285233203,21.351391238686872,21.351391238686872,58787871858
2003-08-14,21.903553009033203,22.271661360992525,21.719499743397122,21.903553009033203,75356431788
2003-08-15,22.455713272094727,22.455713272094727,22.087604942339784,22.087604942339784,69231520500
2003-08-18,22.6397705078125,22.6397705078125,22.087608826426468,22.45571722091295,64299970375
2003-08-19,23.00826072692871,23.37636914222934,22.823826905938915,23.192314024235284,108214104053
2003-08-20,23.192310333251953,23.37636542195422,23.00825706523688,23.192310333251953,46342243584
2003-08-21,23.560413360595703,23.560413360595703,23.008251860762414,23.192305087144582,59475468849
2003-08-22,23.560413360595703,23.744466586977875,23.37636013421353,23.560413360595703,48475414989
2003-08-25,23.744470596313477,23.744470596313477,23.37636408139308,23.560417338853277,55161731471
2003-08-26,23.192310333251953,23.560418689969293,23.00825706523688,23.560418689969293,46839490762
2003-08-27,23.560413360595703,23.928521634046824,23.192305087144582,23.192305087144582,69312341766
2003-08-28,24.112579345703125,24.4806876876275,23.74447100377875,23.928526085084496,110860504524
2003-08-29,24.664751052856445,24.848804388877713,23.928535888083523,24.112589224104788,80557554802
2003-09-01,24.848793029785156,25.032848102357455,24.480686526014615,24.848793029785156,42394075642
2003-09-02,24.664751052856445,24.848804388877713,24.296642560126053,24.664751052856445,37245231943
2003-09-03,24.480688095092773,24.84879462245693,24.480688095092773,24.84879462245693,33790180436
2003-09-04,24.296630859375,24.6647391748321,24.296630859375,24.48068592744704,35047594406
2003-09-05,25.0328426361084,25.400949059498082,24.848787603726926,24.848787603726926,47028517936
2003-09-08,26.137170791625977,26.137170791625977,25.032847658520158,25.21690090714213,73586720610
2003-09-09,25.95311737060547,26.689334053224638,25.95311737060547,26.689334053224638,75344037056
2003-09-10,25.585020065307617,25.953126718516355,25.40096491801548,25.769073391911984,60459657641
2003-09-11,25.585020065307617,25.585020065307617,25.585020065307617,25.585020065307617,0
2003-09-12,25.0328426361084,25.400949059498082,25.0328426361084,25.21689584780324,52673822244
2003-09-15,24.664751052856445,25.032859545586838,24.48069771683518,25.032859545586838,44112319124
2003-09-16,25.216899871826172,25.216899871826172,24.29663002512532,24.29663002512532,62011519134
2003-09-17,26.321226119995117,26.505279383159884,25.585011246648907,25.585011246648907,106909841604
2003-09-18,25.95311737060547,26.32122571191505,25.769064110294234,26.137172451603817,50232185345
2003-09-19,25.400955200195312,26.137171866328792,25.400955200195312,25.953116789451887,40103307278
2003-09-22,24.848793029785156,25.216901354242726,24.848793029785156,25.216901354242726,44099438423
2003-09-23,25.0328426361084,25.0328426361084,24.480681180337243,24.664734392032084,40647723574
2003-09-24,25.0328426361084,25.0328426361084,24.664734392032084,25.0328426361084,39425352026
2003-09-25,24.480688095092773,24.66474135877485,24.296633010723546,24.480688095092773,45384682924
2003-09-26,24.296630859375,24.6647391748321,24.11257761198994,24.48068592744704,49326898990
2003-09-29,24.480688095092773,24.84879462245693,24.11257974704147,24.296633010723546,44230610155
2003-09-30,24.480688095092773,24.84879462245693,24.480688095092773,24.480688095092773,25407273678
2003-10-01,24.480688095092773,24.66474135877485,24.296633010723546,24.480688095092773,24671014590
2003-10-02,25.216899871826172,25.216899871826172,24.664738327943045,24.848791569008444,39922120749
2003-10-03,25.769067764282227,25.769067764282227,25.03285279795677,25.400959370775812,52698696877
2003-10-06,26.137170791625977,26.321224040247944,25.769062473695037,26.321224040247944,63513105311
2003-10-07,25.769067764282227,26.13717615778864,25.400959370775812,26.13717615778864,56382722765
2003-10-08,25.585020065307617,25.953126718516355,25.40096491801548,25.769073391911984,42244647482
2003-10-09,25.400955200195312,25.585010277072218,25.032848687815644,25.21690194400548,46467769050
2003-10-10,25.400955200195312,25.400955200195312,25.400955200195312,25.400955200195312,0
2003-10-13,25.769067764282227,25.95312105069175,25.585014477872708,25.585014477872708,56550702943
2003-10-14,25.216899871826172,26.137169718527023,25.216899871826172,25.953114656774698,57016066502
2003-10-15,25.0328426361084,25.585004091879554,25.0328426361084,25.21689584780324,53098224070
2003-10-16,25.585020065307617,25.585020065307617,24.848803117514603,25.03285826480674,43381505903
2003-10-17,25.0328426361084,25.769057303574396,25.0328426361084,25.769057303574396,28499052832
2003-10-20,25.0328426361084,25.21689584780324,24.664734392032084,24.848787603726926,53462906736
2003-10-21,24.664751052856445,25.216912881608106,24.296642560126053,25.216912881608106,124954937727
2003-10-22,24.296630859375,24.48068592744704,24.11257761198994,24.11257761198994,47089780175
2003-10-23,23.744470596313477,24.112578931920957,23.744470596313477,24.112578931920957,59432923957
2003-10-24,23.744470596313477,23.928525674460758,23.744470596313477,23.744470596313477,50638370824
2003-10-27,24.112579345703125,24.296632606321754,23.928526085084496,23.928526085084496,27947760315
2003-10-28,25.0328426361084,25.0328426361084,24.11257293626093,24.29662614795577,68341319245
2003-10-29,25.585020065307617,26.137181865808493,25.40096491801548,26.137181865808493,86353845379
2003-10-30,25.585020065307617,25.585020065307617,25.216911591411108,25.585020065307617,46748108423
2003-10-31,24.664751052856445,25.5850213743385,24.664751052856445,25.5850213743385,35997276847
2003-11-03,24.664751052856445,25.032859545586838,24.664751052856445,24.664751052856445,32278812241
2003-11-04,25.216899871826172,25.40095311289157,25.03284663076077,25.03284663076077,39473986569
2003-11-05,25.585020065307617,25.585020065307617,25.216911591411108,25.216911591411108,49296353040
2003-11-06,25.400955200195312,25.769063533262052,24.848793610938735,25.769063533262052,62787532546
2003-11-07,25.400955200195312,25.585010277072218,25.032848687815644,25.585010277072218,37384807945
2003-11-10,25.0328426361084,25.400949059498082,24.848787603726926,25.400949059498082,36922991463
2003-11-11,24.296630859375,24.48068592744704,23.928524364604883,24.296630859375,105287284048
2003-11-12,24.480688095092773,24.66474135877485,24.11257974704147,24.296633010723546,74206026336
2003-11-13,24.848793029785156,25.032848102357455,24.664739777899886,24.848793029785156,34684860629
2003-11-14,24.848793029785156,25.032848102357455,24.664739777899886,24.848793029785156,30487816093
2003-11-17,24.480688095092773,24.66474135877485,24.11257974704147,24.66474135877485,33994685995
2003-11-18,24.664751052856445,24.664751052856445,24.112589224104788,24.112589224104788,44979795035
2003-11-19,24.296630859375,24.48068592744704,24.11257761198994,24.296630859375,34973078221
2003-11-20,24.112579345703125,24.296632606321754,23.74447100377875,24.112579345703125,56741012676
2003-11-21,23.928525924682617,23.928525924682617,23.560417585225807,23.928525924682617,65098363442
2003-11-24,23.560413360595703,24.112574860428992,23.560413360595703,23.928521634046824,33096361030
2003-11-25,24.112579345703125,24.296632606321754,23.928526085084496,24.112579345703125,31656347712
2003-11-26,23.928525924682617,24.29663244345232,23.74447084461066,24.112579184067467,30805913305
2003-11-27,23.192310333251953,23.92852704668663,23.192310333251953,23.744471957984366,53578953289
2003-11-28,23.376361846923828,23.74446832665814,23.376361846923828,23.376361846923828,33359333249
2003-12-01,23.560413360595703,23.744466586977875,23.008251860762414,23.192305087144582,27982847827
2003-12-02,24.296630859375,24.296630859375,23.74446929653284,23.928524364604883,45087494933
2003-12-03,24.480688095092773,24.480688095092773,24.296633010723546,24.480688095092773,38394367360
2003-12-04,24.664751052856445,24.664751052856445,24.296642560126053,24.296642560126053,38222902730
2003-12-05,23.928525924682617,24.480687523524274,23.928525924682617,24.480687523524274,38966839637
2003-12-08,23.376361846923828,23.74446832665814,23.376361846923828,23.74446832665814,37655906378
2003-12-09,23.744470596313477,23.744470596313477,23.37636408139308,23.560417338853277,38300392348
2003-12-10,22.823814392089844,23.008248111958256,22.45570617861572,23.008248111958256,137454348315
2003-12-11,23.00826072692871,23.00826072692871,22.639771787944863,22.639771787944863,84341179424
2003-12-12,22.823814392089844,23.37635632543238,22.63975937500954,23.37635632543238,58444822358
2003-12-15,23.192310333251953,23.192310333251953,22.823823273599142,23.00825706523688,44587677627
2003-12-16,22.455713272094727,22.82382160184967,22.455713272094727,22.82382160184967,62468891749
2003-12-17,21.903553009033203,22.455714626628602,21.719499743397122,22.455714626628602,105078026508
2003-12-18,22.08761215209961,22.271667287399232,21.535450387576045,21.719505522875664,53048845543
2003-12-19,22.08761215209961,22.639773916623174,22.08761215209961,22.639773916623174,38567770859
2003-12-22,22.6397705078125,22.82382561539943,22.087608826426468,22.271663934013397,48458250740
2003-12-23,22.823814392089844,23.008248111958256,22.63975937500954,22.63975937500954,35672806918
2003-12-24,22.6397705078125,22.82382561539943,22.45571722091295,22.82382561539943,25285535769
2003-12-25,22.823814392089844,22.823814392089844,22.45570617861572,22.63975937500954,7210784224
2003-12-26,22.823814392089844,23.008248111958256,22.63975937500954,22.823814392089844,14701175109
2003-12-29,22.823814392089844,23.008248111958256,22.63975937500954,22.823814392089844,21356611224
2003-12-30,23.192310333251953,23.37636542195422,22.823823273599142,23.00825706523688,92688485147
2003-12-31,23.376361846923828,23.376361846923828,23.008253546502605,23.19230678636976,19860295564
2004-01-01,23.376361846923828,23.376361846923828,23.376361846923828,23.376361846923828,0
2004-01-02,24.112579345703125,24.112579345703125,23.37636448254149,23.37636448254149,75096573281
2004-01-05,24.296630859375,24.296630859375,23.928524364604883,24.11257761198994,40274020409
2004-01-06,24.296630859375,24.48068592744704,23.928524364604883,24.296630859375,42246846871
2004-01-07,24.112579345703125,24.4806876876275,23.928526085084496,24.296632606321754,57748718393
2004-01-08,24.112579345703125,24.4806876876275,24.112579345703125,24.296632606321754,35635863203
2004-01-09,24.848793029785156,24.848793029785156,24.480686526014615,24.664739777899886,72428198964
2004-01-12,24.848793029785156,25.032848102357455,24.480686526014615,24.848793029785156,32366304318
2004-01-13,24.848793029785156,25.032848102357455,24.664739777899886,25.032848102357455,31056560933
2004-01-14,24.664751052856445,25.032859545586838,24.48069771683518,24.664751052856445,39630308484
2004-01-15,24.664751052856445,24.848804388877713,24.296642560126053,24.848804388877713,43363600175
2004-01-16,24.480688095092773,24.84879462245693,24.480688095092773,24.66474135877485,32418385738
2004-01-19,24.480688095092773,24.480688095092773,24.480688095092773,24.480688095092773,0
2004-01-20,24.480688095092773,24.480688095092773,24.480688095092773,24.480688095092773,0
2004-01-21,24.480688095092773,24.480688095092773,24.480688095092773,24.480688095092773,0
2004-01-22,24.480688095092773,24.480688095092773,24.480688095092773,24.480688095092773,0
2004-01-23,24.480688095092773,24.480688095092773,24.480688095092773,24.480688095092773,0
2004-01-26,24.480688095092773,24.480688095092773,24.480688095092773,24.480688095092773,0
2004-01-27,25.216899871826172,25.216899871826172,24.848791569008444,25.03284663076077,81458086671
2004-01-28,24.848793029785156,25.032848102357455,24.664739777899886,24.848793029785156,41273422056
2004-01-29,24.480688095092773,25.032849706826152,24.480688095092773,24.480688095092773,86873011292
2004-01-30,24.296630859375,24.6647391748321,24.11257761198994,24.48068592744704,52905669859
2004-02-02,23.928525924682617,24.480687523524274,23.928525924682617,24.29663244345232,31620533751
2004-02-03,23.376361846923828,23.74446832665814,23.19230678636976,23.560415086790982,78128703415
2004-02-04,23.00826072692871,23.37636914222934,23.00826072692871,23.37636914222934,44442032014
2004-02-05,23.00826072692871,23.37636914222934,22.823826905938915,23.00826072692871,48073147328
2004-02-06,23.192310333251953,23.560418689969293,23.192310333251953,23.192310333251953,34788161750
2004-02-09,23.928525924682617,24.112579184067467,23.560417585225807,23.560417585225807,46450068732
2004-02-10,23.560413360595703,24.112574860428992,23.560413360595703,23.928521634046824,36529491296
2004-02-11,23.560413360595703,23.744466586977875,23.37636013421353,23.744466586977875,25306778155
2004-02-12,23.744470596313477,23.928525674460758,23.560417338853277,23.560417338853277,66227356167
2004-02-13,23.560413360595703,23.744466586977875,23.37636013421353,23.744466586977875,38525854722
2004-02-16,23.00826072692871,23.560422439535913,23.00826072692871,23.560422439535913,59737436564
2004-02-17,23.00826072692871,23.37636914222934,23.00826072692871,23.00826072692871,42890781741
2004-02-18,23.192310333251953,23.560418689969293,23.192310333251953,23.37636542195422,67158874865
2004-02-19,23.376361846923828,23.560415086790982,23.19230678636976,23.376361846923828,59513264264
2004-02-20,23.376361846923828,23.560415086790982,23.19230678636976,23.376361846923828,71642481189
2004-02-23,23.00826072692871,23.37636914222934,22.823826905938915,23.192314024235284,65118193009
2004-02-24,22.6397705078125,23.008259425960688,22.6397705078125,22.82382561539943,57056792765
2004-02-25,22.6397705078125,23.008259425960688,22.6397705078125,22.82382561539943,55758417063
2004-02-26,23.376361846923828,23.376361846923828,22.82381978307098,23.008253546502605,59569366206
2004-02-27,23.376361846923828,23.376361846923828,23.008253546502605,23.376361846923828,50344409270
2004-03-01,23.744470596313477,23.744470596313477,23.1923090032458,23.37636408139308,70684384459
2004-03-02,24.664751052856445,24.664751052856445,23.928535888083523,24.112589224104788,135451351653
2004-03-03,24.296630859375,24.848792422217155,24.11257761198994,24.6647391748321,78815548906
2004-03-04,24.664751052856445,24.848804388877713,24.112589224104788,24.296642560126053,102016096914
2004-03-05,24.664751052856445,25.216912881608106,24.664751052856445,25.032859545586838,116491650582
2004-03-08,24.296630859375,24.848792422217155,24.296630859375,24.296630859375,55670361361
2004-03-09,24.112579345703125,24.296632606321754,23.74447100377875,23.928526085084496,49940613560
2004-03-10,23.192310333251953,23.92852704668663,23.192310333251953,23.92852704668663,119262980330
2004-03-11,23.376361846923828,23.560415086790982,22.82381978307098,22.82381978307098,67802288695
2004-03-12,22.823814392089844,23.192301308352075,22.823814392089844,23.008248111958256,113946512162
2004-03-15,22.455713272094727,23.376363709733347,22.455713272094727,23.192308634512347,60407658886
2004-03-16,22.27166175842285,22.639768296263746,22.087606668815205,22.639768296263746,84634725148
2004-03-17,22.27166175842285,22.639768296263746,22.087606668815205,22.4557150273433,89454311868
2004-03-18,22.823814392089844,23.008248111958256,22.087597965141594,22.087597965141594,152536452257
2004-03-19,23.192310333251953,23.192310333251953,22.639768184896877,22.823823273599142,50284855440
2004-03-22,21.719499588012695,21.719499588012695,21.719499588012695,21.719499588012695,14709469158
2004-03-23,20.247068405151367,20.983283297433395,20.247068405151367,20.247068405151367,338383911337
2004-03-24,21.35139274597168,21.535446023284113,20.983284370659536,21.535446023284113,191804415239
2004-03-25,21.35139274597168,21.719501121283823,21.16733946865925,21.719501121283823,99468714016
2004-03-26,21.535438537597656,21.90354678495592,21.351385324261848,21.719493571620113,64095071532
2004-03-29,22.6397705078125,22.6397705078125,21.903555539526913,22.087608826426468,63163056845
2004-03-30,22.08761215209961,22.639773916623174,22.08761215209961,22.4557206020112,58881388456
2004-03-31,22.08761215209961,22.4557206020112,21.903558837487637,22.271667287399232,45705002070
2004-04-01,21.903553009033203,22.08760627466928,21.719499743397122,21.903553009033203,51577118946
2004-04-02,21.903553009033203,22.08760627466928,21.535444657073878,21.903553009033203,46253291094
2004-04-05,22.823814392089844,22.823814392089844,22.087597965141594,22.45570617861572,81636893451
2004-04-06,22.823814392089844,23.008248111958256,22.45570617861572,23.008248111958256,64074695876
2004-04-07,22.6397705078125,22.82382561539943,22.45571722091295,22.6397705078125,21580094650
2004-04-08,22.455713272094727,22.63976652662867,22.271660017560784,22.455713272094727,38234543457
2004-04-09,22.08761215209961,22.4557206020112,22.08761215209961,22.271667287399232,25151074974
2004-04-12,22.455713272094727,22.82382160184967,22.271660017560784,22.271660017560784,41585915587
2004-04-13,22.27166175842285,22.82382338587139,22.087606668815205,22.639768296263746,40807655192
2004-04-14,23.192310333251953,23.37636542195422,22.087606560164467,22.27166164886673,86126732211
2004-04-15,22.455713272094727,23.192308634512347,22.455713272094727,23.192308634512347,57452402141
2004-04-16,22.455713272094727,22.63976652662867,22.087604942339784,22.271660017560784,82229731365
2004-04-19,21.903553009033203,22.455714626628602,21.903553009033203,22.271661360992525,68277567038
2004-04-20,22.455713272094727,22.63976652662867,22.087604942339784,22.087604942339784,51785354447
2004-04-21,22.6397705078125,22.6397705078125,22.45571722091295,22.45571722091295,57984263385
2004-04-22,22.823814392089844,23.5604095218262,22.45570617861572,23.008248111958256,168975343453
2004-04-23,23.560413360595703,23.560413360595703,23.008251860762414,23.192305087144582,123657919733
2004-04-26,23.376361846923828,23.74446832665814,23.376361846923828,23.560415086790982,75043367117
2004-04-27,23.376361846923828,23.376361846923828,22.82381978307098,23.376361846923828,61855492809
2004-04-28,22.823814392089844,23.37635632543238,22.823814392089844,23.192301308352075,42400077618
2004-04-29,22.27166175842285,22.4557150273433,21.903553399894758,22.087606668815205,116496329919
2004-04-30,21.16733741760254,22.08760553568053,20.79922907795908,22.08760553568053,117918718068
2004-05-03,21.35139274597168,21.535446023284113,20.983284370659536,21.16733946865925,45051533177
2004-05-04,21.719499588012695,21.90355285233203,21.535444503006207,21.719499588012695,40181643586
2004-05-05,20.247068405151367,21.719500010402616,20.247068405151367,21.719500010402616,100411635466
2004-05-06,20.431123733520508,20.983285413589105,20.431123733520508,20.61517884066829,107086995086
2004-05-07,20.9832820892334,20.9832820892334,20.247067239342012,20.247067239342012,79685895545
2004-05-10,20.247068405151367,20.615176761635976,19.87896004866676,20.615176761635976,73920681977
2004-05-11,21.16733741760254,21.16733741760254,19.694905879715805,20.43112073831562,67254610891
2004-05-12,21.16733741760254,21.535443936558895,20.983282337437256,21.35139067708072,66123068077
2004-05-13,20.9832820892334,20.9832820892334,20.247067239342012,20.9832820892334,66581452711
2004-05-14,20.247068405151367,20.983283297433395,20.06301513725266,20.799230029534687,78750063240
2004-05-17,18.958690643310547,19.694905487239204,18.958690643310547,19.694905487239204,86322031900
2004-05-18,19.142745971679688,19.510854343842137,18.958692695942098,19.142745971679688,57083896847
2004-05-19,20.431123733520508,20.431123733520508,19.694908766991503,19.87896205345191,81206930528
2004-05-20,20.247068405151367,20.247068405151367,19.51085351286934,19.87896004866676,90653143947
2004-05-21,20.247068405151367,20.615176761635976,19.87896004866676,20.06301513725266,73720612771
2004-05-24,19.87895965576172,20.247068004970714,19.694906391500798,20.247068004970714,38600894452
2004-05-25,20.06300926208496,20.431115690087637,19.694901013395633,19.87895422739697,39175308103
2004-05-26,20.615177154541016,20.983283697354185,20.615177154541016,20.799230425947602,61119564380
2004-05-27,20.9832820892334,20.9832820892334,20.615175574631248,20.9832820892334,48113713271
2004-05-28,21.35139274597168,21.35139274597168,20.983284370659536,21.16733946865925,69947358842
2004-05-31,20.615177154541016,21.167338789447992,20.615177154541016,21.167338789447992,33106919598
2004-06-01,20.79921531677246,20.983268454477315,20.43110722067685,20.615162179067607,30231917989
2004-06-02,20.431123733520508,20.799232127128697,20.063017160599692,20.61517884066829,50458326574
2004-06-03,19.510854721069336,20.615178038220648,19.510854721069336,20.431122938237227,70389020107
2004-06-04,19.510854721069336,19.87896127966157,19.326799621085915,19.510854721069336,58741995319
2004-06-07,20.247068405151367,20.247068405151367,19.87896004866676,20.06301513725266,43261676803
2004-06-08,20.79921531677246,20.79921531677246,20.247054082972,20.43110722067685,52369399817
2004-06-09,20.247068405151367,20.615176761635976,20.247068405151367,20.43112167305008,38013850599
2004-06-10,19.510854721069336,20.063016379644992,19.510854721069336,19.87896127966157,61053061685
2004-06-11,18.590578079223633,19.142739541653206,18.406524865309326,19.142739541653206,107893814967
2004-06-14,18.41316032409668,19.306306233443085,18.37090178990371,18.710728761768824,113316447664
2004-06-15,18.28550148010254,18.41315640466948,18.072888908903774,18.41315640466948,98036108718
2004-06-16,18.498117446899414,19.093694960480395,18.285506658983227,19.093694960480395,84062262225
2004-06-17,18.83838653564453,19.13639561429072,18.41316308253104,18.41316308253104,103497931522
2004-06-18,18.20054817199707,18.54081574887351,17.98793739361645,18.54081574887351,70348210608
2004-06-21,18.498117446899414,18.83838503903681,18.370903082538604,18.83838503903681,50995565009
2004-06-22,18.498117446899414,18.498117446899414,18.498117446899414,18.498117446899414,0
2004-06-23,19.433961868286133,19.561616824512786,18.540815927545662,18.540815927545662,109654288439
2004-06-24,19.476221084594727,19.68883371595368,19.43396254743957,19.68883371595368,46748331561
2004-06-25,19.64657211303711,19.688830643598006,19.391260388002408,19.476218045416314,35313966816
2004-06-28,19.518918991088867,19.688832478250497,19.136392885933798,19.60387481292003,34155088882
2004-06-29,19.60387420654297,19.60387420654297,19.26360664641153,19.349004905433667,31987220079
2004-06-30,20.581979751586914,20.581979751586914,19.986842832684147,19.986842832684147,84527539216
2004-07-01,20.581979751586914,20.75233200281836,20.454322947004748,20.62467704173562,40285560726
2004-07-02,19.64657211303711,19.901441398280568,19.561614455623204,19.688830643598006,70731377312
2004-07-05,19.050996780395508,19.349005821443594,18.96603911367089,19.136393199961187,36094475644
2004-07-06,19.561620712280273,19.561620712280273,19.051000785890675,19.051000785890675,25355314700
2004-07-07,19.008739471435547,19.13639443442821,18.8383853741559,18.92334304636104,51088649390
2004-07-08,19.136394500732422,19.476221503731516,19.093695366297496,19.136394500732422,43033971834
2004-07-09,19.561620712280273,19.603879256357292,19.093698082901007,19.263611608575424,41715881710
2004-07-12,19.050996780395508,19.56161659942667,18.923341825637717,19.56161659942667,50840377531
2004-07-13,18.796131134033203,18.9233473732449,18.710734689432527,18.796131134033203,48811729097
2004-07-14,18.796131134033203,19.051002365426292,18.753433833482802,18.9233473732449,43236498540
2004-07-15,18.28550148010254,18.45585368260459,17.987933105770846,18.370897879471663,93174519231
2004-07-16,18.07288932800293,18.37089830548146,17.86027859537275,17.86027859537275,62835198344
2004-07-19,17.9456844329834,18.072898831156476,17.77533029345585,17.9879429813817,49032212214
2004-07-20,17.647672653198242,17.902982604226423,17.647672653198242,17.733069086649117,66092901386
2004-07-21,18.45585823059082,18.668470854182665,17.90297987088216,17.987937538449682,77488231029
2004-07-22,18.41316032409668,18.498116145313315,17.86028198294537,17.86028198294537,87100386778
2004-07-23,18.20054817199707,18.54081574887351,18.15829148022528,18.285505838880542,39942737760
2004-07-26,17.392799377441406,17.733066968361697,17.392799377441406,17.647670545111776,75751311690
2004-07-27,17.733068466186523,17.987939655384608,17.307404416062568,17.392800846525503,70110776710
2004-07-28,17.733068466186523,18.072895489450925,17.69036932920527,17.86028468433704,66424442861
2004-07-29,17.435056686401367,17.81802338372169,17.435056686401367,17.733065719315842,57120501501
2004-07-30,18.243249893188477,18.413163407574842,17.987939946954967,18.158294057745096,113113363251
2004-08-02,18.20054817199707,18.285505838880542,18.03063468172946,18.243247303609415,52584771024
2004-08-03,18.710729598999023,18.75342873143259,18.24324765447638,18.285506190560252,71687761475
2004-08-04,18.625768661499023,18.710726315105664,18.41315791634434,18.540812851391433,50814051124
2004-08-05,19.136394500732422,19.263608867797043,18.413162011058073,18.71073047599259,74169013338
2004-08-06,18.710729598999023,19.13639360378749,18.625771930481584,18.923342224968096,58624417859
2004-08-09,18.41316032409668,18.6257710970529,18.243246838164126,18.285505372357097,61371221716
2004-08-10,18.41316032409668,18.540815275836266,18.328202659380757,18.41316032409668,21795900924
2004-08-11,18.625768661499023,18.88108037509226,18.625768661499023,18.625768661499023,60926838978
2004-08-12,18.625768661499023,18.625768661499023,18.3282002627377,18.455855197784793,32492619043
2004-08-13,18.625768661499023,18.753425440045167,18.370899387677202,18.370899387677202,36585159046
2004-08-16,18.45585823059082,18.58351503011449,18.45585823059082,18.58351503011449,25559606746
2004-08-17,18.625768661499023,18.668467786438526,18.540812851391433,18.540812851391433,18408142353
2004-08-18,19.050996780395508,19.221350866685803,18.540815714205408,18.625771537430694,77122155631
2004-08-19,19.901443481445312,19.944142612767813,19.391262417764437,19.391262417764437,100609360288
2004-08-20,19.731531143188477,19.901444642213033,19.688833852874946,19.77423027700144,51903182740
2004-08-23,19.986845016479492,20.114059395099655,19.731533222918806,19.731533222918806,44596241037
2004-08-24,19.986845016479492,19.986845016479492,19.986845016479492,19.986845016479492,0
2004-08-25,19.986845016479492,19.986845016479492,19.986845016479492,19.986845016479492,0
2004-08-26,20.666929244995117,20.752325642619557,20.32666175618121,20.32666175618121,137066512391
2004-08-27,20.412063598632812,20.62467435950017,20.412063598632812,20.62467435950017,46286067066
2004-08-30,20.454320907592773,20.539719166374343,20.326665959237957,20.412064218019527,53305372453
2004-08-31,19.986845016479492,20.454325181877742,19.901446739852474,20.32667020684721,58552333124
2004-09-01,20.02910041809082,20.199454520405215,19.944144586874295,19.98684372242323,54005075237
2004-09-02,19.518918991088867,19.94414238357645,19.306306373095424,19.774228896414826,63918998808
2004-09-03,18.881080627441406,19.26360484142283,18.710726565177996,19.221348155689974,126728011270
2004-09-06,18.710729598999023,18.796126020366785,18.413161148011884,18.625771930481584,68694328141
2004-09-07,18.881080627441406,18.881080627441406,18.625768910435884,18.710726565177996,34033030082
2004-09-08,18.66847038269043,18.838383870034782,18.625771251812694,18.838383870034782,35283890157
2004-09-09,18.583515167236328,18.753428660125767,18.49811690269391,18.668470991931365,42881853941
2004-09-10,18.966039657592773,19.093694616011547,18.838384699174,19.093694616011547,52491370462
2004-09-13,19.518918991088867,19.561616278421383,19.26360724226361,19.518918991088867,82727058838
2004-09-14,19.3490047454834,19.6038740444858,19.306305616325307,19.561615511643605,57759550350
2004-09-15,19.306312561035156,19.39126841009584,19.221356711974472,19.306312561035156,28846800196
2004-09-16,19.306312561035156,19.306312561035156,18.88108903225756,18.923347580300657,38571955299
2004-09-17,19.050996780395508,19.221350866685803,18.923341825637717,19.136393199961187,35446947013
2004-09-20,19.22134780883789,19.30630361854789,19.050993749648544,19.178648684098217,28751638685
2004-09-21,19.561620712280273,19.561620712280273,19.306310749085476,19.561620712280273,50264858982
2004-09-22,19.476221084594727,19.56161750812735,19.263608453235772,19.56161750812735,33621707955
2004-09-23,19.09370231628418,19.17866001970775,19.051005009807163,19.051005009807163,41734597832
2004-09-24,18.583515167236328,19.136393531024503,18.583515167236328,19.136393531024503,77032114486
2004-09-27,18.28550148010254,18.45585368260459,18.115588030337786,18.45585368260459,75683974052
2004-09-28,18.28550148010254,18.28550148010254,18.28550148010254,18.28550148010254,0
2004-09-29,18.158294677734375,18.498119874610357,18.07289639947183,18.07289639947183,40361650413
2004-09-30,18.41316032409668,18.583514406359217,18.328202659380757,18.328202659380757,44969847676
2004-10-01,18.923337936401367,18.923337936401367,18.54081190358807,18.668466832109466,44043250339
2004-10-04,19.3490047454834,19.3490047454834,19.09369300666587,19.13639213582396,86714251491
2004-10-05,19.26360321044922,19.349001454239254,19.17864740639905,19.349001454239254,47380051173
2004-10-06,19.136394500732422,19.34900713666689,18.92334311192706,19.263608867797043,51228958824
2004-10-07,19.136394500732422,19.263608867797043,18.753429610427514,19.263608867797043,47753789553
2004-10-08,18.41316032409668,18.753427892291775,18.243246838164126,18.583514406359217,98761848079
2004-10-11,18.20054817199707,18.3709022586059,18.11559234861293,18.20054817199707,38940151740
2004-10-12,18.1155948638916,18.370904809333343,18.1155948638916,18.20055069907152,55164258373
2004-10-13,18.1155948638916,18.243249836612474,18.072895726350648,18.20055069907152,31834946292
2004-10-14,18.158294677734375,18.328206354422537,17.987940561127747,18.07289639947183,47798054806
2004-10-15,18.07288932800293,18.158287572851282,17.94567499672216,18.07288932800293,42023999488
2004-10-18,17.9456844329834,18.20055382580764,17.9456844329834,18.15829712090925,25372937365
2004-10-19,18.28550148010254,18.370897879471663,18.115588030337786,18.158287151771795,36069093386
2004-10-20,18.20054817199707,18.413160793877026,18.20054817199707,18.285505838880542,45963440121
2004-10-21,18.37090492248535,18.49811929958738,18.072895837667126,18.072895837667126,43541046115
2004-10-22,18.37090492248535,18.710731952297305,18.37090492248535,18.710731952297305,47643991526
2004-10-25,18.37090492248535,18.37090492248535,18.37090492248535,18.37090492248535,0
2004-10-26,17.9456844329834,18.15829712090925,17.9456844329834,18.15829712090925,36858358653
2004-10-27,17.818023681640625,17.945678635048708,17.562711931325147,17.86028221638593,42310081250
2004-10-28,18.28550148010254,18.583510450670428,18.200543833470714,18.328198758037654,102666842616
2004-10-29,18.625768661499023,18.710726315105664,18.41315791634434,18.49811372645193,72732544402
2004-11-01,18.66847038269043,18.881083000912515,18.498116299012437,18.75342804811226,63414805282
2004-11-02,19.136394500732422,19.221352173231924,18.79612690136298,18.881084573862484,91234260777
2004-11-03,19.944141387939453,19.986840516639674,19.349004538000234,19.349004538000234,171405475533
2004-11-04,20.199451446533203,20.369364926609,19.73152894272738,20.029097370142612,172666648797
2004-11-05,20.28441047668457,20.62467621260568,20.114056388802084,20.41206543263547,126636819579
2004-11-08,20.369369506835938,20.412068645488358,20.156758693400857,20.412068645488358,54924396034
2004-11-09,20.326671600341797,20.369370741582543,20.199457213000453,20.284414899041373,63245113030
2004-11-10,20.412063598632812,20.412063598632812,20.24170952605646,20.32666534244258,81425704318
2004-11-11,19.688831329345703,20.19945111020136,19.64657279731297,20.071796164987443,60703295059
2004-11-12,19.986845016479492,20.284413508443695,19.77423236123231,19.77423236123231,39705844004
2004-11-15,20.199451446533203,20.49701987394844,20.199451446533203,20.369364926609,55523470022
2004-11-16,20.581979751586914,20.62467704173562,20.28441129213553,20.326667985922008,82531782324
2004-11-17,21.134857177734375,21.134857177734375,20.454322022301135,20.539720285736692,145949055570
2004-11-18,21.475122451782227,21.687733207880743,21.177554037703995,21.262509852184564,135703081123
2004-11-19,21.475122451782227,21.687733207880743,21.21981256854633,21.475122451782227,94392384566
2004-11-22,20.497024536132812,21.00720568871909,20.497024536132812,20.837292169995333,73892522380
2004-11-23,20.581979751586914,20.709634712669654,20.199453621201496,20.581979751586914,58128638244
2004-11-24,20.794591903686523,20.964946009588175,20.45432428827434,20.581981101227456,46604307007
2004-11-25,20.539724349975586,20.922250538758945,20.539724349975586,20.8795513985922,44418372009
2004-11-26,20.071792602539062,21.007196832240417,19.774224232892518,20.624670817299688,42229991004
2004-11-29,19.944141387939453,20.284408941609286,19.859183726850183,19.986840516639674,44086215739
2004-11-30,20.114051818847656,20.156750941077917,19.688828512019505,20.156750941077917,92781796853
2004-12-01,19.731531143188477,19.859186104764,19.646575315425913,19.688833852874946,47480741449
2004-12-02,20.412063598632812,20.412063598632812,19.98684023339892,20.114054581575225,64620027794
2004-12-03,20.794591903686523,20.837291040134602,20.539722561170496,20.66693693423295,72926775765
2004-12-06,20.794591903686523,20.837291040134602,20.45432428827434,20.581981101227456,57341256884
2004-12-07,20.922243118286133,20.96494039980977,20.5819755939224,20.75232781074183,68897214941
2004-12-08,20.75232696533203,20.837284615643174,20.581974755452425,20.837284615643174,47607520997
2004-12-09,20.497024536132812,20.624679512508223,20.199456041033645,20.45432539736946,63210425407
2004-12-10,20.497024536132812,20.497024536132812,19.98684522704618,20.284413722145345,80976385652
2004-12-13,20.241708755493164,20.709631231009258,19.901441219598723,20.071795285690023,66565011387
2004-12-14,20.454320907592773,20.497020036983557,20.28440926966471,20.412064218019527,37938654785
2004-12-15,21.17755126953125,21.262507072907024,20.539715397610596,20.58197392292921,86281567427
2004-12-16,21.262510299682617,21.262510299682617,21.00720041107338,21.17755448341404,58561691185
2004-12-17,21.17755126953125,21.475119644713544,21.17755126953125,21.219809794849862,42662323757
2004-12-20,21.262510299682617,21.262510299682617,20.837286935037042,20.837286935037042,60753721438
2004-12-21,20.96493911743164,21.219810219659152,20.96493911743164,21.13485257108367,56773111485
2004-12-22,21.17755126953125,21.475119644713544,21.049896344599407,21.09215486991802,96826666077
2004-12-23,21.262510299682617,21.262510299682617,21.00720041107338,21.049899539109422,41782753860
2004-12-24,21.262510299682617,21.475122903754993,21.17755448341404,21.262510299682617,26070216099
2004-12-27,21.21980857849121,21.262505854100887,21.092153660876786,21.262505854100887,8412253410
2004-12-28,21.262510299682617,21.475122903754993,21.21981301514576,21.21981301514576,31476852253
2004-12-29,21.475122451782227,21.687733207880743,21.262509852184564,21.475122451782227,48221824340
2004-12-30,21.475122451782227,21.687733207880743,21.475122451782227,21.475122451782227,50723966064
2004-12-31,21.475122451782227,21.900345807478402,21.475122451782227,21.475122451782227,45287534302
2005-01-03,21.687732696533203,21.90034529111794,21.475121945447565,21.687732696533203,31140095998
2005-01-04,21.0921630859375,21.475128009909152,21.0921630859375,21.262515355283735,33197547587
2005-01-05,20.624675750732422,20.75233070382459,20.624675750732422,20.75233070382459,45343603622
2005-01-06,20.412063598632812,20.581977074904238,20.369364470537697,20.454320286923817,52027134231
2005-01-07,20.326671600341797,20.369370741582543,20.199457213000453,20.326671600341797,52145038772
2005-01-10,20.624675750732422,20.75233070382459,20.32666671357271,20.32666671357271,42064905324
2005-01-11,20.497024536132812,20.66693805485657,20.412068698520756,20.539723674896166,39142041694
2005-01-12,19.986845016479492,20.454325181877742,19.986845016479492,20.32667020684721,49071295621
2005-01-13,19.901443481445312,20.32666687881942,19.774229123653598,20.114056101882028,42903907522
2005-01-14,19.986845016479492,20.02910171488301,19.64657738620178,19.77423236123231,58380111429
2005-01-17,20.794591903686523,20.794591903686523,20.24171348581527,20.326669318820766,49625182164
2005-01-18,20.87954330444336,20.922242428057395,20.666930722389548,20.794585653473977,50467394471
2005-01-19,20.28441047668457,20.96494379202614,20.28441047668457,20.879547371662316,37326191436
2005-01-20,20.412063598632812,20.62467435950017,20.15675370967034,20.15675370967034,47151667938
2005-01-21,20.199451446533203,20.412064055660153,20.199451446533203,20.284409108320713,34275911505
2005-01-24,19.986845016479492,20.241714370130186,19.944145878165983,20.199455828227048,28352792508
2005-01-25,20.241708755493164,20.284407881962803,19.85918268941724,19.85918268941724,44250071829
2005-01-26,20.922243118286133,21.007198928559234,20.36936300485446,20.41206212987715,84585365094
2005-01-27,21.007200241088867,21.049899368779396,20.794587638736893,20.922244425507728,52258477265
2005-01-28,21.262510299682617,21.68773366432819,21.09215807084114,21.09215807084114,96812921013
2005-01-31,22.112960815429688,22.325571594683943,21.475124790668232,21.475124790668232,152370837131
2005-02-01,22.325572967529297,22.538185603356883,22.112962175201165,22.325572967529297,126248497378
2005-02-02,22.75079917907715,22.963409980188764,22.538186534466,22.538186534466,127649264280
2005-02-03,22.75079917907715,22.963409980188764,22.32557388985485,22.75079917907715,106363439154
2005-02-04,22.75079917907715,22.75079917907715,22.75079917907715,22.75079917907715,0
2005-02-07,22.75079917907715,22.75079917907715,22.75079917907715,22.75079917907715,0
2005-02-08,22.75079917907715,22.75079917907715,22.75079917907715,22.75079917907715,0
2005-02-09,22.75079917907715,22.75079917907715,22.75079917907715,22.75079917907715,0
2005-02-10,22.75079917907715,22.75079917907715,22.75079917907715,22.75079917907715,0
2005-02-11,22.75079917907715,22.75079917907715,22.75079917907715,22.75079917907715,0
2005-02-14,23.176021575927734,23.601245002406255,22.96340894093875,23.176021575927734,166804805119
2005-02-15,23.388633728027344,23.601246375384857,23.17602292416939,23.17602292416939,72234208996
2005-02-16,23.176021575927734,23.38863236741727,22.750798149449214,23.38863236741727,45692838023
2005-02-17,22.75079917907715,23.176022624799916,22.538186534466,23.176022624799916,51282538224
2005-02-18,22.963407516479492,23.176020138279757,22.5381841163783,22.750796738178565,72099015536
2005-02-21,23.176021575927734,23.176021575927734,22.750798149449214,22.96340894093875,33289870061
2005-02-22,22.963407516479492,23.176020138279757,22.750796738178565,22.963407516479492,30276297793
2005-02-23,22.75079917907715,22.963409980188764,22.32557388985485,22.75079917907715,63483267116
2005-02-24,22.538192749023438,22.750805452259243,22.32558004578763,22.538192749023438,45716173892
2005-02-25,23.388633728027344,23.388633728027344,22.963410276811878,22.963410276811878,100432106055
2005-02-28,23.388633728027344,23.388633728027344,23.388633728027344,23.388633728027344,0
2005-03-01,23.091068267822266,23.34593948885641,22.963413280829265,23.176025956000245,45611671886
2005-03-02,23.006107330322266,23.260976651436632,22.96340819745968,23.091063156193925,54573620253
2005-03-03,22.75079917907715,22.963409980188764,22.623142366933074,22.963409980188764,76743661371
2005-03-04,22.325572967529297,22.58088473777034,22.155659466115168,22.538185603356883,79686501453
2005-03-07,22.453229904174805,22.58088672226402,22.240619093161634,22.32557492958521,41530428744
2005-03-08,22.835758209228516,23.048370883611753,22.453232002618655,22.750802364865102,39390950305
2005-03-09,22.538192749023438,22.70810630430815,22.410537745180005,22.410537745180005,31971749198
2005-03-10,22.112960815429688,22.45322655020497,21.98530585990866,22.45322655020497,52766961183
2005-03-11,22.325572967529297,22.495486468943426,22.155659466115168,22.155659466115168,32535323155
2005-03-14,21.90035057067871,22.1129632165184,21.815394737720737,22.070264080094205,38227024463
2005-03-15,21.72999382019043,21.900347905263594,21.687735285300246,21.85764877403616,36182466008
2005-03-16,22.112960815429688,22.112960815429688,21.687735569922488,21.687735569922488,51111133328
2005-03-17,21.645036697387695,21.900346589743076,21.560079036373356,21.68773398255105,62232356540
2005-03-18,21.645036697387695,21.857647461080518,21.560079036373356,21.68773398255105,35101998612
2005-03-21,21.517383575439453,21.602779996505216,21.39016737128803,21.602779996505216,52954513236
2005-03-22,21.475122451782227,21.602777393400174,21.21981256854633,21.390164793802516,44011491777
2005-03-23,21.390167236328125,21.475124904009082,21.177556455951756,21.219814991619558,48383695519
2005-03-24,21.517383575439453,21.857649314157467,21.304770950222267,21.34747008250483,44706895386
2005-03-25,21.90035057067871,21.90035057067871,21.645040631914373,21.645040631914373,29554956414
2005-03-28,21.90035057067871,21.98530824713623,21.772695601296544,21.942609110712034,21578933118
2005-03-29,21.72999382019043,21.900347905263594,21.60277946268195,21.900347905263594,25286949476
2005-03-30,21.517383575439453,21.687735821222844,21.475125039505023,21.475125039505023,57722223499
2005-03-31,21.90035057067871,21.942609110712034,21.60278209188105,21.772695601296544,32289271146
2005-04-01,22.368268966674805,22.410527498794934,21.72999239578597,21.900346469692394,44872512425
2005-04-04,22.197921752929688,22.453231722787866,22.155663207749758,22.155663207749758,28863799283
2005-04-05,22.197921752929688,22.197921752929688,22.197921752929688,22.197921752929688,0
2005-04-06,21.90035057067871,22.24061818590057,21.90035057067871,22.02800554006088,32716072938
2005-04-07,21.857648849487305,22.155657889434902,21.857648849487305,21.900347980862133,50403640211
2005-04-08,22.240617752075195,22.240617752075195,21.942608682699625,22.112962785183065,38373156886
2005-04-11,22.070255279541016,22.32556511650011,22.070255279541016,22.32556511650011,30677941288
2005-04-12,22.240617752075195,22.282876291284225,21.9003501434906,21.9003501434906,19729611654
2005-04-13,22.325572967529297,22.368272101942754,22.112962175201165,22.24061713857196,21487076131
2005-04-14,21.815391540527344,21.985305025040866,21.772692410360996,21.985305025040866,49927797525
2005-04-15,21.815391540527344,22.07026084554799,21.475123975174004,21.602778925847474,52396006947
2005-04-18,21.390167236328125,21.475124904009082,21.26251228013336,21.475124904009082,82500076458
2005-04-19,21.304765701293945,21.47511974860599,21.219809897507172,21.304765701293945,53314278200
2005-04-20,21.304765701293945,21.68773047794218,21.219809897507172,21.68773047794218,36464252987
2005-04-21,21.0921630859375,21.347473035251934,20.879550431312083,20.92224956950072,69457763228
2005-04-22,21.0921630859375,21.390170329940954,21.0921630859375,21.304773897063296,47564687339
2005-04-25,21.17755126953125,21.219809794849862,20.986067038634587,21.09215486991802,26072543538
2005-04-26,21.942611694335938,22.028008133739753,21.24138862945098,21.262516980205618,61575799203
2005-04-27,22.197921752929688,22.197921752929688,21.815397394586952,22.155663207749758,65262914721
2005-04-28,22.538192749023438,22.538192749023438,21.900356482816054,22.11296918605186,50355185568
2005-04-29,22.070255279541016,22.197910198020562,21.985299480459314,22.197910198020562,34023149445
2005-05-02,22.070255279541016,22.070255279541016,22.070255279541016,22.070255279541016,0
2005-05-03,22.240617752075195,22.580885360659796,22.19791861648389,22.19791861648389,48265716324
2005-05-04,22.325572967529297,22.538185603356883,22.24061713857196,22.24061713857196,31220693450
2005-05-05,22.92070960998535,23.133320382550075,22.580882638745987,22.580882638745987,69078812263
2005-05-06,23.218717575073242,23.26097611059916,22.835752707774766,22.92071037517048,58038276527
2005-05-09,23.260976791381836,23.260976791381836,22.920711045994544,23.21871825461913,51938652030
2005-05-10,23.260976791381836,23.38863175088409,23.0483660054968,23.260976791381836,41962019351
2005-05-11,22.793493270874023,22.87845093491006,22.45322570540197,22.750795984192052,53146597206
2005-05-12,23.176021575927734,23.176021575927734,22.83575397807146,22.8784531123165,56783075558
2005-05-13,23.303668975830078,23.47358242143037,23.04835913295367,23.091056409842302,64807210969
2005-05-16,23.303668975830078,23.431323897268282,23.176014054391874,23.388624776880796,36327799197
2005-05-17,23.091068267822266,23.388636787671427,23.048370969007248,23.303680942993246,34232561857
2005-05-18,23.345930099487305,23.388627381130142,23.006103170448075,23.09105898095835,42082145938
2005-05-19,23.98421287536621,24.026469571753445,23.60124612504829,23.60124612504829,111472123607
2005-05-20,24.02646255493164,24.111420206283018,23.813851815420854,23.813851815420854,49192818671
2005-05-23,23.473587036132812,23.941509536986477,23.34593208959876,23.941509536986477,26781931543
2005-05-24,23.98421287536621,24.11142724791633,23.431332616222058,23.473591156108828,58410723837
2005-05-25,23.72890281677246,24.19682543372622,23.643946977941084,23.98421461668727,57040854785
2005-05-26,23.813859939575195,23.856557234448502,23.516289603697214,23.728902259240304,45060152305
2005-05-27,24.15411949157715,24.196818618927548,23.8565510760144,23.8565510760144,44665914896
2005-05-30,24.11142349243164,24.11142349243164,23.89881088044486,24.026465829501372,28950202158
2005-05-31,24.196813583374023,24.281769380598433,23.89880463353212,24.069158667685254,78869368398
2005-06-01,23.771591186523438,24.11141807489107,23.728892066491913,23.941504630707254,57861588784
2005-06-02,24.196813583374023,24.239072105632836,23.984202870460845,23.984202870460845,67194816351
2005-06-03,24.536653518676758,24.579352659867343,24.196826461911773,24.281782304353143,65016333549
2005-06-06,24.706995010375977,24.706995010375977,24.366727531155718,24.451683330157685,59845128818
2005-06-07,24.451696395874023,24.66430907034371,24.324041409302087,24.66430907034371,75422326007
2005-06-08,24.74925994873047,24.876914900179422,24.536647332759014,24.536647332759014,84948744176
2005-06-09,24.664308547973633,24.876921217940357,24.366740035408245,24.876921217940357,56691036329
2005-06-10,24.706995010375977,24.876908451878723,24.579340092016235,24.791950809377948,105148682926
2005-06-13,25.233888626098633,25.37287787154594,24.770906556709978,25.002396635599954,69491925975
2005-06-14,25.233888626098633,25.46537870498861,25.187398302485295,25.3263875479326,44913267908
2005-06-15,25.465377807617188,25.465377807617188,25.187397414909594,25.233887736884665,45102875760
2005-06-16,25.881866455078125,25.928356774947936,25.46537665444838,25.650376394828346,49491777256
2005-06-17,26.298826217651367,26.622816982525237,25.88185675947716,25.928347061931245,53602356374
2005-06-20,26.344844818115234,26.391333219902016,26.020853976993706,26.298832406790435,43774458123
2005-06-21,25.835853576660156,26.344846068156116,25.835853576660153,26.344846068156116,29415958543
2005-06-22,26.344844818115234,26.483834033013597,25.928353163882125,25.928353163882125,41546281468
2005-06-23,26.483842849731445,26.622832110900628,26.39134200582547,26.530333178603573,49408583340
2005-06-24,26.206340789794922,26.437830882151562,26.11336013715921,26.391340555833708,37381755119
2005-06-27,26.159841537475586,26.159841537475586,25.74335182119065,26.020852331367262,33091091201
2005-06-28,26.113361358642578,26.159851687135077,25.83586074079958,26.067350843984443,32658503329
2005-06-29,25.418886184692383,26.34484833183997,25.372875678839247,26.34484833183997,119284584828
2005-06-30,25.511863708496094,25.789366171748558,25.37287448161836,25.696865350664403,42307439722
2005-07-01,25.789365768432617,25.789365768432617,25.23388486011177,25.511863309519974,20424031174
2005-07-04,25.511863708496094,25.881865081224266,25.465375302702515,25.650375033262378,19522557421
2005-07-05,25.187397003173828,25.511865800943802,25.18739700317383,25.511865800943802,20550143649
2005-07-06,25.280376434326172,25.372877265559623,25.094896869695383,25.280376434326172,53365764787
2005-07-07,25.280376434326172,25.372877265559623,24.770905965100685,25.280376434326172,60616153071
2005-07-08,24.909893035888672,25.14138307130668,24.86340272100584,25.094892756423853,72912106836
2005-07-11,26.298826217651367,26.298826217651364,25.23387714133725,25.23387714133725,108679945147
2005-07-12,26.43782615661621,26.761817029886053,26.391335838608104,26.391335838608104,76117239035
2005-07-13,26.298826217651367,26.530318102790527,26.206327337916655,26.391327008993905,47584695158
2005-07-14,26.39134407043457,26.43783440294366,26.020864675207427,26.39134407043457,30317490848
2005-07-15,26.206340789794922,26.483841394657503,26.159850463477067,26.437830882151562,27211882278
2005-07-18,26.206340789794922,26.206340789794922,26.206340789794922,26.206340789794922,0
2005-07-19,26.020856857299805,26.20633640612437,25.9283560339491,26.113355769042016,31257029623
2005-07-20,26.113361358642578,26.530332961963072,26.020862427100848,26.067350843984443,65479613711
2005-07-21,26.113361358642578,26.576343476621208,25.789372323915984,25.789372323915984,63424102491
2005-07-22,26.344844818115234,26.344844818115234,25.74335344926724,26.113352878497007,43749540098
2005-07-25,25.974842071533203,26.159841776136005,25.92835176065417,26.159841776136005,24601317660
2005-07-26,25.74335479736328,26.39133460193066,25.74335479736328,25.928354521666,66825500732
2005-07-27,24.585420608520508,25.326380976548304,24.539410110629426,25.002390148280895,122266751309
2005-07-28,24.955907821655273,24.955907821655273,24.446915250635122,24.631916914540827,76499842386
2005-07-29,24.631916046142578,25.233887330060682,24.631916046142575,25.002395351451668,41934635454
2005-08-01,24.67840003967285,24.955902476090262,24.585421325468474,24.631911638374792,18557408454
2005-08-02,25.418886184692383,25.418886184692383,24.81691492187837,24.955906066922857,45061843410
2005-08-03,25.881866455078125,25.974847094817747,25.511865062709646,25.69686671469816,59730275041
2005-08-04,25.326379776000977,25.881860596762643,25.32637977600098,25.881860596762643,36365791448
2005-08-05,25.326379776000977,25.32637977600098,25.32637977600098,25.32637977600098,0
2005-08-08,24.724409103393555,24.955901027137607,24.67839860683213,24.816909910162046,70687652410
2005-08-09,24.5394229888916,24.816923651240465,24.44692213090558,24.631923846877626,60719869436
2005-08-10,24.446916580200195,24.909898667311708,24.35393784102302,24.724417179542172,49252872868
2005-08-11,24.816911697387695,24.816911697387695,24.492920855150633,24.53941116870577,33853893091
2005-08-12,24.816911697387695,25.14138235330495,24.770901197512757,24.863402010942828,38507261071
2005-08-15,24.5394229888916,24.72442279325444,24.076442708268594,24.678412271217088,51535837393
2005-08-16,24.5394229888916,24.72442279325444,24.353943370617454,24.72442279325444,31214533475
2005-08-17,24.40041732788086,24.53940651691039,24.215415736090414,24.307916531985637,40079514004
2005-08-18,24.076435089111328,24.53941522322102,24.07643508911133,24.40042598487966,38514103281
2005-08-19,23.890954971313477,23.983933700005352,23.659464909667474,23.983933700005352,42894422739
2005-08-22,24.076435089111328,24.16893400621621,23.937443939161366,24.029944767874852,21801291569
2005-08-23,24.076435089111328,24.261434834929695,24.029944767874852,24.07643508911133,28805441837
2005-08-24,23.844945907592773,23.983935151095814,23.752445075444058,23.983935151095814,27495679260
2005-08-25,23.98393440246582,24.12244573947678,23.659465602624646,23.705954012527894,23316013057
2005-08-26,24.446916580200195,24.631918254167363,23.937446079304483,23.98393640469746,37548418982
2005-08-29,23.752443313598633,24.307924255847873,23.65946458617803,24.21542343056044,38574733797
2005-08-30,23.659460067749023,24.029939288670132,23.659460067749023,24.029939288670132,47672464489
2005-08-31,25.002389907836914,25.00238990783691,23.65946030568833,23.65946030568833,60381322224
2005-09-01,25.002389907836914,25.00238990783691,25.00238990783691,25.00238990783691,0
2005-09-02,24.353927612304688,24.631907908696526,24.215416321905632,24.539407110563538,60075576635
2005-09-05,24.12244415283203,24.35393420603193,24.122444152832035,24.261433382854726,24361010117
2005-09-06,24.168930053710938,24.400421994516975,24.12244165168562,24.30792118093076,19749540219
2005-09-07,24.076435089111328,24.21542432745269,24.029944767874852,24.122445596588335,16220889832
2005-09-08,24.029943466186523,24.261433520701686,23.98393296120188,24.076433784904648,22802431148
2005-09-09,23.890954971313477,24.26143426805331,23.84494446491152,24.12244503295948,28265634941
2005-09-12,24.40041732788086,24.53940651691039,24.215415736090414,24.307916531985637,48137107447
2005-09-13,24.77089500427246,24.816905492643816,24.400415852716066,24.400415852716066,80149601150
2005-09-14,24.955907821655273,24.955907821655273,24.724415834885008,24.77090615774957,47095472940
2005-09-15,24.955907821655273,25.002396232911167,24.678405325796717,24.909897312566983,35857932990
2005-09-16,24.353927612304688,25.048397583879446,24.35392761230469,24.95589869735443,48407006712
2005-09-19,24.631916046142578,24.770905284451253,24.215424321758693,24.353935657916615,38608752463
2005-09-20,24.816911697387695,25.002391226319745,24.307921139898777,24.446910355275694,48550504926
2005-09-21,24.816911697387695,24.816911697387695,24.585421668580704,24.816911697387695,17546722820
2005-09-22,24.12244415283203,24.492923436054625,24.02994332965483,24.446912931331397,66175382015
2005-09-23,23.798452377319336,24.07643273847076,23.566962332865426,23.89095319700174,38302580282
2005-09-26,23.61345100402832,24.029942692540025,23.381960956966005,23.844942962699072,41551404761
2005-09-27,23.844945907592773,23.93744482813281,23.566965508978015,23.659466341126727,40158053043
2005-09-28,23.705949783325195,23.937439810452844,23.427969442979677,23.752440096543065,36602111187
2005-09-29,24.97028350830078,25.018211357963864,24.443080985223997,24.538934772941605,50183179
2005-09-30,25.5454158782959,25.545415878295902,25.11406714149053,25.1619949913143,52606810
2005-10-03,25.305774688720703,25.59334176561257,25.257846842572057,25.59334176561257,37066503
2005-10-04,25.880910873413086,25.880910873413086,25.4016342505254,25.4016342505254,61584074
2005-10-05,25.976760864257812,26.264327942839795,25.880907083005578,25.880907083005578,65270754
2005-10-06,25.737125396728516,25.832981096490567,25.641269696966464,25.785053246609543,31700637
2005-10-07,25.83298110961914,25.976762747726724,25.593343771700788,25.593343771700788,39124185
2005-10-10,25.83298110961914,25.83298110961914,25.83298110961914,25.83298110961914,0
2005-10-11,25.353700637817383,25.737121466709247,25.257844952692345,25.737121466709247,34435849
2005-10-12,24.82650375366211,25.11406896183983,24.778575900364373,25.11406896183983,49680260
2005-10-13,24.634794235229492,24.730649949197602,24.538938521261382,24.68272209221355,36270824
2005-10-14,24.491016387939453,24.874435480273803,24.443088523495373,24.77858166299479,40166618
2005-10-17,24.011730194091797,24.53893267203195,24.011730194091797,24.49100673808062,37037227
2005-10-18,24.203445434570312,24.63479423582845,24.15551757758509,24.20344543457031,35050644
2005-10-19,23.748130798339844,24.011733990596717,23.748130798339844,24.011733990596717,58063640
2005-10-20,24.107587814331055,24.20344160151245,23.484527683805005,23.772092868566272,53103456
2005-10-21,23.580385208129883,23.84398648860103,23.340745942602766,23.340745942602766,32710658
2005-10-24,24.107587814331055,24.299297300302385,23.867948567356212,23.91587641675118,43110943
2005-10-25,24.34722328186035,24.7306441359968,24.34722328186035,24.682716290278695,37500414
2005-10-26,24.34722328186035,24.682716290278695,24.15551189898793,24.34722328186035,28925694
2005-10-27,23.772083282470703,24.251359671543586,23.724155452402638,23.963794602742965,34633461
2005-10-28,24.1555118560791,24.778571937699304,24.01173023078859,24.01173023078859,64097625
2005-10-31,24.922359466552734,25.161998751482894,24.538938522273327,24.778577807203487,63756769
2005-11-01,24.82650375366211,25.161996815137567,24.82650375366211,25.161996815137567,27323881
2005-11-02,25.25784683227539,25.305774678404497,24.970281667109166,25.066137359367378,38550167
2005-11-03,25.64126205444336,25.689189890039223,25.497480459263762,25.545408294859627,50505214
2005-11-04,25.976760864257812,26.072616557118472,25.832979236575245,25.880907083005578,61786915
2005-11-07,26.072612762451172,26.072612762451172,25.785047637330496,25.976757083541564,42838049
2005-11-08,26.12054443359375,26.120544433593746,25.83297926628942,26.07261658710829,42921695
2005-11-09,26.50397300720215,26.55190086763584,26.024696314474227,26.07262417490792,74806353
2005-11-10,26.791528701782227,26.839456545120278,26.551891396700263,26.69567492671442,69350569
2005-11-11,27.318737030029297,27.318737030029293,26.839460438728278,26.839460438728278,96114025
2005-11-14,27.318737030029297,27.41459273061121,27.031171839892114,27.127025628865457,62320156
2005-11-15,27.318737030029297,27.318737030029293,26.839460438728278,26.839460438728278,56931288
2005-11-16,27.22287940979004,27.414590797435096,26.599821223160497,27.318735103612568,36987039
2005-11-17,26.887392044067383,27.222885131349923,26.64775467075381,27.222885131349923,27130451
2005-11-18,27.366661071777344,27.51044269103195,27.270805384535393,27.31873322815637,52759463
2005-11-21,27.750091552734375,27.94180108223206,27.55838011162771,27.55838011162771,67668246
2005-11-22,27.798015594482422,27.798015594482422,27.462522530240395,27.750087740789457,35614206
2005-11-23,28.612783432006836,28.852420773351774,28.181434688299078,28.277290389480488,99635505
2005-11-24,28.612783432006836,28.75656507217036,28.46899988023472,28.612783432006836,61217079
2005-11-25,28.325212478637695,28.612779543097215,28.27728654616944,28.612779543097215,23042272
2005-11-28,28.516931533813477,28.70864105013389,28.42107581984885,28.56485939079579,29944080
2005-11-29,27.702152252197266,28.421066036236816,27.70215225219727,27.89386361413218,38924481
2005-11-30,28.516931533813477,28.66071510476042,27.98972701861687,27.98972701861687,52173944
2005-12-01,28.421062469482422,28.75655539915702,28.421062469482422,28.51691813842029,57002387
2005-12-02,29.044130325317383,29.13998602670081,28.8044929834674,28.852420834159116,72773765
2005-12-05,29.71511459350586,29.715114593505856,28.900345057235022,29.235838058356833,46885451
2005-12-06,29.95475959777832,30.05061531174593,28.948280335944986,28.948280335944986,59293230
2005-12-07,29.95475959777832,30.43403625600751,29.66719436748435,29.95475959777832,43699599
2005-12-08,29.571331024169922,29.95475186950966,29.2358380234487,29.95475186950966,38101617
2005-12-09,29.139982223510742,29.33169360125649,28.90034491293691,29.283765756820053,41409801
2005-12-12,29.331697463989258,29.427551253876906,28.804493017368504,29.13998606099677,32498407
2005-12-13,29.71511459350586,29.715114593505856,29.044126679653882,29.331693747708307,45184308
2005-12-14,29.283769607543945,29.523406949629344,29.092058204588753,29.523406949629344,47646626
2005-12-15,29.187908172607422,29.23583601393163,28.948270877594624,29.23583601393163,32392805
2005-12-16,29.71511459350586,29.858896215924716,29.235838058356833,29.235838058356833,43199817
2005-12-19,29.95475959777832,29.95475959777832,29.619266510500545,29.81097602682691,36789427
2005-12-20,29.85890007019043,29.858900070190433,29.571334876624686,29.71511842921186,26550159
2005-12-21,30.194398880004883,30.194398880004883,29.763051963098214,29.906833631530784,33167572
2005-12-22,28.845230102539062,29.400711040311656,28.752729277997094,29.400711040311656,21024968367
2005-12-23,30.625736236572266,30.62573623657227,29.90682242887702,30.098533797120155,35697852
2005-12-26,29.539703369140625,29.632202285785176,28.984220497473277,29.632202285785176,12674941534
2005-12-27,30.577816009521484,30.81745527950447,30.290250797150637,30.577816009521488,21372497
2005-12-28,30.434043884277344,30.434043884277344,30.002694974914686,30.002694974914686,20573681
2005-12-29,30.194398880004883,30.434038180074108,30.002689351558473,30.434038180074108,55692287
2005-12-30,29.95475959777832,30.194396971088494,29.858903883810715,30.14646911410469,29157811
2006-01-02,29.235837936401367,29.6192587805995,28.756561403251613,29.6192587805995,30366490
2006-01-03,30.146469116210938,30.146469116210934,28.99620819495467,29.235845568281583,71325650
2006-01-04,30.386104583740234,30.386104583740234,29.715118493433785,30.24232103084231,55262558
2006-01-05,30.673675537109375,30.67367553710937,30.002689320820902,30.38611028892988,44492141
2006-01-06,31.39258575439453,31.392585754394535,31.009164833417994,31.057092687491153,68933386
2006-01-09,32.638702392578125,32.78248594672314,31.68015109977052,31.68015109977052,78626866
2006-01-10,31.96771812438965,32.590776404761094,31.728080765387265,32.590776404761094,46107547
2006-01-11,31.536367416381836,31.632223118752346,30.721597769449758,31.632223118752346,69942361
2006-01-12,31.39258575439453,31.871862383517396,31.20087624971063,31.871862383517396,48264558
2006-01-13,30.913305282592773,31.15294452317021,30.577812257392857,31.057088826939236,38442473
2006-01-16,30.625736236572266,30.817447604815403,30.434026779937387,30.577808394511486,37459637
2006-01-17,30.961238861083984,31.296733859986563,30.721601487762417,30.721601487762417,39285202
2006-01-18,29.523406982421875,30.05061142952564,29.427551280837807,29.715118385590007,82601078
2006-01-19,29.71511459350586,30.242317061722265,29.379621592384048,29.619258904154382,54131251
2006-01-20,29.95475959777832,30.194396971088494,29.763050081451954,30.194396971088494,36743422
2006-01-23,29.6192626953125,29.810972186945214,29.427551292071183,29.52340699369184,28493874
2006-01-24,29.667194366455078,30.00268745372122,29.571338652490798,29.61926650947294,40324499
2006-01-25,30.434043884277344,30.434043884277344,29.858911367924023,30.194404539292908,41525859
2006-02-03,30.386104583740234,30.91330712114876,29.858900134723108,30.673669777927486,82349095
2006-02-06,31.871854782104492,31.871854782104496,29.523401962276278,30.194387936053406,54588165
2006-02-07,31.15294647216797,31.296730025509845,30.673669872636975,30.673669872636975,41847894
2006-02-08,30.24231719970703,31.1529424294842,30.194389354812618,31.1529424294842,36292781
2006-02-09,30.194398880004883,30.769531288562057,30.002689351558473,30.673675568534364,38461293
2006-02-10,30.002681732177734,30.2423190597805,29.715116556732724,30.19439121193825,39062496
2006-02-13,29.906824111938477,30.05060764621251,29.71511464451479,29.763042489272802,27026939
2006-02-14,29.85890007019043,29.858900070190433,29.523407025762292,29.71511842921186,48076355
2006-02-15,29.379623413085938,29.954753761619823,29.28376771779413,29.954753761619823,38611855
2006-02-16,29.906824111938477,30.146461424120172,29.52340326548275,29.66718679975678,44765035
2006-02-17,29.571331024169922,30.146461336375353,29.523403179551412,29.95475186950966,33274220
2006-02-20,30.050609588623047,30.050609588623047,29.42754947810392,29.47547732595989,23522189
2006-02-21,29.76304054260254,30.290242977241935,29.715112700979276,30.146459452372152,32982506
2006-02-22,29.667194366455078,30.05061531070336,29.379629136171083,29.906831739756935,37527599
2006-02-23,29.139982223510742,29.619258756266763,28.996200601809782,29.571330911830326,43459118
2006-02-24,29.235837936401367,29.379621469828795,28.900344936679044,29.139982247449744,46726524
2006-02-27,29.187908172607422,29.23583601393163,28.900343036270417,29.23583601393163,45298276
2006-03-01,28.948272705078125,29.139982170869203,28.708633483328853,28.90034486072827,57964311
2006-03-02,30.050609588623047,30.098537436479017,29.47547732595989,29.47547732595989,80870659
2006-03-03,29.6192626953125,30.00268359018653,29.427551292071183,30.00268359018653,44579969
2006-03-06,29.187908172607422,29.57132899159284,29.092052489959016,29.57132899159284,28457279
2006-03-07,28.804485321044922,29.187906112974403,28.804485321044925,29.187906112974403,37496232
2006-03-08,28.27728271484375,28.756557267455424,28.22935487726097,28.70862942987264,62459217
2006-03-09,28.660722732543945,28.708648690672458,28.277301686250347,28.277301686250347,28139426
2006-03-10,29.427553176879883,29.810974096311682,28.660713249624997,28.660713249624997,65318851
2006-03-13,29.427553176879883,29.571336738520078,29.13998796520821,29.42755317687988,18581870
2006-03-14,28.756561279296875,29.235837810380712,28.66070750236678,29.235837810380712,34625097
2006-03-15,29.283769607543945,29.715118352584536,29.18791390606635,29.475479098890546,32314387
2006-03-16,28.996204376220703,29.715118313130965,28.996204376220703,29.47547905975515,37898776
2006-03-17,29.092050552368164,29.187906228632386,28.756557597051483,28.900341111447815,42512877
2006-03-20,28.852418899536133,29.09205622531786,28.80449105205809,29.09205622531786,35351768
2006-03-21,28.996204376220703,29.1399860166376,28.70863727216972,28.756565122844886,39790213
2006-03-22,28.564861297607422,28.804498686906843,28.516933437425745,28.756570826725167,46207921
2006-03-23,28.564861297607422,28.9003544072702,28.37314985688071,28.660717017970782,39473405
2006-03-24,28.660722732543945,28.852432299886065,28.516939123330335,28.564866993068204,22809110
2006-03-27,28.900346755981445,29.09205623434462,28.852418908488538,29.04412838685171,25907134
2006-03-28,29.427553176879883,29.475481030759944,28.900350607416605,29.13998796520821,41086719
2006-03-29,29.667194366455078,29.667194366455078,29.092061994278236,29.23584556522466,46391942
2006-03-30,30.146469116210938,30.194396973198085,29.76305008353141,29.954759599871174,91007461
2006-03-31,30.769533157348633,31.057098423288,30.194400713860812,30.194400713860812,91399549
2006-04-03,31.057090759277344,31.152946461472357,30.577814159910904,30.769525564300928,37725212
2006-04-04,30.913305282592773,31.057088826939236,30.72159580173932,31.009160978823747,26653671
2006-04-06,31.584299087524414,31.584299087524414,31.105022429314467,31.152950286296345,65636704
2006-04-07,32.30321502685547,32.49492647745034,31.44051923400577,31.63223068460064,68181621
2006-04-10,32.11150360107422,32.30321120577425,31.82393645919765,32.015647887115364,47331909
2006-04-11,31.680150985717773,32.01564403257305,31.48843958088127,31.919788330154795,33915155
2006-04-12,32.01565170288086,32.25528719312112,31.200881860340427,31.200881860340427,55796844
2006-04-13,32.20735549926758,32.25527952735152,31.77600483755698,32.11149979666523,39164962
2006-04-14,32.59077453613281,32.59077453613281,31.91978844011088,32.11149984560779,38892068
2006-04-17,32.49492263793945,32.63870620889654,32.30321120999668,32.59077835191084,35193887
2006-04-18,32.542850494384766,32.638706208354556,32.063575747753475,32.49492263739987,29590677
2006-04-19,33.26175308227539,33.501392284752306,33.022113879798475,33.022113879798475,57104852
2006-04-20,33.50138854980469,33.549316384956775,33.1658937037401,33.1658937037401,38494751
2006-04-21,33.213829040527344,33.5493239623664,33.16590119455033,33.26175688650435,39472359
2006-04-24,32.686622619628906,33.21382503863727,32.63869477942666,32.7824783000334,41773659
2006-04-25,32.11150360107422,32.638706204630246,32.015647887115364,32.638706204630246,36433933
2006-04-26,33.07005310058594,33.165908814563224,31.919792179293864,32.01564789327115,37492050
2006-04-27,32.20735549926758,33.02212132495313,32.20735549926758,32.92626944556801,50857571
2006-04-28,32.638702392578125,33.02212138041427,32.11149985059696,32.54284668981477,46648106
2006-05-02,32.20735549926758,32.3032073786527,31.871860540159336,31.919788391460514,52414425
2006-05-03,32.11150360107422,32.638706204630246,32.11150360107422,32.30321120577425,41723472
2006-05-04,32.35113525390625,32.59077451058957,32.30320740256959,32.59077451058957,25590326
2006-05-05,32.830413818359375,33.309688509254556,32.590774561303164,32.63870241271441,55011621
2006-05-08,33.26175308227539,33.501392284752306,33.022113879798475,33.35760876326616,41549907
2006-05-09,32.59077453613281,33.11797707803206,32.446990982010135,33.11797707803206,42165748
2006-05-10,31.871854782104492,32.351129385312,31.200868808327368,32.351129385312,75295680
2006-05-11,31.91977882385254,31.919778823852536,31.248792929974037,31.248792929974037,42994885
2006-05-12,31.105018615722656,31.34465595964277,31.05709076461691,31.1529464668284,57094397
2006-05-15,30.290241241455078,30.625734201984194,30.24231340257833,30.48195259696207,61700133
2006-05-16,29.906824111938477,30.577810115333914,29.858896267180466,30.33817280315222,58757899
2006-05-17,30.529888153076172,30.67367171505443,30.09854129035886,30.194395086735636,33387142
2006-05-18,28.937725067138672,29.030703774981596,28.706235057400512,28.891714571053818,58946971613
2006-05-19,28.937725067138672,29.215705386602362,28.706235057400512,28.937725067138675,45212447317
2006-05-22,29.139982223510742,30.09853528902278,29.09205437907431,30.050607444586344,66874659
2006-05-23,29.283769607543945,29.57133480036814,28.66071137115676,28.80449301176456,60425583
2006-05-24,29.235837936401367,29.571330936123687,28.852417092203233,29.283765780877175,58294711
2006-05-25,28.660722732543945,29.18792547644179,28.66072273254394,28.99621590909967,53210104
2006-05-26,28.516931533813477,29.04413413740124,28.42107581984885,28.7565689071162,62662057
2006-05-29,27.87278175354004,28.335761903257275,27.687780089876473,27.780280921708258,35559318188
2006-05-30,28.852418899536133,29.331695462708055,28.66070942123244,28.75656320458005,34352203
2006-06-01,29.427553176879883,29.763048154040337,29.044132257448076,29.475481030759944,47066334
2006-06-02,29.95475959777832,29.95475959777832,29.57133865351674,29.763050081451954,46201648
2006-06-05,28.948272705078125,30.14646116739112,28.756561327678707,30.050607390299753,55459125
2006-06-06,29.139982223510742,29.33169360125649,28.7565613796276,28.90034491293691,54823419
2006-06-07,28.804485321044922,29.139978275032206,28.804485321044925,28.996196672813706,33273175
2006-06-08,26.791528701782227,28.612779102195034,26.791528701782227,28.564851258856983,80875887
2006-06-09,28.037647247314453,28.229358623084234,27.27080556745198,27.79800993921055,71531628
2006-06-12,27.55837631225586,28.085580791006468,27.31873895551942,27.798015580601003,55858533
2006-06-13,26.935317993164062,27.41459461745184,26.887390139574418,27.318738910272543,54639398
2006-06-14,27.8459415435791,28.181434584874204,26.935316208914845,26.935316208914845,58904278
2006-06-15,27.22287940979004,28.181432524798435,27.17495156287878,28.13350467788717,45438382
2006-06-16,28.468997955322266,28.564853650022457,28.22936063018025,28.51692580267236,57760425
2006-06-19,28.468997955322266,28.612781497372552,28.277288477530345,28.564853650022457,67351439
2006-06-20,28.188859939575195,28.70419699931915,27.93119240748641,28.39499596081261,91355412
2006-06-21,28.498064041137695,28.60113306061776,28.137329457440583,28.188862969397313,34227699
2006-06-22,29.73486328125,29.78639678100152,28.961860784977233,29.167994783983307,42459279
2006-06-23,29.16800880432129,29.374142902410906,28.80727413266446,29.374142902410906,29058725
2006-06-26,29.374135971069336,29.631803532880184,28.858800847447636,28.858800847447636,24011566
2006-06-27,29.58026885986328,29.889469921904034,29.271067797822525,29.580268859863278,37100479
2006-06-28,28.910337448120117,29.219538555323155,28.755736894518602,28.858803930252947,57331751
2006-06-29,29.21954345703125,29.2710769835434,28.910342297958344,28.910342297958344,51614615
2006-06-30,30.095605850219727,30.1471413593576,29.78640476879247,30.095605850219727,71963641
2006-07-03,30.147153854370117,30.301752463593164,29.992551254012085,30.147153854370117,30083993
2006-07-04,30.301746368408203,30.559415986796445,30.19868131484683,30.40481541310375,30927555
2006-07-05,29.73486328125,30.301731778516697,29.683329781498486,30.25020027433131,23413662
2006-07-06,29.42567253112793,29.63180660192647,29.27107197802902,29.580273084226835,39664663
2006-07-07,29.322608947753906,29.477209519053275,28.96187428138871,29.42567599528682,39109394
2006-07-10,29.322608947753906,29.477209519053275,28.704206662556427,28.858807233855796,41145718
2006-07-11,29.064939498901367,29.322607101510087,28.96187245785788,29.064939498901367,26654930
2006-07-12,29.42567253112793,29.889474190424647,29.219538460329385,29.786407155025376,52523144
2006-07-13,29.013410568237305,29.27107821160848,29.013410568237305,29.168011154260007,19841467
2006-07-14,28.394994735717773,28.601128752495203,28.343459235957116,28.44652823991213,52402345
2006-07-17,27.725065231323242,28.291933941964107,27.518931154726566,28.18886690366577,56417131
2006-07-18,27.879657745361328,27.98272475392436,27.776590736798294,27.82812424107981,29474923
2006-07-19,27.725065231323242,28.18886690366577,27.725065231323246,27.931199307919922,32017790
2006-07-20,28.961872100830078,29.013405620716544,28.446536901965445,28.601137461624834,48255594
2006-07-21,28.291934967041016,28.858805693787694,28.188867925008342,28.858805693787694,43132301
2006-07-24,27.261255264282227,27.312788767751453,26.952054243466854,27.261255264282227,74943008
2006-07-25,27.725065231323242,28.08579986536743,27.570464673875737,27.982732827069093,43911911
2006-07-26,27.63849639892578,27.946151025639505,27.53594419149875,27.946151025639505,39066183301
2006-07-27,27.792057037353516,27.843590553962823,27.53593601856397,27.638488195552515,52802041866
2006-07-28,28.03426742553711,28.085800946670318,27.776599819871063,27.87966686213748,41668503
2006-07-31,28.240392684936523,28.601129215705644,27.931191654762706,28.49806021008137,39760084
2006-08-01,28.394994735717773,28.498059748540186,28.240392227568403,28.29192573176276,21196648
2006-08-02,28.291934967041016,28.446537525656986,28.085800882975665,28.291934967041016,22049346
2006-08-03,28.291934967041016,28.54960257212271,28.137334403992003,28.446537525656986,32050274
2006-08-04,28.291934967041016,28.54960257212271,28.137334403992003,28.395004004640647,35807220
2006-08-07,28.1373233795166,28.498057885291704,28.034256377866576,28.498057885291704,21937683
2006-08-08,28.601137161254883,28.60113716125488,28.137333491580677,28.24040053027119,21339779
2006-08-09,28.755741119384766,28.807274644823373,28.343470920308768,28.395006441314504,51550663
2006-08-10,29.27107048034668,29.374137510472426,28.75573532971794,28.75573532971794,60819692
2006-08-11,29.58026885986328,29.68333588054353,29.374134818502778,29.631802370203406,46873006
2006-08-14,29.683340072631836,29.83794062548598,29.52873951977769,29.580273037395738,25133270
2006-08-15,29.683340072631836,29.83794062548598,29.52873951977769,29.78640710786793,20543928
2006-08-16,30.404815673828125,30.507882723840396,30.147148048797444,30.301746628248743,58560042
2006-08-17,30.765548706054688,30.971682795072102,30.559414617037277,30.92014927281775,62238825
2006-08-18,30.714017868041992,31.074752555348752,30.610950814525772,31.023219028590642,57626135
2006-08-21,29.83795166015625,30.662490242542678,29.683351050127715,30.55942316919032,41619
2006-08-22,30.301746368408203,30.3017463684082,29.889478171894353,29.889478171894353,20302
2006-08-23,29.941007614135742,30.353277750005486,29.477205956294952,30.3017422369008,32399474
2006-08-24,29.322608947753906,29.683343614119103,29.219541900220992,29.477209519053275,36856851
2006-08-25,29.374135971069336,29.683337045242354,29.219535433982827,29.374135971069336,24699815
2006-08-28,28.961872100830078,29.37414025992179,28.80727154117069,29.37414025992179,26852877
2006-08-29,29.116472244262695,29.271072801712034,29.013405205963135,29.219539282562252,26054996
2006-08-30,29.528745651245117,29.7864132928385,29.37414506628908,29.580279179563792,26826484
2006-08-31,29.941007614135742,30.250210714929754,29.889474096597876,29.992541131673608,40281854
2006-09-01,30.301746368408203,30.353281888539524,30.044078745587047,30.044078745587047,29076998
2006-09-04,30.559412002563477,30.61094552040894,30.35327793118162,30.456344966872546,26855923
2006-09-05,30.198673248291016,30.610941334681364,30.14713973749222,30.610941334681364,15028800
2006-09-06,29.786407470703125,30.250211130482082,29.477206361228383,30.1471440939905,25035819
2006-09-07,29.42567253112793,29.5287395665272,29.27107197802902,29.27107197802902,23380164
2006-09-08,29.074214935302734,29.381871490062647,29.022681414707808,29.022681414707808,30968925561
2006-09-11,29.013410568237305,29.889480555699294,28.96187703956307,29.322611740282714,36606117
2006-09-12,29.21954345703125,29.42567756307985,28.961875824470496,29.11647640400695,28685163
2006-09-13,30.095605850219727,30.095605850219727,29.68333774165005,29.78640476879247,45216335
2006-09-14,30.095605850219727,30.40480892721365,29.68333774165005,30.40480892721365,40731551
2006-09-15,30.253816604614258,30.25381660461426,29.843609886185412,29.997178730248148,42647055608
2006-09-18,30.86861801147461,30.97168506353226,30.61095038133049,30.662483907359313,61945456
2006-09-19,31.177806854248047,31.383940876952536,31.074739842895806,31.17780685424805,51626796
2006-09-20,30.86861801147461,30.97168506353226,30.662483907359313,30.920151537503436,34033812
2006-09-21,31.177806854248047,31.28087386560029,30.920139325867442,31.17780685424805,34170852
2006-09-22,30.765548706054688,31.023216317326455,30.662481661545986,30.868615750563396,28759266
2006-09-25,30.765548706054688,30.92014927281775,30.507881094782924,30.76554870605469,16036811
2006-09-26,31.177806854248047,31.28087386560029,31.023206337219687,31.023206337219687,26138235
2006-09-27,31.383949279785156,31.435482799259017,31.126281682415854,31.383949279785156,35342297
2006-09-28,31.383949279785156,31.487016318732877,31.280882240837435,31.383949279785156,74300439
2006-09-29,30.765548706054688,31.280883928598218,30.507881094782924,31.229350406343865,46391840
2006-10-02,31.023218154907227,31.177818730827653,30.66248347775956,30.817084053679988,44685429
2006-10-03,30.920141220092773,31.074741746592252,30.71400718476013,30.920141220092773,31465567
2006-10-04,30.147153854370117,30.920156878322814,30.147153854370117,30.920156878322814,46779615
2006-10-05,31.280874252319336,31.332407758632556,30.714005682873918,30.714005682873918,45036660
2006-10-09,31.280874252319336,31.280874252319336,31.280874252319336,31.280874252319336,0
2006-10-11,31.229347229003906,31.38394778003758,31.12628019498146,31.280880746015132,38087172
2006-10-12,31.435476303100586,31.487009811925017,31.229342267802853,31.435476303100582,31482824
2006-10-13,32.5692253112793,32.67229235999925,31.84775397467255,31.84775397467255,78219804
2006-10-16,33.496826171875,33.59989320652281,32.62075438180179,32.98148900306913,80407380
2006-10-17,32.41462326049805,33.08455904663704,32.36308973848735,32.98149200261566,38272938
2006-10-18,31.95081901550293,32.15695308711411,31.69314943042212,32.00235253340573,36902531
2006-10-19,31.435476303100586,31.847744373696045,31.332409285451718,31.59007682957388,38504385
2006-10-20,31.847749710083008,31.899285223109178,31.538548605326888,31.538548605326888,19804923
2006-10-23,31.538541793823242,31.693142312811617,31.383941274834868,31.435474781164327,12936645
2006-10-24,32.46615982055664,32.56922687422261,31.796221976160663,31.796221976160663,52962690
2006-10-25,32.105411529541016,32.414612559529274,31.950811014546886,32.414612559529274,39131727
2006-10-26,31.53546714782715,32.35588083784848,31.53546714782715,32.048226202982335,33418405823
2006-10-27,32.2084846496582,32.41461870875511,32.05388410533553,32.156951134883975,38132852
2006-10-30,31.280874252319336,31.796209315451534,31.280874252319336,31.693142302825095,60226864
2006-10-31,31.435476303100586,31.641610338398312,31.38394279427615,31.435476303100582,27665986
2006-11-01,31.023218154907227,31.693153983895744,30.971684629600418,31.641620458588935,54269145
2006-11-02,31.332408905029297,31.538542937824253,30.86860733124065,30.92014083943939,38329785
2006-11-03,31.487014770507812,31.693148838267586,31.02321311804832,31.02321311804832,59433042
2006-11-06,31.177806854248047,31.332407371276414,31.074739842895806,31.074739842895806,36353353
2006-11-07,31.229347229003906,31.590081848082473,31.177813711992684,31.435481297048803,40351897
2006-11-08,31.12628746032715,31.435488634566717,31.12628746032715,31.332421576486862,28891231
2006-11-09,31.177806854248047,31.590074899657022,31.17780685424805,31.43547438262866,42639970
2006-11-10,31.332408905029297,31.487009429625513,31.074741364035606,31.17780838043308,32187315
2006-11-13,30.920141220092773,31.229342273091735,30.868607711259614,31.177808764258575,27048795
2006-11-14,31.332408905029297,31.332408905029297,31.023207855836866,31.023207855836866,24290723
2006-11-15,31.847749710083008,32.05388577548724,31.590082122786242,31.744682675164302,52333317
2006-11-16,32.05387878417969,32.311546315276296,31.950811771741044,32.20847930283765,36581754
2006-11-17,32.15696334838867,32.36309748577718,31.95082921100017,32.2084968827358,30150991
2006-11-20,32.05387878417969,32.10541229039901,31.744675751297372,32.10541229039901,34728151
2006-11-21,32.46615982055664,32.46615982055664,30.920152019999925,30.920152019999925,44474285
2006-11-22,32.46615982055664,32.517693347389624,32.2600257132247,32.46615982055664,36937045
2006-11-23,32.72382354736328,32.82689058872263,32.5176894646446,32.62075650600394,44517935
2006-11-24,32.67229461669922,32.82689520045753,32.46616050502148,32.62076108877979,24710981
2006-11-27,33.29068374633789,33.34221725381556,32.92994919399419,33.03301620894953,43691630
2006-11-28,32.98149108886719,33.08455813003311,32.775357006535344,32.98149108886719,34585020
2006-11-29,33.23915100097656,33.34221801829505,32.67228240572486,33.187617492317315,64572577
2006-11-30,33.75448226928711,33.75448226928711,33.18761177610631,33.44527927502207,73244718
2006-12-01,34.26982879638672,34.26982879638672,33.29068997553276,33.70296010806258,70899799
2006-12-04,34.16676712036133,34.37290122116989,33.90909949435063,34.11523359515919,51629842
2006-12-05,34.47596740722656,34.785168550687416,34.26983331158599,34.73363502677727,47807928
2006-12-06,34.991294860839844,35.04282837328389,34.682093786175564,34.73362729861961,48948919
2006-12-07,34.52750778198242,34.88824252092934,34.321373645441334,34.836708986794065,35983850
2006-12-08,34.06368637084961,34.52748791114569,33.496817821598846,34.52748791114569,38821101
2006-12-11,34.26982879638672,34.321362313507095,33.59989307382182,33.70296010806258,35027611
2006-12-12,33.084564208984375,34.26983739574129,32.92996361882921,34.26983739574129,42079625
2006-12-13,33.4453010559082,33.49683658481944,32.672298055751185,33.239166922533,39262677
2006-12-14,33.03302764892578,33.651431948389636,33.03302764892578,33.59989842306491,23654245
2006-12-15,33.4453010559082,33.75450425153844,33.239166922533,33.49683658481944,34750484
2006-12-18,34.32136535644531,34.5274994432027,33.651429574483785,33.651429574483785,33957678
2006-12-19,33.54836654663086,33.96063476949153,33.49683301877328,33.96063476949153,36219358
2006-12-20,33.39375686645508,33.80602699721553,33.29068983265667,33.80602699721553,33437938
2006-12-21,33.4453010559082,33.85757131822605,33.3937675225644,33.3937675225644,34600247
2006-12-22,33.806026458740234,33.806026458740234,33.548358878348424,33.75449294266187,9512657
2006-12-25,33.54836654663086,33.7545006580612,33.44529749534848,33.70296713020361,4135584
2006-12-26,34.01216506958008,34.06369859254711,33.496829839909786,33.496829839909786,19243564
2006-12-27,34.21829605102539,34.32136308759072,34.01216197789474,34.01216197789474,23128415
2006-12-28,34.06368637084961,34.42442090219101,34.06368637084961,34.26982038875898,20507384
2006-12-29,34.7851676940918,34.78516769409179,33.754497241269526,34.11523189975732,30997598
2007-01-02,34.88823699951172,35.04283757745043,34.68210289559344,34.939770525491284,26292533
2007-01-03,35.04283142089844,35.40356603937923,34.7851638362693,34.93976438704678,42463339
2007-01-04,34.88823699951172,35.09437110342999,34.83670347353215,34.88823699951172,22444226
2007-01-05,34.47596740722656,34.8882355985077,34.26983331158599,34.785168550687416,30905222
2007-01-08,33.909088134765625,34.269822690334095,33.857554626827266,34.06368865858068,24350615
2007-01-09,34.01216506958008,34.26983268441523,33.96063154661305,33.96063154661305,26319941
2007-01-10,33.084564208984375,33.70296856517235,32.98149714888093,33.70296856517235,74638473
2007-01-11,33.909088134765625,34.372889706210806,33.34221755187728,33.34221755187728,69732415
2007-01-12,35.60969543457031,35.815829475225826,34.527491721128875,34.78515927194827,134447109
2007-01-15,35.66123580932617,35.970436929828956,35.45510172899098,35.76430284949377,70399346
2007-01-16,36.22810745239258,36.33117448951896,35.6097012385006,35.66123475706379,76456547
2007-01-17,36.53730392456055,36.58883743658043,35.66123022908937,36.02196880436174,49354965
2007-01-18,36.50947952270508,36.765602554729995,36.355393818477665,36.406927338642,55236218231
2007-01-19,35.970436096191406,36.53730879510938,35.81583553952298,35.81583553952298,47456698
2007-01-22,35.55815124511719,36.17655318135716,35.50661775043052,36.07348619198383,55429423
2007-01-23,35.45511245727539,35.55817952862982,35.14591124321209,35.45511245727539,39219027
2007-01-24,36.3311767578125,36.69191141027686,36.07350515777542,36.58884436671561,80198266
2007-01-25,36.58884048461914,36.691907517244914,36.382706419367594,36.537306968306254,39276889
2007-01-26,35.04283142089844,35.24896548860175,34.527496251640166,34.527496251640166,123692965
2007-01-29,35.352046966552734,35.45511404251541,35.04284573866468,35.19744635260871,46715662
2007-01-30,34.86865234375,35.022219199625745,34.81711882390521,34.86865234375,40901509938
2007-01-31,34.733638763427734,35.145906999060756,33.96063582161582,35.042839940152504,84426227
2007-02-01,34.52750778198242,34.93977605506461,34.37290717957661,34.93977605506461,34083552
2007-02-02,34.939762115478516,35.04282914262939,34.73362806117678,34.93976211547852,52608414
2007-02-05,34.939762115478516,35.14589616978026,34.682094547601345,34.93976211547852,26738169
2007-02-06,35.506629943847656,35.506629943847656,34.93976130762463,35.04282833239245,36294476
2007-02-07,35.45511245727539,35.76431367133869,35.300511850243744,35.66124659998425,31078807
2007-02-08,35.24897384643555,35.71277560873937,35.04283972985608,35.71277560873937,42722194
2007-02-09,35.04283142089844,35.45509955630505,34.7851638362693,35.24896548860175,60761830
2007-02-12,34.52750778198242,34.991309589199886,34.26984011130606,34.52750778198242,52307939
2007-02-13,33.909088134765625,34.57902373796422,33.909088134765625,34.269822690334095,59982220
2007-02-14,34.682090759277344,34.682090759277344,34.21828918775946,34.52749023543805,36108710
2007-02-26,35.506629943847656,35.66123048099939,35.40356291907983,35.60969696861548,92771500
2007-02-27,35.7127685546875,36.125036706414484,35.50663447882401,35.55816799778988,77431059
2007-03-01,34.37289810180664,35.04283386863735,34.37289810180664,34.37289810180664,93824176
2007-03-02,34.25333786010742,34.355890039393756,33.9966999837708,34.150785680821095,32609394488
2007-03-05,32.45842361450195,33.53547694062298,32.45842361450195,33.33037257994404,76199105583
2007-03-06,33.54836654663086,33.806034185918776,32.62076104962715,32.62076104962715,68872611
2007-03-07,33.75448226928711,34.06368326798602,33.59988176993765,34.06368326798602,52956599
2007-03-08,33.960628509521484,34.01216202787988,33.496826844295896,34.01216202787988,42735391
2007-03-09,34.26982879638672,34.37289583062747,33.960627693664456,34.321362313507095,38752073
2007-03-12,34.630577087402344,34.630577087402344,34.218308787687455,34.32137586261618,36451819
2007-03-13,35.60969543457031,35.60969543457031,34.9397598024399,35.04282682276766,88232914
2007-03-14,34.991294860839844,35.14589539817198,34.73362729861961,34.785160811063655,49611790
2007-03-15,35.55815124511719,35.71275172917718,35.300483771683865,35.35201726637053,39083001
2007-03-16,35.55815124511719,35.66121823449051,35.300483771683865,35.55815124511719,32378157
2007-03-19,35.55815124511719,35.60968473980385,35.35201726637053,35.55815124511719,24381068
2007-03-20,35.66123580932617,35.81583636957756,35.55816876915858,35.55816876915858,27396980
2007-03-21,35.918907165527344,36.073507741944205,35.764306589110475,35.91890716552734,36829443
2007-03-22,36.17657470703125,36.485779850265395,36.12504118168127,36.38271279956543,64008173
2007-03-23,36.073509216308594,36.176576271465635,35.918908633573025,36.125042743887114,52240942
2007-03-26,36.073509216308594,36.176576271465635,36.02197967986449,36.073509216308594,17781796
2007-03-27,35.66123580932617,36.43424260171697,35.66123580932617,36.07350396999655,47981513
2007-03-28,35.19743347167969,35.55816810553385,35.04283291431362,35.24896699080171,37260867
2007-03-29,35.40357208251953,35.609706185408484,34.785169773852694,34.785169773852694,58493045
2007-03-30,34.991294860839844,35.300495935504124,34.88822783595175,35.04282837328389,40987360
2007-04-02,35.145904541015625,35.35203864441547,34.785169860065906,34.939770437615785,25540332
2007-04-03,35.04283142089844,35.19743197167592,34.88823087012096,35.09436493782427,27851752
2007-04-04,35.7127685546875,35.86736911158512,35.04283280813115,35.04283280813115,57533759
2007-04-09,35.55815124511719,35.9704192026105,35.40355076105719,35.81581871855051,43425670
2007-04-10,35.300506591796875,35.661241287801495,35.14590600779489,35.661241287801495,38949006
2007-04-11,35.7127685546875,35.764302073653376,35.35203392192639,35.35203392192639,30941767
2007-04-12,35.300506591796875,35.712774815802156,35.19743953579555,35.300506591796875,29913454
2007-04-13,35.19743347167969,35.76430218202195,35.094366433435646,35.712768662899926,15635840
2007-04-16,34.7851676940918,35.60970405634961,34.78516769409179,35.40356996578515,26257004
2007-04-17,35.04283142089844,35.55816659015671,34.93976438704678,35.40356603937923,29041468
2007-04-18,35.352046966552734,35.40358050453408,34.83671158673931,34.83671158673931,47689159
2007-04-19,34.733638763427734,35.30050758742314,34.630571704519475,35.30050758742314,71378934
2007-04-20,34.7851676940918,34.991301784656244,34.682100648809566,34.73363417145068,36506635
2007-04-23,35.352046966552734,35.66124819444078,34.99131220068334,35.04284573866468,50902003
2007-04-24,35.970436096191406,36.073503133970355,35.3520338695177,35.455100907296654,62405304
2007-04-25,35.7127685546875,35.918902630550996,35.40356744089226,35.764302073653376,26780804
2007-04-26,36.021968841552734,36.33116991399125,35.918897826273344,36.27963640191817,54886335
2007-04-27,35.55815124511719,36.07348619198383,35.40355076105719,36.021956688429036,37065965
2007-04-30,35.40357208251953,35.40357208251953,34.99130387674164,35.40357208251953,41678654
2007-05-02,35.04283142089844,35.40356603937923,35.04283142089844,35.40356603937923,49526520
2007-05-03,35.24897384643555,35.352040904725285,35.04283972985608,35.04283972985608,63168671
2007-05-04,35.60969543457031,35.66122894473419,35.248960863423164,35.30049437358704,43466274
2007-05-07,35.300506591796875,35.86737539980414,35.248973063796214,35.81584187180348,40177297
2007-05-08,35.04283142089844,35.30049900552757,34.93976438704678,35.30049900552757,29353109
2007-05-09,35.04283142089844,35.30049900552757,34.88823087012096,34.99129790397261,33224764
2007-05-10,35.300506591796875,35.4035736477982,35.19743953579555,35.300506591796875,38463780
2007-05-11,34.7851676940918,35.04283530729736,34.78516769409179,34.78516769409179,48734729
2007-05-14,34.630577087402344,34.88824477472415,34.4244429375449,34.785177699795426,59656368
2007-05-15,34.26982879638672,34.63056341622936,34.16676176214597,34.47596286486823,52371892
2007-05-16,34.32136535644531,34.5274994432027,34.21829831306661,34.5274994432027,41476646
2007-05-17,34.88823699951172,35.09437110342999,34.579035843634294,34.630569369613866,50899973
2007-05-18,35.300506591796875,35.50664070379952,35.14590600779489,35.45510717579886,83547136
2007-05-21,35.66123580932617,35.76430284949377,35.300501168739586,35.45510172899098,69019803
2007-05-22,35.24897384643555,35.60970855044963,35.24897384643555,35.55817502130476,27513718
2007-05-23,35.506629943847656,35.66123048099939,35.455096431463744,35.506629943847656,61157725
2007-05-24,35.300506591796875,35.50664070379952,35.14590600779489,35.300506591796875,44111889
2007-05-25,34.733638763427734,34.939772881244245,34.4759711161571,34.836705822335986,68090971
2007-05-28,34.83669662475586,34.99129717230062,34.785163108907604,34.99129717230062,30897102
2007-05-29,35.352046966552734,35.352046966552734,34.939778662702,34.99131220068334,50855308
2007-05-30,35.04283142089844,35.30049900552757,34.7851638362693,34.99129790397261,48759092
2007-05-31,35.145904541015625,35.40357217026543,35.145904541015625,35.30050511856551,48873800
2007-06-01,35.45511245727539,35.55817952862982,35.35204538592096,35.45511245727539,65352187
2007-06-04,35.60969543457031,35.815829475225826,35.558161924406434,35.558161924406434,65067954
2007-06-05,35.55815124511719,35.71275172917718,35.40355076105719,35.60968473980385,46546138
2007-06-06,35.506629943847656,35.76429750576722,35.35202940669593,35.55816345623157,90103773
2007-06-07,35.55815124511719,35.55815124511719,35.300483771683865,35.40355076105719,90202240
2007-06-08,35.41078567504883,35.73565369891892,35.356638918145165,35.73565369891892,143994171
2007-06-11,35.51908493041992,35.735663673451405,35.46493815840282,35.735663673451405,52761870
2007-06-12,35.08592987060547,35.51909161065355,35.08592987060547,35.46494482845282,58542485
2007-06-13,34.7069091796875,35.08592196588514,34.598617725943306,35.08592196588514,53593156
2007-06-14,35.1942024230957,35.24834917938879,34.97762374295782,35.03177049925091,63326163
2007-06-15,35.57322311401367,35.62736987930923,35.35664439786733,35.57322311401367,76806520
2007-06-20,36.980987548828125,37.08927689060511,36.00637930031789,36.00637930031789,156874548
2007-06-21,37.468299865722656,37.57658923117768,36.65612753855085,37.143431769357576,144017402
2007-06-22,37.36000061035156,37.73901537537071,36.980985845332405,37.73901537537071,61035331
2007-06-25,38.118038177490234,38.118038177490234,37.30586172155348,37.360008487623126,98997697
2007-06-26,37.41413879394531,37.9014470109806,37.3599962181747,37.84730026269336,43949034
2007-06-27,37.63072204589844,37.79315394758869,37.14341799579434,37.35999664639245,45260101
2007-06-28,38.118038177490234,38.22632753711154,37.68487656648703,38.00974881786893,76420675
2007-06-29,38.388771057128906,38.44291366110934,37.847319982211765,38.44291366110934,65587704
2007-07-02,38.442901611328125,38.442901611328125,37.847308119117066,38.38875902431848,34884691
2007-07-03,38.551177978515625,38.93019265004706,38.497035409734615,38.497035409734615,45479286
2007-07-04,38.93021774291992,38.98436451911789,38.65949220696767,38.87607513924074,45053037
2007-07-05,38.65950012207031,38.767793696638144,38.334631915925726,38.65950012207032,49550867
2007-07-06,38.172176361083984,38.442901815119846,37.955597666862296,38.388759227823186,41337000
2007-07-09,38.98434829711914,38.98434829711913,38.06388269240539,38.17217202722165,54256770
2007-07-10,38.98434829711914,39.30921630156791,38.65947612015333,38.98434829711913,83992138
2007-07-11,39.2009391784668,39.309228547016914,38.659488163197885,38.87607107281645,62059539
2007-07-12,38.821922302246094,39.471662652591654,38.55119680855893,39.25508392664918,66911902
2007-07-13,39.52580261230469,39.579949376438954,38.98435583355124,39.36337066493758,87624340
2007-07-16,39.255069732666016,39.52579095594674,38.76776568923744,39.52579095594674,47211551
2007-07-17,39.363372802734375,39.41751539729124,38.60534309879365,39.41751539729124,30858563
2007-07-18,38.442901611328125,39.092641863066326,38.442901611328125,38.876063169992754,42577363103
2007-07-19,37.90146255493164,38.063894521375865,37.576590277006524,37.84731578443801,66622013
2007-07-20,37.57659149169922,37.90146378012609,37.251723375790824,37.90146378012609,70424916
2007-07-23,37.19755935668945,37.30584867844996,36.98098071316842,37.19755935668945,55621371
2007-07-24,38.6053352355957,38.6053352355957,37.36000157170441,37.36000157170441,79181188726
2007-07-25,37.68487548828125,37.90145837384518,37.522443539755656,37.84731160932473,43271279
2007-07-26,36.926841735839844,37.901454181786626,36.872699149825664,37.901454181786626,74248020
2007-07-27,34.65275573730469,35.41078529062288,34.65275573730469,35.19420243787679,259580202
2007-07-30,35.1942024230957,35.35663851945773,34.16544951992351,34.273740946251074,124382706
2007-07-31,35.1942024230957,35.30249176316464,34.97762374295782,35.194202423095696,108052949
2007-08-01,33.190853118896484,34.923491522697255,33.190853118896484,34.65276807601549,184354436
2007-08-02,34.54447555541992,34.54447555541992,33.40743294158528,33.569867004630424,96617978
2007-08-03,34.59861373901367,34.92348389029193,34.05716487772253,34.8693392127887,43447030
2007-08-06,33.89472961425781,34.327889104811455,33.78644026318411,33.84058493872096,51372018
2007-08-07,33.190853118896484,34.05717232079687,33.13670842956013,34.00302763146052,68951228
2007-08-08,34.003021240234375,34.003021240234375,32.92012348453061,33.24499155948636,79317547
2007-08-09,34.54447555541992,34.8152010800878,34.21960534307032,34.70691170472438,50910417
2007-08-10,33.299137115478516,33.73229664641777,33.082558393138406,33.082558393138406,79525621
2007-08-13,33.569862365722656,33.89473253317952,33.35328155866507,33.84058785297988,60228287
2007-08-14,33.515724182128906,33.94888379394766,33.299143333089816,33.678158254213656,42393530
2007-08-15,33.02841567993164,33.29913909898276,32.86597954224182,33.29913909898276,70863285
2007-08-16,31.999658584594727,32.54110956401102,31.728935181145616,32.48696279706217,116610239
2007-08-17,31.945510864257812,32.64939581876823,31.7289321621062,31.999655539795718,77250950
2007-08-20,33.67814636230469,33.73229103388087,32.92011887397943,33.569857019152316,62321146
2007-08-21,33.515724182128906,33.56986887282382,32.757694339881226,33.299143333089816,50454877
2007-08-22,32.974266052246094,33.299134106399535,32.86597461460278,33.299134106399535,36245251
2007-08-23,34.003021240234375,34.111310598552954,33.73229575817895,33.8405872027565,81387175
2007-08-24,33.3532829284668,34.11131265491171,33.299138246043455,34.11131265491171,55273907
2007-08-27,33.3532829284668,33.89473392521836,33.24499356362012,33.786444560371685,39349188
2007-08-28,33.244991302490234,33.29913598123096,32.81183178630542,32.92012323004584,37855298
2007-08-29,32.59526443481445,32.649409132431295,32.27039416285373,32.27039416285373,51182125
2007-08-30,32.757686614990234,33.02841209088198,32.703541937063676,32.920122735028855,32552446
2007-08-31,33.94887924194336,33.94887924194336,32.811834631031424,32.811834631031424,57537468
2007-09-03,33.89472961425781,33.94887428979466,33.46157012370417,33.94887428979466,29107106
2007-09-04,33.3532829284668,33.84058924279502,33.24499356362012,33.46157437957257,18916538
2007-09-05,33.46156311035156,33.94886717430591,33.40741844616313,33.89472251011747,30499989
2007-09-06,33.67814636230469,33.894727134868106,33.08255288870799,33.46156767599995,39366359
2007-09-07,33.569862365722656,34.00302189357881,33.299136878465426,34.00302189357881,26939502
2007-09-10,33.136695861816406,33.19084053061733,32.64939175634953,33.19084053061733,33192828655
2007-09-11,33.190853118896484,33.299142497569186,32.92012967221471,33.299142497569186,19271072
2007-09-12,33.299137115478516,33.46157324349263,33.02841371255338,33.02841371255338,31121180
2007-09-13,32.811832427978516,33.29913663243386,32.703543068379325,33.29913663243386,31171684
2007-09-14,33.46156311035156,33.46156311035156,32.97425904639722,33.24498236733941,46905501
2007-09-17,32.92012023925781,33.56985841137694,32.757684131533956,33.56985841137694,29274777
2007-09-18,32.92012023925781,32.92012023925781,32.92012023925781,32.92012023925781,0
2007-09-19,33.244991302490234,33.78644226241547,32.92012323004584,33.73229549741578,87697065
2007-09-20,33.02841567993164,33.624009288103245,32.97427099612142,33.40743055286235,67565415811
2007-09-21,33.299137115478516,33.46157324349263,33.02841371255338,33.299137115478516,30268684
2007-09-26,33.299137115478516,33.46157324349263,33.02841371255338,33.02841371255338,87819283
2007-09-27,34.43617630004883,34.43617630004883,33.40742335673486,33.678146717470796,75288389
2007-09-28,34.43617630004883,34.598610316490394,34.16545085305419,34.43617630004883,66759382
2007-10-01,34.59861373901367,34.761049857782254,34.38203502900078,34.38203502900078,59374780
2007-10-02,35.140071868896484,35.356650623176236,34.92349102835739,35.140071868896484,110099346
2007-10-03,35.1942024230957,35.35663851945773,35.03177049925091,35.35663851945773,78886249
2007-10-04,34.761043548583984,35.19420088999085,34.598607459297874,34.761043548583984,40264309
2007-10-05,34.97762680053711,35.194205499607286,34.652758751931856,34.76104810146694,27759677
2007-10-08,35.1942024230957,35.51907461581977,34.92347907292335,35.464927859526675,64394814
2007-10-09,35.08592987060547,35.35665543657061,34.65277230307663,35.35665543657061,42308685
2007-10-11,34.273738861083984,35.19420028192901,34.11130277460434,35.19420028192901,81860897
2007-10-12,33.190853118896484,33.89473825278781,33.13670842956013,33.89473825278781,79288255
2007-10-15,34.05717468261719,34.05717468261719,33.13671072754748,33.1908554206387,90365662
2007-10-16,33.78643798828125,34.00301667584601,33.46156787067541,33.46156787067541,80164994188
2007-10-17,33.569862365722656,33.94887721337917,33.35328155866507,33.94887721337917,47351950
2007-10-18,34.05717468261719,34.05717468261719,33.46158097235429,33.73230443781038,32670623
2007-10-19,33.569862365722656,34.05716657377845,33.51571768552301,34.05716657377845,26892029
2007-10-22,32.811832427978516,32.811832427978516,32.27038354372358,32.486962262921956,80311453
2007-10-23,33.299137115478516,33.407428562907604,32.81183290395423,32.81183290395423,35098825
2007-10-24,32.92012023925781,33.62400308519864,32.81182880535565,33.35327762983139,33074650
2007-10-25,33.082550048828125,33.19083938268469,32.703535294071635,32.757679960999916,46308551
2007-10-26,33.3532829284668,33.46157437957257,33.028414833926774,33.028414833926774,72908671
2007-10-29,34.59861373901367,34.652760502775806,33.56986069393461,33.56986069393461,83796185
2007-10-30,34.11131286621094,34.869342597351384,33.94887881793474,34.869342597351384,38215892
2007-10-31,34.54447555541992,34.76105639240609,34.11131596770689,34.652767017042656,48506457
2007-11-01,34.761043548583984,34.869332883935705,34.32788412091858,34.869332883935705,54973917971
2007-11-02,33.3532829284668,34.436182835710824,33.299138246043455,34.11131265491171,60329294
2007-11-05,33.840579986572266,33.840579986572266,32.757680375527656,33.56985456224648,64364512822
2007-11-06,33.89472961425781,34.111308316405214,33.56985947477787,33.84058493872096,32956472
2007-11-07,34.11131286621094,34.54447241453989,34.057168183452205,34.54447241453989,71047117
2007-11-08,33.515724182128906,33.732302944908575,33.2449986423949,33.299143333089816,58650562
2007-11-09,33.7322883605957,34.2737392059649,33.29912893605545,33.35327360334067,69057285
2007-11-12,33.3532829284668,33.62400842684258,33.24499356362012,33.3532829284668,77819618
2007-11-13,33.40742874145508,33.40742874145508,33.02841388907519,33.299137293447224,53703253
2007-11-14,33.299137115478516,34.219600857942055,33.24499243489349,34.003022135601945,76601477
2007-11-15,32.974266052246094,33.35327878209178,32.974266052246094,33.028410727938336,49587229
2007-11-16,32.757686614990234,32.865975970843365,32.48696113909849,32.865975970843365,49988226
2007-11-19,32.757686614990234,33.569860956406536,32.703541937063676,32.757686614990234,71248120
2007-11-20,32.757686614990234,32.920122735028855,32.378671783245366,32.48696113909849,64323100
2007-11-21,31.728927612304688,32.81182514029724,31.728927612304688,32.75768047252347,83413370
2007-11-22,32.43281173706055,32.54110316339904,31.079188727286244,31.40405883378449,55509253
2007-11-23,32.27037811279297,32.59524822317564,32.107944100730954,32.48695679554232,54809277
2007-11-26,33.082550048828125,33.082550048828125,32.48695454009999,32.54110129328678,146777924701
2007-11-27,31.999658584594727,32.54110956401102,31.83722454252526,32.21623939361305,83528517
2007-11-28,31.674787521362305,32.10794701240018,31.674787521362305,31.674787521362305,54263840
2007-11-29,32.48696517944336,32.48696517944336,31.837226877258903,31.945516246579782,59114183
2007-11-30,32.811832427978516,32.811832427978516,32.1079495043248,32.1079495043248,47288316
2007-12-03,32.37866973876953,32.92012065636436,32.27038038975409,32.86597389559784,40504705
2007-12-04,32.64939880371094,32.92012429241013,31.89136910436042,32.378673315011746,41376393
2007-12-05,32.974266052246094,33.08255540363058,32.43281512280601,32.59525123614157,113492161
2007-12-06,33.515724182128906,33.515724182128906,33.02841987961523,33.299143333089816,93817062
2007-12-07,33.89472961425781,34.3820337803483,33.78644026318411,33.84058493872096,165686374
2007-12-10,33.082550048828125,34.11130289298254,33.082550048828125,34.11130289298254,75090416
2007-12-11,33.94887924194336,33.94887924194336,33.13670481790042,33.1908495013354,77784265
2007-12-12,33.190853118896484,33.73230209851938,32.97427436155107,33.56986803051032,118280890
2007-12-13,32.86597442626953,33.35327859096611,32.86597442626953,33.02841053867428,139614519
2007-12-14,32.37866973876953,32.75768454658239,31.945510256448948,32.75768454658239,153675665
2007-12-17,32.216243743896484,32.27038843189767,31.891373529630037,31.999662905632416,67113915
2007-12-18,31.83722496032715,32.270384497789145,31.728935597526416,31.94551432312788,82978031368
2007-12-19,32.053794860839844,32.48695216459284,31.837214122704992,32.48695216459284,87625350
2007-12-20,31.945510864257812,32.053802301592455,31.83722151318201,32.053802301592455,56875874
2007-12-21,31.945510864257812,32.27038100374407,31.945510864257816,32.053802301592455,77640836
2007-12-24,32.053794860839844,32.37866283865459,31.891358785674118,32.21622884974722,36075560
2007-12-25,32.27037811279297,32.324522783480305,31.999652673097636,32.21623344210563,25618334
2007-12-26,32.216243743896484,32.32453311989886,31.783084153627662,32.216243743896484,24080002286
2007-12-27,33.40742874145508,33.40742874145508,32.27038418431541,32.48696290781304,127516944
2007-12-28,32.757686614990234,33.84058643229828,32.757686614990234,33.29913548051479,74708611
2007-12-31,32.216243743896484,32.32453311989886,31.783084153627662,32.216243743896484,24080002
2008-01-02,32.757686614990234,33.569860956406536,32.595252581210545,33.569860956406536,39300705
2008-01-03,32.16209030151367,32.48695834109313,32.16209030151367,32.43281366782988,35123067
2008-01-04,32.48696517944336,32.703546004344304,31.674792823277585,32.10795238682029,48851900
2008-01-07,30.212871551513672,31.404060618878663,30.212871551513672,30.862611801443208,104088436
2008-01-08,30.3211612701416,30.64602929048486,30.05043583359692,30.212869843768555,47704464
2008-01-09,30.86261558532715,30.86261558532715,29.508992332649353,29.779715731429512,45426762
2008-01-10,30.15871810913086,31.07918145700518,29.94213947963485,30.862602827509168,61813083
2008-01-11,29.779720306396484,30.375316047730376,29.617286242174142,30.375316047730376,72260208
2008-01-14,29.72556495666504,30.754319919868003,29.617275619356906,30.591883827647234,77963047
2008-01-15,31.133333206176758,31.34991397126539,29.88800163038692,29.996290969801933,98374485
2008-01-16,29.99629020690918,30.429449639811327,29.725564778998375,30.104579543570075,79288255
2008-01-17,29.617279052734375,30.537742699075213,29.50898970287282,30.104583213370184,51692209
2008-01-18,29.563129425048828,29.725563422628355,28.859244596353967,29.23825934363132,66086677
2008-01-21,28.859254837036133,29.617284600577058,28.859254837036133,29.56313991550402,43136940
2008-01-22,26.85588264465332,27.668054689479252,26.855882644653324,26.855882644653324,88136444
2008-01-23,27.61391258239746,27.830493344327465,27.28904456889032,27.61391258239746,78966044
2008-01-24,29.075838088989258,29.50899769196537,28.750967865192326,29.50899769196537,72080416
2008-01-25,30.050437927246094,30.321163382652532,29.77971247183966,29.77971247183966,50756887
2008-01-28,29.3465576171875,29.996297977997088,29.238268252472267,29.996297977997088,39967349
2008-01-29,30.86261558532715,30.86261558532715,30.104585896224705,30.2670199354928,58653592
2008-01-30,31.2957706451416,31.56649400530177,30.862611182626637,31.133334542786805,111730604
2008-01-31,32.43281173706055,32.43281173706055,31.025044057246305,31.13333339732618,172864922
2008-02-01,33.244991302490234,33.67815081867504,32.70354242882395,33.028412587527306,135886361
2008-02-12,32.48696517944336,32.64940131968386,32.324531125462045,32.324531125462045,104072274
2008-02-13,32.43281173706055,33.0284072800171,32.43281173706055,33.0284072800171,52671974
2008-02-14,33.569862365722656,33.569862365722656,32.595253949611056,32.595253949611056,73558144
2008-02-15,33.299137115478516,33.407428562907604,32.97426903196835,33.02841371255338,30468677
2008-02-18,32.48696517944336,33.46157576210883,32.324531125462045,33.29913962186832,52548746
2008-02-19,33.299137115478516,33.299137115478516,32.486962734185035,32.92012435138332,20237706
2008-02-20,33.082550048828125,33.24498404961298,32.32452053931514,33.24498404961298,41368312
2008-02-21,33.515724182128906,33.62401356351874,33.08256457031015,33.299143333089816,40795604
2008-02-22,32.974266052246094,33.028410727938336,32.541106560449336,32.974266052246094,37511876
2008-02-25,33.136695861816406,33.299129868219175,32.81182576275229,33.02840652421456,40391577
2008-02-26,33.78643798828125,33.840582660172444,33.299131768743145,33.46156787067541,59821230
2008-02-27,34.43617630004883,34.43617630004883,33.948872164465435,34.00301683661262,94417042
2008-02-29,33.3532829284668,34.38203815328748,33.3532829284668,33.89473392521836,64072603
2008-03-03,32.86597442626953,32.86597442626953,32.486959612336896,32.5411063739777,47462048
2008-03-04,34.05717468261719,34.111319375708405,32.541117017284584,32.541117017284584,74207617
2008-03-05,34.273738861083984,34.382028194564754,33.840579440902424,34.382028194564754,70510771
2008-03-06,35.140071868896484,35.140071868896484,34.38204205639867,34.38204205639867,64834194
2008-03-07,34.65275573730469,34.923479087590735,34.27374096064559,34.43617497081722,53416394
2008-03-10,33.136695861816406,34.05715940394924,33.02840652421456,34.05715940394924,60318183
2008-03-11,33.78643798828125,33.78643798828125,32.811827635463736,32.811827635463736,43667225
2008-03-12,34.54447555541992,34.76105639240609,34.16546065538861,34.652767017042656,47048930
2008-03-13,33.569862365722656,34.382036741235325,33.299136878465426,33.94887721337917,42630896
2008-03-14,33.082550048828125,33.8947242252694,32.8118246279282,33.84057955834112,45962098
2008-03-17,32.43281173706055,32.649392503478914,32.2162330569008,32.486956407100486,91075740
2008-03-18,32.43281173706055,32.81182651359873,32.2162330569008,32.43281173706055,47983242
2008-03-19,33.62399673461914,33.62399673461914,32.92011402162096,33.299126666788545,43634903
2008-03-20,33.89472961425781,34.05716364086836,33.02841063315053,33.40742544816732,54806246
2008-03-21,35.08592987060547,35.140076652806194,34.43619143305259,34.43619143305259,102541013
2008-03-24,36.49368667602539,37.52244177334104,36.43953991405397,37.52244177334104,131630948
2008-03-25,36.38539123535156,36.49368056865406,35.9522297296246,36.49368056865406,88833390
2008-03-26,36.2771110534668,36.2771110534668,35.46493459003953,35.627370717228594,54853719
2008-03-27,34.54447555541992,35.24836066780084,34.43618618005649,35.19421389385982,55009270
2008-03-28,33.7322883605957,34.2737392059649,33.56985435874005,33.67814369331048,110883158
2008-03-31,34.16545867919922,34.16545867919922,33.082560815682974,33.40743100924152,74797497
2008-04-01,33.46156311035156,34.38202657407181,33.46156311035156,33.84057784592903,49433699
2008-04-02,34.65275573730469,35.19420243787679,34.16544953427254,34.38203030076001,64325120
2008-04-03,34.86933898925781,35.14006446129735,34.59861351721828,34.65276028063331,28688938
2008-04-07,35.1942024230957,35.24834917938879,34.76104506281993,34.81518973285441,46050984238
2008-04-08,34.86933898925781,35.19420705219458,34.436179485749896,34.97762834357007,42646047
2008-04-09,34.16545867919922,34.9234884354161,34.003024625549536,34.11131399464932,43211685
2008-04-10,34.92347717285156,35.35663659581917,34.16544766109363,34.219592328182266,47965061
2008-04-11,34.7069091796875,34.9776325984001,34.38203899097323,34.81519854717254,37326023
2008-04-14,34.11131286621094,34.43618304902243,34.11131286621094,34.273749000746236,36523020
2008-04-15,34.11131286621094,34.54447241453989,34.00302350069347,34.11131286621094,38509822
2008-04-16,35.30250549316406,35.30250549316406,34.49033304051484,34.652769200052234,46918631
2008-04-17,36.33126449584961,36.547843281759,36.06053892720324,36.33126449584961,102502630
2008-04-18,36.16880798339844,36.16880798339844,35.735650655132524,36.16880798339844,34048355
2008-04-21,36.49368667602539,36.54782926547914,36.168814449232194,36.168814449232194,39365349375
2008-04-22,36.43953323364258,36.43953323364258,36.06051848687991,36.43953323364258,38568406
2008-04-23,34.97762680053711,35.73565641980032,34.97762680053711,35.73565641980032,71430943
2008-04-24,34.59861373901367,34.92348389029193,34.38203502900078,34.8693392127887,64370573
2008-04-25,35.03178024291992,35.14006961310825,34.65276536100156,34.65276536100156,48321615
2008-04-28,36.00637435913086,36.00637435913086,34.382026110352136,34.652751513901386,76233812
2008-04-29,35.03178024291992,36.277114258863314,35.03178024291992,36.006388747133286,54811297
2008-04-30,36.11467361450195,36.38539909247761,35.30249718057498,35.30249718057498,79222601
2008-05-02,36.81856155395508,36.92685092544972,36.60198281096578,36.81856155395508,92729220214
2008-05-05,36.38539123535156,36.872695321471284,35.89808714923184,36.81854856856154,44992433
2008-05-06,36.81856155395508,36.81856155395508,36.16882115246874,36.49369343947114,33356459
2008-05-07,36.926841735839844,37.36000328654035,36.872699149825664,37.19756718346298,53091152
2008-05-08,36.5478401184082,36.81856566362228,35.7356676552849,36.81856566362228,47647900
2008-05-09,35.898094177246094,36.656123831285164,35.78980482274305,36.54783030426432,43383396
2008-05-12,36.60197830200195,36.71026766015653,35.78980602958362,36.16881669686568,28053606
2008-05-13,37.305870056152344,37.305870056152344,36.60198697509858,36.98100190470882,64676623
2008-05-14,37.1434211730957,37.468289176782555,36.87269575043148,37.359999842220276,67232093
2008-05-15,37.1434211730957,37.305853088680614,36.764406415869196,37.25171050765799,84659793
2008-05-16,37.468299865722656,37.522446634709276,37.143431769357576,37.143431769357576,97350277
2008-05-19,37.57659149169922,37.79317023563816,37.468302119729756,37.468302119729756,82585115
2008-05-20,36.926841735839844,37.63072873416349,36.493684357656754,37.46829263108612,76617638
2008-05-21,36.43953323364258,36.76440540087739,36.27710132254209,36.710258648832614,43023812
2008-05-22,36.222965240478516,36.222965240478516,35.681514250606476,35.84395038207172,44796480
2008-05-23,35.46493148803711,36.06052500561165,35.46493148803711,35.73565695216672,60767663
2008-05-26,35.46493148803711,35.62736760101841,34.92348264603673,35.08591667275919,49128659
2008-05-27,35.62736892700195,36.006383756386086,35.30249668894822,36.006383756386086,32916070
2008-05-28,36.2771110534668,36.547832368757845,36.0605281597087,36.16881752032873,109790265
2008-05-29,36.33126449584961,36.872715633142356,36.33126449584961,36.81856885040537,103415731
2008-05-30,35.51908493041992,36.818561561127275,35.51908493041992,36.76441896162863,180901017
2008-06-02,36.60197830200195,36.60197830200195,35.8980953877382,36.00638474589278,52833585
2008-06-03,35.789798736572266,36.601970843491465,35.789798736572266,36.49368150740338,62414073
2008-06-04,36.33126449584961,36.439553888804305,35.843960141293856,35.843960141293856,34817016
2008-06-05,36.71026611328125,36.71026611328125,36.006383228677294,36.49368740609815,81693225
2008-06-06,37.035133361816406,37.305858826116726,37.035133361816406,37.197569474900135,84141628
2008-06-09,35.35664367675781,36.27710946038351,35.248354320893235,36.27710946038351,107090355
2008-06-10,34.59861373901367,35.30249663281449,34.59861373901367,35.19420727780804,89169743
2008-06-11,35.6815071105957,35.6815071105957,34.761045619023,34.923479631725485,46983276
2008-06-12,35.08592987060547,35.41080221877134,34.65277230307663,34.923495782782155,74684369
2008-06-13,35.08592987060547,35.41080221877134,35.08592987060547,35.30250865436989,52043712
2008-06-16,35.6815071105957,35.73565386775519,35.35663908519075,35.62736452595354,35600828
2008-06-17,35.30250549316406,35.41079904786823,35.08592672879345,35.19421611097876,44224782
2008-06-18,35.46493148803711,35.68151019033373,34.97762732161088,35.140063434592186,34896812
2008-06-19,34.815189361572266,35.194202047771626,34.38202991965725,34.815189361572266,65880623
2008-06-20,34.49032211303711,35.14006237281232,34.21959665708765,34.92348159080099,67444207746
2008-06-23,34.7069091796875,34.9776325984001,33.89473475103139,34.21960285348651,49626622
2008-06-24,34.761043548583984,35.24834764392524,34.761043548583984,35.19420088999085,60810086
2008-06-25,35.84394454956055,36.00638065459425,34.81519159146824,34.923480937318224,92978706
2008-06-26,35.1942024230957,36.11466807245757,34.97762374295782,36.11466807245757,53469927
2008-06-27,34.65275573730469,35.19420243787679,33.9488708540437,34.16544953427254,177331439
2008-06-30,35.1942024230957,35.24834917938879,34.38203028632002,34.5986089664579,88412192
2008-07-01,34.761043548583984,35.24834764392524,34.652754213232264,34.652754213232264,32120137
2008-07-02,33.46156311035156,34.76104130964928,33.46156311035156,34.6527519812724,80100349
2008-07-03,31.83722496032715,32.70354403525114,31.133339929604258,32.21623981638878,117381930
2008-07-04,31.945510864257812,32.43281503035778,31.62064072477156,32.10794697713036,56226401
2008-07-07,32.54110336303711,32.75768204452556,31.837218475682377,32.32452259529002,41049131
2008-07-08,31.89136505126953,32.43281387359586,31.566494923370225,32.43281387359586,65377610
2008-07-09,32.216243743896484,32.865982086170064,31.999662905632416,32.216243743896484,54682008
2008-07-10,32.216243743896484,32.64940333416531,31.783084153627662,31.891373529630037,42522819
2008-07-11,33.78643798828125,34.111306019628394,32.378668174075514,32.75768296357254,60408079
2008-07-14,32.811832427978516,33.515717437891226,32.54110902898055,33.08255791323548,40530966
2008-07-15,31.187480926513672,32.21623385528431,31.187480926513672,32.1079445125208,63559489
2008-07-16,30.899648666381836,31.359123356155393,30.555042649051664,31.359123356155393,86539545
2008-07-17,33.02471923828125,33.02471923828125,32.1057719956985,32.1057719956985,68844510
2008-07-18,33.3118896484375,34.115970381191275,32.7375462678991,33.88623302897591,68904810
2008-07-21,34.3457145690918,34.69032066600037,34.11597717115275,34.11597717115275,55555395
2008-07-22,33.25447082519531,34.05855193309163,32.85243027124715,34.05855193309163,64985310
2008-07-23,33.082157135009766,33.599066253100446,32.79498760463666,33.599066253100446,72415275
2008-07-24,33.82880783081055,33.82880783081055,33.369333002238626,33.426767355810114,40385925
2008-07-25,33.19702911376953,33.426766522327085,32.85242300093321,33.426766522327085,35268465
2008-07-28,33.19702911376953,33.19702911376953,33.19702911376953,33.19702911376953,0
2008-07-29,31.5888614654541,32.16320484156946,31.18682110217335,32.16320484156946,73118775
2008-07-30,32.737548828125,32.737548828125,32.16320760456966,32.62268014303407,50989680
2008-07-31,32.278079986572266,32.79498912868474,31.990908240954223,32.73755257766153,50981640
2008-08-01,32.163211822509766,32.50781572107519,31.58886832173466,31.58886832173466,37225200
2008-08-04,31.990907669067383,32.163210713358026,31.6463015804861,31.933473320970503,23351175
2008-08-05,31.818601608276367,32.278076349491805,31.588864237668645,32.278076349491805,60352260
2008-08-06,33.771358489990234,33.88622714615614,32.852409240663,32.967277896828904,82447185
2008-08-07,34.17340850830078,34.3457115415668,33.656499408502725,33.943671130612756,45290224
2008-08-08,34.747745513916016,34.8051798476957,34.173402176119254,34.173402176119254,77002095
2008-08-11,34.80519104003906,35.49440326702591,34.74775668779016,35.322100210279196,48411855
2008-08-12,35.14979553222656,35.436967280225105,34.97749248342743,35.14979553222656,63225555
2008-08-13,35.14979553222656,35.724139028223654,35.09236118262685,35.494401629824814,56098095
2008-08-14,34.747745513916016,35.09235151659408,34.460573845017635,35.0349171828144,41157765
2008-08-15,34.80519104003906,35.26466585803029,34.46058492654564,34.977494096785776,50530395
2008-08-18,34.51802062988281,35.09236417485254,34.46058627538584,34.92006111136162,49773630
2008-08-19,34.4605827331543,34.69032012752729,33.82880489862856,34.00110794440831,50736420
2008-08-20,34.4605827331543,34.862623173307036,34.00110794440831,34.00110794440831,37273440
2008-08-21,34.115966796875,34.230835460914264,33.9436638008161,34.05853246485537,46564665
2008-08-22,34.575443267822266,34.69031193789074,34.115968587548366,34.40314026271955,52435875
2008-08-25,34.747745513916016,35.0349171828144,34.11596784233958,34.460573845017635,52525320
2008-08-26,34.4605827331543,34.57545143034079,34.115976641594806,34.4605827331543,52961490
2008-08-27,34.69031524658203,35.09235563016748,34.17340618197217,34.403143544021,65996340
2008-08-28,34.51802062988281,34.747758047870704,34.28828321189492,34.40315192088887,80459295
2008-08-29,33.82880783081055,34.46058572009694,33.82880783081055,34.40315136652545,78159855
2008-09-01,32.5078125,33.0821559438656,32.16320863558006,33.0821559438656,119573895
2008-09-02,31.186830520629883,32.16321455489503,31.071961810716335,32.16321455489503,116539800
2008-09-03,31.5888614654541,31.876033153511784,31.129386764561815,31.301689777396422,78947775
2008-09-04,30.669912338256836,31.416558733891517,30.440174985753853,30.555043662005342,71765040
2008-09-05,30.44017219543457,30.727343859739506,29.750962403001694,29.980697532546667,81669315
2008-09-08,32.56525421142578,32.56525421142578,31.81860761597569,31.87604196947185,64699890
2008-09-09,31.186830520629883,31.990911490024708,31.129396165673107,31.588871005327295,50564565
2008-09-10,30.84222412109375,31.301698956728632,30.555052348821945,30.78478976663939,66204375
2008-09-11,30.038131713867188,30.784778037293236,29.69352792033874,30.784778037293236,72654465000
2008-09-12,30.26786994934082,30.49760728649627,29.92326614550668,30.325304283629684,37015155
2008-09-15,29.693531036376953,30.49760957485525,29.291490666188203,30.325306559060074,41212035
2008-09-16,29.29149055480957,30.03813475185042,29.119187539669564,29.119187539669564,60774360
2008-09-17,30.382740020751953,31.301689411803522,30.325305683811234,31.014517727099907,85298370
2008-09-18,29.865835189819336,30.78478244049889,29.57866348588845,29.57866348588845,123948660
2008-09-19,31.9334716796875,31.9334716796875,31.01452215736861,31.359128228238195,130290210
2008-09-22,32.04833221435547,32.7949785112339,31.93346355329725,32.7949785112339,60327135
2008-09-23,31.5888614654541,32.10577050395793,31.416558452619494,31.416558452619494,56568435
2008-09-24,30.612483978271484,31.12939312234748,30.612483978271484,31.014524423663925,39469365
2008-09-25,30.44017219543457,31.1868185226274,30.325303529712592,30.325303529712592,39524640000
2008-09-26,30.669912338256836,30.669912338256832,29.86583380639558,30.497609323879598,71671575
2008-09-29,30.669912338256836,30.669912338256832,30.669912338256832,30.669912338256832,0
2008-09-30,30.153005599975586,30.15300559997559,28.60228055394456,28.71714923897644,78348795
2008-10-01,30.153005599975586,31.014520737714683,30.15300559997559,31.014520737714683,43628055
2008-10-02,29.521236419677734,30.497618251741905,28.056660368731748,28.142811901140337,43619010
2008-10-03,29.521236419677734,31.53143664064495,28.832024160409034,31.53143664064495,56136285
2008-10-06,28.142807006835938,31.531431157026272,28.142807006835938,31.531431157026272,59422635
2008-10-07,28.544845581054688,30.095570592840073,27.539744609222023,30.095570592840073,48947520
2008-10-08,26.56336784362793,28.544850775339082,26.563367843627926,28.544850775339082,86231010
2008-10-09,26.477209091186523,28.401257146179677,24.72546184237418,28.401257146179677,64536075
2008-10-13,26.793100357055664,27.051552690598324,25.558262021055214,25.558262021055214,93667005
2008-10-14,28.659717559814453,28.659717559814457,28.28639429876783,28.659717559814457,90937425
2008-10-15,27.683330535888672,30.612479745398016,27.683330535888672,30.612479745398016,68217390
2008-10-16,26.735660552978516,29.578660096077236,26.735660552978516,29.578660096077236,16615665
2008-10-17,25.816720962524414,28.602284784677334,25.81672096252441,28.602284784677334,52474065
2008-10-20,25.385957717895508,25.558260732838864,24.926483011379883,24.926483011379883,74536830
2008-10-21,25.328519821166992,27.137699022000753,24.55315636285301,27.137699022000753,72999180
2008-10-22,24.467016220092773,27.08027725690703,24.467016220092773,27.08027725690703,48494265
2008-10-23,23.63421630859375,23.63421630859375,23.63421630859375,23.63421630859375,27365145
2008-10-24,22.83013153076172,25.271088671511837,22.83013153076172,25.271088671511837,60111060
2008-10-27,21.997339248657227,24.409579836005314,21.250694872932623,24.409579836005314,64823505
2008-10-28,22.80141830444336,23.519347647001283,20.963519187495077,23.519347647001283,84327540
2008-10-29,24.12240219116211,24.380856712679126,23.95010137871661,24.380856712679126,102281865
2008-10-30,25.78799819946289,25.78799819946289,22.45680876447962,22.45680876447962,73326810
2008-10-31,27.56846046447754,27.568460464477543,24.007533678928596,24.007533678928596,108091770
2008-11-03,26.99411964416504,29.46379403127453,26.419776251372316,29.46379403127453,59412585
2008-11-04,27.56846046447754,28.832015911636557,26.82181626578277,28.832015911636557,58564365
2008-11-05,27.56846046447754,29.463793635216067,27.13770292567333,29.463793635216067,74490600
2008-11-06,25.64441680908203,29.463798785549425,25.64441680908203,29.463798785549425,39522630
2008-11-07,24.983919143676758,25.644414081720125,23.863951668024306,23.863951668024306,98908080
2008-11-10,24.811613082885742,26.419774474550945,24.064968924368827,26.419774474550945,63185355
2008-11-11,24.754179000854492,25.271088024895136,24.122401304804818,24.81161333685901,38927670
2008-11-12,24.926483154296875,26.47721029767826,24.495725614468714,26.47721029767826,58458840
2008-11-13,23.260894775390625,26.649519316811183,23.260894775390625,26.649519316811183,57074955
2008-11-14,23.950103759765625,24.122404589340768,21.652730006771783,21.652730006771783,45642075
2008-11-17,23.433191299438477,25.615693849392294,22.28450458793695,22.28450458793695,43537605
2008-11-18,22.112201690673828,25.07006778553351,21.997333018955043,25.07006778553351,69764085000
2008-11-19,21.825029373168945,22.629110051687515,21.825029373168945,22.112201044068435,50393715000
2008-11-20,21.13582420349121,21.4804280823002,20.303026175112347,20.303026175112347,43302435000
2008-11-21,22.112201690673828,22.57167637754898,19.67124461854869,19.67124461854869,56183520000
2008-11-24,21.422988891601562,22.112200897182053,20.590193253424143,20.590193253424143,50246985
2008-11-25,22.916292190551758,22.916292190551754,19.929707650850023,19.929707650850023,82679340
2008-11-26,22.399377822875977,23.146024337478384,21.336844600149,21.336844600149,57932220
2008-11-27,23.490629196166992,23.95010395042347,23.289608991179783,23.95010395042347,62983350000
2008-11-28,23.433191299438477,23.634211473951243,23.203453957138173,23.490625635013554,50929380
2008-12-01,23.433191299438477,25.07006766142907,22.858847943687714,25.07006766142907,62615520
2008-12-02,21.796310424804688,25.070065003616623,21.796310424804688,25.070065003616623,83978805
2008-12-03,21.33683967590332,23.318321997765477,20.96351430286089,23.318321997765477,73562985
2008-12-04,21.279403686523438,22.83013074494809,21.250688720673907,22.83013074494809,59691975000
2008-12-05,21.365558624267578,21.73888186501088,19.814833518464045,19.814833518464045,40846215
2008-12-08,22.858848571777344,22.85884857177734,19.87226524171049,19.87226524171049,101543190
2008-12-09,23.433191299438477,23.433191299438477,21.279403715373117,21.279403715373117,79399020000
2008-12-10,25.070068359375,25.070068359375,21.79631334235402,21.79631334235402,113429325000
2008-12-11,25.78799819946289,26.821816293667794,24.983917459525745,26.821816293667794,82269300000
2008-12-12,24.007539749145508,27.56846743506174,24.007539749145508,27.56846743506174,68770140000
2008-12-15,24.95520782470703,25.673137273550697,24.926490646753287,25.673137273550697,68397285
2008-12-16,25.55825424194336,26.678223554642468,24.352133443652008,26.678223554642468,58276935
2008-12-17,26.419782638549805,26.477216991714258,23.777804594884802,23.777804594884802,87302340
2008-12-18,25.845434188842773,26.419777611196924,24.58187865966364,24.58187865966364,49571625
2008-12-19,25.816720962524414,26.994125158257983,25.81672096252441,26.994125158257983,39498510000
2008-12-22,25.615703582763672,27.59718671112221,25.271097438370894,27.59718671112221,51111285
2008-12-23,25.18494415283203,25.529550273287175,23.835239049615826,23.835239049615826,38107590
2008-12-24,24.926483154296875,26.936682804929102,24.696745799721857,26.936682804929102,30835410000
2008-12-25,24.754179000854492,24.926482008868042,23.20345413063166,23.20345413063166,6107385000
2008-12-26,24.926483154296875,26.47721029767826,24.581877122434346,26.47721029767826,7415895000
2008-12-29,24.897768020629883,25.041353878978924,24.467010445582748,24.92648519229969,17648805000
2008-12-30,25.960302352905273,26.13260537615748,23.17473901222725,23.17473901222725,30441450000
2008-12-31,25.500825881958008,26.13260359071826,24.151121160596603,24.151121160596603,20743200000
2009-01-02,25.500825881958008,25.500825881958008,25.500825881958008,25.500825881958008,0
2009-01-05,26.56336784362793,27.051557631168585,25.50083233719892,25.50083233719892,41163795000
2009-01-06,26.190032958984375,26.56335607969594,25.84542700140447,26.56335607969594,34246380
2009-01-07,25.58698081970215,26.678233372113247,24.69674847431415,24.69674847431415,70769085
2009-01-08,23.86395263671875,24.983920157833342,23.806518291948798,23.806518291948798,88934460
2009-01-09,23.54806900024414,24.352147804725213,22.198361596676033,22.198361596676033,68485725
2009-01-12,23.921390533447266,25.184944104105,23.260895470519483,25.184944104105,49417860
2009-01-13,25.156227111816406,25.586984764708774,23.950107885617545,25.586984764708774,72003225
2009-01-14,24.696754455566406,26.90797726835163,24.696754455566406,26.90797726835163,45100380
2009-01-15,23.54806900024414,23.720372073040068,22.97372542425771,22.97372542425771,73444395
2009-01-16,23.950103759765625,24.122404589340768,21.911184553983592,21.911184553983592,32827320
2009-01-19,23.54806900024414,23.80652360943803,23.490634642645496,23.80652360943803,36530745000
2009-01-20,22.743986129760742,25.184943925741667,22.743986129760742,25.184943925741667,81333645
2009-01-21,23.08858871459961,24.3234249109355,22.2270735530401,24.3234249109355,65519970
2009-02-02,24.007539749145508,24.696751985496988,23.289612538179128,24.696751985496988,112945920
2009-02-03,24.610597610473633,25.673133018665066,24.294710907235135,25.673133018665066,88523415
2009-02-04,24.639314651489258,24.725466170610183,22.91628647097024,22.91628647097024,83271285
2009-02-05,24.35213851928711,24.86904754057817,22.916282328711024,22.916282328711024,69793230
2009-02-06,25.673124313354492,26.046447438293825,25.21364969804455,26.046447438293825,100351260
2009-02-09,26.132598876953125,26.764376471754133,23.892662333648282,23.892662333648282,104560200
2009-02-10,25.759279251098633,27.941781764007217,25.73056208379853,27.941781764007217,44570745
2009-02-11,26.4484920501709,27.53974223801771,25.27108815597136,27.53974223801771,80546730
2009-02-12,26.046451568603516,26.678229264838684,24.61059316806904,24.61059316806904,68792250
2009-02-13,26.391071319580078,26.56337441731685,24.23728259787043,24.23728259787043,49684185
2009-02-16,26.33363151550293,28.228962997301796,26.276197161451453,28.228962997301796,51524340
2009-02-17,25.156227111816406,28.171528480163214,24.725469458924035,28.171528480163214,69379170
2009-02-18,25.615703582763672,26.01774408455524,23.54806891830694,23.54806891830694,57631725
2009-02-19,26.075172424316406,27.396160137730774,25.271091606299326,27.396160137730774,57849810
2009-02-20,25.213661193847656,27.88435641110272,25.184944017297607,27.88435641110272,71748960
2009-02-23,25.845434188842773,26.965401660534035,24.983919055311546,26.965401660534035,48933450
2009-02-24,25.27108383178711,25.50082113768598,24.036248014479416,24.036248014479416,59968350
2009-02-25,25.673124313354492,27.02283099582746,25.44338700569952,27.02283099582746,53483085
2009-02-26,25.845434188842773,25.98902004443131,23.892668754737993,23.892668754737993,51748455
2009-02-27,25.816720962524414,26.10389271758138,24.03625828307088,24.03625828307088,59610570
2009-03-02,25.701847076416016,27.597178075602372,25.357241039855,27.597178075602372,101285910
2009-03-03,25.615703582763672,25.75928947626066,23.92139224139911,23.92139224139911,58369395
2009-03-04,26.419782638549805,26.41978263854981,23.835238948049252,23.835238948049252,84194880
2009-03-05,26.764379501342773,28.25766996527914,26.419773501534614,28.25766996527914,78208095
2009-03-06,27.855640411376953,27.99922630019332,24.897773303659616,24.897773303659616,101923080
2009-03-09,27.712047576904297,29.750966687068757,26.994120514661176,29.750966687068757,69829410
2009-03-10,27.08026695251465,27.712044637958034,26.706945976651703,27.712044637958034,76816170
2009-03-11,27.970508575439453,28.946892600296614,27.568468094615916,28.946892600296614,84086340
2009-03-12,27.712047576904297,29.923269710462936,27.53974455351012,29.923269710462936,51724335
2009-03-13,28.429981231689453,28.717152981696376,25.788003333525353,25.788003333525353,114907680
2009-03-16,28.717140197753906,30.382733404426197,28.630988711103683,30.382733404426197,74268495
2009-03-17,28.717140197753906,30.72733935102708,28.51612006223672,30.72733935102708,58131210
2009-03-18,28.94688606262207,29.004320404053843,26.706948948682108,26.706948948682108,80529645
2009-03-19,28.257678985595703,30.440182145839344,28.200244633960352,30.440182145839344,50981640
2009-03-20,27.39615249633789,30.21043237253336,27.396152496337887,30.21043237253336,62498940
2009-03-23,28.889455795288086,28.946890144819466,27.396162707472204,27.396162707472204,59197515
2009-03-24,30.095582962036133,30.09558296203613,26.87926293407213,26.87926293407213,62127090
2009-03-25,29.98069953918457,30.440174232825566,27.999217124756903,27.999217124756903,74241360
2009-03-26,29.693531036376953,32.04833671701185,29.348925004786597,32.04833671701185,61318065
2009-03-27,29.808401107788086,30.210439294881983,29.63609808393386,29.693532425218603,53753430
2009-03-30,29.865835189819336,29.865835189819336,29.17662310038521,29.80840084903316,46200855
2009-03-31,29.521236419677734,30.32531518692473,27.798205771505987,27.798205771505987,69573135
2009-04-02,30.095582962036133,30.153017326889067,27.109000393483875,27.109000393483875,84861195
2009-04-03,30.21044158935547,30.89965373711782,27.999221483850736,27.999221483850736,69842475
2009-04-06,30.095582962036133,32.27808882644769,29.636110245112846,32.27808882644769,77220180
2009-04-07,29.923274993896484,32.163212491618374,29.291497129900655,32.163212491618374,75857400
2009-04-08,28.83203125,29.57867804780288,27.855646975950076,27.855646975950076,112552965
2009-04-09,30.095582962036133,30.09558296203613,28.717160407465872,28.717160407465872,85832025
2009-04-10,30.44017219543457,30.440172195434567,27.99921525074158,27.99921525074158,43027065
2009-04-13,30.26786994934082,30.727344623651717,28.31510478541855,28.31510478541855,57354345
2009-04-14,30.153005599975586,32.3355106155813,29.463795691683657,32.3355106155813,72156990
2009-04-15,29.865835189819336,30.153004691850942,28.056653455054754,28.056653455054754,89649015
2009-04-16,29.46379852294922,31.933473286553802,29.348929826879257,31.933473286553802,93780570
2009-04-17,28.94688606262207,30.095570689358283,27.424876014680002,27.424876014680002,153010245
2009-04-20,29.808401107788086,29.808401107788086,26.93668404355099,26.93668404355099,78258345
2009-04-21,29.63610076904297,29.63610076904297,27.74076733492426,27.74076733492426,64313970
2009-04-22,29.119184494018555,31.703727248895465,29.00431582927296,31.703727248895465,67226460
2009-04-23,29.46379852294922,29.521232870984196,27.10899245541459,27.10899245541459,62227590
2009-04-24,29.004329681396484,29.750976358832435,27.42488478682043,27.42488478682043,82606980
2009-04-27,29.004329681396484,29.29150148041031,28.717157882382654,28.717157882382654,63072795
2009-04-28,29.29149055480957,29.578662246709584,26.994119221508644,26.994119221508644,55329270
2009-04-29,29.63610076904297,29.75096946201986,27.252575389772474,27.252575389772474,58527180
2009-04-30,31.703737258911133,31.703737258911133,27.56846622431418,27.56846622431418,155433300
2009-05-04,33.88623046875,33.88623046875,29.52122551024819,29.52122551024819,177780480
2009-05-05,33.3118896484375,34.97748545199888,31.531427370667615,31.531427370667615,131490180
2009-05-06,33.02471923828125,33.31189093968188,32.50781017576012,33.31189093968188,176802615
2009-05-07,32.450374603271484,33.024715743393,30.72734457720985,30.72734457720985,141852735
2009-05-08,32.33551025390625,32.73754844512166,31.81860117704446,32.45037893765332,96870945
2009-05-11,32.278079986572266,32.73755257766153,30.09557471987515,30.09557471987515,77070435
2009-05-12,31.818601608276367,32.163207664187944,30.038136986066533,30.038136986066533,83635095
2009-05-13,32.3929443359375,32.622679499689475,31.761166580396495,31.818600921809313,94040865
2009-05-14,31.301694869995117,31.81860399259697,30.153007930879898,30.153007930879898,82343670
2009-05-15,31.47400665283203,32.04835028191476,29.11919997549298,29.11919997549298,64244625
2009-05-18,32.163211822509766,32.163211822509766,31.12939352111458,31.47399962157964,62795415
2009-05-19,32.737548828125,32.737548828125,32.16320760456966,32.16320760456966,91570575
2009-05-20,32.278079986572266,32.73755257766153,31.990908240954223,32.73755257766153,64667730
2009-05-21,32.5078125,32.62268118877312,30.038137893277337,30.038137893277337,64073775
2009-05-22,32.278079986572266,32.565251732190305,32.10577693920144,32.507815181167096,57527205
2009-05-25,31.990907669067383,32.68011984622995,30.03813983377344,30.03813983377344,50797725
2009-05-26,32.5078125,34.173408487210246,31.93347125803382,34.173408487210246,62398440
2009-05-27,34.69031524658203,34.69031524658203,32.507810307118156,32.507810307118156,183899925
2009-06-01,33.88623046875,34.805179808181535,33.59905880017764,34.6903111407526,102013530
2009-06-02,34.40314483642578,34.46057917909559,33.88623575239746,33.88623575239746,80862300
2009-06-03,34.3457145690918,36.75795504555215,33.771371074244186,36.75795504555215,73274550
2009-06-04,33.25447082519531,36.70053051427933,32.73756154154768,36.70053051427933,81700470
2009-06-05,32.96728515625,35.55182828720239,32.73754779332985,35.55182828720239,42436125
2009-06-08,32.5078125,33.3693276657984,30.842218714689178,30.842218714689178,55954380
2009-06-09,32.22064971923828,34.74775919891777,32.16321536283875,34.74775919891777,75314700
2009-06-10,33.4267578125,34.46057588163267,32.90984877793367,34.46057588163267,55321230
2009-06-11,33.48419189453125,33.48419189453125,32.45037603517519,33.31188888432205,54057945
2009-06-12,32.163211822509766,33.19702792200531,32.163211822509766,33.19702792200531,87307365
2009-06-15,30.612483978271484,31.588867917081696,30.210443532879047,31.359130519714586,98056845
2009-06-16,30.7847900390625,31.186830523800786,30.153012134473755,30.555052619212045,78092520
2009-06-17,29.865835189819336,30.382742054995653,29.750966508246982,30.382742054995653,83768760
2009-06-18,30.26786994934082,30.612475955073993,29.86583181121782,30.612475955073993,62847675
2009-06-19,30.038131713867188,30.153000379009654,29.69352792033874,29.98069738129595,66898830
2009-06-22,30.44017219543457,30.497606528295556,29.291487740113794,29.291487740113794,48037995
2009-06-23,29.46379852294922,29.750970263124117,29.463798522949215,29.750970263124117,59505045
2009-06-24,30.382740020751953,31.473992422625688,29.578661505480966,29.63609584242169,122965770
2009-06-25,30.84222412109375,30.95709283000247,30.497617994367587,30.727355412185027,56556375
2009-06-26,31.244260787963867,31.301695135406618,30.727351660979068,30.899654703307334,68721900
2009-06-29,30.669912338256836,31.301690057640027,30.497609323879598,31.301690057640027,64387335
2009-06-30,31.416561126708984,31.416561126708984,30.899652044207308,31.359126784208797,45144600
2009-07-01,31.5888614654541,31.876033153511784,30.784780738892596,31.18682110217335,46831995
2009-07-02,31.646305084228516,31.761173793140042,31.301698957493926,31.531436375316982,34404165
2009-07-03,31.5888614654541,31.5888614654541,31.07195242695028,31.07195242695028,27359115
2009-07-06,31.244260787963867,31.76116991494866,31.129392093078355,31.64630122006315,33242385
2009-07-07,31.818601608276367,31.933470293580225,31.186823839105134,31.244258181757065,37127715
2009-07-08,31.244260787963867,31.41656383029213,31.0719577456356,31.41656383029213,58099050
2009-07-09,31.76116943359375,32.22064420617224,31.186825967870632,31.244260314442943,60531150
2009-07-10,32.22064971923828,32.27808407563781,31.818609224441563,32.16321536283875,52935360
2009-07-13,31.5888614654541,32.90984902862027,31.244255439784887,32.85241469100874,67172190
2009-07-14,32.04833221435547,32.27806953647191,31.76116056170992,31.876029222768143,88881195
2009-07-15,32.69651794433594,33.55053242784564,32.3915131040828,32.57451786983649,73533000
2009-07-16,33.00152587890625,33.67253798658053,32.94052583593699,33.55053557363953,49572000
2009-07-17,32.94052505493164,33.55053477817111,32.87952501340866,33.48953473664813,54577000
2009-07-20,33.42853546142578,33.67254030410148,33.245532992920324,33.489537835596025,69655000
2009-07-21,33.85554122924805,33.85554122924805,33.306531521756526,33.55053635330887,67895000
2009-07-22,33.73353576660156,33.91653821023547,33.367530879333756,33.67253572772437,55795000
2009-07-23,34.465545654296875,34.58754805121695,33.794535961739754,33.855535996698706,69194000
2009-07-24,34.89256286621094,34.953562918628,34.648558002537,34.77056043437397,81642000
2009-07-27,35.13655471801758,35.31955947362355,34.70954982694267,34.892552255546505,49935000
2009-07-28,35.319557189941406,35.319557189941406,34.831547642548585,35.13655244616811,48101000
2009-07-29,34.465545654296875,35.38056014069414,34.09954079053884,35.38056014069414,56781000
2009-07-30,34.160545349121094,34.40455017527295,33.67253802381986,34.22154539215782,62361000
2009-07-31,35.9295768737793,36.112579341874415,35.44156718952213,35.56356961058643,196178000
2009-08-03,35.56358337402344,35.74658591294224,34.831570891344704,35.74658591294224,69991000
2009-08-04,35.13655471801758,35.868566759435055,34.58754743220607,35.74656436469846,62034000
2009-08-05,34.70954895019531,35.38055861379402,34.52654419921196,35.319558581467625,53365000
2009-08-06,34.648555755615234,35.07556307585223,34.465553283228715,35.07556307585223,53205000
2009-08-07,34.648555755615234,34.648555755615234,34.648555755615234,34.648555755615234,0
2009-08-10,35.25857162475586,35.563576573632645,34.77056417195362,34.953566675879074,69103000
2009-08-11,34.83155059814453,35.13655542764493,34.46554573354493,34.95355299534513,64378000
2009-08-12,35.07555389404297,35.07555389404297,34.46554426110309,34.83154911006619,42908000
2009-08-13,35.7465705871582,35.7465705871582,35.0755607898064,35.3805656662395,79925000
2009-08-14,35.9295768737793,36.2345817629387,35.685572031650715,36.112579341874415,51220000
2009-08-17,35.25857162475586,36.1125864124121,35.014569061856285,35.990583967460765,48628000
2009-08-18,35.13655471801758,35.25855711275418,34.526545071336706,34.83154989467714,32027000
2009-08-19,35.01456832885742,35.3195732713492,34.95356594415724,35.07556838655456,21153000
2009-08-20,35.197566986083984,35.258567037121146,34.46555473862416,35.01456450596972,25658000
2009-08-21,34.648555755615234,35.44156802062527,34.465553283228715,35.38056797216399,42051000
2009-08-24,35.624568939208984,35.990573844110834,35.136559296669944,35.2585617073047,59282000
2009-08-25,35.80756759643555,35.990570029490144,35.56356280102796,35.74656523408256,35268000
2009-08-26,35.990570068359375,35.990570068359375,35.38056040618379,35.80756763510714,50183000
2009-08-27,35.86857604980469,35.929578426474365,35.319568621794005,35.68557357380113,30410000
2009-08-28,36.29557800292969,36.29557800292969,35.56356588032727,35.99057314576221,49629000
2009-08-31,36.11256790161133,36.47857272185325,35.68556072666116,36.35657033943864,45013000
2009-09-01,37.21059799194336,37.21059799194336,35.8075759101067,36.23458323770987,84266000
2009-09-02,36.35659408569336,37.08860653129192,36.35659408569336,36.84460393409468,61298000
2009-09-03,36.478580474853516,36.72258529154246,36.17357561749353,36.72258529154246,42433000
2009-09-04,36.60059356689453,36.722596010851454,36.29558862050374,36.722596010851454,44401000
2009-09-07,37.82060241699219,37.82060241699219,36.41758053466553,36.66158302502534,74764000
2009-09-08,38.24761199951172,38.49161450464423,37.45459978557658,37.820604706776635,70265000
2009-09-09,37.82060241699219,38.430612133395286,37.82060241699219,38.30860972471419,50654000
2009-09-10,38.73562240600586,39.65063710850993,37.82060770350178,39.46763230640694,96349000
2009-09-11,38.06460952758789,38.30861203264782,37.759604651011074,38.30861203264782,47431000
2009-09-14,37.51559829711914,38.12560802552758,37.08859102183275,38.06460798348772,44672000
2009-09-15,38.125606536865234,38.24760894318367,37.210591979980464,37.210591979980464,36111000
2009-09-16,38.24761199951172,38.674619292246796,38.12560958344419,38.18660962797668,35054000
2009-09-17,38.125606536865234,38.430611389160156,37.82060168457031,38.430611389160156,38573000
2009-09-18,38.24761199951172,38.24761199951172,37.698602290709104,37.820604706776635,46352000
2009-09-21,38.00361251831055,38.18661500467744,37.5156051123312,38.1256149515561,33473000
2009-09-22,38.125606536865234,38.30860898284171,37.82060168457031,37.82060168457031,24321000
2009-09-23,38.00361251831055,38.369619818047205,37.45460505920986,38.24761738480165,34755000
2009-09-24,37.08858871459961,37.820600808552705,36.90558627286191,37.820600808552705,54162000
2009-09-25,37.271583557128906,37.39358593574672,36.84457872246931,37.210583531320914,45106000
2009-09-28,37.027584075927734,37.45459127159781,36.90558168759314,37.45459127159781,27489000
2009-09-29,38.85762405395508,38.85762405395508,37.82060694647381,37.82060694647381,82548000
2009-09-30,39.345645904541016,39.650650911552965,38.85763835872261,38.85763835872261,102127000
2009-10-01,39.650638580322266,39.77263868358255,38.91862632574652,39.650638580322266,54800000
2009-10-02,38.24761199951172,38.61361692071176,38.12560958344419,38.43061446011174,77795000
2009-10-05,37.82060241699219,37.942604825673286,37.51559755879064,37.82060241699219,60826000
2009-10-06,38.06460952758789,38.43061444867906,37.57659986346295,37.82060469552542,81906000
2009-10-07,37.8816032409668,38.430612927880354,37.63760074556268,38.430612927880354,62388000
2009-10-08,37.149593353271484,37.6986007120819,37.149593353271484,37.33259580620829,82064000
2009-10-09,37.271583557128906,37.39358593574672,37.027581126895114,37.08858115270311,67762000
2009-10-12,37.33259201049805,37.698596879158906,36.96658481483498,37.698596879158906,36486000
2009-10-13,37.6985969543457,37.6985969543457,36.78358245386642,36.96658488856184,51266000
2009-10-14,38.73562240600586,38.73562240600586,38.00361017860205,38.125612604336474,85334000
2009-10-15,38.91862869262695,39.04063113030976,38.43062126889867,39.04063113030976,62541000
2009-10-16,37.75959777832031,38.430607453856645,37.698595417906574,38.12560263279429,75045000
2009-10-19,37.45460510253906,37.759610022504354,37.210600235765675,37.637607589117664,103211000
2009-10-20,37.82060241699219,38.00360486651264,37.69860000831108,37.69860000831108,67524000
2009-10-21,37.57660675048828,37.94261406566366,37.39360425640208,37.63760913318566,48816000
2009-10-22,37.6985969543457,37.942601751941055,37.21058968615719,37.942601751941055,72693000
2009-10-23,37.51559829711914,37.881603203363234,37.51559829711914,37.82060316132336,36966000
2009-10-26,37.51559829711914,38.003605614445405,37.51559829711914,37.69860075024119,36720000
2009-10-27,37.39360046386719,37.759607741921364,37.27159803784913,37.51560288988525,49427000
2009-10-28,36.90559005737305,37.51559981038748,36.90559005737305,37.39359739438408,62705000
2009-10-29,36.78358840942383,36.96659087374881,35.99057617934721,36.60058594509886,103965000
2009-10-30,36.60059356689453,37.45460834758996,36.60059356689453,37.45460834758996,65520000
2009-11-02,36.478580474853516,36.72258529154246,36.11257557682249,36.295578025838005,38079000
2009-11-03,36.11256790161133,36.41757269414689,36.05156554690308,36.41757269414689,52726000
2009-11-04,36.35659408569336,36.41759648024523,35.99058902639579,36.112591488496115,64073000
2009-11-05,36.41758346557617,36.60058592982478,36.23458100132756,36.539585884076104,43726000
2009-11-06,36.60059356689453,36.78359606932839,36.417591064460666,36.78359606932839,44520000
2009-11-09,36.60059356689453,36.90559851328531,36.4785911229376,36.90559851328531,34813000
2009-11-10,36.90559005737305,36.90559005737305,36.60058518086583,36.844590012872615,40584000
2009-11-11,37.9426155090332,38.125618010080984,37.149603119824135,37.21060317783904,94778000
2009-11-12,37.9426155090332,38.308620511128765,37.75961300798543,38.125618010080984,102770000
2009-11-13,37.6985969543457,37.942601751941055,37.515594519650286,37.6985969543457,43120000
2009-11-16,38.06460952758789,38.24761198813347,37.942607111556654,38.06460952758789,59633000
2009-11-17,38.18661117553711,38.5526184385726,37.88160628650885,38.430616017560766,57822000
2009-11-18,38.3696174621582,38.552619937288775,38.24761503640358,38.43061751153415,54524000
2009-11-19,38.3696174621582,38.552619937288775,38.24761503640358,38.3696174621582,40088000
2009-11-20,37.637603759765625,38.30861358461776,37.45460129180619,38.30861358461776,50419000
2009-11-23,37.82060241699219,37.881602457831534,37.454597517951285,37.454597517951285,25386000
2009-11-24,38.06460952758789,38.12560957210224,37.69860227949419,37.942607111556654,25992000
2009-11-25,38.24761199951172,38.43061446011174,37.94260712284416,37.94260712284416,46553000
2009-11-26,37.82060241699219,38.430612133395286,37.69860000831108,38.30860972471419,31172000
2009-11-27,36.60059356689453,37.39360596210996,36.60059356689453,37.271603518153036,93737000
2009-11-30,37.271583557128906,37.39358593574672,37.027581126895114,37.210583531320914,32695000
2009-12-01,37.027584075927734,37.5765913329304,36.84458165692685,37.515591302264106,53946000
2009-12-02,37.08858871459961,37.51559596332244,36.90558627286191,37.45459592507731,38474000
2009-12-03,37.51559829711914,37.69860075024119,37.210593432914926,37.57659833915901,54543000
2009-12-04,37.51559829711914,37.7596031192835,37.39359588603697,37.51559829711914,26379000
2009-12-07,38.125606536865234,38.30860898284171,37.82060168457031,37.82060168457031,46543000
2009-12-08,38.06460952758789,38.36961440416471,37.759604651011074,38.36961440416471,39388000
2009-12-09,38.06460952758789,38.06460952758789,37.759604651011074,37.942607111556654,37770000
2009-12-10,37.39360046386719,38.30861516849854,37.21059798834147,38.30861516849854,62875000
2009-12-11,38.18661117553711,38.18661117553711,37.454601303471385,37.759606192499646,40997000
2009-12-14,38.24761199951172,38.30861204404421,37.820604706776635,37.881604751309126,38704000
2009-12-15,38.24761199951172,38.24761199951172,37.94260712284416,38.12560958344419,27949000
2009-12-16,37.6985969543457,38.12560418663647,37.515594519650286,38.12560418663647,49488000
2009-12-17,37.9426155090332,38.06461795206608,37.51560812191969,37.881613124015246,33109000
2009-12-18,37.75959777832031,37.75959777832031,37.39359059684422,37.51559299066958,32071000
2009-12-21,37.9426155090332,38.308620511128765,37.9426155090332,38.06461795206608,52334000
2009-12-22,38.3696174621582,38.3696174621582,38.12561261064896,38.186612660024906,43944000
2009-12-23,38.67462158203125,38.73562163017534,38.308614312158696,38.43061673544955,65488000
2009-12-24,38.7966194152832,38.857621786871654,38.61361695452293,38.67461932611138,56297000
2009-12-25,38.67462158203125,38.97962647675704,38.491616783593635,38.97962647675704,20204000
2009-12-28,38.85762405395508,39.04062652539232,38.67462158251784,38.67462158251784,39136000
2009-12-29,38.613616943359375,38.85762177563755,38.369614438083744,38.85762177563755,28498000
2009-12-30,38.979618072509766,39.04061810750187,38.613610881550635,38.613610881550635,59566000
2009-12-31,39.345645904541016,39.345645904541016,38.9796408269281,39.28464583394004,51979000
2010-01-04,39.589637756347656,39.650637806787756,39.04062799437564,39.650637806787756,39407000
2010-01-05,39.345645904541016,39.71165098215394,38.9796408269281,39.650650911552965,37138000
2010-01-06,39.589637756347656,39.589637756347656,38.85762551605256,39.3456329005817,49261000
2010-01-07,39.16261672973633,39.650626299641274,39.16261672973633,39.589626266904204,42134000
2010-01-08,39.040626525878906,39.223631324321104,38.73562163114548,38.73562163114548,46076000
2010-01-11,39.345645904541016,39.58965084095199,38.73563589051713,39.04064089752907,36799000
2010-01-12,38.7966194152832,39.28462907998063,38.61361695452293,39.28462907998063,49853000
2010-01-13,38.3086051940918,38.4916076219692,38.186602799839484,38.43060758834411,47976000
2010-01-14,38.55260467529297,38.79660710320513,38.43060229783599,38.79660710320513,36149000
2010-01-15,38.73562240600586,38.73562240600586,38.30861507943674,38.36961745580532,47852000
2010-01-18,38.3696174621582,38.4916175609101,38.30861508577953,38.30861508577953,30136000
2010-01-19,38.125606536865234,38.55261379547859,37.82060168457031,38.430611389160156,47202000
2010-01-20,38.43061447143555,38.552616887539024,37.94260713402418,38.36961442688508,52281000
2010-01-21,38.18661117553711,38.430616017560766,37.88160628650885,38.430616017560766,24738000
2010-01-22,37.271583557128906,37.63759069298234,37.210583531320914,37.51558831436453,63918000
2010-01-25,36.84459686279297,37.08859941316067,36.66159204126348,36.66159204126348,62151000
2010-01-26,36.661582946777344,37.33259502959003,36.60058290606818,36.96658780432791,79112000
2010-01-27,36.35659408569336,36.84460393409468,36.295594018144904,36.661599077442474,52639000
2010-01-28,36.60059356689453,37.51560840606689,36.4785911229376,36.90559851328531,43988000
2010-01-29,37.51559829711914,37.51559829711914,36.2345787982624,36.66158374654635,91560000
2010-02-01,36.478580474853516,37.02759014890244,36.295578025838005,37.02759014890244,75480000
2010-02-02,35.990570068359375,36.84458452620606,35.990570068359375,36.72258212837051,65510000
2010-02-03,36.478580474853516,36.7835853322135,35.86857076013355,36.72258529154246,42426000
2010-02-04,36.05157470703125,36.60058440389061,35.99057466382576,36.60058440389061,42564000
2010-02-05,34.89256286621094,35.319570214138906,34.89256286621094,35.136565402882034,62227000
2010-02-08,35.01456832885742,35.50257577144366,34.77056344406278,35.38057332904634,45247000
2010-02-09,35.7465705871582,36.11257783507945,35.19756320578015,35.624570498187,45754000
2010-02-10,35.624568939208984,36.1125762547456,35.50256652857423,35.990573844110834,53679000
2010-02-22,35.990570068359375,36.905584561622746,35.990570068359375,36.905584561622746,47519000
2010-02-23,36.478580474853516,36.53958284252695,36.05157320914906,36.356578066509044,50343000
2010-02-24,35.685569763183594,36.11257704626321,35.62456972003043,36.11257704626321,54884000
2010-02-25,35.502567291259766,35.92957457415342,35.31956483487748,35.68556974764205,55655000
2010-02-26,35.86857604980469,35.929578426474365,35.38056867146095,35.50257109779756,30877000
2010-03-01,36.35659408569336,36.53959894234556,35.502581504997885,36.295594018144904,60146000
2010-03-02,36.53957748413086,36.905582328488606,36.29557270322433,36.905582328488606,53495000
2010-03-03,36.60059356689453,36.66159362537146,36.35658867898067,36.35658867898067,32150000
2010-03-04,36.11256790161133,36.47857272185325,35.6245606989548,36.47857272185325,53405000
2010-03-05,36.84459686279297,36.84459686279297,36.356587108051635,36.47858954673697,59062000
2010-03-08,37.33259201049805,37.33259201049805,36.96658481483498,37.149589576167614,43993000
2010-03-09,37.39360046386719,37.45460284037758,37.088595562323405,37.332600414359526,29829000
2010-03-10,37.45460510253906,37.45460510253906,37.088597802378985,37.393602722344276,30540000
2010-03-11,37.45460510253906,37.698607642309575,37.332602669152365,37.576605208922885,25340000
2010-03-12,37.08858871459961,37.51559596332244,36.966586311107044,37.45459592507731,67894000
2010-03-15,36.478580474853516,37.39359504693346,36.478580474853516,37.39359504693346,37911000
2010-03-16,36.41758346557617,36.72258834832471,36.41758346557617,36.66158597557345,29394000
2010-03-17,36.90559005737305,37.149594889379834,36.5395851363654,36.90559005737305,68876000
2010-03-18,36.84459686279297,36.96659697447534,36.6005919854223,36.66159204126348,70048000
2010-03-19,36.60059356689453,36.78359606932839,36.417591064460666,36.60059356689453,45829000
2010-03-22,35.990570068359375,36.35657493486385,35.86856767052382,36.35657493486385,47044000
2010-03-23,36.35659408569336,36.661599077442474,36.295594018144904,36.295594018144904,48107000
2010-03-24,36.96659469604492,37.088597127210654,36.661589781632,36.661589781632,46973000
2010-03-25,37.51559829711914,37.51559829711914,36.72258611558866,37.149593390875054,62713000
2010-03-26,37.82060241699219,37.82060241699219,36.783585433706435,37.39359515010953,77332000
2010-03-29,37.9426155090332,38.003615567048115,37.63761056495256,37.820613066000334,37464000
2010-03-30,37.9426155090332,38.06461795206608,37.63761056495256,38.06461795206608,29950000
2010-03-31,37.51559829711914,37.94260557240554,37.51559829711914,37.94260557240554,39228000
2010-04-01,37.8816032409668,38.12560806337337,37.515598334359396,37.515598334359396,54656000
2010-04-02,38.06460952758789,38.12560957210224,37.88160474003977,38.12560957210224,17299000
2010-04-06,38.67462158203125,38.73562163017534,38.308614312158696,38.308614312158696,52915000
2010-04-07,38.73562240600586,38.73562240600586,38.491617554537015,38.73562240600586,48336000
2010-04-08,38.00361251831055,38.430619871168545,37.88161008506499,38.308617437923,48530000
2010-04-09,38.24761199951172,38.43061446011174,37.759604662244136,37.759604662244136,31569000
2010-04-12,38.49161148071289,38.67461625393845,38.308609034489685,38.61361388719582,34914000
2010-04-13,38.3696174621582,38.4916175609101,37.88160775913972,38.43061751153415,42708000
2010-04-14,38.91862869262695,38.91862869262695,38.369621213558744,38.4916213242386,55548000
2010-04-15,39.28462219238281,39.5896270158423,39.04061740281437,39.34562222627385,70894000
2010-04-16,38.43061447143555,38.857621764296454,38.36961442688508,38.796619392743445,49654000
2010-04-19,38.18661117553711,38.5526184385726,38.06461108152791,38.125611128532505,66249000
2010-04-20,38.3086051940918,38.43060758834411,38.0646027325893,38.36960755471901,37426000
2010-04-21,38.06460952758789,38.4916144931934,38.003607156071006,38.36961440416471,44895000
2010-04-22,37.57660675048828,37.69860918888008,37.08859932392408,37.69860918888008,90506000
2010-04-23,37.637603759765625,38.06461106967272,37.576601385777394,37.75960618073946,48869000
2010-04-26,38.73562240600586,38.796622455371704,38.06461255497062,38.06461255497062,67358000
2010-04-27,38.85762405395508,38.85762405395508,38.49161678407792,38.73562163066269,25300000
2010-04-28,37.8816032409668,38.18660810547379,37.82060319886638,37.8816032409668,72599000
2010-04-29,37.57660675048828,37.94261406566366,37.57660675048828,37.94261406566366,40178000
2010-04-30,37.6985969543457,38.24760658543415,37.6985969543457,37.6985969543457,43339000
2010-05-03,37.57660675048828,38.18661661544428,37.45460663909945,38.18661661544428,22418000
2010-05-04,37.21059799194336,37.82060779508997,37.088595565913494,37.7596077455764,38039000
2010-05-05,36.478580474853516,36.72258529154246,36.478580474853516,36.53958284252695,93944000
2010-05-06,36.29557800292969,36.53958281946463,36.11257555402968,36.4785804518297,48824000
2010-05-07,36.23457717895508,36.661582108156374,35.685567517121505,35.74656755643531,61514000
2010-05-10,36.478580474853516,36.60058288319799,35.99057316847802,36.234577985166965,56272000
2010-05-11,36.661582946777344,36.96658780432791,36.53958286535903,36.8445877229096,67770000
2010-05-12,36.661582946777344,37.210592621169326,36.60058290606818,37.210592621169326,27694000
2010-05-13,37.33259201049805,37.51559444482847,36.905584779058906,36.96658481483498,39828000
2010-05-14,37.33259201049805,37.51559444482847,36.905584779058906,37.02758717761326,31551000
2010-05-17,36.11256790161133,36.90557989680342,36.05156554690308,36.90557989680342,73173000
2010-05-18,36.29557800292969,36.60058286009716,36.23457796229715,36.35657804356223,30445000
2010-05-19,36.173580169677734,36.35658264172279,35.746572850237484,35.99057769763268,48408000
2010-05-20,35.9295768737793,36.41758423103382,35.9295768737793,36.29558180996953,31637000
2010-05-21,35.86857604980469,36.05157852580825,35.319568621794005,35.56357114746451,45655000
2010-05-24,35.990570068359375,36.35657493486385,35.80756763510714,36.35657493486385,19294000
2010-05-25,35.624568939208984,35.92957380229467,35.44156415975563,35.86857143347607,48371000
2010-05-26,35.9295768737793,35.99057692081012,35.685572031650715,35.9295768737793,42766000
2010-05-27,35.80756759643555,36.17357246254475,35.19755793491877,35.68556519873176,55467000
2010-05-28,35.80756759643555,36.234574824897734,35.56356280102796,35.92956999413934,61106000
2010-05-31,36.72257995605469,36.72257995605469,35.86856554872702,36.051567971153794,25365000
2010-06-01,36.478580474853516,36.60058288319799,36.11257557682249,36.53958284252695,27295000
2010-06-02,36.478580474853516,36.84458769988693,36.17357561749353,36.478580474853516,35241000
2010-06-03,37.08858871459961,37.210591118092175,36.90558627286191,37.08858871459961,46916000
2010-06-04,37.21059799194336,37.21059799194336,36.722590614826615,36.905593090370054,41837000
2010-06-07,36.11256790161133,36.41757269414689,35.807563109075765,36.41757269414689,69197000
2010-06-08,35.685569763183594,36.11257704626321,35.62456972003043,35.92957458980123,40396000
2010-06-09,35.7465705871582,35.9905754191057,35.563568126698854,35.624570498187,45955000
2010-06-10,36.23457717895508,36.47857966321263,35.86856996206525,36.47857966321263,28784000
2010-06-11,36.90559005737305,36.90559005737305,36.60058518086583,36.722587596869225,41097000
2010-06-14,37.271583557128906,37.454588288556536,37.14958350551292,37.14958350551292,44867000
2010-06-15,37.45460510253906,37.759610022504354,37.02759774918707,37.393602722344276,37382000
2010-06-17,37.8816032409668,38.00360565217008,37.63760074556268,37.82060319886638,55896000
2010-06-18,38.24761199951172,38.24761199951172,37.698602290709104,38.06460953891169,46267000
2010-06-21,38.613616943359375,38.85762177563755,38.491614527220285,38.491614527220285,68207000
2010-06-22,38.18661117553711,38.6136184855772,38.18661117553711,38.6136184855772,30437000
2010-06-23,37.8816032409668,38.12560806337337,37.82060319886638,37.82060319886638,37155000
2010-06-24,37.82060241699219,37.942604825673286,37.637599967471736,37.881602457831534,35311000
2010-06-25,37.45460510253906,37.759610022504354,37.393602722344276,37.515605155730974,30548000
2010-06-28,37.637603759765625,37.637603759765625,37.271596496844126,37.332598870832356,20466000
2010-06-29,37.21059799194336,38.18661274617685,37.21059799194336,37.82060779508997,47903000
2010-06-30,36.96659469604492,37.21059955837639,36.783592212797735,36.783592212797735,58283000
2010-07-01,36.72257995605469,36.966582410289696,36.600577565436154,36.966582410289696,15325000
2010-07-02,36.78358840942383,37.02759324652553,36.60058594509886,36.60058594509886,66885000
2010-07-05,37.45460510253906,37.698607642309575,36.78359288241369,36.78359288241369,86939000
2010-07-06,38.41643524169922,38.41643524169922,37.71095668380879,37.77509243263264,69631000
2010-07-07,38.15990447998047,38.41644263156678,37.9675020895553,38.352306870405634,59093000
2010-07-08,38.737117767333984,38.737117767333984,38.28817718279458,38.544712912153265,50323000
2010-07-09,38.737117767333984,38.80125108804132,38.416446270738604,38.737117767333984,37986000
2010-07-12,38.352294921875,38.86536861867208,38.352294921875,38.86536861867208,44157000
2010-07-13,38.22404861450195,38.6088559508069,38.15991528171604,38.416453505919335,37431000
2010-07-14,38.737117767333984,38.929520175985346,38.608848679389965,38.737117767333984,59702000
2010-07-15,38.672977447509766,38.801246520353935,38.54470837466559,38.73711320719639,32938000
2010-07-16,38.41643524169922,38.801239948527694,38.35229949287536,38.801239948527694,29874000
2010-07-19,39.1860466003418,39.314315657827436,38.09576572803584,38.15989903351427,56238000
2010-07-20,39.442588806152344,39.63499118907167,39.12191735244379,39.314319735363114,53905000
2010-07-21,39.63499069213867,39.69912644999369,39.44258831163164,39.69912644999369,41172000
2010-07-22,39.76325988769531,39.95566226881384,39.3143193673994,39.69912657616547,45274000
2010-07-23,40.27632522583008,40.40459426836869,40.01978958728134,40.14805618329146,65925000
2010-07-26,40.14806365966797,40.46873510246573,39.95566128329511,40.40460179251776,26958000
2010-07-27,40.083927154541016,40.40459857177734,39.955658098340734,40.40459857177734,20942000
2010-07-28,40.40460205078125,40.40460205078125,39.89152822833109,39.955661538689,26119000
2010-07-29,40.40460205078125,40.40460205078125,40.14806391629168,40.40460205078125,38043000
2010-07-30,40.01979446411133,40.01979446411133,39.37845161979242,40.01979446411133,43549000
2010-08-02,39.955665588378906,40.2763370657279,39.82739650813346,40.148067985482456,48015000
2010-08-03,39.76325988769531,40.14806464993237,39.57085750657678,40.14806464993237,32913000
2010-08-04,39.76325988769531,39.891528957284,39.50672174851793,39.76325988769531,20350000
2010-08-05,39.699119567871094,39.76325286807914,39.63498382113446,39.76325286807914,21813000
2010-08-06,39.05778503417969,39.57085888386327,38.865380199835386,39.50672312357214,62419000
2010-08-09,38.92950439453125,39.05777343047687,38.73710206387699,38.80123535858562,56912000
2010-08-10,39.12192153930664,39.37845970834004,38.99365245478994,39.057788220312936,62187000
2010-08-11,39.12192153930664,39.25019062382334,38.929519135796234,38.99365245478994,28506000
2010-08-12,38.60883712768555,38.865372780289164,38.54470137963817,38.60883712768555,65513000
2010-08-13,38.544708251953125,38.865379709778125,38.41644162604638,38.608844011435565,64069000
2010-08-16,38.672977447509766,38.672977447509766,38.22403691581969,38.480575061508034,39691000
2010-08-17,38.352294921875,38.80123532402058,38.352294921875,38.80123532402058,37445000
2010-08-18,38.22404861450195,38.67298928359281,38.15991528171604,38.48058683870525,42369000
2010-08-19,38.544708251953125,38.73711308387138,38.15990348117476,38.15990348117476,45753000
2010-08-20,38.41643524169922,38.60883759511346,38.28816619058017,38.35229949287536,30073000
2010-08-23,38.544708251953125,39.05778454169638,38.22403679412813,38.41644162604638,27530000
2010-08-24,38.22404861450195,38.544720171491164,38.22404861450195,38.48058683870525,30548000
2010-08-25,37.64683151245117,38.09577206506539,37.58269574977532,38.09577206506539,70486000
2010-08-26,37.71096420288086,37.90336659465762,37.51856181110411,37.58269512618664,33540000
2010-08-27,37.71096420288086,37.77509996449255,37.51856181110411,37.64683088779832,43374000
2010-08-30,38.095767974853516,38.22403459337529,37.77509653549121,37.967498909802806,27583000
2010-08-31,37.77509689331055,37.83923020317893,37.45442545091072,37.83923020317893,77308000
2010-09-01,37.90336608886719,38.03163516384976,37.646830385431166,38.03163516384976,33670000
2010-09-02,38.15990447998047,38.54470926083081,38.09577116534846,38.48057594619879,25353000
2010-09-03,38.352294921875,38.41643066305486,38.03162355556078,38.03162355556078,38247000
2010-09-06,38.80124282836914,38.80124282836914,38.5447047070907,38.737109521313954,25773000
2010-09-07,38.60883712768555,38.865372780289164,38.54470137963817,38.80123947877042,20235000
2010-09-08,38.03163528442383,38.416442510591516,37.77509958017449,38.224037674243114,66266000
2010-09-09,38.15990447998047,38.288173555773625,37.9675020895553,38.288173555773625,21194000
2010-09-10,38.03163528442383,38.28817343520229,37.903366209034594,38.159904359813055,32620000
2010-09-13,39.05778503417969,39.05778503417969,38.095770648574565,38.224037276098635,86590000
2010-09-14,39.12192153930664,39.25019062382334,38.929519135796234,39.25019062382334,33482000
2010-09-15,39.250179290771484,39.250179290771484,38.80123884785423,39.250179290771484,39289000
2010-09-16,38.80124282836914,39.12191425670277,38.80124282836914,38.993645196063554,27832000
2010-09-17,39.250179290771484,39.37844833825193,38.86537214833016,39.12191024329104,49333000
2010-09-20,39.76325988769531,39.76325988769531,39.3143193673994,39.44258843698809,65877000
2010-09-21,39.63499069213867,39.955662141826735,39.50672162295765,39.955662141826735,32205000
2010-09-23,38.4805793762207,39.05778904547576,38.41644605587208,39.05778904547576,106168000
2010-09-24,38.544708251953125,38.608844011435565,38.22403679412813,38.28817255361057,58578000
2010-09-27,38.92950439453125,38.993637689239875,38.73710206387699,38.993637689239875,57033000
2010-09-28,39.12192153930664,39.25019062382334,38.865383370273236,38.929519135796234,48335000
2010-09-29,39.442588806152344,39.699126947730804,39.12191735244379,39.442588806152344,79436000
2010-09-30,39.76325988769531,39.76325988769531,39.50672174851793,39.57085750657678,56151000
2010-10-01,39.76325988769531,39.95566226881384,39.57085750657678,39.891528957284,38944000
2010-10-04,39.699119567871094,39.8273861682872,39.50671477418978,39.76325286807914,25742000
2010-10-05,39.1860466003418,39.570853772798706,39.05777998938494,39.570853772798706,28432000
2010-10-06,39.63499069213867,39.7632597613197,39.44258831163164,39.69912644999369,34117000
2010-10-07,39.314327239990234,39.57086543053872,39.12192482034362,39.378463010892105,37414000
2010-10-08,39.63499069213867,39.63499069213867,39.121916861943575,39.121916861943575,54186000
2010-10-11,39.442588806152344,39.7632602598609,39.186050664573884,39.7632602598609,24273000
2010-10-12,39.12192153930664,39.44259302733374,38.737116732285834,39.44259302733374,27854000
2010-10-13,39.12192153930664,39.31432394281704,38.737116732285834,39.31432394281704,28950000
2010-10-14,39.63499069213867,39.7632597613197,39.314319242450615,39.37845500030563,45889000
2010-10-15,39.699119567871094,39.699119567871094,39.250179126829,39.31431242703705,29898000
2010-10-18,38.80124282836914,39.63498805273081,38.737109521313954,39.37845237798121,32498000
2010-10-19,38.92950439453125,38.92950439453125,38.544697286694365,38.86536865329425,34442000
2010-10-20,39.12192153930664,39.18605485830034,38.737116732285834,38.80125005127954,34445000
2010-10-21,39.12192153930664,39.37845970834004,38.99365245478994,39.31432394281704,37243000
2010-10-22,39.63499069213867,39.63499069213867,39.37845500030563,39.57085738081266,42883000
2010-10-25,39.76325988769531,39.891528957284,39.63499081810662,39.76325988769531,38467000
2010-10-26,39.955665588378906,39.955665588378906,39.76326319127535,39.89153227152079,37835000
2010-10-27,39.76325988769531,40.01979802687269,39.69912657616547,39.95566226881384,26552000
2010-10-28,40.21220016479492,40.404602544749835,39.8273929583561,40.01979778484001,61848000
2010-10-29,40.27632522583008,40.46872756637375,40.0839228852864,40.40459426836869,67800000
2010-11-01,40.72527313232422,40.72527313232422,40.404601690337415,40.66113982253844,76051000
2010-11-02,40.59701156616211,40.66114733432535,40.404609154731176,40.404609154731176,24276000
2010-11-03,40.981807708740234,41.04594101296149,40.59700054382648,40.72526959879773,44405000
2010-11-04,40.981807708740234,41.11007431718275,40.78940290301899,40.981807708740234,32641000
2010-11-05,41.1742057800293,41.430743878499015,40.917670128088204,41.3666105771459,43711000
2010-11-08,40.59701156616211,41.174218800454916,40.468742476365016,41.174218800454916,23591000
2010-11-09,41.04594802856445,41.04594802856445,40.468738405801105,40.5970074826962,25317000
2010-11-10,41.1742057800293,41.238343974439665,40.85353682673509,41.04593917732306,37637000
2010-11-11,40.853538513183594,41.174207479715136,40.853538513183594,40.981807567713446,31688000
2010-11-12,40.40460205078125,41.04594494047619,40.40460205078125,40.78940680598663,29650000
2010-11-15,40.981807708740234,41.04594101296149,40.53286723960522,40.917671957990244,27583000
2010-11-16,41.36663055419922,41.49489721884886,41.11009233184033,41.23836388954958,55027000
2010-11-17,40.917686462402344,41.36662709067685,40.78941736196254,41.17422221675235,51345000
2010-11-18,40.59701156616211,40.981818835553376,40.404609154731176,40.85354974575629,39053000
2010-11-19,40.853538513183594,41.04594087171401,40.40459804559348,40.789402762654305,23769000
2010-11-22,40.917686462402344,41.23836043676665,40.53288160761254,40.78941736196254,25384000
2010-11-23,40.66114044189453,40.917676131474195,40.59700468460288,40.853542820711525,30876000
2010-11-24,40.532867431640625,41.045941207427724,40.404598376061664,40.404598376061664,26848000
2010-11-25,41.3024787902832,41.366612093987975,40.72526927082537,40.91767162846841,34656000
2010-11-26,41.3024787902832,41.366612093987975,40.9818073787019,40.9818073787019,30955000
2010-11-29,41.238346099853516,41.49487931848765,40.91767223697461,41.430746013829115,33430000
2010-11-30,40.66114044189453,41.30248333563716,40.66114044189453,40.917676131474195,66488000
2010-12-01,41.430747985839844,41.430747985839844,40.91767418456417,40.91767418456417,58038000
2010-12-02,42.456905364990234,42.585176903007465,41.6231623866431,41.68729570912229,87811000
2010-12-03,43.80371856689453,44.89399945354325,42.7775660935103,42.841704292890036,124694000
2010-12-06,43.931983947753906,44.57332677910798,43.86785064323,44.18852205890703,58644000
2010-12-07,43.61130905151367,43.99611374100384,43.35477096083452,43.93198044159833,58928000
2010-12-08,43.61130905151367,44.06024704040935,43.48304245270265,43.99611374100384,46509000
2010-12-09,44.894004821777344,44.958138135768245,44.12439526777016,44.252661895751956,91264000
2010-12-10,44.701602935791016,44.82987446529332,44.44506966290347,44.637469617569124,32731000
2010-12-13,44.50920104980469,45.15054399031179,44.25266289499018,44.89400583549728,36075000
2010-12-14,44.25265884399414,44.82986841622303,44.06025402223188,44.82986841622303,45977000
2010-12-15,44.894004821777344,44.958138135768245,43.93199043273926,43.996123746730156,56590000
2010-12-16,45.663604736328125,45.92014283119546,44.7657287438782,44.893995344783285,61923000
2010-12-17,46.75388717651367,48.10070596492006,45.92013964923232,46.17667772632326,108365000
2010-12-20,45.663604736328125,46.81802371670257,45.47120483497051,46.81802371670257,91134000
2010-12-21,45.727752685546875,45.92015262795174,45.4070812218139,45.85601931381678,35454000
2010-12-22,45.663604736328125,45.92014283119546,45.34293334100824,45.599471435875586,26216000
2010-12-23,45.535335540771484,46.048411701270545,45.34293075732011,46.048411701270545,35499000
2010-12-24,45.40708541870117,45.53535205882651,45.21468056545449,45.53535205882651,21468000
2010-12-27,45.342933654785156,45.40707184873872,44.89399565545351,45.40707184873872,29035000
2010-12-28,45.471221923828125,45.53535524838306,45.27881705710431,45.471221923828125,35961000
2010-12-29,45.27879333496094,45.407064809926744,45.02225527808578,45.407064809926744,40312000
2010-12-30,45.27879333496094,45.407064809926744,44.95812198713111,45.27879333496094,53976000
2010-12-31,45.535335540771484,46.369083078318226,45.08639757012748,45.214664163723796,143558000
2011-01-03,45.59946823120117,45.920139603984666,45.407068343365175,45.85600630803933,35149000
2011-01-04,45.663604736328125,45.92014283119546,45.40707153451796,45.535338135423046,35448000
2011-01-05,44.765724182128906,45.599466789165646,44.63745270123786,45.471200201331285,51755000
2011-01-06,45.535335540771484,45.535335540771484,44.701588003224735,44.76572619307979,46666000
2011-01-07,46.49734115600586,46.81801247432314,46.11253655263632,46.11253655263632,169755000
2011-01-10,47.58763885498047,47.58763885498047,46.56149124464963,46.81802937049678,66767000
2011-01-11,47.780025482177734,48.03656351035766,47.331087602654804,47.52348745399782,81911000
2011-01-12,48.036590576171875,48.10072389608826,47.90831904328044,47.90831904328044,53397000
2011-01-13,47.84418869018555,48.29313174355656,47.58765050155339,48.164860202711,92995000
2011-01-14,47.97245407104492,47.97245407104492,47.52351107532121,47.71591591535399,28681000
2011-01-17,48.613792419433594,48.67792572903074,48.29312097838999,48.35725428798713,67207000
2011-01-18,49.2551383972168,49.63994317204261,48.22898580693705,48.421390640879046,56518000
2011-01-19,50.02473449707031,50.21713927928179,49.12685366851152,49.319258450723005,86839000
2011-01-20,48.99859619140625,49.38340093436114,48.80619137339991,49.38340093436114,43578000
2011-01-21,47.84418869018555,48.22899352660429,47.459383853766795,47.459383853766795,81340000
2011-01-24,48.293113708496094,48.35724700843881,47.84417082278278,48.22897551549624,40750000
2011-01-25,48.1007194519043,48.67792906393879,48.0365861379134,48.67792906393879,43750000
2011-01-26,47.84418869018555,48.22899352660429,47.65178871850566,47.84418869018555,66493000
2011-01-27,48.2289924621582,48.35726400017273,47.97245917224688,48.03659249472471,69734000
2011-01-28,48.93446350097656,49.319268248790316,48.036582494039244,48.2289824214172,97365000
2011-02-08,48.42137908935547,49.38339324344862,47.97244110800147,49.38339324344862,105232000
2011-02-09,47.33113098144531,48.48554582668764,47.33113098144531,48.42141248412869,79084000
2011-02-10,46.17668914794922,47.07457019332651,46.17668914794922,46.882165364653495,83493000
2011-02-11,45.7918815612793,46.43322442658277,45.47121012862756,46.30495291768742,111841000
2011-02-14,46.49734115600586,46.75387918927089,45.8559985193713,46.17666983768858,64830000
2011-02-15,46.49734115600586,46.8821457593754,45.79186523431904,46.4332078709536,56427000
2011-02-16,46.240821838378906,46.62562659749538,46.11255521635941,46.43322666446614,53849000
2011-02-17,46.49734115600586,46.75387918927089,45.920131804423555,46.4332078709536,49280000
2011-02-18,46.818023681640625,47.395233171395574,46.818023681640625,46.88215698204514,73532000
2011-02-21,47.0745849609375,47.0745849609375,46.36910852292056,46.8821800719058,37954000
2011-02-22,46.49734115600586,46.49734115600586,45.663593771158524,46.304936407793086,82528000
2011-02-23,45.535335540771484,46.1125449980687,45.214664163723796,45.85600691781917,78154000
2011-02-24,45.214683532714844,45.79189323727619,45.214683532714844,45.53535504713126,62708000
2011-02-25,45.214683532714844,45.59948837140274,44.829878694026945,45.27881685698633,78655000
2011-03-01,45.7918815612793,46.04841968601223,44.89400057124289,44.89400057124289,77441000
2011-03-02,45.15054702758789,45.535351839166296,45.15054702758789,45.40708519965971,52968000
2011-03-03,45.40708541870117,45.920156872261195,44.95814239214514,44.95814239214514,59349000
2011-03-04,46.048431396484375,46.17669804494117,45.727759882283394,45.85602653074019,55215000
2011-03-07,45.471221923828125,45.98429341332661,45.471221923828125,45.92016008877168,30090000
2011-03-08,45.85600662231445,46.04841140452593,45.21466387235201,45.21466387235201,49251000
2011-03-09,45.7918815612793,46.30495291768742,45.59947674446516,46.30495291768742,42715000
2011-03-10,45.214683532714844,46.24083140023558,44.958145342569914,46.24083140023558,61899000
2011-03-11,44.894004821777344,45.27880959878094,44.57333335876465,44.894004821777344,52528000
2011-03-14,45.08639144897461,45.214658025156815,44.31677731271267,45.08639144897461,47199000
2011-03-15,43.61130905151367,44.95812791125782,42.456890089986054,44.89399461185231,114456000
2011-03-16,43.931983947753906,44.31678866795485,43.67544583660078,44.124388754383126,60944000
2011-03-17,43.22651290893555,43.290646221021746,42.13622703123794,42.8417081433603,104629000
2011-03-18,43.80371856689453,43.867851873216644,43.098237518178465,43.48304714222637,55649000
2011-03-21,44.25265884399414,44.31679215356226,43.61131596219712,43.80372078395938,34725000
2011-03-22,43.99612808227539,44.573337751190316,43.867861441653716,44.573337751190316,31467000
2011-03-23,44.06025695800781,44.31679510643157,43.67545218190128,44.31679510643157,31189000
2011-03-24,44.50920104980469,44.95813915093633,44.25266289499018,44.316796210429224,44701000
2011-03-25,45.663604736328125,45.663604736328125,44.893995344783285,45.15053343965062,51518000
2011-03-28,45.535335540771484,45.535335540771484,45.08639757012748,45.27879746052195,28535000
2011-03-29,45.40708541870117,45.663618698951844,45.15054724539182,45.27881388551716,34785000
2011-03-30,45.08639144897461,45.40706278248636,44.89398669164507,45.08639144897461,60127000
2011-03-31,45.27879333496094,45.535331391836095,44.89398869617643,45.535331391836095,41950000
2011-04-01,45.342933654785156,45.40707184873872,44.95812895634985,45.342933654785156,26616000
2011-04-06,46.75388717651367,46.75388717651367,45.85600635322379,45.85600635322379,114050000
2011-04-07,46.689762115478516,46.818028730118776,46.36909068582017,46.818028730118776,45048000
2011-04-08,46.75388717651367,46.81802047252219,46.4332158034142,46.75388717651367,64884000
2011-04-11,45.59946823120117,46.81802042638981,45.47120163931051,46.81802042638981,42409000
2011-04-12,44.958133697509766,45.34293843652551,44.958133697509766,45.21467182120617,45901000
2011-04-13,45.342933654785156,45.40707184873872,44.89399565545351,44.95812895634985,27328000
2011-04-14,44.765724182128906,45.21466213260587,44.63745270123786,45.086395544771506,46816000
2011-04-15,44.380924224853516,44.894000473198886,44.31679091707478,44.894000473198886,51993000
2011-04-18,44.25265884399414,44.7657351066549,44.124392224857885,44.7657351066549,27120000
2011-04-19,43.67546081542969,43.931999014564525,43.611327488910774,43.931999014564525,42649000
2011-04-20,44.765724182128906,44.76572418212891,43.93197668203549,44.25264804467809,48039000
2011-04-21,45.342933654785156,45.727743246277676,45.086400451199765,45.342933654785156,50849000
2011-04-22,45.471221923828125,45.53535524838306,45.086417083439514,45.471221923828125,25299000
2011-04-25,45.08639144897461,45.59946264675967,44.95811997973617,45.53532935866857,22040000
2011-04-26,45.08639144897461,45.08639144897461,44.31677731271267,44.70158193431552,31838000
2011-04-27,46.36909484863281,46.62562810094375,45.85601855789465,45.85601855789465,58612000
2011-04-28,46.818023681640625,47.26696167752937,46.75389038123611,47.074561776315846,83054000
2011-04-29,46.94629669189453,47.39523964213337,46.75389676441318,47.26696813075463,92890000
2011-05-03,47.84418869018555,47.97246023103111,47.202845665134646,47.3952505298735,81495000
2011-05-04,47.33113098144531,47.71593592985942,46.8180544548529,47.71593592985942,46461000
2011-05-05,47.97245407104492,47.97245407104492,47.20283960397214,47.45937775966306,45326000
2011-05-06,48.1007194519043,48.48552422890789,47.71591467490071,48.1007194519043,53441000
2011-05-09,48.42137908935547,48.806183772381324,48.22897430131403,48.485512387683606,59843000
2011-05-10,47.715904235839844,48.48551362147551,47.715904235839844,48.48551362147551,43183000
2011-05-11,48.1007194519043,48.2931242869352,47.844181302882504,48.2931242869352,43103000
2011-05-12,48.54964828491211,48.742053083253126,47.52350077756034,47.58763407932159,58360000
2011-05-13,48.677921295166016,48.806187902677046,48.42138318708652,48.742054598921534,37218000
2011-05-16,48.036590576171875,48.67793356145305,47.90831904328044,48.67793356145305,25843000
2011-05-17,48.48552703857422,48.74206520246204,47.84418407538393,47.84418407538393,41026000
2011-05-18,48.293113708496094,48.613785101266835,48.03657561566808,48.293113708496094,27879000
2011-05-19,48.2289924621582,48.93447368859093,48.03659249472471,48.03659249472471,52635000
2011-05-20,48.42137908935547,48.74205047405319,48.036574406329606,48.74205047405319,32925000
2011-05-23,48.164852142333984,48.42139028803454,47.780047370312225,47.90831399663343,38984000
2011-05-24,47.97245407104492,48.16485401801936,47.58764439097936,48.03658738670307,34727000
2011-05-25,47.780025482177734,48.03656351035766,47.01041629069388,47.58762073777882,59534000
2011-05-26,47.58763885498047,48.10071510667478,47.45937223858578,48.10071510667478,33168000
2011-05-27,47.45936584472656,47.78003723556931,47.33109924561231,47.33109924561231,46500000
2011-05-30,48.164852142333984,48.29312366171334,47.45937591145107,47.45937591145107,33671000
2011-05-31,49.19099807739258,49.31926959219638,48.35725524992879,48.4213885608017,62660000
2011-06-01,49.3834114074707,49.57581626628178,48.934473260989954,48.934473260989954,44950000
2011-06-02,48.99859619140625,49.639939060683666,48.93446288309006,48.93446288309006,61778000
2011-06-03,49.51167297363281,49.51167297363281,48.80619671877373,49.38340634295237,35389000
2011-06-07,49.70405960083008,50.152997536776255,49.126850188144616,49.51165483224942,40816000
2011-06-08,49.70405960083008,50.024730953093496,49.44752154040804,49.44752154040804,58158000
2011-06-09,49.319278717041016,50.024755053283236,49.25514539430243,50.024755053283236,33565000
2011-06-10,48.293113708496094,49.70406587946449,48.16484221555351,49.38339448669375,55263000
2011-06-13,47.9083137512207,48.10071858277506,47.39524235550598,47.78004712555656,68652000
2011-06-14,48.87032699584961,48.99859851161374,47.78004602367355,47.78004602367355,52699000
2011-06-15,49.3834114074707,49.639949588199194,48.8062017240963,49.3834114074707,85237000
2011-06-16,48.42137908935547,48.87031707070947,48.357245791027324,48.74205047405319,62276000
2011-06-17,47.58763885498047,48.16484841487212,47.52350554678312,48.10071510667478,79539000
2011-06-20,48.036590576171875,48.35726206881247,47.52351423072347,47.844185723364056,31713000
2011-06-21,48.677921295166016,48.870321206432564,48.29311657957549,48.35724988333101,40800000
2011-06-22,48.1007194519043,48.93446721296059,47.844181302882504,48.93446721296059,45315000
2011-06-23,47.58763885498047,48.03658179847743,47.33110562219109,47.90831028902497,53121000
2011-06-24,46.75388717651367,47.202825141630186,46.112544430314735,47.202825141630186,68685000
2011-06-27,46.17668914794922,46.24082245982087,45.920151007404556,46.17668914794922,64884000
2011-06-28,46.49734115600586,46.56147444105812,46.04840326758407,46.240803122740836,95586000
2011-06-29,47.76818084716797,48.23649429396781,47.0991587207489,47.433669783958436,93038000
2011-06-30,48.30339050292969,48.30339050292969,47.701274734651996,47.768175919545826,48764000
2011-07-01,48.70481491088867,48.83861730015441,48.169595145357775,48.303397534623514,40514000
2011-07-04,49.17311096191406,49.44072074990016,48.90550117392796,49.44072074990016,39959000
2011-07-05,48.972412109375,49.03931839788596,48.437197530919626,48.972412109375,34203000
2011-07-06,48.70481491088867,49.10622718291986,48.50410622275609,48.97241968942015,42991000
2011-07-07,47.90196990966797,48.37028833046659,47.8350687364774,48.236480879853126,47655000
2011-07-08,48.50408172607422,48.70479031284019,48.169570817618535,48.23647197846339,52356000
2011-07-11,47.70127868652344,48.57100437066318,46.965350279022736,48.57100437066318,47105000
2011-07-12,47.03224182128906,47.36675277277979,46.89843437815354,47.23294532964427,39821000
2011-07-13,48.30339050292969,48.5040991618444,46.89844520322636,47.1660550470349,69016000
2011-07-14,47.29985046386719,47.76816889774885,46.89843830927752,47.166048113748126,54343000
2011-07-15,46.7646484375,46.965352016232885,46.49703856162231,46.83154963041096,88064000
2011-07-18,46.63084411621094,46.96535520773106,46.43014052383938,46.63084411621094,34351000
2011-07-19,45.828006744384766,46.69773738122678,45.828006744384766,46.56392991943345,57401000
2011-07-20,47.90196990966797,47.968871082858534,46.43012368254622,46.630827202117906,55120000
2011-07-21,47.90196990966797,47.90196990966797,47.232947969297655,47.768167563286845,32798000
2011-07-22,48.16958999633789,48.437199850497564,47.96888132965978,48.437199850497564,37196000
2011-07-25,48.16958999633789,48.504101037979126,47.76817776721509,48.437199850497564,32490000
2011-07-26,49.30692672729492,49.30692672729492,48.370299870700975,48.370299870700975,52821000
2011-07-27,49.106239318847656,49.44075047891578,48.83862936994611,49.30694295234739,35569000
2011-07-28,48.838600158691406,49.10620994753067,48.370286856396824,48.70479781638786,33682000
2011-07-29,48.16958999633789,48.437199850497564,47.70127657973353,48.035787621374766,60614000
2011-08-01,48.57099914550781,48.70480661621945,48.16958694183911,48.16958694183911,41072000
2011-08-02,47.76818084716797,48.23649429396781,47.634373359343904,48.169593102172655,33350000
2011-08-03,46.898441314697266,47.16605113631726,46.69773777665687,46.898441314697266,45976000
2011-08-04,46.831546783447266,47.299860209588324,46.563936923838,46.563936923838,43900000
2011-08-05,44.55686950683594,45.49350143967594,44.15545727968547,44.15545727968547,89615000
2011-08-08,43.6202392578125,45.09209095315808,42.81741477252117,44.15545898416246,97375000
2011-08-09,42.349098205566406,43.55333746905745,41.61317492013209,41.81388103869447,115504000
2011-08-10,44.021663665771484,44.824488279835975,43.48644385357222,43.55334505403852,109734000
2011-08-11,44.423057556152344,44.69066735130787,42.817403889451455,43.2188160300686,54267000
2011-08-12,43.55332565307617,45.22588044086122,43.55332565307617,44.95827065396918,61038000
2011-08-15,44.690677642822266,44.7575788309593,44.08855674112204,44.7575788309593,39616000
2011-08-16,44.155452728271484,44.690672378792165,44.155452728271484,44.690672378792165,38915000
2011-08-17,44.021663665771484,44.28926846763671,43.68715255920554,44.1554660667041,35809000
2011-08-18,43.08502197265625,44.02165388375963,42.34909617047026,44.02165388375963,73212000
2011-08-19,42.75050354003906,42.75050354003906,42.14838276540114,42.215283939420374,43186000
2011-08-22,43.48644256591797,43.82095366257887,42.14839817927434,42.549810474420575,46280000
2011-08-23,44.690677642822266,44.89138120723336,43.48643583942181,43.48643583942181,46451000
2011-08-24,45.15898513793945,45.29278749665504,44.42306195653811,45.29278749665504,48112000
2011-08-25,44.824466705322266,45.2258788191504,44.42305459149413,45.092076482618346,30837000
2011-08-26,45.42658996582031,45.69419975806572,44.824469209326196,44.89137038132949,40454000
2011-08-29,46.430137634277344,46.764648704979294,45.56040680875873,45.89491787946068,38554000
2011-08-30,46.16251754760742,47.03224818077718,45.89490772938344,47.03224818077718,33717000
2011-08-31,46.430137634277344,46.430137634277344,45.359703228877876,46.22942895016263,47445000
2011-09-01,45.894920349121094,46.69775002454732,45.894920349121094,46.43014013273857,47910000
2011-09-02,45.15898513793945,46.49702914202655,44.89137531627547,46.49702914202655,42191000
2011-09-05,44.55686950683594,44.89138054683355,44.08855609253263,44.222358466838315,49750000
2011-09-06,44.222354888916016,44.95827809652235,44.222354888916016,44.489964720109135,38972000
2011-09-07,45.894920349121094,45.894920349121094,44.69068349233297,44.82448588612027,40017000
2011-09-08,45.961822509765625,46.56394350290234,45.76111891487622,46.56394350290234,42602000
2011-09-09,46.36323547363281,46.89845011304857,46.09562560180805,46.49703785742831,38210000
2011-09-13,45.761131286621094,46.831566061464585,45.761131286621094,46.563956091694806,34863000
2011-09-14,44.95828628540039,46.56394046078624,44.757582703623356,46.49703926686056,60617000
2011-09-15,46.229427337646484,46.69774588283424,45.82801508765247,46.162526146686425,42178000
2011-09-16,47.56746292114258,48.16958373872317,47.03224838658531,47.099149565375875,76993000
2011-09-19,47.634361267089844,47.96887224538185,47.29985028879783,47.76816872094612,28682000
2011-09-20,47.16605758666992,47.968882057090056,46.63083787023417,47.50056863338389,46860000
2011-09-21,48.16958999633789,48.23649118381945,47.43366672557386,47.50056791305542,52306000
2011-09-22,46.16251754760742,47.1660505377728,46.16251754760742,46.96534189804663,64836000
2011-09-23,45.15898513793945,46.09561696164698,45.09208395858166,45.62729849767681,85391000
2011-09-26,44.95828628540039,45.09209377748566,44.95828628540039,45.09209377748566,26574000
2011-09-27,46.7646484375,46.965352016232885,45.961818809866934,46.0956262999227,56625000
2011-09-28,47.03224182128906,47.43365394223152,46.697730869798335,47.36675277277979,42230000
2011-09-29,47.03224182128906,47.43365394223152,46.36321991830761,46.56392342666281,39894000
2011-09-30,46.831546783447266,47.36676650266578,46.16252468654088,47.03225545421259,60198000
2011-10-03,45.894920349121094,46.83155241833462,45.5604092604187,46.83155241833462,33871000
2011-10-04,46.229427337646484,46.831548264754346,45.627306410538615,46.831548264754346,35690000
2011-10-05,46.229427337646484,46.630839587640494,45.96181746957257,46.09562495572637,30824000
2011-10-06,46.16251754760742,46.7646383625532,45.96180890788125,46.630830901324835,57224000
2011-10-07,46.229427337646484,46.22942733764648,46.22942733764648,46.22942733764648,13073000
2011-10-11,46.831546783447266,47.099156643056524,46.563936923838,46.831546783447266,55155000
2011-10-12,47.099159240722656,47.166060433256405,46.563939491985096,47.166060433256405,41221000
2011-10-13,47.099159240722656,47.09915924072266,46.028724847481335,46.697746981286386,58272000
2011-10-14,47.03224182128906,47.36675277277979,46.76463203925007,47.36675277277979,35631000
2011-10-17,47.56746292114258,47.56746292114258,47.166050744166434,47.36675938477089,38911000
2011-10-18,47.29985046386719,47.29985046386719,46.831537134217996,46.89843830927752,25527000
2011-10-19,47.56746292114258,47.56746292114258,46.96534210356199,47.50056174235201,31141000
2011-10-20,46.63084411621094,47.29986629925117,46.563942918753746,47.1660639043368,25687000
2011-10-21,47.03224182128906,47.299846499096006,46.56392342666281,47.299846499096006,17897000
2011-10-24,47.9688835144043,48.10269099969511,47.634372457527746,47.634372457527746,50063000
2011-10-25,47.8350715637207,48.1695825536768,47.500560573764616,48.03578019938741,40816000
2011-10-26,48.10268783569336,48.169589021821444,47.56746813820202,47.768176800819596,25653000
2011-10-27,48.10268783569336,48.30339139407762,47.768176800819596,48.169589021821444,38771000
2011-10-28,48.905517578125,49.50763852700289,48.2364954358682,49.17312745587449,90679000
2011-10-31,49.240020751953125,49.37382822148426,48.90550973447486,49.173119569304085,46670000
2011-11-01,49.37385559082031,49.5076580302889,48.838635624474186,49.173146827381544,37063000
2011-11-02,49.440731048583984,49.440731048583984,48.43719796277064,48.90551136112358,34533000
2011-11-03,49.17311096191406,49.64142426271562,48.37028670218792,49.64142426271562,36408000
2011-11-04,49.909053802490234,50.109762498969445,49.44074031635098,49.84215260507522,56744000
2011-11-07,50.17665481567383,50.31045718682231,49.70834141242085,50.17665481567383,28458000
2011-11-08,49.842124938964844,50.176635844595474,49.50761403333421,50.176635844595474,21447000
2011-11-09,49.57454299926758,50.10976279016627,49.57454299926758,50.10976279016627,17538000
2011-11-10,48.57099914550781,49.106218819888156,48.504097962268546,48.504097962268546,45120000
2011-11-11,49.106239318847656,49.24004174118081,48.57101942104456,49.17314053001423,27464000
2011-11-14,50.778770446777344,50.845671625437944,49.90903981149122,50.10974845170579,63557000
2011-11-15,50.84568786621094,50.84568786621094,50.17666565744501,50.511176761827976,35895000
2011-11-16,50.44425964355469,50.84567182129732,50.10974864473037,50.84567182129732,38931000
2011-11-17,50.644962310791016,50.84567094833277,50.042846606631116,50.31045131770988,34876000
2011-11-18,49.64142990112305,50.31045189496154,49.3069189042038,50.17664953788694,52324000
2011-11-21,49.03933334350586,49.44074567574332,48.838624625269766,48.972427034604,21320000
2011-11-22,49.50762939453125,50.310453775452096,49.37382703245542,50.310453775452096,42423000
2011-11-23,49.106239318847656,49.84216285015048,48.905530581112686,49.507651690082355,42823000
2011-11-24,48.70481491088867,48.97241968942015,48.57100741738896,48.77171610552154,46889000
2011-11-25,47.90196990966797,49.0393102708369,47.70126639009628,48.838601647032874,36741000
2011-11-28,49.240020751953125,49.77524042161156,47.901976682040086,47.901976682040086,34892000
2011-11-29,49.240020751953125,49.64143295208042,48.77170736917678,49.37382822148426,42495000
2011-11-30,49.909053802490234,49.909053802490234,48.838619331147534,49.50764151376599,51206000
2011-12-01,51.24708557128906,51.247085571289055,50.51116237214414,50.51116237214414,78257000
2011-12-02,50.84568786621094,51.38090767491744,50.44427556179826,51.247100170623625,35285000
2011-12-05,51.046382904052734,51.04638290405273,50.444262056520365,50.845674253464274,28821000
2011-12-06,50.44425964355469,51.04638046228503,50.37735846463638,51.04638046228503,40835000
2011-12-07,51.1132926940918,51.18019388747702,50.44427055177184,51.18019388747702,40811000
2011-12-08,51.046382904052734,51.313987632526654,50.37736087440189,51.313987632526654,31661000
2011-12-09,49.57454299926758,50.84568617447633,49.17313070821066,50.84568617447633,41947000
2011-12-12,50.17665481567383,50.31045718682231,49.574533937039085,50.243556001248066,28286000
2011-12-13,50.31046676635742,50.31046676635742,49.30693347896278,49.30693347896278,29883000
2011-12-14,49.842124938964844,50.243537004875336,49.440712873054345,50.243537004875336,27551000
2011-12-15,48.50408172607422,49.57451561228613,48.50408172607422,49.57451561228613,35609000
2011-12-16,48.63789367675781,49.10621210384905,48.50409132857883,48.70479995507971,20783000
2011-12-19,48.50408172607422,49.17310354298559,48.169570817618535,49.17310354298559,24429000
2011-12-20,48.70481491088867,48.77171610552154,48.169595145357775,48.77171610552154,26756000
2011-12-21,50.84568786621094,50.84568786621094,49.574544648708795,50.10976445741529,52799000
2011-12-22,50.17665481567383,50.51116584777832,49.77524259799509,50.37736347662983,25805000
2011-12-23,50.44425964355469,50.7118694634607,49.90904000374266,50.7118694634607,28697000
2011-12-26,50.17665481567383,50.51116584777832,49.97594615471782,50.44426466220408,11293000
2011-12-27,50.51115417480469,50.511154174804695,49.9759346054318,50.042840879777486,14575000
2011-12-28,50.644962310791016,50.644962310791016,50.1097477844008,50.37735759971225,19957000
2011-12-29,50.711875915527344,50.778777102957484,50.310458582479654,50.44426606157336,24738000
2011-12-30,50.711875915527344,50.778777102957484,50.109755020189226,50.64496962386378,32240000
2012-01-02,46.69772720336914,50.44424854506419,46.69772720336914,50.176638784036335,26261000
2012-01-03,47.16605758666992,50.77877791202751,47.16605758666992,50.511168053809634,56936000
2012-01-04,47.16605758666992,50.9125802890197,47.16605758666992,50.9125802890197,56684000
2012-01-05,50.84568786621094,50.84568786621094,50.37737436176854,50.84568786621094,56718000
2012-01-06,50.578067779541016,50.77877644345812,50.10975436937892,50.77877644345812,29866000
2012-01-09,50.578067779541016,50.578067779541016,49.909045705461814,50.310457929062665,27627000
2012-01-10,51.1801872253418,51.1801872253418,50.71187382837182,50.84567619772518,56436000
2012-01-11,51.1801872253418,51.51469825295841,50.912577382401864,51.38089588360505,41075000
2012-01-12,51.514705657958984,51.581606852252406,51.180194582257954,51.31399697084479,55391000
2012-01-13,51.84919738769531,52.18370833858367,51.514686436806954,51.64848877546948,57301000
2012-01-16,50.377357482910156,51.44779163744141,49.909039031142775,50.91257200805945,37659000
2012-01-17,50.578067779541016,50.77877644345812,50.10975436937892,50.77877644345812,43605000
2012-01-18,51.31399154663086,51.31399154663086,50.57806827872713,50.77877694462515,56756000
2012-01-30,52.65202331542969,53.187242895695604,51.64849043060524,52.18371001087116,134364000
2012-01-31,52.51823043823242,52.51823043823242,51.046383983567566,52.25062059986614,84114000
2012-02-01,51.514705657958984,51.98301912224686,51.31399697084479,51.84921673366002,46150000
2012-02-02,51.38090133666992,51.84921478334209,50.912582785763995,51.84921478334209,53946000
2012-02-03,50.97947311401367,51.11328057328741,50.57806094465779,51.04637939576687,47741000
2012-02-06,51.782310485839844,51.84921167360426,51.24709077525765,51.71540929807543,47544000
2012-02-07,51.782310485839844,51.84921167360426,51.380898255019915,51.84921167360426,29943000
2012-02-08,51.84919738769531,51.84919738769531,51.447785267475695,51.84919738769531,34702000
2012-02-09,52.183712005615234,52.183712005615234,51.18017908243033,51.514690056825295,54953000
2012-02-10,51.44780349731445,52.18372682918699,51.313996007007,52.18372682918699,42117000
2012-02-13,51.24708557128906,51.58159658037611,50.979475743172834,51.11328320934741,36380000
2012-02-14,51.715415954589844,51.7823171509654,50.979487481756436,51.58160845760463,41995000
2012-02-15,52.51823043823242,52.51823043823242,51.91610957796657,51.91610957796657,70978000
2012-02-16,52.51823043823242,52.7858402765987,52.18371941633285,52.51823043823242,57944000
2012-02-17,53.52176284790039,54.25768606621241,53.120350647387745,53.18725183010101,63929000
2012-02-20,53.52176284790039,54.056982518072616,53.32105419552754,53.92317504841303,31043000
2012-02-21,53.52176284790039,53.52176284790039,53.053449464674486,53.52176284790039,27443000
2012-02-22,53.32106018066406,53.52176885556589,52.85274674487132,53.45486766534316,41090000
2012-02-23,52.25062561035156,53.120356392385055,51.98301574632329,52.85274652835678,59936000
2012-02-24,52.91964340209961,52.91964340209961,51.648500479816846,51.84920913752635,39386000
2012-02-29,54.257686614990234,54.257686614990234,53.12035118466223,53.65556575601472,77948000
2012-03-01,53.58866500854492,54.190785872418424,53.58866500854492,54.190785872418424,21169000
2012-03-02,53.52176284790039,53.58866403061365,52.98654317772816,53.52176284790039,23782000
2012-03-05,52.78585433959961,53.254167853332014,52.51824442993774,52.652046832651436,22782000
2012-03-06,53.187259674072266,53.25416086665201,52.38443515464772,53.25416086665201,27703000
2012-03-07,52.91964340209961,53.05345087531702,52.652033559898,52.852742217607506,30305000
2012-03-08,53.32106018066406,53.655571236011355,52.98654912531678,53.38796647512043,36169000
2012-03-09,53.52176284790039,53.52176284790039,52.71893844687511,53.18725183010101,22702000
2012-03-12,53.52176284790039,53.85627386569976,53.25415301281427,53.655565213326916,28913000
2012-03-13,54.3914909362793,54.3914909362793,53.58866146939147,53.923172471203195,47221000
2012-03-14,55.66261291503906,55.66261291503906,54.85978877947106,55.12739852607085,60618000
2012-03-15,55.66261291503906,55.66261291503906,55.19429968666295,55.66261291503906,30072000
2012-03-16,54.257686614990234,56.06404919191678,54.257686614990234,55.662631883111025,29079000
2012-03-19,55.99713897705078,56.33164997477327,55.127413445511976,55.99713897705078,37321000
2012-03-20,55.66261291503906,56.26473356883075,55.39500827267064,56.19783240823865,29232000
2012-03-21,56.799964904785156,57.00066842840803,56.06404177636978,56.733063730244204,61534000
2012-03-22,57.000667572021484,57.335178543932955,56.39855190596673,56.86686522494984,37740000
2012-03-23,57.134490966796875,57.13449096679688,56.46546883628224,56.86688109374427,29341000
2012-03-26,55.93024826049805,56.933781441383424,55.19432494869552,56.933781441383424,58830000
2012-03-27,57.402103424072266,57.402103424072266,56.39857018312159,56.86688365387163,34236000
2012-03-28,57.201385498046875,57.87040755065561,56.59926462985238,57.87040755065561,28246000
2012-03-29,56.26477813720703,56.53238809578565,55.796464537871024,56.53238809578565,49391000
2012-03-30,56.799964904785156,56.799964904785156,55.46192099703631,55.99713549759639,43730000
2012-04-02,56.93379211425781,57.00069331801147,56.197868664498216,56.73308850299683,23624000
2012-04-03,56.86688232421875,56.86688232421875,56.06405779192334,56.86688232421875,31241000
2012-04-05,55.59574508666992,56.19786610146104,55.59574508666992,55.7295525923093,42645000
2012-04-06,56.06406021118164,56.197862604260045,55.59574162693901,56.197862604260045,34072000
2012-04-09,55.528831481933594,55.930243700715366,54.8598094158862,54.8598094158862,23209000
2012-04-10,54.85981750488281,55.86335075192335,54.726015113637686,55.59574086519906,33332000
2012-04-11,55.12739944458008,55.863322431817615,54.65908110416968,54.859789693521485,40711000
2012-04-12,55.26123046875,55.32813166520293,54.525307099299525,55.19432927229707,36673000
2012-04-13,56.799964904785156,56.866866079326115,55.32811354372196,55.79643197397352,44685000
2012-04-16,56.799964904785156,56.866866079326115,56.06404177636978,56.59925627692986,19461000
2012-04-17,56.06406021118164,56.79998358158109,55.796450320790726,56.79998358158109,29423000
2012-04-18,56.86688232421875,56.86688232421875,56.46547005807104,56.86688232421875,32325000
2012-04-19,57.402103424072266,57.402103424072266,56.39857018312159,56.532372573554746,31398000
2012-04-20,56.398563385009766,57.33519021361169,56.26475590647134,56.866876799310724,27633000
2012-04-23,56.398563385009766,56.59926694646729,55.79644249217038,56.33165709362385,20301000
2012-04-24,56.59927749633789,56.59927749633789,55.930255291643036,56.06406279512262,24868000
2012-04-25,56.331661224365234,56.7999797772409,56.130957648190325,56.7999797772409,31076000
2012-04-26,56.19785690307617,56.33165928258053,55.86334585008167,56.33165928258053,21008000
2012-04-27,57.5359001159668,60.07818611627268,57.5359001159668,58.2049222103385,116673000
2012-04-30,58.071128845214844,58.47254114328633,57.33520034381043,57.73661774611622,47549000
2012-05-02,59.141544342041016,59.47605533367673,58.07111018965326,58.20491254461448,47424000
2012-05-03,59.47605514526367,59.54295632253234,58.807033164111616,59.141544154687644,27641000
2012-05-04,58.6063117980957,58.87392155327508,58.004191125,58.004191125,37633000
2012-05-07,57.26827621459961,57.870396972734625,56.86686407725368,57.870396972734625,46464000
2012-05-08,56.465484619140625,57.53591930631811,56.465484619140625,57.53591930631811,45605000
2012-05-09,56.59927749633789,57.00068979830793,55.863354092020415,56.13096399474523,40753000
2012-05-10,57.06758499145508,57.33518973784453,56.39856291701473,56.86687632742963,28381000
2012-05-11,57.201385498046875,57.335187866875344,56.532363445438136,57.335187866875344,33565000
2012-05-14,57.134490966796875,57.201392159001585,56.733078709334855,56.733078709334855,13924000
2012-05-15,57.201385498046875,57.335187866875344,56.26475360354801,57.13448431363264,30654000
2012-05-16,55.79644775390625,56.53237109044995,55.79644775390626,56.33166240583172,64877000
2012-05-17,56.93379211425781,56.93379211425781,56.26476986825188,56.73308850299683,33612000
2012-05-18,54.726009368896484,56.13095474642542,54.726009368896484,56.13095474642542,57538000
2012-05-21,55.1943359375,55.39504465533026,54.190802556818184,54.190802556818184,32372000
2012-05-22,54.99361038208008,55.461928878885686,54.99361038208008,55.32812140655559,33935000
2012-05-23,52.91964340209961,54.32458869336659,52.852742217607506,54.19078632438238,62853000
2012-05-24,53.92316818237305,53.92316818237305,52.250613306342665,52.78583290836535,40831000
2012-05-25,53.52176284790039,53.85627386569976,52.98654317772816,53.38796048247386,28205000
2012-05-28,54.592193603515625,54.65909478196364,53.38795707875315,53.52175943564919,28830000
2012-05-29,55.060516357421875,55.662632114669094,54.85980770218404,55.19431872475833,40599000
2012-05-30,54.65911865234375,54.859827379572764,53.722491536568285,54.59221744467907,75216000
2012-05-31,56.93379211425781,56.93379211425781,53.32107096497885,53.856290803477464,81199000
2012-06-01,53.454872131347656,54.65910896866831,53.454872131347656,54.65910896866831,66832000
2012-06-04,51.1801872253418,51.58159943763509,50.912577382401864,51.1801872253418,65908000
2012-06-05,52.3175163269043,52.3175163269043,51.648494352881315,51.84920298678124,37461000
2012-06-06,52.049903869628906,52.585118306605864,51.84919526561766,52.31750853600147,33650000
2012-06-07,53.38797378540039,53.38797378540039,52.58514408009729,53.120363883632685,47636000
2012-06-08,52.116817474365234,52.65203203907591,51.5146966228618,51.5146966228618,34628000
2012-06-11,53.78937530517578,53.856276491150425,53.25415560891202,53.45486427106926,36966000
2012-06-12,53.12036895751953,53.38797888484847,52.51824789708812,52.51824789708812,38319000
2012-06-13,53.52176284790039,54.056982518072616,53.18725183010101,54.056982518072616,32241000
2012-06-14,52.98653030395508,53.655552177006186,52.91962913749633,53.52174984408869,30382000
2012-06-15,52.25062561035156,53.18725758233372,52.25062561035156,52.986548908254115,83325000
2012-06-18,54.0569953918457,54.19079778913752,53.5217755942099,53.5217755942099,33626000
2012-06-19,53.85626983642578,54.123879651490576,53.52175884365295,54.123879651490576,28864000
2012-06-20,54.592193603515625,54.592193603515625,53.856270432121995,54.39149006817158,28945000
2012-06-21,53.92316818237305,54.190777983384386,53.72246465978885,53.856267008178314,27004000
2012-06-22,53.58866500854492,54.190785872418424,53.45486264067666,53.52176382461079,30162000
2012-06-25,53.254154205322266,54.05698372855818,52.91964318003226,54.05698372855818,39476000
2012-06-26,52.65202331542969,52.919633105562646,52.38441862952893,52.85273193408746,36877000
2012-06-27,53.05345916748047,53.18726155737776,52.31753071034339,52.38443700952603,31889000
2012-06-28,53.454872131347656,53.72248201883027,53.18726224386504,53.52177332715979,33067000
2012-06-29,54.3914909362793,54.3914909362793,53.053446929032404,53.25415046757975,47813000
2012-07-02,55.729522705078125,55.997127364374094,54.5252813213195,54.5252813213195,61179000
2012-07-03,56.331661224365234,56.7999797772409,55.79644658366504,55.930248967781644,59905000
2012-07-04,56.331298828125,56.95566159666512,56.331298828125,56.95566159666512,38922000
2012-07-05,56.192562103271484,56.886297437879776,55.984439385776774,56.886297437879776,26863000
2012-07-06,56.123172760009766,56.19254521406393,55.56818254201853,56.19254521406393,38090000
2012-07-09,55.49882125854492,55.70694395537648,55.22132609369619,55.42944879052775,45026000
2012-07-10,54.87445068359375,55.429440934633654,54.52758309988863,55.082573350928534,33429000
2012-07-11,54.180721282958984,54.31947150687662,53.69510873119691,54.180721282958984,58592000
2012-07-12,52.515750885009766,53.76447632317593,52.515750885009766,53.76447632317593,68200000
2012-07-13,52.58513259887695,52.72387752789107,51.68327468194585,51.96076983275386,51423000
2012-07-16,52.376991271972656,52.931981376071604,52.376991271972656,52.931981376071604,35444000
2012-07-17,51.89140319824219,52.16889308744639,51.68328048855866,51.68328048855866,51636000
2012-07-18,51.89140319824219,52.23827085252781,51.89140319824219,52.03014814284429,37193000
2012-07-19,53.764461517333984,54.111329010994204,53.27884914332084,53.27884914332084,61961000
2012-07-20,53.20948791503906,53.417610592902456,52.86262031378645,53.00137052995523,48352000
2012-07-23,51.54452133178711,52.09950624995207,51.197653773141916,52.09950624995207,57404000
2012-07-24,51.89140319824219,51.89140319824219,51.475157778875136,51.544535543956556,39904000
2012-07-25,51.752655029296875,52.16889517251973,51.61391007914944,52.030150222372306,52097000
2012-07-26,52.931983947753906,53.20947372050723,52.16887119434781,52.51573870306762,46806000
2012-07-27,55.013206481933594,55.08257894716681,53.556358248136895,54.04197609032907,72384000
2012-07-30,54.80508804321289,55.77631851012968,54.66634310198774,55.49882333489913,37840000
2012-07-31,56.192562103271484,56.192562103271484,54.45822376675076,54.45822376675076,67536000
2012-08-01,55.49882125854492,55.84568889141083,55.08258115766184,55.56819372656209,35881000
2012-08-02,55.49882125854492,55.49882125854492,55.49882125854492,55.49882125854492,0
2012-08-03,55.360084533691406,55.568201968611554,54.94383907828946,55.15196180599043,46567000
2012-08-06,56.123172760009766,56.539412777113704,55.98442255912247,56.123172760009766,58403000
2012-08-07,56.47005081176758,56.470050811767585,55.98443295763219,56.40067834482823,40024000
2012-08-08,55.84567642211914,56.8169066358422,55.56818131922986,56.8169066358422,39881000
2012-08-09,57.09440994262695,57.09440994262695,56.40067473211037,56.40067473211037,54211000
2012-08-10,56.88629150390625,57.16378666735936,56.331301177000036,57.09441419969109,29859000
2012-08-13,57.37188720703125,58.135000005420366,57.233142312476026,58.135000005420366,30234000
2012-08-14,57.718746185302734,58.13499139285959,57.44125643730173,57.58000131130223,33268000
2012-08-15,57.58002471923828,58.065637268433186,57.23315710044769,58.065637268433186,27260000
2012-08-16,57.51064682006836,57.85751440608472,57.23315169269941,57.58001927871577,27999000
2012-08-17,56.88629150390625,57.71877170148556,56.88629150390625,57.58002676614901,27049000
2012-08-20,57.16376876831055,57.37188610614992,56.8169012457999,57.37188610614992,20997000
2012-08-21,57.99626922607422,58.20439193033211,57.37190640608076,57.37190640608076,36814000
2012-08-22,57.16376876831055,57.857503813331846,56.8169012457999,57.64938118271411,33548000
2012-08-23,57.37188720703125,57.44126494708732,57.02501967786473,57.16376986519841,22336000
2012-08-24,56.88629150390625,57.09441419969109,56.67816880812142,57.09441419969109,25460000
2012-08-27,57.58002471923828,57.92689233802888,57.16378463524554,57.51065225403613,25691000
2012-08-28,57.16376876831055,57.857503813331846,56.886273691746354,57.09439632236409,31760000
2012-08-29,57.37188720703125,57.58000984164254,56.95564723058712,57.302514759753635,18411000
2012-08-30,57.37188720703125,57.71875473619777,57.0943974179208,57.0943974179208,45455000
2012-08-31,57.78813552856445,57.78813552856445,57.16377288453082,57.16377288453082,13487000
2012-09-03,58.20438003540039,58.20438003540039,57.44127243037423,57.9268849173602,20728000
2012-09-04,58.27376937866211,58.27376937866211,57.92690170378912,58.27376937866211,21632000
2012-09-05,56.88629150390625,57.78814946193385,56.81691903623798,57.58002676614901,43274000
2012-09-06,56.261924743652344,57.44127778200513,56.192552280873855,57.44127778200513,25755000
2012-09-07,58.13501739501953,58.20438986304814,57.44128212917338,57.580027065230595,44441000
2012-09-10,57.9268798828125,57.99625233309845,57.71875723917594,57.788134982240585,16875000
2012-09-11,58.55126953125,58.75938697811459,58.273774309316074,58.41251927389247,31566000
2012-09-12,58.62062454223633,58.89811968146555,58.62062454223633,58.62062454223633,37428000
2012-09-13,58.967498779296875,58.967498779296875,58.620631139418656,58.620631139418656,29565000
2012-09-14,60.00809097290039,60.00809097290039,59.31435581714432,59.383728274164085,51715000
2012-09-17,60.00809097290039,60.354958550778434,59.52247848098283,60.28558609375867,24786000
2012-09-18,59.45310592651367,60.00809621672823,59.244988537267965,60.00809621672823,35483000
2012-09-19,59.661231994628906,59.938727155485495,59.03686920589656,59.59185952760974,41915000
2012-09-20,59.175621032714844,59.66123360775898,59.03687080214501,59.66123360775898,24807000
2012-09-21,59.45310592651367,60.00809621672823,59.17561607418606,59.66122860853905,50990000
2012-09-24,59.7306022644043,59.93872495058575,59.03686703417247,59.453107113755614,30299000
2012-09-25,59.59185791015625,59.799975305564956,59.45310768710396,59.52248544502002,35885000
2012-09-26,59.93873977661133,59.93873977661133,58.967509155494035,59.245004374781985,36796000
2012-09-27,60.77119445800781,60.90994465540243,59.79996424736084,60.21620954676586,53924000
2012-09-28,62.29741668701172,62.29741668701172,61.39555890240714,61.46493135673541,58535000
2012-10-01,61.67304229736328,61.881159620815076,61.256802357681714,61.881159620815076,38119000
2012-10-02,62.15867614746094,62.29742637046369,61.67306359890086,61.88118099423526,23575000
2012-10-03,62.29741668701172,62.36678914134,61.95054912259134,62.15866648557617,26330000
2012-10-04,62.8524055480957,62.852405548095696,62.08929791716683,62.366793044626235,36462000
2012-10-05,63.129905700683594,63.338028386039504,62.71366562275152,63.129905700683594,35197000
2012-10-08,61.81180953979492,63.12990756958397,61.742437073549155,63.12990756958397,38011000
2012-10-09,60.42433166503906,61.39556195221757,60.42433166503907,60.493704122813405,60022000
2012-10-11,59.31435775756836,59.45310267614683,58.828745249764346,59.03686262763205,74170000
2012-10-12,59.869361877441406,59.869361877441406,59.17562653838777,59.383743964435496,23657000
2012-10-15,59.93873977661133,59.93873977661133,59.245004374781985,59.73061703895009,19093000
2012-10-16,60.70182800292969,60.70182800292969,60.14683774407687,60.14683774407687,29187000
2012-10-17,60.63246536254883,61.0487054777044,60.00810254342535,60.90996053691262,34739000
2012-10-18,61.11807632446289,61.18744879301586,60.35496858482003,60.35496858482003,20400000
2012-10-19,60.1468505859375,60.56309601533871,59.79998292329015,59.79998292329015,27597000
2012-10-22,59.661231994628906,59.86935468846634,59.38373683377231,59.86935468846634,20015000
2012-10-23,59.45310592651367,59.86935129056442,59.38373346343177,59.59185614545714,16134000
2012-10-24,59.244991302490234,59.938726551248244,59.036868610750865,59.036868610750865,28246000
2012-10-25,58.82875061035156,59.3837356280161,58.62062792073995,59.24499069679493,36358000
2012-10-26,60.56307601928711,61.25681111553196,59.86934092304225,60.00808582517973,65197000
2012-10-29,61.11807632446289,61.811811595552776,60.771208688917945,61.25682655434892,36010000
2012-10-30,61.04872131347656,61.74245678294789,60.840598555522526,61.60371180616626,30286000
2012-10-31,61.53431701660156,61.603694778597614,60.9793319700941,61.048704439310015,25911000
2012-11-01,61.881168365478516,61.881168365478516,60.840565722834064,61.46492836697649,35973000
2012-11-02,62.366790771484375,62.50553568376745,62.0892956541391,62.43616322762591,38858000
2012-11-05,62.64427947998047,62.64427947998047,61.603676865979324,62.366784391024446,31435000
2012-11-06,62.713653564453125,62.85239846615999,62.22803582292163,62.85239846615999,26333000
2012-11-07,63.129905700683594,63.129905700683594,62.43617047320355,62.78303808694357,22025000
2012-11-08,62.78302764892578,63.06052275233869,62.36678764019586,62.99115029968018,39566000
2012-11-09,62.99114990234375,63.060522354564675,62.08929214513528,62.644282348460315,36639000
2012-11-12,63.33802032470703,63.68488789429956,62.85240255161005,63.129897665839884,29882000
2012-11-13,62.64427947998047,63.12989191606957,61.950544403979706,63.12989191606957,37000000
2012-11-14,62.78302764892578,63.06052275233869,62.089292536782956,62.43616009285437,30190000
2012-11-15,62.57493209838867,62.852427321980386,61.74245172039469,62.36681465028076,25043000
2012-11-16,62.57493209838867,62.64430987387247,61.88119668579997,61.88119668579997,32472000
2012-11-19,62.43617630004883,62.78304394616021,62.2280535952699,62.2280535952699,23037000
2012-11-20,62.713653564453125,62.713653564453125,62.2974135665538,62.436158468260665,21424000
2012-11-21,62.78302764892578,63.06052275233869,61.88116988602856,62.64428274360877,30032000
2012-11-22,63.33802032470703,63.33802032470703,62.64428518552198,62.64428518552198,20745000
2012-11-23,66.2517318725586,66.2517318725586,63.47679022344619,63.54616270611777,63873000
2012-11-26,66.11296081542969,66.32107818130994,65.83546570147695,66.25170572601652,34282000
2012-11-27,66.80671691894531,66.80671691894531,65.41924620655003,65.62736363774088,48731000
2012-11-28,66.5291976928711,66.66794259689473,66.11295768802134,66.45982524085927,54692000
2012-11-29,66.94544982910156,67.5004401313252,66.25171459771191,66.59858221340674,48637000
2012-11-30,68.4716567993164,68.54103454814603,66.5292015660072,66.59857402205769,74919000
2012-12-03,67.91669464111328,68.40230728914689,67.15358678301152,68.19418985118145,41656000
2012-12-04,67.01483154296875,67.43107168069541,66.11297879335774,67.22295425822233,41419000
2012-12-05,67.22295379638672,67.3616987437489,65.62736043781932,65.62736043781932,60447000
2012-12-06,67.01483154296875,67.22295425822233,66.66796387939978,67.01483154296875,33074000
2012-12-07,68.055419921875,68.33291505170683,67.36168474368507,67.36168474368507,37005000
2012-12-10,66.94544982910156,67.98605267618605,66.94544982910156,67.91668021160304,28995000
2012-12-11,68.19416809082031,68.19416809082031,67.08418760473596,67.5004329334072,40565000
2012-12-12,68.26353454589844,68.33290699698429,67.43104925453189,68.19416209481258,32453000
2012-12-13,68.81853485107422,68.95728507708127,67.91668219953813,68.1941773587723,39860000
2012-12-14,68.26353454589844,68.40227944807016,67.63917190056821,68.12478435094798,32975000
2012-12-17,67.29231262207031,67.77792513212813,66.73732235962188,66.8760725716237,46575000
2012-12-18,67.08421325683594,67.08421325683594,65.9048651553785,65.9048651553785,35265000
2012-12-19,67.50042724609375,67.50042724609375,66.73731440301276,67.08418195249365,27857000
2012-12-20,66.59854888916016,67.22291134355146,65.97418643476885,66.66792131903094,35458000
2012-12-21,65.76611328125,66.94546125885329,65.62736303561506,65.9742307105314,34230000
2012-12-24,66.04359436035156,66.876079844559,65.97422189319593,66.59858468315652,16019000
2012-12-25,66.94544982910156,67.5004401313252,66.32108706229492,66.59858221340674,15925000
2012-12-26,66.59854888916016,67.50040635581172,66.59854888916016,66.9454163312912,11988000
2012-12-27,66.32109832763672,67.08420615323134,66.25172585127007,66.73733847861736,24172000
2012-12-28,67.29231262207031,67.29231262207031,66.52920498078828,67.15356770284791,25594000
2013-01-02,69.09603118896484,69.30415388513565,67.36169303014152,67.70856066190619,40527000
2013-01-03,70.0672607421875,70.76099599706065,69.37352548731435,69.72039311475093,44107000
2013-01-04,70.41412353515625,70.41412353515625,69.37352072429186,69.72038832791333,39278000
2013-01-07,69.72036743164062,70.06723493130053,68.74913737403729,70.06723493130053,40288000
2013-01-08,69.16539001464844,69.37351266976933,68.61040508895766,69.09601756053446,31090000
2013-01-09,69.37349700927734,69.72036449432373,68.818506916092,69.72036449432373,26137000
2013-01-10,70.0672607421875,70.0672607421875,69.02665785987779,69.30415302038304,35738000
2013-01-11,70.0672607421875,70.41412836962408,69.72039311475093,70.41412836962408,22418000
2013-01-14,70.76095581054688,70.76095581054688,69.37348608877144,70.06722094965916,23448000
2013-01-15,69.72036743164062,70.76096993062033,69.23475504922796,70.76096993062033,35617000
2013-01-16,68.81853485107422,69.72039279539025,68.81853485107422,69.72039279539025,34626000
2013-01-17,68.88792419433594,70.06727220341979,68.33293378254305,69.72040451924444,33698000
2013-01-18,70.41412353515625,70.41412353515625,69.72038832791333,70.41412353515625,49737000
2013-01-21,69.72036743164062,70.06723493130053,69.37349993198072,70.06723493130053,17257000
2013-01-22,70.0672607421875,70.0672607421875,69.30415302038304,70.0672607421875,21797000
2013-01-23,70.0672607421875,70.41412836962408,69.37352548731435,70.41412836962408,23184000
2013-01-24,69.30415344238281,69.72039353928524,68.81853558534667,69.37352590973656,39614000
2013-01-25,68.6797866821289,69.3041494377951,67.9860514631175,69.3041494377951,47836000
2013-01-28,68.88792419433594,69.02666915089375,68.40230626082196,68.47167873910087,29117000
2013-01-29,70.0672607421875,70.41412836962408,69.16540279374043,69.37352548731435,35346000
2013-01-30,70.41412353515625,70.76099113877771,69.72038832791333,70.76099113877771,27884000
2013-01-31,70.41412353515625,70.41412353515625,69.37352072429186,69.72038832791333,39667000
2013-02-01,70.41412353515625,70.41412353515625,69.72038832791333,70.41412353515625,22085000
2013-02-04,71.45472717285156,71.45472717285156,70.76099195758115,70.76099195758115,33911000
2013-02-05,71.45472717285156,71.45472717285156,70.41412434994595,71.45472717285156,17175000
2013-02-06,72.84220886230469,72.84220886230469,71.4547382173084,71.80160587855748,30600000
2013-02-18,74.22965240478516,75.27025500859055,73.88278487018336,74.22965240478516,63701000
2013-02-19,74.22965240478516,75.27025500859055,73.88278487018336,75.27025500859055,21802000
2013-02-20,75.61714172363281,75.96400934621828,74.92340647846187,75.27027410104733,40532000
2013-02-21,74.22965240478516,75.27025500859055,74.22965240478516,75.27025500859055,30260000
2013-02-22,73.1890640258789,73.88279922991568,72.84219642386053,73.5359316278973,39344000
2013-02-25,72.84220886230469,74.22967950730096,72.84220886230469,73.8828118460519,35913000
2013-02-26,71.8016128540039,72.84221593884455,71.10787746411016,71.8016128540039,38440000
2013-02-27,72.49533081054688,72.49533081054688,70.06725752981085,70.76099275287828,80851000
2013-03-01,72.84220886230469,72.84220886230469,71.10787055605934,71.4547382173084,31408000
2013-03-04,70.76095581054688,72.49529296276616,70.41408838010301,72.49529296276616,50033000
2013-03-05,72.14845275878906,72.14845275878906,71.10785007476807,71.80158519744873,53913000
2013-03-06,72.14845275878906,72.4953203201294,71.4547176361084,72.14845275878906,35977000
2013-03-07,71.45472717285156,72.14846238812197,71.45472717285156,71.80159478048677,20518000
2013-03-08,71.8016128540039,72.49534824389767,70.76100976916328,71.45474515905703,44571000
2013-03-11,70.76095581054688,72.14842553232229,70.76095581054688,70.76095581054688,35709000
2013-03-12,71.10784149169922,71.45470901117092,70.41410645275582,70.76097397222752,29992000
2013-03-13,72.49533081054688,72.84219842208059,70.76099275287828,71.107860364412,57399000
2013-03-14,72.14845275878906,72.4953203201294,71.4547176361084,72.14845275878906,32329000
2013-03-15,71.45472717285156,72.84219760339236,71.45472717285156,72.84219760339236,34424000
2013-03-18,69.72036743164062,70.76096993062033,69.72036743164062,70.76096993062033,43902000
2013-03-19,69.37349700927734,70.4140994644165,69.09600196268467,70.06723197937012,47215000
2013-03-20,68.54105377197266,69.02666639330577,68.54105377197266,69.02666639330577,61605000
2013-03-21,68.4716567993164,69.72038217934164,68.4716567993164,68.54103454814603,56415000
2013-03-22,67.98605346679688,68.74916117164373,67.98605346679688,68.40229355191518,44822000
2013-03-25,69.02665710449219,69.72039235177351,68.81853441319583,69.3041522619607,24203000
2013-03-26,68.6797866821289,68.95728182828941,68.5410417554385,68.81853160881931,27183000
2013-03-27,69.72036743164062,69.72036743164062,68.54102004990816,68.67976493266092,25674000
2013-03-28,69.37349700927734,69.72036449432373,68.88788464732352,69.37349700927734,27872000
2013-03-29,69.72036743164062,70.06723493130053,69.23475504922796,69.37349993198072,18943000
2013-04-01,70.0672607421875,70.76099599706065,69.72039311475093,70.0672607421875,15964000
2013-04-02,69.72036743164062,70.06723493130053,69.23475504922796,69.72036743164062,22291000
2013-04-03,69.72036743164062,70.41410243096043,69.37349993198072,70.41410243096043,26312000
2013-04-08,68.33293914794922,69.02667457077104,68.33293914794922,68.67980685936013,53948000
2013-04-09,67.6391830444336,68.33291825514573,67.6391830444336,67.98605064978966,40543000
2013-04-10,68.19416809082031,68.54103566952686,67.77792276214907,68.54103566952686,34877000
2013-04-11,70.41412353515625,70.41412353515625,68.5410405927122,68.67978551704896,54072000
2013-04-12,69.72036743164062,70.41410243096043,69.37349993198072,70.41410243096043,18954000
2013-04-15,68.95730590820312,70.0672815876693,68.7491831527113,69.72041385703727,23233000
2013-04-16,69.72036743164062,70.06723493130053,68.12477481609386,68.12477481609386,33395000
2013-04-17,69.37349700927734,70.4140994644165,69.1653744011384,70.4140994644165,35304000
2013-04-18,69.30415344238281,70.06726116883392,68.95728581283413,69.37352590973656,32242000
2013-04-19,73.8828125,73.8828125,73.1890771713615,73.1890771713615,66723000
2013-04-22,75.2702865600586,75.96402192005914,74.57655120005805,75.2702865600586,72170000
2013-04-23,73.53591918945312,74.57652181949256,73.18905164610665,73.8827867327996,45835000
2013-04-24,73.53591918945312,74.22965427614608,72.4953165594137,73.8827867327996,35383000
2013-04-25,74.22965240478516,74.22965240478516,73.18904980097976,73.53591733558156,26145000
2013-04-26,75.2702865600586,75.61715424005887,74.22968352005779,74.22968352005779,36420000
2013-04-29,74.92340087890625,75.27026847556785,74.57653328224464,75.27026847556785,21008000
2013-04-30,75.96399688720703,75.96399688720703,75.270261755817,75.270261755817,34314000
2013-05-02,76.65774536132812,77.0046129873975,75.61714248312006,76.31087773525877,37313000
2013-05-03,76.3108901977539,78.04522861133923,76.3108901977539,77.35149324590509,36502000
2013-05-06,77.35148620605469,77.35148620605469,76.65775090375824,77.35148620605469,19268000
2013-05-07,78.04520416259766,78.39207173665363,77.00460144042968,77.69833658854166,19273000
2013-05-08,79.43268585205078,79.77955347585886,78.04521535681845,78.04521535681845,40914000
2013-05-09,79.77953338623047,80.47326845915421,79.4326658497686,80.47326845915421,27151000
2013-05-10,79.43268585205078,79.77955347585886,78.73895060443462,79.77955347585886,27413000
2013-05-13,79.43268585205078,80.12642109966694,79.0858182282427,79.77955347585886,18197000
2013-05-14,80.12641906738281,80.82015429740345,79.7795514523725,80.12641906738281,27714000
2013-05-15,79.77953338623047,80.47326845915421,78.73893077684485,79.77953338623047,25970000
2013-05-16,78.73896026611328,80.47329859796601,78.39209259974274,79.77956326522492,44164000
2013-05-17,78.73896026611328,78.73896026611328,77.35148960063111,77.69835726700165,19214000
2013-05-20,79.08583068847656,79.08583068847656,78.04522765310186,78.04522765310186,14472000
2013-05-21,78.04520416259766,78.73893931070963,77.69833658854166,78.39207173665363,17184000
2013-05-22,77.69834899902344,78.73895188740322,77.00461374010358,78.04521662848336,31200000
2013-05-23,74.92340087890625,77.35147405553747,74.92340087890625,76.65773886221426,46370000
2013-05-24,75.96399688720703,76.65773201859704,75.270261755817,75.96399688720703,26614000
2013-05-27,77.69834899902344,77.69834899902344,75.9640108517238,75.9640108517238,19085000
2013-05-28,75.96399688720703,78.04520228137709,75.96399688720703,77.69833471568208,21209000
2013-05-29,77.0046157836914,77.69835106102195,76.65774814502613,76.65774814502613,16736000
2013-05-30,76.3108901977539,77.35149324590509,75.96402251503685,77.00462556318803,36088000
2013-05-31,75.96399688720703,77.35146714998706,75.61712932151202,77.35146714998706,37162000
2013-06-03,74.57654571533203,75.27028102431186,73.88281040635219,74.92341336982194,35739000
2013-06-04,75.61714172363281,76.31087696880375,74.5765388558764,75.61714172363281,27446000
2013-06-05,75.96399688720703,76.65773201859704,75.270261755817,75.96399688720703,23334000
2013-06-06,74.57654571533203,75.9640163332917,74.22967806084212,75.27028102431186,31641000
2013-06-07,75.2702865600586,75.96402192005914,74.92341888005832,74.92341888005832,32987000
2013-06-10,75.2702865600586,76.3108896000594,74.92341888005832,76.3108896000594,21045000
2013-06-11,74.92340087890625,76.31087126555266,74.92340087890625,76.31087126555266,34785000
2013-06-13,72.49533081054688,74.22966886821546,72.14846319901315,73.53593364514802,60275000
2013-06-14,73.53591918945312,73.53591918945312,72.4953165594137,72.84218410276017,41147000
2013-06-17,73.53591918945312,73.53591918945312,72.84218410276017,73.18905164610665,22921000
2013-06-18,73.8828125,73.8828125,72.49534184272301,72.84220950704226,29969000
2013-06-19,73.1890640258789,73.88279922991568,72.84219642386053,73.5359316278973,21991000
2013-06-20,72.14845275878906,73.18905544281006,71.80158519744873,72.84218788146973,29951000
2013-06-21,71.8016128540039,71.8016128540039,70.4141420742164,70.76100976916328,38787000
2013-06-24,70.0672607421875,71.10786362449721,69.37352548731435,71.10786362449721,53521000
2013-06-25,70.0672607421875,71.4547312519338,70.0672607421875,70.0672607421875,32319000
2013-06-26,70.41412353515625,72.14846155326354,70.41412353515625,71.45472634602062,54819000
2013-06-27,72.49533081054688,72.84219842208059,71.45472797594572,71.45472797594572,45541000
2013-06-28,77.0046157836914,77.0046157836914,72.84220411970809,73.53593939703863,74198000
2013-07-01,74.92340087890625,75.96400366889105,74.92340087890625,75.61713607222946,51539000
2013-07-02,76.3108901977539,76.3108901977539,75.27028714960271,75.61715483231978,44320000
2013-07-03,76.310546875,76.310546875,75.24077285338785,76.310546875,44593000
2013-07-04,76.310546875,76.310546875,75.59736419392523,75.95395553446262,24252000
2013-07-05,77.73692321777344,78.09351460868065,76.31055765414456,76.66714904505179,28230000
2013-07-08,74.88421630859375,77.02376534598214,74.52762480236235,76.31058233351933,32729000
2013-07-09,75.59737396240234,75.95396534901745,73.81441702932682,74.52759980255703,34261000
2013-07-10,75.59737396240234,76.31055673563256,74.52759980255703,74.52759980255703,22045000
2013-07-11,78.09351348876953,78.09351348876953,76.66714794559566,76.66714794559566,55975000
2013-07-12,78.45012664794922,78.45012664794922,77.380352193659,78.0935351631858,31046000
2013-07-15,78.09351348876953,78.09351348876953,77.02373933138912,77.38033071718259,33099000
2013-07-16,77.02375030517578,77.73693317837186,76.31056743197972,77.38034174177382,35863000
2013-07-17,77.73692321777344,77.73692321777344,76.31055765414456,77.023740435959,36386000
2013-07-18,75.24079132080078,77.02374846110412,75.24079132080078,76.66715703304345,43963000
2013-07-19,70.0345458984375,71.10432005436772,70.0345458984375,70.89036848787332,117410000
2013-07-22,69.17872619628906,70.17718312652786,69.10740901009041,69.8919089405807,86924000
2013-07-23,71.31828308105469,72.38805732727052,70.24850883483887,70.24850883483887,85529000
2013-07-24,72.74466705322266,73.45785006354836,71.31830103257123,71.67489253773408,58261000
2013-07-25,73.10122680664062,73.81440950719322,72.03145275581174,72.74463545636434,36398000
2013-07-26,73.10122680664062,73.45781815691693,72.03145275581174,73.45781815691693,31781000
2013-07-29,71.31828308105469,72.38805732727052,71.31828308105469,71.31828308105469,38265000
2013-07-30,72.74466705322266,73.10125855838551,71.67489253773408,71.67489253773408,33818000
2013-07-31,73.10122680664062,73.45781815691693,72.03145275581174,72.38804410608803,36945000
2013-08-01,71.67485809326172,72.74463209465368,71.3182667594644,72.74463209465368,27849000
2013-08-02,71.67485809326172,73.45781476224833,71.3182667594644,73.10122342845101,27947000
2013-08-05,71.67485809326172,72.38804076085637,71.24694958093532,71.3182667594644,23349000
2013-08-06,70.46246337890625,71.67487197212276,70.3198235530759,71.67487197212276,42742000
2013-08-07,69.17872619628906,70.24850031272652,69.17872619628906,70.24850031272652,45468000
2013-08-08,68.75083923339844,69.25006513475435,67.96633905648733,68.46556495784324,55550000
2013-08-09,68.75083923339844,71.31829683108671,68.75083923339844,71.31829683108671,47046000
2013-08-12,68.4655532836914,68.96477909992366,68.18027905677869,68.75082751060411,33389000
2013-08-13,69.32137298583984,69.46401282493997,68.46555571585309,68.46555571585309,34361000
2013-08-14,69.03607940673828,69.39267071474592,68.32289679072302,68.46553113746545,41618000
2013-08-15,68.4655532836914,68.75082751060411,67.96632746745914,68.75082751060411,42647000
2013-08-16,68.82213592529297,69.53531868099549,67.89499616641865,68.03763598225072,37509000
2013-08-19,68.10896301269531,68.53687163972764,67.96632861740234,68.10896301269531,49081000
2013-08-20,67.32447052001953,68.0376534589156,67.32447052001953,67.89501360644397,41635000
2013-08-22,67.39578247070312,67.68105671224899,66.25469094567326,66.32600814577133,60185000
2013-08-23,69.17872619628906,69.39268319603757,68.1089520798516,68.25158645224893,44276000
2013-08-26,69.03607940673828,69.60662223485957,68.53684831083666,69.60662223485957,18663000
2013-08-27,68.18029022216797,69.03611304305797,68.18029022216797,68.46556449579796,22435000
2013-08-28,69.03607940673828,69.39267071474592,67.8236656948214,68.18025700282904,34586000
2013-08-29,70.39115142822266,70.53379127570052,69.10742544784472,69.10742544784472,36841000
2013-08-30,71.67485809326172,71.67485809326172,70.4624497348116,71.03299260419615,37275000
2013-09-02,72.74466705322266,72.74466705322266,71.03302674021003,71.31830103257123,30751000
2013-09-03,72.74466705322266,73.45785006354836,72.3880755480598,73.45785006354836,31074000
2013-09-04,71.67485809326172,72.38804076085637,71.3182667594644,71.67485809326172,25183000
2013-09-05,72.3880386352539,72.3880386352539,71.31826466527478,71.67485598860117,30002000
2013-09-06,72.74466705322266,72.74466705322266,72.03148404289695,72.74466705322266,24631000
2013-09-09,73.45783233642578,73.45783233642578,72.03146665999033,73.10124091731691,32515000
2013-09-10,74.52758026123047,74.52758026123047,73.10121508876672,73.45780638188266,37304000
2013-09-11,74.52758026123047,74.52758026123047,73.10121508876672,73.45780638188266,40290000
2013-09-12,73.81441497802734,74.52759773143823,73.45782360132189,73.45782360132189,32814000
2013-09-13,73.10122680664062,73.45781815691693,72.74463545636434,73.10122680664062,22273000
2013-09-16,75.24079132080078,75.24079132080078,74.17101703661879,74.17101703661879,40590000
2013-09-17,75.24079132080078,75.24079132080078,74.52760846467945,75.24079132080078,25402000
2013-09-18,73.45783233642578,75.24078943197009,73.45783233642578,74.88419801286123,28113000
2013-09-23,75.24079132080078,75.59738274886145,73.10124275243679,73.45783418049746,51403000
2013-09-24,74.88421630859375,75.24080781482515,74.17103329613094,74.88421630859375,28633000
2013-09-25,73.45783233642578,74.52760659375237,73.45783233642578,74.52760659375237,31708000
2013-09-26,72.3880386352539,73.8144039285594,72.3880386352539,73.8144039285594,23012000
2013-09-27,73.45783233642578,73.81442375553463,72.74464949820805,73.81442375553463,26146000
2013-09-30,71.67485809326172,72.74463209465368,71.3182667594644,71.67485809326172,45308000
2013-10-01,72.3880386352539,73.10122128190666,71.67485598860117,71.67485598860117,22557000
2013-10-02,73.45783233642578,73.81442375553463,72.74464949820805,73.81442375553463,14186000
2013-10-03,74.88421630859375,75.59739932105654,73.45785028366815,73.81444178989955,50622000
2013-10-04,74.1710205078125,74.8842033973107,73.8144290630634,74.5276119525616,19872000
2013-10-07,73.45783233642578,74.1710151746435,72.74464949820805,73.81442375553463,20847000
2013-10-08,74.88421630859375,75.24080781482515,73.45785028366815,73.81444178989955,21082000
2013-10-09,74.88421630859375,75.24080781482515,73.45785028366815,74.17103329613094,22183000
2013-10-11,75.9539794921875,76.66716239821743,74.88420513314261,74.88420513314261,56367000
2013-10-14,74.88421630859375,75.95399082728794,74.88421630859375,75.95399082728794,18568000
2013-10-15,76.310546875,76.310546875,75.59736419392523,75.95395553446262,21383000
2013-10-16,75.59737396240234,77.02373950886277,75.59737396240234,77.02373950886277,18482000
2013-10-17,76.310546875,77.02372955607477,76.310546875,76.66713821553738,28095000
2013-10-18,78.45012664794922,78.45012664794922,77.380352193659,77.380352193659,58487000
2013-10-21,78.45012664794922,79.51990110223943,78.0935351631858,79.16330961747603,40443000
2013-10-22,79.51988220214844,79.51988220214844,78.0935166021099,78.45010800211953,38261000
2013-10-23,79.16329956054688,79.5198910000088,78.45011668162303,79.16329956054688,21861000
2013-10-24,78.45012664794922,78.45012664794922,77.380352193659,77.7369436784224,21193000
2013-10-25,76.310546875,77.73691223714953,75.95395553446262,77.38032089661215,36027000
2013-10-28,78.09351348876953,78.09351348876953,76.66714794559566,77.02373933138912,21177000
2013-10-29,78.09351348876953,78.09351348876953,77.02373933138912,77.38033071718259,21491000
2013-10-30,78.45012664794922,78.45012664794922,77.7369436784224,77.7369436784224,16582000
2013-10-31,78.09351348876953,78.09351348876953,77.02373933138912,77.38033071718259,22472000
2013-11-01,78.09351348876953,78.80669626035646,77.38033071718259,78.80669626035646,10837000
2013-11-04,77.73692321777344,77.73692321777344,77.023740435959,77.023740435959,9601000
2013-11-05,75.9539794921875,77.73693675726233,75.9539794921875,77.38034530424737,20304000
2013-11-06,76.310546875,76.66713821553738,75.95395553446262,75.95395553446262,16437000
2013-11-07,76.310546875,76.66713821553738,75.59736419392523,76.310546875,15925000
2013-11-08,75.59737396240234,75.95396534901745,74.88419118917214,74.88419118917214,30518000
2013-11-11,74.52758026123047,75.59735414057828,74.52758026123047,74.8841715543464,21451000
2013-11-12,74.88421630859375,75.59739932105654,74.52762480236235,75.59739932105654,31600000
2013-11-13,73.45783233642578,74.88419801286123,73.45783233642578,74.88419801286123,26650000
2013-11-14,73.81441497802734,74.52759773143823,73.81441497802734,74.1710063547328,29904000
2013-11-15,74.1710205078125,74.5276119525616,73.8144290630634,73.8144290630634,19182000
2013-11-18,74.1710205078125,74.8842033973107,74.1710205078125,74.5276119525616,25261000
2013-11-19,74.88421630859375,75.24080781482515,74.17103329613094,74.52762480236235,34470000
2013-11-20,73.45783233642578,74.1710151746435,73.10124091731691,74.1710151746435,45380000
2013-11-21,72.03145599365234,73.45782145887318,71.67486462734713,72.74463872626276,56509000
2013-11-22,71.31828308105469,72.38805732727052,71.31828308105469,71.31828308105469,56921000
2013-11-25,72.03145599365234,73.10123009256797,72.03145599365234,72.03145599365234,30887000
2013-11-26,73.81441497802734,74.88418910814369,72.38804947120556,72.744640847911,44922000
2013-11-27,74.88421630859375,75.24080781482515,74.52762480236235,74.88421630859375,21779000
2013-11-28,74.88421630859375,75.24080781482515,74.52762480236235,74.88421630859375,22729000
2013-11-29,74.88421630859375,74.88421630859375,74.17103329613094,74.52762480236235,34425000
2013-12-02,74.52758026123047,75.24076284746234,74.17098896811453,74.8841715543464,18860000
2013-12-03,74.1710205078125,74.8842033973107,73.8144290630634,74.1710205078125,21820000
2013-12-04,74.88421630859375,75.24080781482515,73.81444178989955,73.81444178989955,23415000
2013-12-05,74.1710205078125,74.8842033973107,73.8144290630634,74.8842033973107,25185000
2013-12-06,73.45783233642578,74.52760659375237,73.45783233642578,73.45783233642578,25116000
2013-12-09,74.88421630859375,74.88421630859375,74.17103329613094,74.17103329613094,23911000
2013-12-10,74.1710205078125,74.8842033973107,74.1710205078125,74.5276119525616,22217000
2013-12-11,74.88421630859375,74.88421630859375,73.81444178989955,73.81444178989955,24563000
2013-12-12,73.45783233642578,74.52760659375237,73.45783233642578,74.52760659375237,18272000
2013-12-13,73.10122680664062,73.81440950719322,73.10122680664062,73.10122680664062,28244000
2013-12-16,72.74466705322266,73.45785006354836,72.74466705322266,73.10125855838551,18669000
2013-12-17,73.81441497802734,74.52759773143823,73.45782360132189,73.45782360132189,26199000
2013-12-18,72.03145599365234,73.45782145887318,72.03145599365234,73.10123009256797,55359000
2013-12-19,73.10122680664062,73.45781815691693,72.38804410608803,72.74463545636434,27684000
2013-12-20,72.74466705322266,73.81444156871122,72.3880755480598,72.3880755480598,37568000
2013-12-23,74.1710205078125,74.5276119525616,73.4578376183143,73.4578376183143,28261000
2013-12-24,73.45783233642578,74.1710151746435,73.45783233642578,74.1710151746435,13997000
2013-12-25,73.45783233642578,73.81442375553463,73.10124091731691,73.10124091731691,9762000
2013-12-26,74.1710205078125,74.1710205078125,73.4578376183143,73.4578376183143,6738000
2013-12-27,74.52758026123047,74.52758026123047,73.45780638188266,73.81439767499859,24086000
2013-12-30,75.59737396240234,75.59737396240234,74.17100841594193,74.17100841594193,44182000
2013-12-31,75.24079132080078,75.59738274886145,74.88419989274011,75.24079132080078,24400000
2014-01-02,74.52758026123047,75.24076284746234,73.81439767499859,74.8841715543464,15071000
2014-01-03,73.10122680664062,73.45781815691693,72.74463545636434,73.45781815691693,38599000
2014-01-06,73.10122680664062,73.45781815691693,72.74463545636434,72.74463545636434,23706000
2014-01-07,72.74466705322266,73.45785006354836,72.74466705322266,73.10125855838551,15836000
2014-01-08,74.1710205078125,74.5276119525616,73.1012461735652,73.4578376183143,30218000
2014-01-09,72.03145599365234,73.45782145887318,71.67486462734713,73.10123009256797,63998000
2014-01-10,72.74466705322266,73.10125855838551,72.3880755480598,72.74466705322266,33266000
2014-01-13,73.45783233642578,73.81442375553463,73.10124091731691,73.45783233642578,19545000
2014-01-14,73.81441497802734,73.81441497802734,72.744640847911,73.10123222461645,21639000
2014-01-15,74.88421630859375,75.59739932105654,74.17103329613094,74.17103329613094,54299000
2014-01-16,76.310546875,76.66713821553738,75.59736419392523,75.59736419392523,49437000
2014-01-17,76.66716003417969,77.38034291821857,76.31056859216025,77.02375147619914,53446000
2014-01-20,76.66716003417969,77.38034291821857,76.31056859216025,76.31056859216025,24245000
2014-01-21,75.9539794921875,77.38034530424737,75.59738803917254,77.38034530424737,24568000
2014-01-22,76.66716003417969,76.66716003417969,75.59738570812137,75.59738570812137,28698000
2014-01-23,76.66716003417969,77.38034291821857,76.66716003417969,77.38034291821857,27910000
2014-01-24,77.02375030517578,77.38034174177382,76.31056743197972,76.31056743197972,33999000
2014-01-27,74.88421630859375,75.95399082728794,74.17103329613094,75.59739932105654,64827000
2014-02-05,71.67485809326172,72.74463209465368,71.67485809326172,72.74463209465368,145517000
2014-02-06,72.74466705322266,73.45785006354836,72.03148404289695,72.03148404289695,71895000
2014-02-07,74.1710205078125,74.5276119525616,73.4578376183143,73.8144290630634,54104000
2014-02-10,73.45783233642578,74.52760659375237,73.45783233642578,74.1710151746435,26221000
2014-02-11,74.52758026123047,74.8841715543464,74.17098896811453,74.52758026123047,21030000
2014-02-12,74.88421630859375,75.24080781482515,74.52762480236235,74.88421630859375,22692000
2014-02-13,74.88421630859375,75.59739932105654,74.88421630859375,74.88421630859375,19561000
2014-02-14,76.66716003417969,76.66716003417969,75.95397715014082,75.95397715014082,42658000
2014-02-17,77.3803482055664,77.3803482055664,76.66716527279621,77.02375673918131,33403000
2014-02-18,77.02375030517578,77.38034174177382,76.66715886857774,77.38034174177382,22196000
2014-02-19,77.02375030517578,77.02375030517578,76.31056743197972,77.02375030517578,26867000
2014-02-20,75.9539794921875,76.31057094520247,75.59738803917254,75.9539794921875,28429000
2014-02-21,76.66716003417969,76.66716003417969,76.31056859216025,76.31056859216025,31448000
2014-02-24,76.310546875,77.02372955607477,75.59736419392523,76.66713821553738,32033000
2014-02-25,77.02375030517578,77.02375030517578,75.95397599538168,76.66715886857774,31499000
2014-02-26,76.66716003417969,77.02375147619914,76.31056859216025,76.66716003417969,34908000
2014-02-27,77.02375030517578,77.02375030517578,76.66715886857774,76.66715886857774,48583000
2014-03-03,77.02375030517578,77.02375030517578,75.95397599538168,77.02375030517578,51435000
2014-03-04,76.66716003417969,77.02375147619914,76.66716003417969,77.02375147619914,47911000
2014-03-05,78.45012664794922,78.45012664794922,77.380352193659,77.380352193659,54846000
2014-03-06,80.58964538574219,80.94623673700653,78.45009727815611,78.45009727815611,69737000
2014-03-07,81.659423828125,82.01601519855349,80.946241087268,81.3028324576965,65651000
2014-03-10,80.58964538574219,81.65941943953521,80.23305403447783,81.65941943953521,37846000
2014-03-11,81.3028335571289,81.65942493237948,80.94624218187835,80.94624218187835,28415000
2014-03-12,80.58964538574219,80.58964538574219,79.87646268321349,80.23305403447783,18376000
2014-03-13,83.08577728271484,83.79895992033471,82.37259464509498,83.08577728271484,56987000
2014-03-14,82.01603698730469,82.37262845246688,81.30285405698031,82.01603698730469,44655000
2014-03-17,81.3028335571289,82.01601630763004,80.58965080662777,81.65942493237948,33845000
2014-03-18,81.659423828125,82.01601519855349,80.946241087268,81.659423828125,37464000
2014-03-19,81.659423828125,82.01601519855349,80.946241087268,81.659423828125,32171000
2014-03-20,79.87648010253906,80.94625438962663,79.87648010253906,80.58966296059744,45292000
2014-03-21,80.2330551147461,81.30282918294272,79.87646375868056,81.30282918294272,60088000
2014-03-24,80.2330551147461,80.2330551147461,79.51987240261502,79.51987240261502,28463000
2014-03-25,80.94624328613281,80.94624328613281,79.51987776567232,79.51987776567232,38029000
2014-03-26,82.37261962890625,82.7292110558712,81.65943677497631,82.37261962890625,43314000
2014-03-27,82.72920989990234,82.72920989990234,81.302844211973,81.65943563395533,30745000
2014-03-28,83.7989730834961,83.7989730834961,82.37260758420254,82.72919895902594,43654000
2014-03-31,84.51216125488281,84.51216125488281,83.08579566408311,84.15556985718288,46921000
2014-04-01,85.22534942626953,85.22534942626953,84.51216658588234,84.86875800607594,40015000
2014-04-02,85.5819320678711,86.29511483510336,84.86874930063884,85.93852345148723,43151000
2014-04-03,84.51216125488281,84.86875265258274,83.79897845948295,84.51216125488281,36937000
2014-04-07,83.7989730834961,84.15556445831949,83.08579033384932,83.7989730834961,45015000
2014-04-08,84.86873626708984,85.22532759594317,83.44237095167657,83.44237095167657,39873000
2014-04-09,84.86873626708984,85.58191892479648,84.86873626708984,85.22532759594317,28578000
2014-04-10,85.22534942626953,85.22534942626953,84.51216658588234,84.86875800607594,25612000
2014-04-11,85.5819320678711,85.5819320678711,84.15556653340658,84.5121579170227,34449000
2014-04-14,85.93850708007812,86.2950983957631,85.58191576439316,85.58191576439316,30297000
2014-04-15,87.36488342285156,87.36488342285156,86.29510934012276,86.65170070103237,28525000
2014-04-16,86.29511260986328,87.36488673312604,86.29511260986328,86.6517039842842,49971000
2014-04-17,85.5819320678711,86.65170621871948,84.86874930063884,85.93852345148723,35783000
2014-04-18,87.72149658203125,87.72149658203125,86.29513078394945,87.3649051325108,32741000
2014-04-21,86.65170288085938,87.00829425073945,86.2951115109793,87.00829425073945,21736000
2014-04-22,86.65170288085938,87.36488562061953,85.93852014109922,86.2951115109793,22674000
2014-04-23,86.29511260986328,87.72147810754697,85.93852123544235,87.72147810754697,31054000
2014-04-24,86.29511260986328,86.29511260986328,85.58192986102144,86.29511260986328,24389000
2014-04-25,84.51216125488281,86.29511824338245,84.15556985718288,86.29511824338245,49361000
2014-04-28,84.86873626708984,85.58191892479648,83.79896228052989,84.51214493823653,28017000
2014-04-29,85.93850708007812,86.2950983957631,84.86873313302321,85.93850708007812,21769000
2014-04-30,84.51216125488281,85.93852684568252,83.44238706178304,85.5819354479826,43654000
2014-05-02,84.15557861328125,85.22535291768737,83.44239574367717,84.86876148288533,42629000
2014-05-05,83.44237518310547,84.15555787697816,82.72919248923277,83.79896653004181,28604000
2014-05-06,84.15557861328125,84.86876148288533,83.08580430887514,83.44239574367717,27491000
2014-05-07,84.51216125488281,84.86875265258274,83.79897845948295,84.15556985718288,33234000
2014-05-08,85.22534942626953,85.58194084646313,84.86875800607594,85.22534942626953,27052000
2014-05-09,85.5819320678711,85.5819320678711,84.86874930063884,85.5819320678711,22485000
2014-05-12,84.51216125488281,85.5819354479826,83.79897845948295,85.22534405028267,35472000
2014-05-13,85.93850708007812,86.2950983957631,85.22532444870818,85.58191576439316,24007000
2014-05-14,87.00831604003906,87.00831604003906,85.9385416624976,86.29513312167809,32763000
2014-05-15,87.00831604003906,87.00831604003906,85.9385416624976,86.29513312167809,16779000
2014-05-16,87.00831604003906,87.72149895840003,86.29513312167809,87.00831604003906,28390000
2014-05-19,86.29511260986328,87.36488673312604,86.29511260986328,87.00829535870513,18373000
2014-05-20,86.29511260986328,87.00829535870513,86.29511260986328,87.00829535870513,25192000
2014-05-21,85.93850708007812,87.00828102713304,85.93850708007812,87.00828102713304,24178000
2014-05-22,87.00831604003906,87.00831604003906,86.29513312167809,86.65172458085857,26290000
2014-05-23,87.00831604003906,87.36490749921956,86.29513312167809,86.29513312167809,31726000
2014-05-26,87.72149658203125,88.0780880315517,87.00831368299035,87.72149658203125,19792000
2014-05-27,88.07807159423828,88.4346629772109,87.36488882829303,87.36488882829303,18012000
2014-05-28,88.43465423583984,88.43465423583984,87.36488019266436,88.43465423583984,36670000
2014-05-29,87.00831604003906,88.43468187676102,86.65172458085857,88.07809041758053,43028000
2014-05-30,85.22534942626953,87.3648979474311,85.22534942626953,87.00830652723751,69042000
2014-06-03,87.36488342285156,87.36488342285156,85.58192661830357,85.58192661830357,37556000
2014-06-04,88.07807159423828,88.4346629772109,87.72148021126566,88.07807159423828,33407000
2014-06-05,87.72149658203125,88.0780880315517,86.6517222334699,87.72149658203125,19524000
2014-06-06,87.36488342285156,88.07806614467076,87.00829206194196,88.07806614467076,19230000
2014-06-09,87.72149658203125,88.0780880315517,87.3649051325108,87.3649051325108,19684000
2014-06-10,88.79122924804688,88.79122924804688,87.3648641195642,87.72145540168486,25050000
2014-06-11,89.1478500366211,89.1478500366211,88.07807583618164,88.43466723632812,27770000
2014-06-12,88.07807159423828,88.4346629772109,87.72148021126566,88.4346629772109,22138000
2014-06-13,87.72149658203125,88.0780880315517,87.3649051325108,87.72149658203125,17160000
2014-06-16,88.43465423583984,88.43465423583984,87.36488019266436,87.36488019266436,13550000
2014-06-17,89.1478500366211,89.1478500366211,87.72148443603515,88.43466723632812,19795000
2014-06-18,89.5044174194336,90.21760002835339,88.4346435060539,89.1478261149737,37238000
2014-06-19,89.86103057861328,89.86103057861328,88.79125640505836,88.79125640505836,17873000
2014-06-20,88.79122924804688,90.57418565865024,88.43463796592621,90.21759437652956,30094000
2014-06-23,87.72149658203125,89.50445382963352,87.72149658203125,89.14786238011305,25096000
2014-06-24,87.72149658203125,88.0780880315517,87.00831368299035,87.72149658203125,33225000
2014-06-25,88.07807159423828,88.79125436018353,87.72148021126566,87.72148021126566,30757000
2014-06-26,88.79122924804688,89.14782053016755,88.07804668380554,88.79122924804688,30279000
2014-06-27,89.5044174194336,90.21760002835339,88.4346435060539,89.1478261149737,44396000
2014-06-30,90.21761322021484,90.57420457681648,89.14783915040992,89.8610218636132,33280000
2014-07-01,91.28739166259766,91.64398303627968,89.86102616786957,90.21761754155159,32922000
2014-07-02,94.4967041015625,94.4967041015625,92.00056474793632,92.35715608416864,51457000
2014-07-03,95.92308044433594,96.27967182145242,93.07034942740401,93.783532181637,40176000
2014-07-04,96.2796859741211,96.99286883318865,94.1401373969184,95.20991168551974,44006000
2014-07-07,96.99283599853516,96.99283599853516,94.49669683680814,95.92306207208073,32123000
2014-07-08,95.92308044433594,96.99285457568541,95.56648906721945,96.63626319856891,36117000
2014-07-09,95.56649780273438,96.27968062215777,95.20990639302269,95.20990639302269,39145000
2014-07-10,95.92308044433594,96.99285457568541,95.92308044433594,95.92308044433594,47098000
2014-07-11,97.34943389892578,98.41920789781507,96.63625123299958,96.99284256596268,43144000
2014-07-14,96.62015533447266,98.07857277348356,96.62015533447266,98.07857277348356,46321000
2014-07-15,96.98477935791016,97.71398822526287,96.62017492423381,96.98477935791016,36989000
2014-07-16,95.1617431640625,97.34936944369612,94.79713878412356,96.9847650637572,39065000
2014-07-17,90.78649139404297,91.51570016026018,89.69267824471716,91.15109577715158,136198000
2014-07-18,90.05730438232422,90.42190885350772,88.59888649759023,88.59888649759023,95711000
2014-07-21,90.05730438232422,90.78651332469121,89.32809543995722,90.42190885350772,56612000
2014-07-22,90.78649139404297,91.15109577715158,89.32807386160854,90.05728262782576,53220000
2014-07-23,90.78649139404297,90.78649139404297,90.78649139404297,90.78649139404297,0
2014-07-24,91.15110778808594,91.15110778808594,90.42189892578125,90.7865033569336,65602000
2014-07-25,89.69268798828125,91.1511056791476,89.32808356556465,90.78650125643102,31299000
2014-07-28,88.5988998413086,89.32810889350044,88.23429531521268,88.96350436740451,43425000
2014-07-29,90.4218978881836,90.4218978881836,88.96348018030966,89.32808460727814,37994000
2014-07-30,90.78649139404297,91.15109577715158,89.69267824471716,90.05728262782576,32381000
2014-07-31,88.23428344726562,90.42191030959452,88.23428344726562,90.42191030959452,44748000
2014-08-01,87.50505065917969,88.23425941467286,87.14044628143311,87.50505065917969,52455000
2014-08-04,90.05730438232422,90.05730438232422,87.50507308403972,87.50507308403972,39633000
2014-08-05,87.14047241210938,89.3280993345891,87.14047241210938,89.3280993345891,61184000
2014-08-06,87.86965942382812,88.59886821572711,86.77584623597964,86.77584623597964,34561000
2014-08-07,88.5988998413086,88.5988998413086,87.14048173692491,87.86969078911676,29493000
2014-08-08,87.86965942382812,88.23426381977762,87.14045063192914,87.86965942382812,35075000
2014-08-11,87.86965942382812,88.23426381977762,87.14045063192914,87.50505502787863,42890000
2014-08-12,88.5988998413086,88.96350436740451,87.86969078911676,88.23429531521268,32237000
2014-08-13,89.32809448242188,90.05730341697225,87.8696766133211,88.23428108059629,39756000
2014-08-14,90.4218978881836,90.4218978881836,89.69268903424663,90.05729346121511,32907000
2014-08-15,90.4218978881836,91.15110674212056,89.69268903424663,90.78650231515208,19151000
2014-08-18,89.69268798828125,90.42189683371443,89.32808356556465,90.42189683371443,14578000
2014-08-19,90.4218978881836,91.15110674212056,90.05729346121511,90.4218978881836,31575000
2014-08-20,91.51570892333984,91.51570892333984,90.7865000872973,91.15110450531857,28876000
2014-08-21,90.78649139404297,91.8803045433688,90.42188701093437,91.8803045433688,22562000
2014-08-22,91.51570892333984,91.88031334136113,90.05729125125475,90.7865000872973,42715000
2014-08-25,91.15110778808594,91.88031665039063,91.15110778808594,91.51571221923828,20077000
2014-08-26,90.78649139404297,91.51570016026018,90.42188701093437,91.15109577715158,28801000
2014-08-27,91.51570892333984,91.88031334136113,90.7865000872973,91.51570892333984,36779000
2014-08-28,91.15110778808594,91.88031665039063,90.7865033569336,91.88031665039063,21587000
2014-08-29,90.4218978881836,91.15110674212056,90.4218978881836,90.78650231515208,28324000
2014-09-01,93.70331573486328,93.70331573486328,91.15108534519774,91.15108534519774,36304000
2014-09-02,91.88031005859375,93.33872767857143,91.51570565359933,93.33872767857143,19182000
2014-09-03,93.33871459960938,93.33871459960938,91.51569283008575,92.60950589179993,24561000
2014-09-04,92.97412872314453,93.3387331495098,91.88031544404872,93.3387331495098,21641000
2014-09-05,92.60952758789062,93.70334090585784,91.51571426992342,93.70334090585784,20096000
2014-09-09,92.60952758789062,92.97413202721303,92.24492314856822,92.97413202721303,22090000
2014-09-10,91.15110778808594,91.88031665039063,90.42189892578125,91.88031665039063,29294000
2014-09-11,91.15110778808594,91.88031665039063,91.15110778808594,91.88031665039063,22827000
2014-09-12,89.69268798828125,91.1511056791476,89.69268798828125,90.78650125643102,19798000
2014-09-15,90.05730438232422,90.05730438232422,88.96349096877373,89.32809543995722,19518000
2014-09-16,89.32809448242188,89.69269894969706,88.96349001514668,89.69269894969706,19187000
2014-09-17,90.78649139404297,91.15109577715158,89.69267824471716,90.05728262782576,23504000
2014-09-18,91.15110778808594,91.15110778808594,90.0572944946289,90.7865033569336,14726000
2014-09-19,91.15110778808594,91.88031665039063,91.15110778808594,91.51571221923828,30603000
2014-09-22,88.96347045898438,90.42188800749231,88.96347045898438,90.42188800749231,39365000
2014-09-23,89.32809448242188,90.05730341697225,88.96349001514668,89.69269894969706,15286000
2014-09-24,89.69268798828125,90.42189683371443,88.96347914284807,88.96347914284807,27613000
2014-09-25,88.96347045898438,90.42188800749231,88.59886607185739,89.69267923323834,23213000
2014-09-26,88.23428344726562,88.59888792432044,87.86967897021081,88.23428344726562,23545000
2014-09-29,87.86965942382812,88.96347261167661,87.50505502787863,88.96347261167661,54783000
2014-09-30,87.50505065917969,88.23425941467286,86.77584190368653,87.50505065917969,44070000
2014-10-01,88.5988998413086,88.96350436740451,87.50508626302083,87.50508626302083,42211000
2014-10-02,88.23428344726562,89.32809687843007,87.86967897021081,88.23428344726562,30761000
2014-10-03,90.78649139404297,91.15109577715158,88.96346947849995,89.32807386160854,52003000
2014-10-06,91.88031005859375,91.88031005859375,90.42189243861607,91.15110124860492,37186000
2014-10-07,91.15110778808594,91.51571221923828,90.0572944946289,91.15110778808594,39986000
2014-10-08,89.32809448242188,91.15111681879783,89.32809448242188,90.05730341697225,29221000
2014-10-09,91.15110778808594,91.15110778808594,90.0572944946289,90.42189892578125,35347000
2014-10-13,87.86965942382812,88.59886821572711,86.04663744408064,86.77584623597964,69183000
2014-10-14,88.23428344726562,88.59888792432044,87.14047001610118,87.50507449315599,31862000
2014-10-15,88.5988998413086,89.69271341959636,88.23429531521268,88.5988998413086,43922000
2014-10-16,88.5988998413086,90.42192247178819,87.50508626302083,88.5988998413086,45527000
2014-10-17,90.05730438232422,91.51572226705822,90.05730438232422,91.15111779587471,91597000
2014-10-20,91.88031005859375,91.88031005859375,90.7864968436105,91.15110124860492,38276000
2014-10-21,91.15110778808594,91.88031665039063,90.7865033569336,91.88031665039063,25582000
2014-10-22,94.06795501708984,94.06795501708984,92.97414158665856,92.97414158665856,64167000
2014-10-23,92.97412872314453,93.70333757587508,92.97412872314453,93.3387331495098,26374000
2014-10-24,91.51570892333984,92.97412659542495,91.15110450531857,92.60952217740368,42082000
2014-10-27,93.33871459960938,93.33871459960938,92.2449015378952,92.2449015378952,25119000
2014-10-28,93.33871459960938,94.43252766132355,92.97411024570465,94.06792330741882,34984000
2014-10-29,94.06795501708984,94.43255949390027,93.33874606346899,94.06795501708984,34583000
2014-10-30,93.70331573486328,94.06792007624406,92.6095027107209,93.70331573486328,35688000
2014-10-31,95.1617431640625,95.1617431640625,92.97411688442888,93.33872126436782,41983000
2014-11-03,95.52635955810547,96.62017283548836,95.16175513231117,96.25556840969406,44912000
2014-11-04,96.25556945800781,96.25556945800781,95.52636059847745,96.25556945800781,32171000
2014-11-05,96.25556945800781,96.25556945800781,95.52636059847745,95.89096502824263,22440000
2014-11-06,96.25556945800781,96.62017388777299,95.89096502824263,96.62017388777299,28374000
2014-11-07,95.52635955810547,95.89096398389977,95.16175513231117,95.89096398389977,16709000
2014-11-10,98.07857513427734,98.07857513427734,96.25555329163278,96.6201576601617,42569000
2014-11-11,97.7139663696289,98.44317507387987,96.98475766537794,98.44317507387987,20451000
2014-11-12,96.25556945800781,98.07859160683371,95.89096502824263,98.07859160683371,27373000
2014-11-13,97.7139663696289,98.07857072175439,96.62015331325246,97.34936201750342,24882000
2014-11-14,98.44318389892578,98.44318389892578,97.34937074449327,97.71397512930412,23655000
2014-11-17,96.98477935791016,98.80780152629193,96.62017492423381,98.44319709261558,23562000
2014-11-18,95.89095306396484,98.07857936960663,95.52634867969121,97.713974985333,42688000
2014-11-19,99.17237854003906,99.53698287290685,96.62014820996453,96.98475254283231,70920000
2014-11-20,101.36001586914062,101.36001586914062,99.90159837462062,100.26620274825062,44092000
2014-11-21,100.99542999267578,101.72463887348933,100.26622111186224,101.72463887348933,30388000
2014-11-24,100.99542999267578,102.45384775430287,100.630825552269,102.08924331389609,33292000
2014-11-25,101.36001586914062,102.08922461640063,100.99541149551062,100.99541149551062,42648000
2014-11-26,101.36001586914062,101.36001586914062,100.63080712188062,100.99541149551062,23137000
2014-11-27,102.0892333984375,103.54765101841518,102.0892333984375,102.0892333984375,26123000
2014-11-28,103.18305206298828,103.18305206298828,101.36002994173407,101.36002994173407,35681000
2014-12-01,102.0892333984375,103.54765101841518,100.99542018345424,101.36002458844867,41250000
2014-12-02,100.26620483398438,101.72462235884232,100.26620483398438,101.72462235884232,45913000
2014-12-03,100.63080596923828,101.36001470814581,99.53699286087699,100.26620159978452,38940000
2014-12-04,101.36001586914062,102.08922461640063,100.99541149551062,101.36001586914062,28226000
2014-12-05,100.26620483398438,101.72462235884232,99.90160045276988,100.99541359641334,27050000
2014-12-08,100.63080596923828,100.99541033869204,99.90159723033076,100.63080596923828,19595000
2014-12-09,100.63080596923828,101.36001470814581,100.26620159978452,100.63080596923828,31770000
2014-12-10,99.17237854003906,101.3600045372458,99.17237854003906,100.63079587151022,39726000
2014-12-11,98.07857513427734,99.17238823986408,98.07857513427734,98.44317950280625,32283000
2014-12-12,98.44318389892578,99.17239266854746,98.07857951411495,98.44318389892578,31433000
2014-12-15,99.17237854003906,99.53698287290685,98.07856554143568,98.07856554143568,44381000
2014-12-16,96.98477935791016,98.80780152629193,96.98477935791016,98.07859265893921,41199000
2014-12-17,95.1617431640625,96.9847650637572,94.79713878412356,96.9847650637572,70497000
2014-12-18,95.89095306396484,96.98476621678573,95.52634867969121,96.25555744823846,50410000
2014-12-19,100.63080596923828,100.63080596923828,97.71397101360819,98.07857538306195,44362000
2014-12-22,100.99542999267578,102.08924331389609,99.90161667145546,100.26622111186224,34577000
2014-12-23,100.26620483398438,102.08922674005682,99.90160045276988,101.36001797762783,19122000
2014-12-24,100.63080596923828,100.63080596923828,99.17238849142323,99.17238849142323,16679000
2014-12-25,100.26620483398438,100.63080921519887,99.90160045276988,99.90160045276988,7358000
2014-12-26,101.36001586914062,101.36001586914062,99.90159837462062,100.63080712188062,13112000
2014-12-29,102.81844329833984,102.81844329833984,100.63081684518367,100.63081684518367,34993000
2014-12-30,102.0892333984375,103.18304661342076,101.36002458844867,102.81844220842635,21789000
2014-12-31,102.81844329833984,102.81844329833984,101.36002566290239,101.36002566290239,18306000
2015-01-05,101.7246322631836,102.45384109661143,100.26621459632791,102.45384109661143,32046000
2015-01-06,97.34937286376953,100.26620800575513,96.98476847102134,100.26620800575513,66778000
2015-01-07,97.7139663696289,98.44317507387987,97.34936201750342,97.34936201750342,43703000
2015-01-08,100.63080596923828,100.63080596923828,99.17238849142323,99.53699286087699,42491000
2015-01-09,97.7139663696289,98.80777942600534,96.98475766537794,98.44317507387987,61558000
2015-01-12,96.25556945800781,97.34938274730335,96.25556945800781,96.62017388777299,30338000
2015-01-13,96.62015533447266,96.98475969422537,95.16173789546174,95.52634225521447,37818000
2015-01-14,94.79715728759766,96.98478399423452,94.79715728759766,96.62017954312837,48740000
2015-01-15,95.89095306396484,96.98476621678573,95.89095306396484,95.89095306396484,40607000
2015-01-16,99.90159606933594,102.08922226063527,99.17238733890284,102.08922226063527,124042000
2015-01-19,101.36001586914062,101.72462024277063,100.26620274825062,100.99541149551062,49986000
2015-01-20,100.63080596923828,101.36001470814581,100.26620159978452,101.36001470814581,32739000
2015-01-21,102.81844329833984,102.81844329833984,101.72463007176175,101.72463007176175,70464000
2015-01-22,102.0892333984375,103.54765101841518,101.72462899344308,103.18304661342076,43846000
2015-01-23,105.73527526855469,105.73527526855469,103.91225328116582,103.91225328116582,82089000
2015-01-26,105.73527526855469,106.09987966603246,104.64146207612137,106.09987966603246,46716000
2015-01-27,107.1937026977539,107.1937026977539,105.37068054303019,106.09988940491968,52805000
2015-01-28,106.8291015625,107.19370600469284,106.09989267811434,106.8291015625,45898000
2015-01-29,104.6414566040039,105.7352697392374,104.27685222559275,105.00606098241508,34459000
2015-01-30,102.81844329833984,106.09988297807409,102.81844329833984,105.73527856921473,43666000
2015-02-02,103.9122314453125,104.27683576617325,102.45381416186952,102.45381416186952,29181000
2015-02-03,105.37066650390625,105.37066650390625,103.54764459207395,104.27685335680687,27160000
2015-02-04,106.46449279785156,106.82909722524147,105.00607508829195,105.37067951568186,40416000
2015-02-05,106.09989166259766,106.46449610130074,104.64147390778531,106.09989166259766,23363000
2015-02-06,104.27685546875,106.09987741750437,104.27685546875,106.09987741750437,27301000
2015-02-09,103.54766845703125,104.64148185622524,103.18306399063326,104.27687738982725,26315000
2015-02-10,103.9122314453125,104.27683576617325,103.18302280359102,103.54762712445175,33294000
2015-02-11,107.92289733886719,108.65210610467034,106.46447980726087,106.46447980726087,71259000
2015-02-12,108.28753662109375,109.0167456219092,107.5583276202783,109.0167456219092,33577000
2015-02-13,108.28753662109375,109.38135012231692,107.92293212068603,108.28753662109375,37815000
2015-02-24,110.11054992675781,110.83975886667011,108.28752757697706,108.6521320469332,72531000
2015-02-25,112.66278076171875,112.66278076171875,111.20436288778065,111.20436288778065,48183000
2015-02-26,109.74590301513672,112.2981333178143,109.74590301513672,111.93352898886037,55574000
2015-03-02,108.65209197998047,111.5689266640068,108.28748764447718,110.47511365749693,41388000
2015-03-03,109.74590301513672,110.11050734409065,108.28748569932094,109.38129868618277,29134000
2015-03-04,109.74590301513672,110.4751116730446,108.65209002827488,109.38129868618277,32627000
2015-03-05,109.38133239746094,110.11054128011068,108.28751907348634,109.38133239746094,28872000
2015-03-06,108.65209197998047,109.01669631548377,108.28748764447718,108.65209197998048,31316000
2015-03-09,106.09989166259766,107.55830941741,105.73528722389457,107.55830941741,67163000
2015-03-10,105.00606536865234,105.73527415593466,105.00606536865234,105.73527415593466,46809000
2015-03-11,106.46449279785156,107.92291050741117,104.27686623351215,104.64147066090206,51795000
2015-03-12,107.92289733886719,108.28750172176876,106.82908419016245,107.19368857306402,32183000
2015-03-13,108.65209197998047,109.01669631548377,107.19367463796732,107.9228833089739,45451000
2015-03-16,106.46449279785156,109.01672378958088,106.46449279785156,108.65211936219099,36912000
2015-03-17,108.65209197998047,109.38130065098706,108.28748764447718,108.28748764447718,55718000
2015-03-18,111.93354797363281,112.29815236442641,109.38131723807767,110.11052601966486,70808000
2015-03-19,112.29815673828125,113.0273655482701,111.204343523298,111.204343523298,43070000
2015-03-20,112.29815673828125,112.29815673828125,110.47513471330916,110.47513471330916,37536000
2015-03-23,111.93354797363281,112.29815236442641,111.20433919204564,112.29815236442641,26285000
2015-03-24,110.47515869140625,111.93357662792647,110.47515869140625,111.93357662792647,36086000
2015-03-25,110.11054992675781,111.20436333662627,109.74594545680166,110.83975886667011,44424000
2015-03-26,106.09989166259766,107.1937049787069,105.37068278519149,106.09989166259766,157081000
2015-03-27,103.9122314453125,106.09985737047698,103.9122314453125,105.00604440789473,106610000
2015-03-30,103.9122314453125,105.00604440789473,103.54762712445175,103.9122314453125,59832000
2015-03-31,106.09989166259766,106.09989166259766,104.27686946908223,105.00607834648841,56539000
2015-04-01,105.00606536865234,105.73527415593466,104.6414609750112,105.73527415593466,38697000
2015-04-02,107.1937026977539,107.92291155964338,105.37068054303019,105.73528497397493,49213000
2015-04-07,106.46449279785156,107.55830608002127,105.73528394307176,106.82909722524147,33362000
2015-04-08,104.27685546875,106.46448180725524,104.27685546875,106.09987741750437,47500000
2015-04-09,104.27685546875,106.09987741750437,104.27685546875,105.00606424825175,46493000
2015-04-10,107.1937026977539,107.1937026977539,105.73528497397493,106.46449383586442,33819000
2015-04-13,107.1937026977539,107.55830712869864,106.46449383586442,106.82909826680915,23821000
2015-04-14,105.00606536865234,106.0998785495758,104.6414609750112,105.73527415593466,41528000
2015-04-15,104.27685546875,105.37066863800261,103.18304229949737,104.64145985850087,71481000
2015-04-16,107.1937026977539,107.1937026977539,105.37068054303019,105.73528497397493,54354000
2015-04-17,103.9122314453125,105.00604440789473,103.9122314453125,104.27683576617325,76708000
2015-04-20,104.27685546875,105.00606424825175,103.18304229949737,103.54764668924825,34341000
2015-04-21,103.9122314453125,104.641440087034,103.18302280359102,103.54762712445175,36209000
2015-04-22,104.6414566040039,105.7352697392374,104.27685222559275,104.6414566040039,40606000
2015-04-23,107.1937026977539,107.1937026977539,105.73528497397493,106.09988940491968,46931000
2015-04-24,111.20433044433594,111.20433044433594,108.28749554743533,108.6520999095479,122689000
2015-04-27,110.47515869140625,111.56897214379642,109.3813452390161,111.56897214379642,57529000
2015-04-28,110.47515869140625,111.93357662792647,109.74594972314614,111.93357662792647,43177000
2015-04-29,108.28753662109375,110.11055912313238,107.92293212068603,109.38135012231692,37363000
2015-04-30,107.1937026977539,108.28751599058812,106.82909826680915,107.1937026977539,48913000
2015-05-04,107.55831146240234,108.28752035367286,106.46449812549656,108.28752035367286,30811000
2015-05-05,107.1937026977539,107.92291155964338,106.46449383586442,107.55830712869864,27559000
2015-05-06,107.55831146240234,107.92291590803761,106.0998936798613,106.0998936798613,18784000
2015-05-07,106.8291015625,107.55831044688567,106.46449712030717,106.46449712030717,21826000
2015-05-08,106.8291015625,107.55831044688567,106.46449712030717,106.46449712030717,19987000
2015-05-11,108.28753662109375,108.65214112150147,107.19372311987058,108.65214112150147,20326000
2015-05-12,107.55831146240234,108.28752035367286,107.19370701676708,107.19370701676708,20509000
2015-05-13,107.92289733886719,108.65210610467034,107.19368857306402,107.5582929559656,18844000
2015-05-14,106.46449279785156,108.28751493480108,106.46449279785156,107.92291050741117,38700000
2015-05-15,106.8291015625,107.19370600469284,105.7352882359215,107.19370600469284,24295000
2015-05-18,106.8291015625,107.19370600469284,105.7352882359215,107.19370600469284,22879000
2015-05-19,106.8291015625,107.55831044688567,105.7352882359215,106.09989267811434,26257000
2015-05-20,106.8291015625,107.19370600469284,106.46449712030717,106.8291015625,26920000
2015-05-21,106.09989166259766,106.82910054000382,105.37068278519149,106.46449610130074,40819000
2015-05-22,106.09989166259766,107.1937049787069,105.73528722389457,106.46449610130074,22074000
2015-05-25,107.55831146240234,107.55831146240234,106.0998936798613,106.82910257113181,16253000
2015-05-26,106.8291015625,108.28751933127134,106.8291015625,108.28751933127134,15545000
2015-05-27,105.73527526855469,107.1936928584658,105.73527526855469,106.09987966603246,23825000
2015-05-28,107.1937026977539,107.55830712869864,106.46449383586442,107.1937026977539,35891000
2015-05-29,106.46449279785156,107.55830608002127,106.09988837046166,107.19370165263138,56616000
2015-06-01,105.73527526855469,106.46448406351024,105.00606647359913,106.09987966603246,31570000
2015-06-02,105.00606536865234,105.3706697622935,104.6414609750112,105.3706697622935,33317000
2015-06-03,104.27685546875,105.37066863800261,104.27685546875,104.64145985850087,29870000
2015-06-04,102.81844329833984,103.91225652491792,102.08923448062112,103.54765211605856,58172000
2015-06-05,102.0892333984375,102.45383780343192,101.36002458844867,101.72462899344308,42648000
2015-06-08,100.99542999267578,102.08924331389609,100.99542999267578,101.72463887348933,45469000
2015-06-09,101.36001586914062,102.08922461640063,100.63080712188062,100.99541149551062,31575000
2015-06-10,101.7246322631836,103.18304993003927,101.7246322631836,102.81844551332536,37077000
2015-06-11,104.6414566040039,105.00606098241508,102.81843471194809,102.81843471194809,44613000
2015-06-12,105.37066650390625,105.37066650390625,103.91224897444042,105.00606212153978,31448000
2015-06-15,104.27685546875,105.37066863800261,103.91225107899912,105.37066863800261,23608000
2015-06-16,103.54766845703125,104.27687738982725,102.81845952423527,104.27687738982725,27272000
2015-06-17,103.9122314453125,104.641440087034,103.54762712445175,104.27683576617325,31326000
2015-06-18,103.54766845703125,104.27687738982725,103.54766845703125,103.54766845703125,28591000
2015-06-22,103.54766845703125,104.64148185622524,103.54766845703125,103.54766845703125,28278000
2015-06-23,105.37066650390625,105.7352708862727,103.91224897444042,104.27685335680687,37230000
2015-06-24,105.73527526855469,105.73527526855469,104.64146207612137,105.37067087107691,18555000
2015-06-25,106.8291015625,107.19370600469284,105.7352882359215,105.7352882359215,43496000
2015-06-26,106.46449279785156,107.55830608002127,106.09988837046166,107.19370165263138,33561000
2015-06-29,104.20721435546875,106.08821100448444,104.20721435546875,105.7120116746813,53014000
2015-06-30,105.71199798583984,105.71199798583984,104.20720086148624,104.58340014257465,45261000
2015-07-01,106.08820343017578,107.21680133900745,104.58340621840024,105.33580482428802,32546000
2015-07-02,106.46441650390625,106.84061585551015,105.71201780069843,105.71201780069843,23908000
2015-07-03,107.2167739868164,107.2167739868164,105.33577795195997,106.46437557287383,16093000
2015-07-06,105.71199798583984,106.46439654801664,105.71199798583984,106.08819726692823,20617000
2015-07-07,105.71199798583984,106.84059582910504,105.71199798583984,106.08819726692823,26349000
2015-07-08,103.83100891113281,106.088204757027,103.83100891113281,105.71200544937797,51986000
2015-07-09,102.70242309570312,103.83102115169986,100.82142633570855,100.82142633570855,53233000
2015-07-10,102.70242309570312,102.70242309570312,102.70242309570312,102.70242309570312,0
2015-07-13,104.20721435546875,104.95961301507504,103.07861636605935,103.07861636605935,34518000
2015-07-14,104.20721435546875,105.7120116746813,103.83101502566562,104.95961301507504,27536000
2015-07-15,104.20721435546875,104.95961301507504,103.83101502566562,104.58341368527189,23295000
2015-07-16,102.70242309570312,105.33581855969551,101.9500243917053,105.33581855969551,36999000
2015-07-17,105.33580780029297,105.33580780029297,103.83101054600307,103.83101054600307,55781000
2015-07-20,104.58338928222656,106.84058473436095,104.20719004020415,106.46438549233855,27655000
2015-07-21,105.71199798583984,106.46439654801664,104.95959942366305,106.08819726692823,19431000
2015-07-22,104.58338928222656,104.95958852424896,103.83099079818176,104.58338928222656,24620000
2015-07-23,102.32620239257812,103.4548002130845,102.32620239257812,103.07860093958237,36389000
2015-07-24,103.07855987548828,103.83095812275462,102.32616162822195,103.83095812275462,38194000
2015-07-27,100.82141876220703,101.95001673342577,100.82141876220703,101.57381740968619,43371000
2015-07-28,100.82141876220703,102.70241538090492,100.82141876220703,101.57381740968619,34219000
2015-07-29,101.95000457763672,102.32620385652099,101.19760601986819,101.57380529875246,29871000
2015-07-30,104.20721435546875,104.58341368527189,102.32621770645308,102.32621770645308,36097000
2015-07-31,104.95958709716797,105.71198557098279,103.45479014953833,105.71198557098279,39992000
2015-08-03,101.19759368896484,104.20718755332068,101.19759368896484,104.20718755332068,33631000
2015-08-04,102.70242309570312,102.70242309570312,101.19762568770747,101.57382503970638,26546000
2015-08-05,100.82141876220703,101.95001673342577,100.82141876220703,101.95001673342577,28491000
2015-08-06,100.82141876220703,102.32621605716535,99.31662146724872,102.32621605716535,38414000
2015-08-07,100.06900787353516,100.4452071512552,98.94041004037499,100.06900787353516,30554000
2015-08-10,97.05943298339844,98.56423039399375,94.42603751485662,98.56423039399375,63646000
2015-08-11,98.18799591064453,100.44519121893521,98.18799591064453,100.44519121893521,64344000
2015-08-12,96.6832046508789,97.81180237053897,95.93080617110553,97.43560313065228,41642000
2015-08-13,96.30701446533203,97.81181156635284,95.93081519007683,97.05941301584244,35943000
2015-08-14,94.8022232055664,96.68321969774034,94.04982460869684,96.30702039930556,39413000
2015-08-17,93.29743194580078,94.42602991288707,92.54503330107657,94.42602991288707,37847000
2015-08-18,94.8022232055664,95.17842250400119,94.04982460869684,94.04982460869684,40722000
2015-08-19,94.04981994628906,95.93081634521485,93.29742138671875,95.93081634521485,41301000
2015-08-20,94.8022232055664,94.8022232055664,92.92122671339247,93.67362531026204,38012000
2015-08-21,91.04023742675781,93.67363272422601,91.04023742675781,92.54503473959677,59694000
2015-08-24,86.5258560180664,91.04024850596552,84.64485914810845,90.28784975798234,116158000
2015-08-25,92.92122650146484,93.29742579904162,88.40683493054347,88.78303422812024,94960000
2015-08-26,92.16883850097656,93.6736358642578,89.91164245605468,91.04024047851561,64879000
2015-08-27,93.29743194580078,94.04983059052498,91.79263465635238,94.04983059052498,53388000
2015-08-28,94.04981994628906,95.5546170654297,93.67362066650391,95.5546170654297,41466000
2015-08-31,97.05943298339844,97.05943298339844,92.92124010426129,94.80223686750544,56941000
2015-09-01,93.29743194580078,95.93082720233548,93.29743194580078,95.93082720233548,42340000
2015-09-02,94.42601013183594,95.55460786249533,92.54501391407028,92.54501391407028,36973000
2015-09-03,95.55461883544922,95.93081812220296,94.04982168843428,95.93081812220296,24004000
2015-09-04,94.04981994628906,95.5546170654297,92.9212221069336,95.17841778564454,22006000
2015-09-07,92.16883850097656,94.80223388671874,91.79263916015624,93.6736358642578,25891000
2015-09-08,92.54505157470703,92.92125097135218,91.79265278141672,92.16885217806187,15090000
2015-09-09,97.05943298339844,97.05943298339844,95.17843622015428,95.17843622015428,53588000
2015-09-10,94.04981994628906,96.307015625,94.04981994628906,95.5546170654297,32912000
2015-09-11,95.93080139160156,95.93080139160156,93.29740684359682,94.42600450702743,20525000
2015-09-14,95.93080139160156,97.05939905503217,94.80220372817095,96.3070006127451,25508000
2015-09-15,94.8022232055664,96.30702039930556,94.42602390713162,95.93082110087077,21658000
2015-09-16,97.43561553955078,97.81181482734827,95.9308183883608,96.3070176761583,39923000
2015-09-17,98.564208984375,98.94040825530773,97.81181044250955,98.18800971344228,49472000
2015-09-18,98.9404296875,98.9404296875,97.05943292538022,97.43563227780417,31937000
2015-09-21,97.43561553955078,97.81181482734827,96.68321696395579,97.81181482734827,29930000
2015-09-22,97.05943298339844,97.8118316886961,96.6832336307496,97.8118316886961,17636000
2015-09-23,93.67362213134766,95.93081784535603,93.67362213134766,95.55461855968797,32905000
2015-09-24,95.55461883544922,96.3070174089567,94.42602097518801,95.55461883544922,43432000
2015-09-25,95.55461883544922,95.93081812220296,94.04982168843428,95.55461883544922,24630000
2015-09-29,95.55461883544922,95.55461883544922,95.55461883544922,95.55461883544922,0
2015-09-30,97.81182098388672,98.5642196068397,95.55462511502779,96.30702373798077,67112000
2015-10-01,100.44520568847656,100.82140496071804,97.43561151054467,98.56420932726914,49600000
2015-10-02,99.31661224365234,99.69281153245406,98.94041295485063,99.69281153245406,25216000
2015-10-05,99.69280242919922,100.44520093809884,98.9404039202996,100.06900168364903,30276000
2015-10-06,100.06900787353516,101.95000426213544,99.6928085958151,101.57380498441537,48613000
2015-10-07,101.57381439208984,101.57381439208984,100.06901714183665,100.44521645439995,31784000
2015-10-08,102.32620239257812,103.07860093958237,101.57380384557388,103.07860093958237,31144000
2015-10-12,104.20721435546875,104.58341368527189,102.70241703625621,103.07861636605935,46971000
2015-10-13,103.45480346679688,104.20720203746448,102.32620561079545,104.20720203746448,36108000
2015-10-14,102.70242309570312,103.45482179970094,102.3262237437042,102.70242309570312,18007000
2015-10-15,105.33580780029297,106.08820642743791,104.58340917314801,104.58340917314801,57142000
2015-10-16,103.45480346679688,103.45480346679688,102.32620561079545,103.07860418146306,36196000
2015-10-19,103.83100891113281,104.58340752643088,103.07861029583475,104.20720821878184,26150000
2015-10-20,104.58338928222656,104.58338928222656,103.45479155615936,104.58338928222656,27462000
2015-10-21,104.20721435546875,105.33581234487816,103.45481569586248,104.95961301507504,17976000
2015-10-22,103.45480346679688,104.20720203746448,103.07860418146306,103.83100275213069,15149000
2015-10-23,105.33580780029297,105.71200711386544,104.58340917314801,105.33580780029297,35644000
2015-10-26,105.33580780029297,105.71200711386544,104.58340917314801,105.71200711386544,24382000
2015-10-27,104.58338928222656,105.33578776627135,103.45479155615936,104.20719004020415,26012000
2015-10-28,103.83100891113281,104.58340752643088,103.07861029583475,103.07861029583475,22522000
2015-10-29,102.70242309570312,104.95961920769659,102.70242309570312,104.58341985569768,20428000
2015-10-30,102.70242309570312,103.45482179970094,102.3262237437042,103.07862244770203,27844000
2015-11-02,103.45480346679688,104.20720203746448,101.95000632546164,104.20720203746448,21663000
2015-11-03,104.95958709716797,105.33578633407538,103.83098938644574,104.20718862335315,33082000
2015-11-04,108.7215805053711,108.7215805053711,106.08818582185,106.46438506235302,75144000
2015-11-05,107.2167739868164,108.72157081470154,107.2167739868164,108.34537160773026,35773000
2015-11-06,105.33580780029297,108.34540230887276,104.58340917314801,108.34540230887276,45683000
2015-11-09,106.84060668945312,107.59300532811125,105.71200873146594,106.088208050795,24833000
2015-11-10,104.95958709716797,106.46438404479763,104.58338786026056,106.46438404479763,23307000
2015-11-11,103.45480346679688,105.71199917879972,102.70240489612925,105.71199917879972,29412000
2015-11-12,104.20721435546875,104.58341368527189,103.83101502566562,104.20721435546875,16474000
2015-11-13,102.32620239257812,104.58339803359088,102.32620239257812,103.4548002130845,21639000
2015-11-16,101.57381439208984,101.95001370465313,100.82141576696324,100.82141576696324,32110000
2015-11-17,104.20721435546875,105.33581234487816,103.45481569586248,103.83101502566562,28188000
2015-11-18,103.07855987548828,105.33575461728731,102.70236075185512,104.95955549365414,29074000
2015-11-19,105.71199798583984,105.71199798583984,103.83100158039785,104.20720086148624,27426000
2015-11-20,106.08820343017578,106.08820343017578,105.33580482428802,105.71200412723189,20271000
2015-11-23,106.08820343017578,106.46440273311967,105.33580482428802,106.08820343017578,17170000
2015-11-24,104.95958709716797,106.46438404479763,104.95958709716797,105.33578633407538,21843000
2015-11-25,106.08820343017578,106.08820343017578,104.20720691545635,104.95960552134413,27099000
2015-11-26,107.2167739868164,107.2167739868164,105.33577795195997,106.08817636590254,31976000
2015-11-27,104.58338928222656,107.59298321840573,104.58338928222656,107.59298321840573,23135000
2015-11-30,104.58338928222656,104.58338928222656,102.32619383009217,102.70239307211457,108490000
2015-12-01,107.2167739868164,107.2167739868164,104.20718033104612,105.71197715893126,46117000
2015-12-02,107.2167739868164,108.34537160773026,106.84057477984511,108.34537160773026,31609000
2015-12-03,107.2167739868164,107.59297319378769,106.46437557287383,106.46437557287383,18825000
2015-12-04,105.71199798583984,107.21679511019343,105.71199798583984,106.08819726692823,30869000
2015-12-07,107.96916961669922,108.72156801124068,106.84057202488702,106.84057202488702,40284000
2015-12-08,107.2167739868164,108.34537160773026,106.08817636590254,107.96917240075898,32173000
2015-12-09,105.71199798583984,106.84059582910504,105.71199798583984,106.84059582910504,26751000
2015-12-10,106.08820343017578,106.46440273311967,104.58340621840024,105.71200412723189,41414000
2015-12-11,104.95958709716797,106.84058328170504,104.58338786026056,106.0881848078902,29914000
2015-12-14,104.58338928222656,104.95958852424896,103.45479155615936,103.45479155615936,32656000
2015-12-15,103.83100891113281,105.71200544937797,103.83100891113281,104.9596068340799,23558000
2015-12-16,107.96916961669922,108.34536881396994,106.08817363034557,106.84057202488702,56401000
2015-12-17,109.09779357910156,109.09779357910156,107.59299642628638,108.72159429089777,34462000
2015-12-18,106.84060668945312,109.09780260542749,106.84060668945312,107.59300532811125,36298000
2015-12-21,106.46441650390625,107.21681520711407,105.71201780069843,106.46441650390625,26847000
2015-12-22,106.84060668945312,106.84060668945312,105.71200873146594,106.088208050795,17085000
2015-12-23,106.46441650390625,107.59301455871797,105.71201780069843,106.08821715230233,18064000
2015-12-24,106.84060668945312,107.9692046474403,106.84060668945312,107.59300532811125,13471000
2015-12-25,107.5929946899414,107.96919397207407,106.84059612567607,106.84059612567607,6126000
2015-12-28,107.96916961669922,108.34536881396994,107.59297041942848,107.96916961669922,10797000
2015-12-29,106.84060668945312,108.34540396676937,106.46440737012406,107.9692046474403,12801000
2015-12-30,107.2167739868164,108.34537160773026,106.84057477984511,107.2167739868164,14578000
2015-12-31,107.5929946899414,108.34539325420673,106.08819756141075,106.84059612567607,18336000
2016-01-04,104.95958709716797,107.96918099242727,104.58338786026056,107.21678251861245,39169000
2016-01-05,103.83100891113281,105.33580614172894,103.07861029583475,104.58340752643088,46381000
2016-01-06,101.95000457763672,103.83100097205806,101.57380529875246,103.83100097205806,53617000
2016-01-07,100.06900787353516,101.57380498441537,98.18801148493486,101.19760570669533,62539000
2016-01-08,100.82141876220703,101.57381740968619,99.31662146724872,99.31662146724872,50123000
2016-01-11,100.06900787353516,101.19760570669533,98.18801148493486,100.06900787353516,48345000
2016-01-12,100.06900787353516,100.82140642897527,98.94041004037499,100.06900787353516,34688000
2016-01-13,100.44520568847656,101.9500027774425,100.06900641623507,100.44520568847656,37717000
2016-01-14,98.9404296875,99.31662903992395,98.1880309826521,98.1880309826521,39253000
2016-01-15,103.07855987548828,103.83095812275462,101.94996250458878,103.45475899912145,79464000
2016-01-18,103.07855987548828,103.83095812275462,101.19756425732244,101.57376338095561,36757000
2016-01-19,103.83100891113281,103.83100891113281,102.32621168053669,103.45480960348378,23737000
2016-01-20,101.19759368896484,103.45478908723173,100.4451952228759,103.45478908723173,43839000
2016-01-21,101.57381439208984,102.70241232977972,100.82141576696324,100.82141576696324,31933000
2016-01-22,104.20721435546875,104.20721435546875,102.32621770645308,102.70241703625621,33889000
2016-01-25,104.95958709716797,105.33578633407538,104.58338786026056,105.33578633407538,27184000
2016-01-26,103.45480346679688,104.5834013227983,103.07860418146306,103.45480346679688,24049000
2016-01-27,104.95958709716797,104.95958709716797,104.20718862335315,104.58338786026056,24029000
2016-01-28,105.33580780029297,105.71200711386544,103.83101054600307,103.83101054600307,37867000
2016-01-29,107.5929946899414,107.5929946899414,103.83100186861478,104.20720115074744,55616000
2016-02-01,108.34539031982422,108.34539031982422,106.46439396010504,108.34539031982422,40943000
2016-02-02,107.2167739868164,108.72157081470154,106.46437557287383,108.34537160773026,25380000
2016-02-03,109.85018157958984,109.85018157958984,108.72158382363516,109.09778307562006,70465000
2016-02-15,109.09779357910156,110.22639144371296,106.84059784987878,106.84059784987878,72875000
2016-02-16,110.97879028320312,111.35498957229872,109.4739931268207,109.85019241591631,55006000
2016-02-17,111.35496520996094,112.10736362354176,110.60256679638012,112.10736362354176,38453000
2016-02-18,113.6122055053711,113.6122055053711,112.48360743743694,112.85980679341499,61657000
2016-02-19,113.6122055053711,113.6122055053711,112.1074080814589,112.1074080814589,35668000
2016-02-22,113.6122055053711,114.74080357330524,112.48360743743694,112.48360743743694,27003000
2016-02-23,112.48360443115234,113.6122024689231,112.10740508522876,113.23600312299952,22302000
2016-02-24,111.35496520996094,113.23596124391298,110.60256679638012,112.48356283033216,22026000
2016-02-25,113.23597717285156,113.61217643256204,111.73118013400968,112.10737939372015,25202000
2016-02-26,112.10736846923828,113.98836458449397,111.35497002313602,113.61216536144282,37655000
2016-03-01,114.36457824707031,114.36457824707031,111.7311833532233,111.7311833532233,38629000
2016-03-02,115.11698150634766,116.24557936425303,115.11698150634767,115.86938007828458,36010000
2016-03-03,115.86937713623047,116.24557641264681,115.11697858339781,115.86937713623048,28822000
2016-03-04,114.74079895019531,115.49319763183593,113.98840026855468,115.11699829101562,32794000
2016-03-07,114.36457824707031,115.49317605871904,113.61217970597117,114.74077751761989,23906000
2016-03-08,114.36457824707031,114.36457824707031,112.48358189432246,113.61217970597117,35683000
2016-03-09,115.11698150634766,115.11698150634767,113.23598507650539,114.36458293441075,24004000
2016-03-10,116.24556732177734,116.24556732177734,113.98837183980109,115.11696958078922,28302000
2016-03-11,116.62178802490234,116.62178802490234,115.11699076006491,116.24558870869299,29566000
2016-03-14,117.37415313720703,118.50275076352634,116.99795392843394,117.75035234598013,32751000
2016-03-15,116.24556732177734,117.75036430976151,115.11696958078922,116.62176656877338,28689000
2016-03-16,117.37415313720703,117.37415313720703,115.86935630211464,116.99795392843394,30962000
2016-03-17,119.25518798828125,120.3837859818612,118.50278932589461,120.00758665066788,48193000
2016-03-18,120.00758361816406,120.00758361816406,119.25518497479,119.25518497479,55975000
2016-03-21,120.38373565673828,120.38373565673828,118.87893896102905,120.38373565673828,26100000
2016-03-22,119.25518798828125,120.00758665066788,118.12658999470129,120.00758665066788,25809000
2016-03-23,120.00758361816406,120.00758361816406,118.87898565310296,119.25518497479,27478000
2016-03-24,119.25518798828125,119.63138731947456,118.12658999470129,118.87898865708793,24853000
2016-03-25,118.87894439697266,119.63134277923199,118.12654601471334,119.25514358810233,10175000
2016-03-28,119.6313705444336,119.63137054443358,118.12657343066712,118.87897198755036,15268000
2016-03-29,119.6313705444336,120.0075698228752,118.87897198755036,119.25517126599198,18977000
2016-03-30,121.5123519897461,121.88855122191248,119.25515659674771,119.25515659674771,43616000
2016-03-31,121.88858032226562,122.64097896623024,119.63138439037182,121.88858032226562,49433000
2016-04-01,119.25518798828125,121.13618464424782,118.50278932589461,121.13618464424782,31564000
2016-04-06,115.49320220947266,117.37419898812857,115.49320220947266,116.99799963239738,58134000
2016-04-07,116.24556732177734,116.62176656877338,114.74077033379317,116.62176656877338,35238000
2016-04-08,118.50276947021484,118.87896873837425,115.86937459309895,115.86937459309895,41032000
2016-04-11,119.25518798828125,119.63138731947456,116.99799200112135,117.37419133231467,21758000
2016-04-12,119.25518798828125,120.00758665066788,118.50278932589461,118.50278932589461,14859000
2016-04-13,121.5123519897461,121.88855122191248,120.0075550610805,120.3837542932469,39611000
2016-04-14,121.5123519897461,122.26475045407888,120.3837542932469,121.88855122191248,31338000
2016-04-15,120.00758361816406,120.3837829398511,117.37418836635482,118.1265870097289,48779000
2016-04-18,118.87894439697266,119.25514358810233,118.502745205843,118.87894439697266,20279000
2016-04-19,118.50276947021484,121.13616434733072,118.12657020205542,120.3837658110119,26577000
2016-04-20,115.86937713623047,118.87897134756113,115.86937713623048,118.5027720711448,40996000
2016-04-21,118.1265869140625,118.1265869140625,115.86939098576832,117.37418827129778,29723000
2016-04-22,117.75037384033203,118.87897167266748,116.62177600799657,116.99797528544173,28990000
2016-04-25,118.50276947021484,118.50276947021484,117.3741716657366,117.75037093389601,14306000
2016-04-26,118.87894439697266,119.25514358810233,117.75034682358368,117.75034682358368,18119000
2016-04-27,117.75037384033203,118.50277239522232,116.99797528544173,117.37417456288688,28845000
2016-04-28,115.11698150634766,118.87897436603222,115.11698150634767,118.50277508006377,48915000
2016-04-29,112.8597640991211,113.61216252644857,112.10736567179362,113.61216252644857,66445000
2016-05-03,110.97879028320312,111.73118886139433,110.2263917050119,111.35498957229872,68550000
2016-05-04,110.60260009765625,112.10739737789648,110.2264007775962,110.60260009765626,52973000
2016-05-05,110.97879028320312,111.73118886139433,109.85019241591631,110.97879028320312,38269000
2016-05-06,111.35496520996094,111.73116441675135,110.60256679638012,111.73116441675135,36510000
2016-05-09,110.97879028320312,112.10738815048992,110.2263917050119,111.73118886139433,38478000
2016-05-10,110.60260009765625,111.35499873777637,110.2264007775962,110.60260009765626,29785000
2016-05-11,110.60260009765625,112.10739737789648,110.2264007775962,111.73119805783642,40057000
2016-05-12,109.85018157958984,111.35497858752943,109.85018157958984,110.60258008355964,23749000
2016-05-13,108.34539031982422,109.47398813565572,107.59299177593654,109.09778886371188,60038000
2016-05-16,108.7215805053711,109.47397898637712,107.59298278386206,107.59298278386206,31133000
2016-05-17,110.60260009765625,110.60260009765626,109.09780281741604,109.47400213747609,30277000
2016-05-18,110.60260009765625,110.60260009765626,109.09780281741604,109.85020145753614,31057000
2016-05-19,110.60260009765625,111.73119805783642,109.47400213747609,111.35499873777637,35132000
2016-05-20,111.73118591308594,112.48358447142323,110.60258807558003,110.97878735474866,36306000
2016-05-23,115.86937713623047,116.24557641264681,112.48358364848349,113.23598220131615,50127000
2016-05-24,113.6122055053711,115.49320228526135,113.6122055053711,114.74080357330524,24470000
2016-05-25,116.24556732177734,116.62176656877338,114.74077033379317,115.49316882778525,30719000
2016-05-26,116.62178802490234,116.62178802490234,115.49319007627426,116.24558870869299,17196000
2016-05-27,117.75037384033203,117.75037384033203,116.24557673055142,117.37417456288688,22992000
2016-05-30,118.1265869140625,118.87898555682723,116.62178962853305,118.1265869140625,36339000
2016-05-31,117.75037384033203,118.50277239522232,116.62177600799657,117.75037384033203,69656000
2016-06-01,119.6313705444336,119.63137054443358,117.3741748737839,117.3741748737839,26926000
2016-06-02,119.6313705444336,120.38376910131682,118.87897198755036,119.63137054443358,21977000
2016-06-03,120.75997924804688,120.75997924804688,119.63138131114924,119.63138131114924,31853000
2016-06-06,121.13618469238281,121.88858335506842,120.3837860296972,121.13618469238281,28757000
2016-06-07,121.88858032226562,123.01717828821253,121.13618167830103,121.51238100028333,47046000
2016-06-08,124.52195739746094,124.89815666452274,123.01716032921367,123.39335959627549,45214000
2016-06-13,121.88858032226562,122.26477964424794,121.13618167830103,121.13618167830103,48750000
2016-06-14,121.88858032226562,122.64097896623024,121.13618167830103,121.13618167830103,27509000
2016-06-15,122.64098358154297,122.64098358154297,121.13618623698416,121.88858490926356,29270000
2016-06-16,120.75997924804688,122.26477649724372,120.00758062344845,121.5123778726453,24408000
2016-06-17,122.64098358154297,123.76958158996207,121.88858490926356,122.26478424540326,30633000
2016-06-20,122.64098358154297,124.14578092610178,122.64098358154297,123.76958158996207,24911000
2016-06-21,124.52195739746094,124.52195739746094,123.01716032921367,123.39335959627549,27970000
2016-06-22,124.89817810058594,124.89817810058594,123.01718144244458,123.76958010570112,30359000
2016-06-23,123.39340209960938,124.89819968618997,123.39340209960936,124.52200028954482,22494000
2016-06-24,119.6313705444336,123.39336332884973,116.24557703845905,123.39336332884973,86547000
2016-06-27,121.5861587524414,121.97711103138816,120.41330191560114,120.8042541945479,42874000
2016-06-28,122.75898742675781,123.149939616015,121.19517866972906,121.58613085898624,1327000
2016-06-29,124.32279205322266,125.10469640575865,123.54088770068667,123.93183987695465,31514000
2016-06-30,127.05946350097656,127.45041569636419,124.71375032865085,125.88660691481371,42398000
2016-07-01,129.796142578125,129.796142578125,127.8413813947195,128.6232858680817,36212000
2016-07-04,129.796142578125,130.1870948148061,128.6232858680817,129.4051903414439,25724000
2016-07-05,128.2323455810547,129.4052024003936,128.2323455810547,129.01425012728063,16346000
2016-07-06,126.27754974365234,127.45040624281938,125.4956454108743,127.45040624281938,34803000
2016-07-07,128.62330627441406,129.0142585731205,127.45044937829479,127.84140167700122,23769000
2016-07-08,128.62330627441406,128.62330627441406,128.62330627441406,128.62330627441406,0
2016-07-11,132.9237823486328,133.31473464965822,131.75092544555665,132.9237823486328,50643000
2016-07-12,133.70562744140625,134.0965795684279,132.53277106034128,133.70562744140625,41961000
2016-07-13,131.75088500976562,132.92374155287928,130.578028466652,132.5327893718414,50653000
2016-07-14,132.141845703125,132.9237501155695,130.57803687823593,130.57803687823593,34790000
2016-07-15,132.5327911376953,132.5327911376953,130.187078020214,131.35993457895464,41546000
2016-07-18,132.5327911376953,132.9237433239422,131.35993457895464,131.35993457895464,24749000
2016-07-19,133.31472778320312,133.31472778320312,132.14187094053565,133.31472778320312,42456000
2016-07-20,132.9237823486328,133.31473464965822,132.14187774658203,132.9237823486328,38053000
2016-07-21,134.48756408691406,134.48756408691406,132.9237552021825,133.70565964454826,33130000
2016-07-22,133.70562744140625,134.48753169544958,133.3146753143846,134.48753169544958,28504000
2016-07-25,134.0966339111328,135.2694907674984,132.14187248385684,134.487586196588,27145000
2016-07-26,135.26943969726562,135.26943969726562,134.0965832837055,134.48753542155887,32685000
2016-07-27,136.83322143554688,137.61512555803571,136.44226937430247,136.83322143554688,34117000
2016-07-28,138.006103515625,138.006103515625,135.2694385733888,136.8332471118095,31071000
2016-07-29,134.87855529785156,138.3971263056216,134.87855529785156,138.3971263056216,29795000
2016-08-01,138.3970947265625,138.3970947265625,136.44233350161105,136.83328574660132,34188000
2016-08-02,137.61512756347656,138.78798376430163,137.22417549653485,138.78798376430163,15250000
2016-08-03,134.87855529785156,136.05141230044157,134.4876029636549,134.87855529785156,21627000
2016-08-04,136.44227600097656,136.44227600097656,134.87846768004846,135.2694197602805,13612000
2016-08-05,138.3970947265625,138.78804697155277,136.05138125662074,136.83328574660132,25759000
2016-08-08,139.1790008544922,139.1790008544922,138.00614410571836,139.1790008544922,16200000
2016-08-09,139.5699005126953,140.35180471724823,138.39704420586594,139.5699005126953,16413000
2016-08-10,140.35182189941406,140.35182189941406,139.17896544900114,139.9608697492764,19279000
2016-08-11,138.006103515625,139.1789599194405,137.22419924641466,138.78800778483534,28180000
2016-08-12,138.7880401611328,139.56994461274482,138.3970879353268,139.56994461274482,22947000
2016-08-15,139.96090698242188,139.96090698242188,138.78805021999935,139.56995472828103,12020000
2016-08-16,137.22418212890625,139.96084672976764,136.8332300430689,139.17894255809296,34260000
2016-08-17,138.3970947265625,138.78804697155277,137.61519023658192,138.3970947265625,21487000
2016-08-18,137.61512756347656,138.00607963041824,136.83322342959318,137.61512756347656,27253000
2016-08-19,136.44227600097656,138.78798848236872,136.05132392074455,138.39703640213668,23470000
2016-08-22,134.87855529785156,136.05141230044157,134.09665062945822,135.26950763204823,21337000
2016-08-23,136.83322143554688,136.83322143554688,135.66036525181363,136.05131731305804,20888000
2016-08-24,135.660400390625,137.22420904066104,135.660400390625,136.833256878152,12092000
2016-08-25,138.006103515625,138.39705565023016,136.4422949772043,136.8332471118095,23892000
2016-08-26,138.3970947265625,138.3970947265625,136.83328574660132,136.83328574660132,15076000
2016-08-29,137.61512756347656,138.39703169735995,136.0513192957098,136.83322342959318,16975000
2016-08-30,136.05133056640625,138.00609106305,136.05133056640625,137.61513896372125,19471000
2016-08-31,138.006103515625,138.39705565023016,136.4422949772043,138.006103515625,38524000
2016-09-01,136.05133056640625,137.61513896372125,135.26942636774874,137.61513896372125,22692000
2016-09-02,136.05133056640625,138.00609106305,136.05133056640625,138.00609106305,16999000
2016-09-05,138.3970947265625,138.78804697155277,138.0061424815722,138.0061424815722,22381000
2016-09-06,139.1790008544922,139.96090535367472,138.00614410571836,138.39709635530963,26024000
2016-09-07,144.65228271484375,144.65228271484375,140.74276156038852,141.13371367583403,49761000
2016-09-08,143.08847045898438,144.26132677422194,142.69751835390517,142.69751835390517,30204000
2016-09-09,141.1337432861328,141.52469548360133,140.3518388911958,141.52469548360133,29793000
2016-09-12,137.22418212890625,138.78799047225561,136.05132587139423,138.78799047225561,43036000
2016-09-13,137.22418212890625,138.00608630058093,135.66037378555689,138.00608630058093,36834000
2016-09-14,136.05133056640625,137.61513896372125,135.6603784670775,136.05133056640625,52877000
2016-09-19,143.08847045898438,143.08847045898438,139.56990151327165,140.35180572343003,57055000
2016-09-20,143.47943115234375,143.47943115234375,141.91562263842175,142.30657476690226,23641000
2016-09-21,143.8704071044922,143.8704071044922,141.13374175196108,141.52469394517982,25008000
2016-09-22,144.65228271484375,145.04323483028926,143.47942636850718,144.65228271484375,20980000
2016-09-23,146.21612548828125,146.60707769546917,144.26136445234167,144.6523166595296,23213000
2016-09-26,143.47943115234375,144.65228753778527,143.08847902386327,143.47943115234375,24225000
2016-09-27,143.47943115234375,143.47943115234375,143.47943115234375,143.47943115234375,0
2016-09-28,143.47943115234375,143.47943115234375,143.47943115234375,143.47943115234375,0
2016-09-29,146.21612548828125,146.60707769546917,145.0432688667175,145.0432688667175,54272000
2016-09-30,143.8704071044922,145.82516807058582,142.697550524836,145.04326368414837,42592000
2016-10-03,145.43421936035156,145.82517156293315,144.2613627526068,145.43421936035156,17742000
2016-10-04,146.21612548828125,146.21612548828125,144.6523166595296,144.6523166595296,16859000
2016-10-05,145.43421936035156,145.43421936035156,144.2613627526068,145.43421936035156,19148000
2016-10-06,146.60704040527344,146.60704040527344,144.65227986653647,144.65227986653647,15524000
2016-10-07,146.998046875,146.998046875,145.4342378656915,146.998046875,15380000
2016-10-11,146.60704040527344,149.34370515950522,145.43418408203127,149.34370515950522,30294000
2016-10-12,148.1708984375,148.56185067612137,145.43423276715038,145.82518500577177,22604000
2016-10-13,147.3889617919922,149.34372255846424,146.21610533210895,148.95277040516982,37642000
2016-10-14,146.998046875,147.77995137965425,145.8251901180186,146.21614237034575,33248000
2016-10-17,145.82521057128906,146.60711518561232,144.65235364980416,145.82521057128906,37340000
2016-10-18,146.21612548828125,146.21612548828125,145.0432688667175,145.82517328109333,38150000
2016-10-19,148.1708984375,148.1708984375,146.6070894830145,146.6070894830145,33272000
2016-10-20,148.95281982421875,148.95281982421875,147.77996297520917,148.17091525821237,13226000
2016-10-21,147.3889617919922,150.12562686505305,147.3889617919922,149.34372255846424,21936000
2016-10-24,149.34375,149.34375,148.17089332460733,149.34375,13459000
2016-10-25,150.90753173828125,150.90753173828125,149.3437231192317,150.12562742875647,18878000
2016-10-26,149.73468017578125,150.51658451090282,148.95277584065968,148.95277584065968,21043000
2016-10-27,147.3889617919922,149.73467471175863,147.3889617919922,149.73467471175863,26231000
2016-10-28,148.1708984375,148.56185067612137,147.38899396025724,148.1708984375,24348000
2016-10-31,147.3889617919922,148.95277040516982,145.82515317881453,147.77991394528658,25330000
2016-11-01,148.1708984375,148.1708984375,146.6070894830145,147.38899396025724,14290000
2016-11-02,145.43421936035156,146.99802817067794,145.43421936035156,146.60707596809635,16488000
2016-11-03,144.2613525390625,145.82516123867293,144.2613525390625,145.04325688886772,25038000
2016-11-04,144.2613525390625,145.43420906377034,143.8704003641599,144.2613525390625,14860000
2016-11-07,147.77992248535156,147.77992248535156,145.43420943002852,145.8251616059157,21332000
2016-11-08,147.3889617919922,148.5618182518754,146.99800963869777,148.5618182518754,15437000
2016-11-09,142.3065948486328,148.95278197068436,142.3065948486328,148.56182978703427,55541000
2016-11-10,145.04330444335938,146.99806595876854,145.04330444335938,146.21616135260487,38234000
2016-11-11,141.9156494140625,143.08850602079028,141.5246972118199,141.9156494140625,67603000
2016-11-14,141.1337432861328,142.30659987853835,140.7427910886643,141.52469548360133,47989000
2016-11-15,140.74282836914062,142.3066375732422,139.96092376708984,140.35187606811525,33505000
2016-11-16,140.74282836914062,143.088542175293,140.74282836914062,141.13378067016603,34833000
2016-11-17,141.9156494140625,142.6975538185477,141.1337450095773,142.3066016163051,22434000
2016-11-18,141.52471923828125,141.91567150137044,140.7428147121029,141.91567150137044,22474000
2016-11-21,141.52471923828125,141.91567150137044,140.7428147121029,141.1337669751921,15600000
2016-11-22,143.8704071044922,144.65231149092963,141.91564613839853,142.30659833161727,27599000
2016-11-23,145.04330444335938,145.82520904952304,143.87044753411388,144.2613998371957,22128000
2016-11-24,143.08847045898438,144.65227887930112,143.08847045898438,143.87037466914276,14980000
2016-11-25,142.3065948486328,143.4794513995831,142.3065948486328,142.6975470322829,10116000
2016-11-28,143.8704071044922,143.8704071044922,141.91564613839853,141.91564613839853,19096000
2016-11-29,142.3065948486328,144.65230795053336,142.3065948486328,143.4794513995831,24408000
2016-11-30,143.08847045898438,143.08847045898438,141.91561414374678,141.91561414374678,39671000
2016-12-01,143.08847045898438,143.08847045898438,141.91561414374678,142.306566248826,13908000
2016-12-02,139.1790008544922,140.35185760326598,139.1790008544922,139.96090535367472,53836000
2016-12-05,139.96090698242188,140.74281149070356,139.1790024741402,139.1790024741402,29191000
2016-12-06,142.3065948486328,143.08849921593298,141.13373829768256,141.52469048133264,27309000
2016-12-07,141.9156494140625,143.47945822303288,141.9156494140625,143.08850602079028,14110000
2016-12-08,145.04330444335938,145.04330444335938,143.08854292795021,143.87044753411388,27257000
2016-12-09,145.43421936035156,145.43421936035156,144.2613627526068,145.43421936035156,24867000
2016-12-12,144.65228271484375,146.21609117662584,143.87037848395272,145.4341869457348,18796000
2016-12-13,145.43421936035156,145.82517156293315,144.2613627526068,145.82517156293315,23591000
2016-12-14,146.60704040527344,146.60704040527344,145.04323197428386,145.82513618977865,16571000
2016-12-15,146.21612548828125,146.60707769546917,144.26136445234167,144.6523166595296,22803000
2016-12-16,144.65228271484375,146.21609117662584,144.65228271484375,145.04323483028926,35985000
2016-12-19,142.6975555419922,144.26136436984964,142.6975555419922,143.8704121628853,20535000
2016-12-20,142.6975555419922,142.6975555419922,140.74279450717037,141.52469892109912,24139000
2016-12-21,140.74282836914062,142.3066375732422,140.74282836914062,141.5247329711914,29690000
2016-12-22,139.96090698242188,141.1337637448444,139.96090698242188,140.74281149070356,26269000
2016-12-23,139.5699005126953,140.7427568195247,139.5699005126953,139.96085261497177,22961000
2016-12-26,140.35182189941406,140.7427740495517,139.9608697492764,139.9608697492764,5675000
2016-12-27,140.74282836914062,141.13378067016603,140.35187606811525,140.74282836914062,8252000
2016-12-28,142.3065948486328,142.3065948486328,141.13373829768256,141.52469048133264,21226000
2016-12-29,140.74282836914062,141.9156852722168,140.74282836914062,140.74282836914062,30200000
2016-12-30,141.9156494140625,142.6975538185477,140.7427928073347,141.5246972118199,36610000
2017-01-03,143.08847045898438,143.47942256406355,141.5246620386676,141.91561414374678,22630000
2017-01-04,143.08847045898438,143.87037466914276,141.91561414374678,143.08847045898438,24369000
2017-01-05,143.47943115234375,143.47943115234375,141.91562263842175,142.30657476690226,20979000
2017-01-06,143.8704071044922,144.26135929771092,143.47945491127345,143.8704071044922,22443000
2017-01-09,143.8704071044922,144.65231149092963,143.0885027180547,143.8704071044922,18569000
2017-01-10,143.8704071044922,145.04326368414837,143.47945491127345,144.26135929771092,20198000
2017-01-11,142.3065948486328,144.65230795053336,141.91564266498273,144.65230795053336,29107000
2017-01-12,144.2613525390625,145.04325688886772,142.69754383945207,142.69754383945207,41130000
2017-01-13,141.9156494140625,142.6975538185477,141.1337450095773,141.1337450095773,52352000
2017-01-16,140.35182189941406,141.13372619968933,139.9608697492764,140.7427740495517,30756000
2017-01-17,141.52471923828125,141.52471923828125,140.35186244901374,141.1337669751921,13159000
2017-01-18,141.52471923828125,141.52471923828125,140.35186244901374,141.1337669751921,23693000
2017-01-19,141.1337432861328,141.52469548360133,140.3518388911958,140.3518388911958,24627000
2017-01-20,141.52471923828125,141.91567150137044,141.1337669751921,141.52471923828125,23429000
2017-01-23,144.65228271484375,144.65228271484375,142.69752213761615,142.69752213761615,36992000
2017-01-24,145.04330444335938,145.82520904952304,144.2613998371957,144.65235214027754,55022000
2017-02-02,144.2613525390625,147.38896993828337,143.8704003641599,146.99801776338077,94089000
2017-02-03,144.2613525390625,145.43420906377034,143.47944818925728,145.43420906377034,29518000
2017-02-06,144.2613525390625,145.04325688886772,143.8704003641599,144.2613525390625,24779000
2017-02-07,144.2613525390625,144.65230471396512,143.0884960143547,143.47944818925728,23616000
2017-02-08,143.47943115234375,144.26133540930476,143.08847902386327,143.47943115234375,29168000
2017-02-09,143.8704071044922,145.04326368414837,143.47945491127345,143.8704071044922,18967000
2017-02-10,145.04330444335938,145.04330444335938,143.87044753411388,144.2613998371957,34747000
2017-02-13,146.60704040527344,146.99799251302085,145.82513618977865,145.82513618977865,25124000
2017-02-14,146.60704040527344,148.56180094401043,146.60704040527344,147.77989672851564,45696000
2017-02-15,147.77992248535156,148.17087466123874,145.8251616059157,146.21611378180287,39347000
2017-02-16,147.77992248535156,148.9527790130131,146.99801813357723,148.56182683712592,27018000
2017-02-17,148.1708984375,148.95280291474273,147.77994619887863,148.56185067612137,20389000
2017-02-20,148.5618438720703,148.9527960927863,148.17089165135434,148.5618438720703,13254000
2017-02-21,148.5618438720703,148.5618438720703,147.3889872099224,148.5618438720703,31159000
2017-02-22,147.3889617919922,149.34372255846424,147.3889617919922,148.95277040516982,25677000
2017-02-23,147.3889617919922,148.170866098581,146.21610533210895,146.99800963869777,35725000
2017-02-24,147.77992248535156,148.9527790130131,146.60706595769005,146.60706595769005,22766000
2017-03-01,145.43421936035156,147.38898037325953,145.43421936035156,147.38898037325953,46186000
2017-03-02,145.43421936035156,147.38898037325953,144.6523149551884,146.99802817067794,39980000
2017-03-03,143.8704071044922,144.65231149092963,143.8704071044922,144.26135929771092,28197000
2017-03-06,143.47943115234375,144.26133540930476,143.47943115234375,143.87038328082426,12531000
2017-03-07,145.04330444335938,145.04330444335938,143.87044753411388,143.87044753411388,18812000
2017-03-08,146.21612548828125,146.9980299026571,145.0432688667175,145.4342210739054,31791000
2017-03-09,144.2613525390625,145.43420906377034,143.8704003641599,145.04325688886772,28489000
2017-03-10,143.47943115234375,144.26133540930476,143.08847902386327,143.87038328082426,20053000
2017-03-13,145.82521057128906,145.82521057128906,144.65235364980416,144.65235364980416,10487000
2017-03-14,145.43421936035156,146.99802817067794,145.43421936035156,146.99802817067794,22245000
2017-03-15,145.82521057128906,146.2161628784507,145.0433059569658,145.0433059569658,14131000
2017-03-16,148.5618438720703,148.5618438720703,146.99803498920642,146.99803498920642,31507000
2017-03-17,149.73468017578125,149.73468017578125,147.7799193379773,148.1708715055381,33764000
2017-03-20,149.73468017578125,149.73468017578125,148.1708715055381,149.73468017578125,16215000
2017-03-21,152.4713592529297,152.4713592529297,149.73469383044122,150.12564603365385,32246000
2017-03-22,151.2984619140625,151.2984619140625,149.73465352218588,150.5165577181242,27396000
2017-03-23,151.2984619140625,151.2984619140625,150.12560562015506,150.12560562015506,18472000
2017-03-24,150.51657104492188,150.9075231775061,150.12561891233767,150.12561891233767,17541000
2017-03-27,150.90753173828125,152.0803882025684,150.12562742875647,152.0803882025684,29251000
2017-03-28,152.08041381835938,152.47136603897212,150.5166049359084,152.47136603897212,38259000
2017-03-29,149.73468017578125,152.08039318114598,149.34372800822047,152.08039318114598,33374000
2017-03-30,149.73468017578125,150.9075366784636,148.95277584065968,150.51658451090282,28302000
2017-03-31,147.77992248535156,150.1256355406746,147.77992248535156,149.34373118890025,33635000
2017-04-05,150.90753173828125,150.90753173828125,148.17086665494455,148.17086665494455,43748000
2017-04-06,149.73468017578125,150.9075366784636,149.34372800822047,150.9075366784636,16173000
2017-04-07,149.34375,150.12565445026178,147.38898887434556,150.12565445026178,18911000
2017-04-10,148.5618438720703,149.73470053421823,148.17089165135434,149.34374831350226,17024000
2017-04-11,149.34375,149.34375,147.77994109947645,148.56184554973822,8441000
2017-04-12,149.34375,149.7347022251309,148.56184554973822,148.9527977748691,17283000
2017-04-13,149.73468017578125,150.12563234334203,148.1708715055381,148.1708715055381,14771000
2017-04-14,147.77992248535156,148.17087466123874,146.99801813357723,148.17087466123874,30701000
2017-04-17,146.60704040527344,147.77989672851564,146.60704040527344,147.77989672851564,17096000
2017-04-18,146.998046875,148.1709036319814,146.60709462267286,146.998046875,25063000
2017-04-19,145.82521057128906,146.60711518561232,145.82521057128906,146.60711518561232,30477000
2017-04-20,146.21612548828125,146.9980299026571,145.82517328109333,145.82517328109333,21488000
2017-04-21,148.5618438720703,148.5618438720703,146.60708276849044,146.60708276849044,17373000
2017-04-24,148.5618438720703,149.73470053421823,147.3889872099224,149.34374831350226,19317000
2017-04-25,150.12562561035156,150.12562561035156,148.1708648602168,148.9527691602707,31932000
2017-04-26,149.34375,150.12565445026178,148.9527977748691,150.12565445026178,29909000
2017-04-27,150.90753173828125,150.90753173828125,148.95277096446932,150.12562742875647,27940000
2017-04-28,152.08041381835938,152.08041381835938,150.90755715652114,151.29850937713388,34852000
2017-05-02,153.64418029785156,155.59894086143746,152.86227607241722,155.20798874872028,44119000
2017-05-03,154.81707763671875,155.20802985297308,154.03517320421008,154.81707763671875,25723000
2017-05-04,154.81707763671875,155.59898206922745,154.03517320421008,155.20802985297308,22088000
2017-05-05,154.42613220214844,155.20803666899477,154.0351799687253,154.0351799687253,17036000
2017-05-08,158.33563232421875,158.33563232421875,155.5989670741705,155.5989670741705,36538000
2017-05-09,159.1175537109375,161.85421925387746,159.1175537109375,160.68136259261746,48077000
2017-05-10,160.68136596679688,161.07231819542656,159.50850928090784,159.50850928090784,28312000
2017-05-11,162.2451629638672,163.02706736369308,159.50849756447667,159.8994497643896,43718000
2017-05-12,161.07232666015625,161.85423115850654,160.290422161806,160.290422161806,25009000
2017-05-15,161.07232666015625,161.07232666015625,159.5085176634557,159.5085176634557,25666000
2017-05-16,159.89944458007812,160.29039676731549,159.1175402056034,160.29039676731549,33224000
2017-05-17,159.50848388671875,159.50848388671875,158.72657955394072,158.72657955394072,21567000
2017-05-18,159.1175537109375,159.5085059313575,157.5537448292575,158.3356492700975,22461000
2017-05-19,158.7266082763672,159.8994649877689,158.33565603923327,159.11756051350108,16492000
2017-05-22,160.29039001464844,160.29039001464844,158.7265813315787,159.11753350234613,13726000
2017-05-23,160.29039001464844,161.85419869771818,159.899437843881,160.29039001464844,19991000
2017-05-24,160.68136596679688,161.07231819542656,160.2904137381672,160.2904137381672,13380000
2017-05-25,161.8542022705078,161.8542022705078,160.68134573231572,161.0722979117131,22328000
2017-05-26,161.8542022705078,161.8542022705078,160.29039355291837,160.29039355291837,32514000
2017-05-31,158.7266082763672,161.85422617343846,158.7266082763672,161.46327393630455,67475000
2017-06-01,161.8542022705078,161.8542022705078,159.899441373521,160.29039355291837,27589000
2017-06-02,163.41806030273438,163.41806030273438,162.2452034106095,163.02710800535942,22573000
2017-06-05,165.7637481689453,165.7637481689453,163.41803475146023,163.80898698770775,21457000
2017-06-06,164.59088134765625,165.37278577211066,164.59088134765625,164.59088134765625,14912000
2017-06-07,165.37277221679688,166.15467657716,164.19991567625223,165.76372439697843,29514000
2017-06-08,166.54563903808594,166.54563903808594,165.37278242514168,165.76373462945645,18437000
2017-06-09,165.7637481689453,168.10946158643037,165.7637481689453,167.71850935018287,31774000
2017-06-12,162.2451629638672,164.19992396343187,161.85421076395426,161.85421076395426,58256000
2017-06-13,162.6361083984375,163.02706058208759,161.46325184748724,161.85420403113733,43566000
2017-06-14,161.8542022705078,163.80896316749462,161.0722979117131,163.0270588086999,36293000
2017-06-15,162.6361083984375,162.6361083984375,161.85420403113733,162.24515621478741,17748000
2017-06-16,165.37277221679688,165.76372439697843,161.85420259516292,162.24515477534447,32816000
2017-06-19,166.54563903808594,166.54563903808594,164.59087801651216,164.98183022082694,15632000
2017-06-20,169.2823028564453,170.45515945822206,167.7184940540763,168.10944625466854,28630000
2017-06-21,168.5003662109375,169.6732225882758,167.71846195937863,168.89131833671692,44789000
2017-06-22,170.45513916015625,170.45513916015625,169.2822826980451,169.67323485208215,24139000
2017-06-23,169.6732635498047,170.8461202102872,169.6732635498047,170.45516799012637,39621000
2017-06-26,173.7130889892578,173.7130889892578,171.28918542196584,171.28918542196584,58686000
2017-06-27,170.88519287109375,172.9051124085771,170.48120896359706,172.9051124085771,43269000
2017-06-28,168.46128845214844,169.67324016763152,168.0573045469874,169.2692562624705,48568000
2017-06-29,169.67327880859375,170.07726280575707,168.46132681710378,170.07726280575707,26019000
2017-06-30,168.46128845214844,168.46128845214844,166.84535283150433,166.84535283150433,30867000
2017-07-03,168.86529541015625,168.86529541015625,167.24935956891073,167.6533435292221,19027000
2017-07-04,167.2493438720703,168.46129563925922,167.2493438720703,168.05731171686293,21132000
2017-07-05,168.46128845214844,168.46128845214844,166.84535283150433,167.24933673666536,23276000
2017-07-06,167.65333557128906,168.46130345356033,167.24935163015343,168.0573195124247,15242000
2017-07-07,166.44140625,167.65335823725727,166.03742225424756,167.24937424150485,20655000
2017-07-10,166.44140625,167.24937424150485,166.44140625,166.8453902457524,13292000
2017-07-11,171.2891845703125,171.2891845703125,167.6533292374521,168.0573131633255,33265000
2017-07-12,170.0772247314453,171.6931603583474,170.0772247314453,170.48120863817084,26426000
2017-07-13,173.3091278076172,174.5210797503278,170.88522392219596,171.28920790309948,50090000
2017-07-14,172.09715270996094,173.30910448960856,171.28918485686253,172.09715270996094,22335000
2017-07-17,172.09715270996094,174.11707234270696,170.88520093031332,173.71308841615775,21372000
2017-07-18,172.90516662597656,172.90516662597656,171.2892304892852,172.0971985576309,18613000
2017-07-19,173.3091278076172,173.7131117885207,171.69319188400303,171.69319188400303,20637000
2017-07-20,174.11705017089844,174.11705017089844,172.90509854557897,173.71306629579195,20770000
2017-07-21,172.90516662597656,173.71313469432226,172.50118259180374,172.90516662597656,15032000
2017-07-24,173.3091278076172,173.3091278076172,172.09717586490657,172.5011598458101,19972000
2017-07-25,172.90516662597656,173.3091506601494,172.50118259180374,172.90516662597656,13344000
2017-07-26,172.09715270996094,173.71308841615775,171.69316878341172,173.71308841615775,14684000
2017-07-27,174.11705017089844,174.52103404600493,172.50111467047248,172.50111467047248,23013000
2017-07-28,172.09715270996094,172.90512056305934,171.69316878341172,172.09715270996094,19724000
2017-07-31,173.3091278076172,173.3091278076172,170.88522392219596,170.88522392219596,19993000
2017-08-01,171.2891845703125,172.90512027380603,171.2891845703125,171.69316849618588,19704000
2017-08-02,174.52108764648438,174.52108764648438,172.90515164975767,172.90515164975767,27320000
2017-08-03,172.5011444091797,172.90512835393187,171.69317651967532,172.0971604644275,25694000
2017-08-04,172.09715270996094,172.90512056305934,171.69316878341172,172.50113663651013,21831000
2017-08-07,174.52108764648438,174.92507164566604,172.50116765057598,172.50116765057598,21564000
2017-08-08,175.7329864501953,176.94493808088632,174.5210348195043,175.7329864501953,25122000
2017-08-09,173.3091278076172,174.11709576942425,172.5011598458101,173.7131117885207,28050000
2017-08-10,172.90516662597656,174.1171187284951,171.69321452345804,174.1171187284951,26273000
2017-08-11,171.69317626953125,172.50114415785845,170.07724049287685,170.48122443704045,41417000
2017-08-14,170.481201171875,172.90510450607226,169.67323339380923,172.5011206170394,29299000
2017-08-15,172.90516662597656,173.3091506601494,172.0971985576309,172.0971985576309,13512000
2017-08-16,172.09715270996094,173.30910448960856,170.4812170037641,173.30910448960856,25176000
2017-08-17,172.90516662597656,172.90516662597656,172.0971985576309,172.50118259180374,8334000
2017-08-18,171.69317626953125,172.09716021369485,170.48122443704045,171.28919232536765,13711000
2017-08-21,170.88519287109375,172.09714459358378,170.88519287109375,171.69316068608708,11882499
2017-08-22,173.3091278076172,173.3091278076172,172.09717586490657,172.5011598458101,14211415
2017-08-23,174.11705017089844,174.52103404600493,172.90509854557897,174.11705017089844,11589917
2017-08-24,175.32899475097656,175.32899475097656,174.1170431743569,174.52102703323013,15224842
2017-08-25,175.7329864501953,175.7329864501953,174.5210348195043,175.7329864501953,10125387
2017-08-28,174.52108764648438,174.92507164566604,173.71311964812102,173.71311964812102,15236159
2017-08-29,174.52108764648438,174.52108764648438,173.71311964812102,174.52108764648438,16160161
2017-08-30,175.7329864501953,176.1369703270923,174.5210348195043,174.5210348195043,19674310
2017-08-31,174.925048828125,176.13700066758082,174.11708093515443,175.73301672109557,26434202
2017-09-01,174.925048828125,175.73301672109557,173.71309698866918,173.71309698866918,17805405
2017-09-04,175.7329864501953,176.1369703270923,174.1170509426073,174.9250186964013,15023185
2017-09-05,176.13699340820312,176.13699340820312,174.92504161869715,176.13699340820312,17357347
2017-09-06,175.32899475097656,176.136962468723,174.52102703323013,174.92501089210333,16012662
2017-09-07,175.32899475097656,176.5409463275962,174.52102703323013,176.136962468723,19135540
2017-09-08,176.13699340820312,176.13699340820312,174.92504161869715,175.32902554853246,25512045
2017-09-11,175.32899475097656,177.34891404534264,174.92501089210333,176.94493018646943,19026886
2017-09-12,176.94497680664062,177.3489607719526,175.73302491070473,176.94497680664062,21588321
2017-09-13,176.13699340820312,176.9449612678738,175.7330094783678,175.7330094783678,17555541
2017-09-14,176.5409698486328,176.9449537613299,175.7330020232386,176.5409698486328,18315567
2017-09-15,176.5409698486328,176.9449537613299,175.3290181105415,176.5409698486328,44551103
2017-09-18,177.3489227294922,177.75290660814707,176.13697109352756,176.94493885083733,17654705
2017-09-19,178.96484375,178.96484375,177.75289221218964,178.96484375,23410233
2017-09-20,178.96484375,179.3688275959368,177.75289221218964,178.56085990406322,20320237
2017-09-21,178.56088256835938,180.17681815721332,177.75291477393242,178.56088256835938,18645565
2017-09-22,176.5409698486328,179.36885723751251,176.5409698486328,178.96487332481541,21557370
2017-09-25,175.32899475097656,176.5409463275962,175.32899475097656,175.73297860984977,16876286
2017-09-26,172.90516662597656,176.1370388993593,172.90516662597656,175.73305486518646,23070901
2017-09-27,173.7130889892578,175.7330086286678,173.7130889892578,175.7330086286678,22590510
2017-09-28,172.90516662597656,174.52110276266794,172.50118259180374,173.71313469432226,31616062
2017-09-29,174.925048828125,175.73301672109557,174.11708093515443,174.52106488163972,21380708
2017-10-02,178.1569061279297,178.1569061279297,176.54097047144054,177.34893829968513,27983551
2017-10-03,179.7728729248047,180.17685690890536,176.9449850360999,176.9449850360999,36679938
2017-10-05,181.38877868652344,182.19674652031642,179.368859102041,179.368859102041,23349939
2017-10-06,181.38877868652344,182.19674652031642,180.58081085273045,181.79276260341993,15642516
2017-10-11,188.25650024414062,188.66048415024395,183.00470946479766,183.00470946479766,63667562
2017-10-12,191.89239501953125,191.89239501953125,189.46849108244243,189.87247507195724,42390186
2017-10-13,191.89239501953125,191.89239501953125,189.46849108244243,191.89239501953125,23145071
2017-10-16,192.29635620117188,192.29635620117188,190.68042043477547,191.89237225957277,19964072
2017-10-17,190.2764129638672,192.29633242208234,189.87242907222415,192.29633242208234,17652304
2017-10-18,191.89239501953125,193.50833097759048,191.48841103001644,193.50833097759048,28886850
2017-10-19,193.1043243408203,195.12424405149835,193.1043243408203,193.5083082829559,23481776
2017-10-20,191.89239501953125,193.50833097759048,191.89239501953125,192.29637900904606,24722035
2017-10-23,193.1043243408203,193.91229222509153,192.70034039868472,193.1043243408203,15772559
2017-10-24,192.29635620117188,193.91229196756828,192.29635620117188,193.91229196756828,14975093
2017-10-25,192.29635620117188,193.10432408437006,191.89237225957277,192.70034014277095,16880187
2017-10-26,190.680419921875,192.2963556839248,190.680419921875,191.4883878028999,12959717
2017-10-27,193.1043243408203,193.91229222509153,191.8923725144135,191.8923725144135,17773541
2017-10-30,196.33621215820312,197.95214806073977,195.12426023130064,195.5282442069348,27784990
2017-10-31,196.33621215820312,197.95214806073977,195.12426023130064,196.7401961338373,22582013
2017-11-01,195.93222045898438,197.9521402575306,195.12425253956587,196.74018837840285,20389054
2017-11-02,194.72024536132812,195.9321970959422,194.3162614497901,195.52821318440417,15810342
2017-11-03,193.1043243408203,194.72026010936273,192.70034039868472,194.31627616722713,16528682
2017-11-06,193.50830078125,197.14415611951983,193.10431685477556,196.7401721930454,21029415
2017-11-07,197.1441650390625,197.1441650390625,195.1242453153016,195.5282292600538,20200261
2017-11-08,195.93222045898438,196.74018837840285,195.52823649927512,196.3362044186936,14129103
2017-11-09,194.72024536132812,196.33618100748023,193.91227753825208,194.3162614497901,20313949
2017-11-10,194.31631469726562,195.52826676398453,193.50834665278634,193.912330675026,14121296
2017-11-13,193.50830078125,195.1242364871477,193.50830078125,193.9122847077244,12087858
2017-11-14,193.91229248046875,194.72026036580402,193.10432459513345,194.72026036580402,16880176
2017-11-15,191.89239501953125,193.50833097759048,190.68044305098684,193.10434698807566,28720308
2017-11-16,192.29635620117188,193.91229196756828,191.89237225957277,192.29635620117188,16487172
2017-11-17,195.12425231933594,195.9322202378425,194.31628440082937,194.31628440082937,18676825
2017-11-20,192.70037841796875,195.12428254901238,192.29639439612814,194.72029852717176,16265271
2017-11-21,196.33621215820312,196.33621215820312,193.508324328764,193.91230830439815,20513024
2017-11-22,195.5282440185547,197.54816389477944,195.5282440185547,197.54816389477944,26626431
2017-11-23,195.93222045898438,196.74018837840285,195.12425253956587,195.52823649927512,9346763
2017-11-24,197.1441650390625,197.54814898381468,195.1242453153016,195.5282292600538,11154453
2017-11-27,191.4883575439453,193.91226080399525,191.4883575439453,193.91226080399525,32247324
2017-11-28,189.06446838378906,189.872436197395,188.25650057018314,189.46845229059204,44803178
2017-11-29,189.4684295654297,190.68038114047508,189.4684295654297,189.87241342377817,25762797
2017-11-30,182.60072326660156,186.23657837589232,182.60072326660156,183.00470716763388,109231770
2017-12-01,186.640625,188.66054518398266,183.81273674242422,184.6207048160173,37446265
2017-12-04,189.06446838378906,189.46845229059204,186.64056494297125,187.85251666338016,21635032
2017-12-05,185.4286346435547,186.6405865039701,184.6206667366111,186.6405865039701,29664765
2017-12-06,183.40869140625,185.4286109151294,183.0047075044741,184.21665920980178,32371690
2017-12-07,183.00473022460938,183.00473022460938,179.77285860916373,183.00473022460938,41343903
2017-12-08,183.40869140625,186.64056262045705,181.3887718973706,186.64056262045705,37959260
2017-12-11,183.81265258789062,185.0246041434152,183.40866873604912,184.62062029157366,20649609
2017-12-12,183.81265258789062,185.4285879952567,181.79273332868303,185.4285879952567,21796584
2017-12-13,183.40869140625,184.21665920980178,183.0047075044741,183.8126753080259,17920331
2017-12-14,186.236572265625,186.236572265625,183.81266893895744,184.21665282673536,17193313
2017-12-15,185.83262634277344,185.83262634277344,183.0047385506008,184.6206744318423,42625779
2017-12-18,183.40869140625,184.21665920980178,183.0047075044741,183.40869140625,14564664
2017-12-19,181.792724609375,184.62061143663195,180.98475694444446,183.00467610677086,25714129
2017-12-20,181.38877868652344,182.19674652031642,180.58081085273045,181.79276260341993,26289333
2017-12-21,181.792724609375,183.40865993923612,181.38874077690974,183.00467610677086,18558164
2017-12-22,183.81265258789062,183.81265258789062,180.984765625,181.79273332868303,19036483
2017-12-25,184.62063598632812,185.4286037586972,183.00470044159005,184.21665210014362,4579675
2017-12-26,182.60072326660156,185.0246266727954,181.79275546453695,185.0246266727954,13755843
2017-12-27,181.792724609375,182.60069227430557,181.792724609375,181.792724609375,12515245
2017-12-28,182.60072326660156,184.21665887073078,181.79275546453695,183.00470716763388,24304371
2017-12-29,185.4286346435547,185.83261859702648,183.00473092272392,183.8126988296675,25007443
2018-01-02,187.85255432128906,187.85255432128906,186.64060235792593,187.04458634571364,18055269
2018-01-03,191.4883575439453,192.29632529729528,190.27640591392034,190.6803897905953,29308091
2018-01-04,193.50830078125,193.9122847077244,191.08439722240345,193.9122847077244,29096613
2018-01-05,193.91229248046875,193.91229248046875,192.29635670979818,193.91229248046875,22438255
2018-01-08,195.5282440185547,195.93222799379964,194.31629209281985,195.5282440185547,20233692
2018-01-09,195.5282440185547,195.5282440185547,193.50832414232997,195.5282440185547,19043123
2018-01-10,191.08441162109375,195.5282351471657,190.68042766417813,195.12425119025008,23631220
2018-01-11,189.8724365234375,190.68040433843083,187.8525169859541,189.8724365234375,30446338
2018-01-12,191.4883575439453,192.29632529729528,188.66047040722037,189.46843816057034,21513291
2018-01-15,193.91229248046875,193.91229248046875,192.29635670979818,193.91229248046875,27476533
2018-01-16,194.31631469726562,194.31631469726562,192.29639458606744,193.912330675026,21691632
2018-01-17,195.5282440185547,196.3362119690446,193.104340167085,194.31629209281985,38046119
2018-01-18,200.78001403808594,201.99196583308444,197.95212651642274,197.95212651642274,49896952
2018-01-19,206.435791015625,206.435791015625,203.20391953201442,204.8198552738197,50549292
2018-01-22,211.28358459472656,211.6875685040855,207.64772941049608,208.05171331985503,43400509
2018-01-23,214.91943359375,214.91943359375,212.09154630962172,212.09154630962172,33527444
2018-01-24,208.4557342529297,212.49557406403298,207.24378230959869,212.49557406403298,41874813
2018-01-25,208.4557342529297,213.30354202625364,207.24378230959869,208.4557342529297,44643756
2018-01-26,206.03179931640625,208.05171891754748,204.8198475557215,207.243751077091,39555523
2018-01-29,208.8596954345703,211.28359905663496,206.03180787549488,209.26367937158108,30071234
2018-01-30,204.4158477783203,208.05170277832997,204.01186388943037,206.8397511116601,36860591
2018-01-31,206.03179931640625,208.05171891754748,203.60789579503677,204.41586363549325,44136808
2018-02-01,209.6676788330078,210.87963073377665,207.6477589983931,208.05174296531604,30559457
2018-02-02,209.6676788330078,210.07166279993075,206.0318231307013,209.26369486608488,25707560
2018-02-05,204.4158477783203,205.62779944499022,202.39592833387053,202.79991222276047,45594379
2018-02-06,193.1043243408203,196.74017982004077,189.06448491946423,195.93221193576957,102409048
2018-02-07,193.91229248046875,198.35611584981282,193.5083085378011,197.95213190714517,80063178
2018-02-08,192.70037841796875,195.528266570853,192.29639439612814,193.50834646164995,30989550
2018-02-09,187.85255432128906,188.2565383090768,184.62068241898731,185.83263438235048,65735265
2018-02-12,191.08441162109375,191.892379534925,189.87245975034685,190.27644370726247,35635236
2018-02-21,195.93222045898438,197.54815629782135,195.52823649927512,197.54815629782135,71504174
2018-02-22,193.50830078125,197.14415611951983,193.10431685477556,197.14415611951983,39239993
2018-02-23,197.95213317871094,197.95213317871094,194.72026161660955,194.72026161660955,26985776
2018-02-26,199.16407775878906,199.97204561987948,197.95212596715342,199.5680616893343,35901810
2018-02-27,198.76011657714844,202.39597236819384,198.76011657714844,202.39597236819384,40818119
2018-03-01,196.33621215820312,197.95214806073977,195.5282442069348,197.14418010947145,39719984
2018-03-02,193.91229248046875,194.72026036580402,192.7003406524658,193.91229248046875,35139170
2018-03-05,195.12425231933594,196.33620419709578,194.31628440082937,195.9322202378425,27337846
2018-03-06,201.99197387695312,201.99197387695312,198.35611834716795,198.35611834716795,34890780
2018-03-07,199.5680694580078,200.78002129682162,198.76010156546528,200.37603735055035,30391219
2018-03-08,201.58798217773438,203.203917906614,201.1839982455145,201.58798217773438,20645694
2018-03-09,202.3959197998047,202.7999036716606,200.7799843123811,201.9919359279488,19831063
2018-03-12,205.22381591796875,206.03178369717335,203.20389646995724,203.60788035955954,24492615
2018-03-13,209.26364135742188,209.26364135742188,206.03177044842695,206.4357543120513,33756883
2018-03-14,207.647705078125,208.0516889401447,206.4357534920659,207.24372121610529,23772838
2018-03-15,206.03179931640625,208.45570283777573,206.03179931640625,208.45570283777573,19396493
2018-03-16,206.03179931640625,206.83976715686273,201.5879761938955,204.41586363549325,62929326
2018-03-19,206.03179931640625,206.43578323663448,202.79992795458026,204.011879715265,21440766
2018-03-20,204.4158477783203,205.22381555610025,203.20389611165044,204.4158477783203,21840151
2018-03-21,204.01185607910156,206.03177544622136,202.79990445882967,206.03177544622136,28976737
2018-03-22,203.20391845703125,205.6278220569163,201.58798272377453,205.6278220569163,27000668
2018-03-23,197.95213317871094,199.56806895976163,197.1441652881856,197.95213317871094,52498390
2018-03-26,196.7401580810547,197.54812587604877,195.12422249106658,195.12422249106658,36987945
2018-03-27,202.79991149902344,202.79991149902344,199.56804039943742,200.37600817433392,31008260
2018-03-28,197.95213317871094,200.376036850287,197.1441652881856,199.97205290502433,29637411
2018-03-29,197.1441650390625,199.56806870757555,195.93221320480598,196.33619714955813,36165345
2018-03-30,198.76011657714844,201.58800441462822,198.76011657714844,199.9720685074969,16996346
2018-04-02,199.16407775878906,201.18399741151512,197.95212596715342,200.7800134809699,17696003
2018-04-03,197.1441650390625,197.54814898381468,195.5282292600538,196.33619714955813,35813944
2018-04-09,197.95213317871094,200.376036850287,196.7401813429229,200.376036850287,34694824
2018-04-10,198.3560791015625,201.18396617633022,196.7401436302667,197.5481113659146,25156994
2018-04-11,200.37600708007812,200.77999096532022,199.16405542435186,199.16405542435186,21607935
2018-04-12,197.95213317871094,200.78002079554966,197.1441652881856,200.78002079554966,20409657
2018-04-13,197.5481414794922,198.76009326770992,197.14415755008628,198.76009326770992,19742548
2018-04-16,196.7401580810547,197.14414197855172,195.5282063885636,196.33617418355766,18350139
2018-04-17,192.29635620117188,196.74017955876198,191.89237225957277,196.33619561716287,42756389
2018-04-18,192.29635620117188,195.12424379236558,191.08440437637458,193.50830802596917,42500048
2018-04-19,197.5481414794922,197.5481414794922,194.72025397365078,195.5282218324626,31901989
2018-04-20,185.02467346191406,187.04459347787383,184.21670545553016,184.21670545553016,128452087
2018-04-23,183.00473022460938,183.81269812847077,181.79277836881727,183.00473022460938,71009975
2018-04-24,183.40869140625,183.8126753080259,181.79275579914648,181.79275579914648,40967892
2018-04-25,181.792724609375,182.60069227430557,180.98475694444446,182.1967084418403,46771110
2018-04-26,179.3688507080078,182.19673799394488,178.5608829120258,181.79275409595385,48023557
2018-04-27,180.580810546875,182.196746211724,178.56089096581377,181.79276229551175,34174459
2018-04-30,183.40869140625,184.21665920980178,179.77283629026707,181.3887718973706,28500789
2018-05-02,180.17681884765625,183.8126739365103,179.77283494889468,183.40869003774873,38167942
2018-05-03,178.1569061279297,179.77284178441886,177.7529222138074,178.560890042052,31690731
2018-05-04,180.17681884765625,180.98478664517938,178.15689935384844,178.56088325261,27208722
2018-05-07,180.580810546875,182.196746211724,178.964874882026,181.79276229551175,23268759
2018-05-08,184.21665954589844,184.62064344841136,180.58080442328202,180.98478832579494,40324763
2018-05-09,185.4286346435547,187.4485544109137,184.6206667366111,184.6206667366111,33778934
2018-05-10,185.4286346435547,187.0445704574419,185.0246506900829,186.6405865039701,27530377
2018-05-11,188.25650024414062,189.06446805634724,186.2365807136241,187.448532431934,30693910
2018-05-14,188.25650024414062,189.46845196245056,187.85251633803733,189.46845196245056,19921437
2018-05-15,186.236572265625,189.0644594800705,185.42860449006915,188.66047559229258,23771769
2018-05-16,186.236572265625,186.236572265625,184.6206367145133,185.42860449006915,14409556
2018-05-17,183.00473022460938,187.0445697439164,183.00473022460938,186.64058579198573,26852737
2018-05-18,180.580810546875,183.81268187657298,180.580810546875,182.196746211724,27664541
2018-05-21,185.02467346191406,185.83264146829796,181.79280143637845,181.79280143637845,16127815
2018-05-22,185.02467346191406,188.66052949064164,185.02467346191406,185.83264146829796,22355097
2018-05-23,184.62063598632812,187.0445393034353,184.62063598632812,187.0445393034353,23062899
2018-05-24,185.02467346191406,185.83264146829796,184.6206894587221,185.42865746510603,12996610
2018-05-25,184.62063598632812,185.4286037586972,184.21665210014362,184.62063598632812,15971294
2018-05-28,183.40869140625,185.8325948169053,183.0047075044741,185.4286109151294,16373270
2018-05-29,181.792724609375,183.00467610677086,180.58077311197917,183.00467610677086,23764776
2018-05-30,178.56088256835938,180.98478595164028,178.1568986711459,180.98478595164028,49163788
2018-05-31,180.9847869873047,180.9847869873047,178.15689969062805,178.9648674896785,96069458
2018-06-01,180.9847869873047,183.00470648493086,180.9847869873047,181.38877088682992,27617994
2018-06-04,185.02467346191406,185.02467346191406,183.40873744914626,183.8127214523382,25959480
2018-06-05,185.02467346191406,185.83264146829796,183.0047534459543,185.83264146829796,26534884
2018-06-06,185.83262634277344,185.83262634277344,183.40872252091117,185.02465840215268,24767441
2018-06-07,185.83262634277344,187.04457825370457,184.21669046153193,186.6405942833942,24958266
2018-06-08,183.40869140625,185.02462701335352,182.60072360269825,185.02462701335352,23548851
2018-06-11,182.60072326660156,183.40869106866617,181.79275546453695,183.00470716763388,21696933
2018-06-12,185.02467346191406,185.02467346191406,180.98483342999455,181.79280143637845,29501260
2018-06-13,187.4486083984375,187.4486083984375,184.21673583984375,185.0247039794922,28944970
2018-06-14,183.00473022460938,185.8326178881243,183.00473022460938,185.8326178881243,33408041
2018-06-15,186.640625,186.640625,180.98484848484847,181.79281655844156,48059679
2018-06-19,181.792724609375,182.60069227430557,180.98475694444446,182.1967084418403,56889624
2018-06-20,182.60072326660156,183.8126749696985,180.58080376144005,181.38877156350466,40708701
2018-06-21,183.00473022460938,184.21668208040148,182.60074627267866,183.81269812847077,31242557
2018-06-22,183.81265258789062,183.81265258789062,180.984765625,181.38874947684153,43581409
2018-06-25,182.55654907226562,184.65008747905767,182.55654907226562,184.23137979769928,45025211
2018-06-26,179.62562561035156,180.881748866368,177.95079460232964,180.4630411143625,38446346
2018-06-27,178.36947631835938,180.8817224636884,177.9507686274712,180.8817224636884,39888414
2018-06-28,177.53208923339844,179.62562802152814,175.85725820289468,176.69467371814656,37940780
2018-06-29,181.30044555664062,181.71915328309936,177.53207601851182,177.53207601851182,34313680
2018-07-02,179.20687866210938,183.39395526636426,179.20687866210938,182.97524760593876,32449442
2018-07-03,179.62562561035156,182.55657987438994,178.78821010634059,180.4630411143625,28323220
2018-07-04,180.88172912597656,182.13785224490695,180.46302141966643,181.71914453859682,15212295
2018-07-05,179.62562561035156,180.04433336235704,178.3695023543351,179.2069178583461,18225416
2018-07-06,181.71914672851562,182.13785443987166,180.0443158830915,182.13785443987166,29033762
2018-07-09,185.48751831054688,186.74364145937676,182.9752720128871,183.81268744544036,38734793
2018-07-10,185.90623474121094,187.58106568482546,185.90623474121094,186.7436502130182,20118957
2018-07-11,184.23141479492188,184.23141479492188,182.5565837513317,184.23141479492188,19854690
2018-07-12,184.65011596679688,185.90623920466624,182.5565772370146,182.5565772370146,23666051
2018-07-13,187.99978637695312,187.99978637695312,186.32495531791568,186.32495531791568,29716311
2018-07-16,187.16232299804688,188.41844597118813,187.16232299804688,187.99973831347438,15819254
2018-07-17,185.48751831054688,187.1623491756534,185.06881059427025,186.32493374310013,21548436
2018-07-18,186.74363708496094,187.58105249789799,185.9062216720239,186.74363708496094,39898658
2018-07-19,187.99978637695312,190.09332520074992,187.99978637695312,188.83720190647185,39661216
2018-07-20,198.88619995117188,198.88619995117188,195.11782984683387,196.79266100431744,97969023
2018-07-23,201.81710815429688,205.16676970042627,199.72356968796598,200.14227738123216,52256877
2018-07-24,201.81710815429688,202.23581584756303,199.72356968796598,200.9796927677645,27239267
2018-07-25,201.39842224121094,201.81712997975816,200.1422990255693,200.1422990255693,20962512
2018-07-26,201.81710815429688,203.0732312340954,200.56098507449835,201.81710815429688,30606388
2018-07-27,204.74806213378906,204.74806213378906,201.81710827911314,202.65452366616339,27129646
2018-07-30,205.58547973632812,205.58547973632812,204.32935664221614,204.74806434025348,22788730
2018-07-31,206.0042266845703,206.0042266845703,202.65456446205698,203.91068779549948,27059442
2018-08-01,207.6790313720703,207.6790313720703,206.4229081984489,206.84161592298938,29136161
2018-08-02,204.74806213378906,208.93513906904036,203.9106467467388,208.51643137551522,22402110
2018-08-03,206.84164428710938,207.67905985102482,205.16681315927855,206.00422872319396,24719097
2018-08-06,205.58547973632812,206.8416028304401,204.32935664221614,205.1667720382908,22364568
2018-08-07,202.2358856201172,205.58554832189967,202.2358856201172,205.16684048417684,23992418
2018-08-08,207.2602996826172,207.2602996826172,204.7480536258582,205.1667613019847,24382432
2018-08-09,206.84164428710938,207.67905985102482,206.00422872319396,206.84164428710938,15128655
2018-08-10,205.16680908203125,206.84164017657844,204.74810130839444,206.42293240294163,15890492
2018-08-13,201.39842224121094,203.491960933947,200.1422990255693,202.2358377183054,17881194
2018-08-14,203.91064453125,205.16676759817761,203.07322915329826,205.16676759817761,17358913
2018-08-15,202.2358856201172,204.74813264645402,200.56105426922593,204.74813264645402,18473321
2018-08-16,200.14227294921875,202.23581136918966,199.3048575812304,199.3048575812304,19155966
2018-08-17,200.56103515625,201.81715854971296,200.14232735842901,200.56103515625,18324474
2018-08-20,200.56103515625,200.97974295407099,199.30491176278707,200.56103515625,16933437
2018-08-21,201.81710815429688,201.81710815429688,199.72356968796598,200.14227738123216,12014127
2018-08-22,202.65455627441406,203.07326403531164,201.39843299172142,202.23584851351652,12614240
2018-08-23,204.74806213378906,204.74806213378906,203.49193905321366,203.49193905321366,14839240
2018-08-24,203.91064453125,206.00418297612936,203.49193684227413,205.58547528715349,14355943
2018-08-27,205.16680908203125,206.42293240294163,204.74810130839444,206.00422462930484,15152299
2018-08-28,208.93516540527344,209.35387315157658,207.67904216636396,208.09774991266713,36792531
2018-08-29,216.89056396484375,216.89056396484375,212.28477978798415,212.28477978798415,56993182
2018-08-30,220.658935546875,224.42730446513283,219.8215202317066,221.4963508620434,48957808
2018-08-31,214.37831115722656,216.8905569911003,212.70348060131073,215.63443407416344,69069506
2018-09-03,215.21572875976562,217.72797462077455,214.79702111626412,216.8905593337716,26720905
2018-09-04,215.63449096679688,217.30932196459725,213.95965996899653,216.47190646569706,34304615
2018-09-05,221.07766723632812,221.49637493942726,216.89059020533708,217.72800561153528,44864459
2018-09-06,218.56536865234375,224.42727509129548,218.56536865234375,224.42727509129548,35698488
2018-09-07,221.07766723632812,221.07766723632812,218.14671331463438,220.24025183012992,38663728
2018-09-10,221.49636840820312,223.1711991712141,219.82153764519214,223.1711991712141,41659795
2018-09-11,217.72802734375,220.6589815579928,216.0531963641827,220.24027381310097,34350276
2018-09-12,218.1466827392578,219.4028056724973,216.05314451719198,218.56539038367097,37885965
2018-09-13,213.54090881347656,217.72798545687806,212.2847858204561,217.72798545687806,37576180
2018-09-14,218.56536865234375,218.984076255126,215.2157078300856,215.2157078300856,37903219
2018-09-17,216.05320739746094,219.8215772939283,215.21579186491266,219.8215772939283,24765758
2018-09-18,213.12220764160156,215.21574602707898,212.70349996450608,214.7970383499835,33960152
2018-09-19,216.05320739746094,217.72803846255755,215.21579186491266,216.05320739746094,59227711
2018-09-20,217.72802734375,218.9841505784255,215.63448861929086,218.9841505784255,29649071
2018-09-21,218.98410034179688,218.98410034179688,216.05314679993725,218.98410034179688,35012974
2018-09-25,220.658935546875,221.0776432044592,218.1466896013698,218.98410491653817,24397062
2018-09-26,220.658935546875,220.658935546875,218.565397258954,220.2402278892908,24859115
2018-09-27,221.9150390625,222.75245430424528,219.40279333726414,221.07762382075472,38495371
2018-09-28,219.82150268554688,222.7524560546875,217.72796456473213,222.7524560546875,39626486
2018-10-01,220.24029541015625,221.07771098205797,218.56546426635276,219.4028798382545,22254380
2018-10-02,215.63449096679688,220.24027621074788,215.2157832173468,219.4028607118477,38391491
2018-10-03,217.72802734375,217.72802734375,215.21578087439906,215.63448861929086,25228536
2018-10-04,212.70350646972656,215.6344602990338,212.70350646972656,215.21575260913278,36408727
2018-10-05,209.35385131835938,211.8660975341797,208.09772821044922,209.35385131835938,40204660
2018-10-08,203.91064453125,206.42289066510523,201.81710608637064,205.58547528715349,50876958
2018-10-09,204.32937622070312,205.1667916970175,202.65454526807443,203.91066848254596,28905345
2018-10-11,190.51197814941406,195.53646988082718,190.09327050512965,195.53646988082718,94589657
2018-10-12,198.46743774414062,198.46743774414062,191.76811495108947,193.44294564935225,47175769
2018-10-15,193.02426147460938,195.95521555339954,193.02426147460938,195.95521555339954,42168280
2018-10-16,198.46743774414062,198.46743774414062,191.76811495108947,192.18682262565517,37818077
2018-10-17,199.72361755371094,203.49198769623376,199.30490976009727,202.23586431539283,42494858
2018-10-18,198.04872131347656,200.14225959374588,197.21130600136885,199.30484428163817,25676430
2018-10-19,197.6300506591797,198.0487583936271,192.60555784581072,193.44297331470554,28358460
2018-10-22,198.46743774414062,199.30485309327202,193.86165332391795,194.69906867304934,29275777
2018-10-23,192.6055450439453,195.9552066968835,192.6055450439453,194.2803758704144,32827745
2018-10-24,192.18685913085938,193.4429823931526,190.0933203603707,192.6055668849571,44321950
2018-10-25,183.81265258789062,185.90619077226296,183.81265258789062,184.65006786163954,75524118
2018-10-26,185.0688018798828,187.58104805924773,181.71914030739626,186.7436326661261,38439644
2018-10-29,186.324951171875,187.58107443820225,185.06882790554775,186.74365892731743,18463792
2018-10-30,186.74363708496094,188.41846791083503,184.65009855261832,185.06880625908684,28877931
2018-10-31,195.9552001953125,195.9552001953125,190.93070788261218,190.93070788261218,57283201
2018-11-01,197.21133422851562,198.46745737646796,195.11779564859506,197.63004194449974,41974797
2018-11-02,198.04872131347656,198.04872131347656,195.5364753771534,198.04872131347656,30722361
2018-11-05,196.79261779785156,197.21132549529378,194.28037161319813,195.11778700808262,25452065
2018-11-06,196.37388610839844,197.21130140097156,194.69905552325218,195.95517846211186,30468176
2018-11-07,195.9552001953125,197.63003096621262,194.69907711713742,195.11778480986246,34424652
2018-11-08,198.04872131347656,198.8861366255843,197.63001365742272,198.8861366255843,24739146
2018-11-09,193.44302368164062,196.3739785859079,193.44302368164062,196.3739785859079,23219081
2018-11-12,193.8616485595703,196.3738945452235,192.60552556674372,192.60552556674372,23228445
2018-11-13,190.51197814941406,190.9306857936985,187.99973228370752,187.99973228370752,36104127
2018-11-14,191.34942626953125,193.4429648501607,191.34942626953125,192.60554941790892,20028279
2018-11-15,193.44302368164062,194.28043936857415,191.34948446430684,192.18690015124037,22072228
2018-11-16,189.25587463378906,191.76812075724644,188.41845925930326,191.76812075724644,46738909
2018-11-19,185.90623474121094,188.4184811566327,185.0688192694037,188.4184811566327,48944754
2018-11-20,182.55654907226562,184.65008747905767,182.55654907226562,183.39396443498245,41569756
2018-11-21,183.3939971923828,184.2314127046768,179.2069196309129,179.6256273870599,35206343
2018-11-22,183.3939971923828,185.9062437292648,183.3939971923828,185.4875359731178,21929610
2018-11-23,182.9752655029297,184.6500963084485,181.71914239879058,184.6500963084485,14883334
2018-11-26,186.74363708496094,187.58105249789799,182.97526772674425,183.39397543321277,30599804
2018-11-27,187.58102416992188,187.99973181315832,183.39394773755757,184.23136302403043,26584349
2018-11-28,189.6746063232422,190.0933140634701,185.906236661191,186.32494440141892,24429026
2018-11-29,191.7681427001953,193.86168137596164,191.7681427001953,193.86168137596164,44383207
2018-11-30,188.8372039794922,193.44298944240663,188.8372039794922,192.18686613433906,55827957
2018-12-03,196.79261779785156,196.79261779785156,193.44295621831367,193.44295621831367,45333986
2018-12-04,195.9552001953125,196.37390788803754,193.44295403896234,195.11778480986246,39746162
2018-12-05,189.25587463378906,190.51199769551775,188.41845925930326,189.67458232103195,42835576
2018-12-06,184.23141479492188,185.9062458385121,183.81270703402433,184.23141479492188,40149112
2018-12-07,185.0688018798828,187.16234036268693,184.65009418332198,186.32492496956527,25063568
2018-12-10,183.3939971923828,184.2314127046768,182.97528943623584,183.8127049485298,19433461
2018-12-11,186.324951171875,186.74365892731743,183.3939968837781,184.23141239466293,27375220
2018-12-12,189.6746063232422,190.0933140634701,186.32494440141892,187.16235988187475,26433846
2018-12-13,189.25587463378906,190.51199769551775,188.41845925930326,190.09329000827483,32087141
2018-12-14,186.324951171875,187.16236668275982,184.65012015010532,186.74365892731743,38646159
2018-12-17,187.16232299804688,188.41844597118813,184.2313693940506,185.0687847094781,18938952
2018-12-18,186.324951171875,186.74365892731743,184.65012015010532,185.06882790554775,30203541
2018-12-19,188.8372039794922,188.8372039794922,185.90624959400117,185.90624959400117,23390082
2018-12-20,185.0688018798828,186.32492496956527,185.0688018798828,185.0688018798828,35027116
2018-12-21,187.16232299804688,187.58103065576063,183.39395407862312,183.39395407862312,43507532
2018-12-24,184.23141479492188,185.48753807761454,183.81270703402433,185.48753807761454,22976100
2018-12-25,182.1378631591797,182.5565708905801,180.04432450217763,180.46303223357802,19402777
2018-12-26,181.30044555664062,183.81269191539315,180.88173783018186,182.97527646247565,16463259
2018-12-27,186.74363708496094,187.58105249789799,184.65009855261832,185.9062216720239,21491484
2018-12-28,188.8372039794922,188.8372039794922,186.32495736335704,187.16237290206877,29456773
2019-01-02,183.81265258789062,189.67455950413316,183.39394495101615,189.67455950413316,32900482
2019-01-03,180.4630126953125,182.55655112565256,179.20688963710847,179.20688963710847,34087620
2019-01-04,174.1824188232422,177.1133729861333,172.92629561057458,177.1133729861333,65943521
2019-01-07,178.36947631835938,179.2068917001357,176.6946455548067,177.53206093658304,35442176
2019-01-08,176.69464111328125,177.95076415437092,175.8572257525548,177.5320564740077,22694481
2019-01-09,180.4630126953125,181.30042806744854,176.69464352070042,177.53205889283643,46295446
2019-01-10,180.88172912597656,181.3004368322867,179.62560600704617,180.88172912597656,20754593
2019-01-11,184.65011596679688,184.65011596679688,182.5565772370146,183.39399272892751,28102288
2019-01-14,182.9752655029297,184.2313886070688,181.71914239879058,182.9752655029297,17612296
2019-01-15,185.0688018798828,185.0688018798828,180.4630172177138,181.30043261083543,38882923
2019-01-16,182.1378631591797,184.23140181618174,182.1378631591797,182.97527862198052,28978282
2019-01-17,184.65011596679688,185.06882371275333,182.5565772370146,182.5565772370146,21163986
2019-01-18,182.9752655029297,184.2313886070688,182.13785010017028,183.3939732043094,49627569
2019-01-21,185.0688018798828,186.7436326661261,184.23138648676118,184.23138648676118,29384866
2019-01-22,186.74363708496094,186.74363708496094,183.39397543321277,184.2313908461498,28926483
2019-01-23,184.65011596679688,185.90623920466624,184.23140822084042,185.48753145870978,16671213
2019-01-24,186.324951171875,186.324951171875,184.65012015010532,186.324951171875,26417924
2019-01-25,189.25587463378906,190.09329000827483,188.41845925930326,189.67458232103195,46692764
2019-01-28,191.7681427001953,192.1868504353486,190.9307272298888,192.1868504353486,26026257
2019-01-29,186.324951171875,188.41848994908707,185.90624341643257,186.324951171875,41122520
2019-01-30,185.0688018798828,185.48750957644364,184.23138648676118,184.65009418332198,44755945
2019-02-11,190.93069458007812,191.76810990718374,189.6745715894197,190.93069458007812,78307106
2019-02-12,192.6055450439453,192.6055450439453,191.76812963071077,192.6055450439453,29406670
2019-02-13,191.7681427001953,194.2803891111149,191.34943496504204,194.2803891111149,28634925
2019-02-14,190.09332275390625,192.60556931012528,189.25590723516657,192.18686155075545,23647751
2019-02-15,190.09332275390625,191.7681537913856,189.67461499453643,191.7681537913856,22369799
2019-02-18,192.6055450439453,193.0242527505626,191.3494219240935,191.76812963071077,16978916
2019-02-19,191.7681427001953,193.0242659056551,191.7681427001953,192.60555817050184,16577023
2019-02-20,196.37388610839844,196.37388610839844,193.44293258439248,193.86164023067906,30479710
2019-02-21,198.04872131347656,198.04872131347656,196.37389068926112,197.21130600136885,33764489
2019-02-22,198.04872131347656,198.04872131347656,195.95518303320728,197.21130600136885,22032163
2019-02-25,199.30484008789062,200.14225538237756,197.63000949891676,198.88613244064717,24105138
2019-02-26,200.56103515625,200.97974295407099,198.04878836932411,200.14232735842901,24522789
2019-02-27,200.14227294921875,200.56098063321295,198.46744221324204,199.72356526522458,35240889
2019-03-04,197.21133422851562,200.5609959563885,196.3739187965474,200.5609959563885,39655513
2019-03-05,195.11776733398438,196.37389029965382,194.69905967876124,195.95518264443066,22641407
2019-03-06,195.9552001953125,197.21132327348758,195.5364925025875,196.79261558076257,20433226
2019-03-07,195.9552001953125,196.79261558076257,195.11778480986246,196.79261558076257,17126192
2019-03-08,192.6055450439453,193.86166816379713,191.76812963071077,193.44296045717985,22190659
2019-03-11,193.02426147460938,193.02426147460938,190.51201512136066,190.9307228469021,23200793
2019-03-12,197.21133422851562,198.46745737646796,194.69908793261098,195.11779564859506,23588085
2019-03-13,198.46743774414062,198.46743774414062,195.95519169674643,195.95519169674643,20500195
2019-03-14,196.37388610839844,200.1422549249775,195.95517846211186,200.1422549249775,17175356
2019-03-15,200.14227294921875,200.56098063321295,197.2113191612595,198.46744221324204,33649729
2019-03-18,201.81710815429688,201.81710815429688,200.14227738123216,200.56098507449835,26856532
2019-03-19,201.39842224121094,201.39842224121094,199.30488354847486,200.1422990255693,14479009
2019-03-20,202.65455627441406,202.65455627441406,200.56101746992633,202.65455627441406,22975971
2019-03-21,205.58547973632812,205.58547973632812,201.81711045399217,203.07323354810416,26179502
2019-03-22,208.09774780273438,208.09774780273438,204.74808586627185,207.67904006067656,22931467
2019-03-25,202.2358856201172,203.9107169710084,201.39846994467155,201.39846994467155,19211254
2019-03-26,204.32937622070312,204.32937622070312,201.81712979176007,203.49196074438876,19920170
2019-03-27,202.2358856201172,203.0733012955628,201.39846994467155,202.65459345783998,22590089
2019-03-28,202.65455627441406,203.07326403531164,200.97972523082387,201.39843299172142,13933054
2019-03-29,205.58547973632812,205.58547973632812,201.39840275595483,203.4919412461415,28220810
2019-04-01,205.58547973632812,210.19126441473873,205.1667720382908,210.19126441473873,35330656
2019-04-02,206.0042266845703,208.93518112926947,206.0042266845703,208.93518112926947,24105053
2019-04-03,206.4228973388672,208.51643585143177,206.4228973388672,208.51643585143177,24945323
2019-04-08,211.8660888671875,211.8660888671875,209.77255043964612,210.1912581251544,45184821
2019-04-09,212.70350646972656,212.70350646972656,211.0286757101224,211.86609108992448,22355674
2019-04-10,212.70350646972656,213.1222141596276,211.0286757101224,211.86609108992448,25849934
2019-04-11,211.02870178222656,212.70353274875217,210.60999404059515,211.86611726548935,24896840
2019-04-12,211.02870178222656,211.86611726548935,210.19128629896375,210.60999404059515,13548148
2019-04-15,213.9596405029297,214.37834821428572,212.7035173688616,213.54093279157368,17192002
2019-04-16,215.21572875976562,215.21572875976562,213.95960582926116,215.21572875976562,19652648
2019-04-17,218.98410034179688,220.24022328830813,217.30926974644854,217.72797739528562,37864191
2019-04-18,221.49636840820312,222.75249148046137,220.65895302669765,221.07766071745039,38006795
2019-04-19,221.49636840820312,225.6834453157306,220.65895302669765,225.26473762497784,44658699
2019-04-22,222.7524871826172,224.00861023063948,221.91507181726902,223.17119486529128,24967393
2019-04-23,224.42733764648438,224.42733764648438,222.75250676852554,223.17121448801524,25336847
2019-04-24,225.2646942138672,226.1021094339931,224.00857138367834,226.1021094339931,26449755
2019-04-25,224.00860595703125,225.26472898108935,223.5898982823452,224.84602130640332,32386724
2019-04-26,217.72802734375,220.24027381310097,215.63448861929086,219.4028583233173,47518804
2019-04-29,217.309326171875,219.402864959658,216.4719106567618,217.7280339294316,31126618
2019-04-30,216.89056396484375,218.1466869221691,216.0531486599602,217.7279792697273,33799419
2019-05-02,216.89056396484375,219.82151753193625,216.47185631240197,218.9841022270527,27091394
2019-05-03,221.9150390625,221.9150390625,218.14667047464624,219.40279333726414,29840246
2019-05-06,216.89056396484375,217.7279792697273,216.0531486599602,217.7279792697273,32823187
2019-05-07,219.82150268554688,220.24021030970982,216.89054931640626,217.3092569405692,25686126
2019-05-08,217.72802734375,218.9841505784255,217.30931959885817,217.72802734375,25542364
2019-05-09,214.79705810546875,217.30930439909997,214.37835038986356,217.30930439909997,33587574
2019-05-10,214.37831115722656,216.8905569911003,213.54089587926865,215.21572643518448,18617212
2019-05-13,209.77255249023438,212.70350631744324,208.93513711103182,211.8660909382407,28284535
2019-05-14,208.09774780273438,210.19128651302344,205.16679360832967,207.26033231861874,45055708
2019-05-15,208.51644897460938,211.02869534779742,208.51644897460938,210.19127989006807,36825479
2019-05-16,206.84164428710938,208.93518319689795,206.00422872319396,208.0977676329825,29713519
2019-05-17,202.2358856201172,208.51650318595932,202.2358856201172,208.51650318595932,38647856
2019-05-20,199.30484008789062,203.4919165603253,199.30484008789062,203.07320891308183,39157661
2019-05-21,195.9552001953125,197.63003096621262,194.69907711713742,195.5364925025875,80042775
2019-05-22,199.30484008789062,201.39837832410797,197.21130185167328,198.04871714616021,34622034
2019-05-23,192.6055450439453,195.5364989902662,192.6055450439453,195.5364989902662,58752627
2019-05-24,195.11776733398438,195.95518264443066,192.60552140264554,192.60552140264554,36000789
2019-05-27,193.44302368164062,196.79268642937467,193.44302368164062,195.95527074244114,35562033
2019-05-28,193.02426147460938,194.28038465123373,193.02426147460938,194.28038465123373,95240033
2019-05-29,192.18685913085938,193.02427463905485,190.0933203603707,190.9307358685662,26533236
2019-05-30,193.44302368164062,193.8617315251074,191.7681923077736,192.60560799470713,28500328
2019-05-31,197.21133422851562,198.88616509245207,193.44296478465864,194.28038021662687,46070338
2019-06-03,199.30484008789062,199.7235477351341,194.280348320969,197.21130185167328,31054092
2019-06-04,195.11776733398438,199.30484388621582,195.11776733398438,198.88613623099266,24443428
2019-06-05,196.79261779785156,199.30486398250497,195.95520240296707,199.30486398250497,29139584
2019-06-06,194.2804412841797,194.2804412841797,192.1869020462036,193.86173343658447,34651731
2019-06-10,200.9796905517578,200.9796905517578,196.37390597661334,198.88615210851032,35373888
2019-06-11,204.74806213378906,206.00418521436444,200.1422775050126,200.97969289206287,31965670
2019-06-12,206.0042266845703,207.26035001801282,203.4919800176853,204.7481033511278,29675556
2019-06-13,200.9796905517578,204.32935206095377,200.9796905517578,203.07322899500528,32981724
2019-06-14,197.6300506591797,200.5610048003116,197.6300506591797,199.72358933141678,31951556
2019-06-17,195.11776733398438,196.79259795487695,193.02422905786867,193.86164436831496,51017012
2019-06-18,197.21133422851562,197.21133422851562,195.11779564859506,195.9552110805633,28578087
2019-06-19,204.32937622070312,204.32937622070312,201.39842205360287,203.0732530062316,50164372
2019-06-20,205.16680908203125,205.58551685566803,201.81714689293685,202.65456244021044,37836291
2019-06-21,208.09774780273438,208.09774780273438,206.00420909244528,207.67904006067656,61164304
2019-06-24,208.53036499023438,209.39563621426024,207.6650937662085,208.53036499023438,43300507
2019-06-25,206.36721801757812,208.96303208069233,205.06931098602104,208.53039640350661,28559283
2019-06-26,202.90609741210938,204.63663982074144,202.47346180995135,203.33873301426738,27607041
2019-06-27,208.09774780273438,208.96301910336945,204.20402694987655,204.20402694987655,42007834
2019-06-28,206.7998504638672,208.9630288159997,205.9345791230142,208.9630288159997,25962203
2019-07-01,215.01991271972656,216.31781963755188,211.99146324480083,212.42409888407593,66307875
2019-07-02,215.45257568359375,216.3178470718813,214.15466860116248,215.88521137773753,24181202
2019-07-03,209.8282928466797,211.99147112344957,209.3956571913257,211.12619981274162,29449774
2019-07-04,211.126220703125,211.99149209944926,209.82831360863855,211.55885640128713,17481240
2019-07-05,210.26095581054688,211.99149865672422,208.96304867591385,211.55886294517987,22867074
2019-07-08,209.8282928466797,211.5588354680956,207.6651145699098,207.6651145699098,27787909
2019-07-09,209.39564514160156,210.26091640251727,208.097738250228,208.9630095111437,16418987
2019-07-10,213.7220001220703,213.7220001220703,210.26091509985056,210.26091509985056,23812131
2019-07-11,216.31781005859375,216.31781005859375,214.1546319580078,216.31781005859375,31160289
2019-07-12,216.75042724609375,218.04833399607037,215.88515607944268,218.04833399607037,23479432
2019-07-15,220.21148681640625,220.21148681640625,215.88513147620182,217.18303807826314,29727300
2019-07-16,221.50941467285156,221.94205024838448,219.346236795187,219.7788723707199,21361249
2019-07-17,218.04837036132812,219.77891298324343,217.1830990503705,219.77891298324343,25573648
2019-07-18,219.77891540527344,220.21155106552004,217.61573710404045,218.04837276428705,20842575
2019-07-19,224.10523986816406,225.83578226096841,224.10523986816406,224.53787546636516,59709798
2019-07-22,228.43162536621094,228.43162536621094,226.70108274980026,227.5663540580056,31522639
2019-07-23,228.43162536621094,230.5948036367243,227.13371840390292,229.72953232851896,29273223
2019-07-24,229.296875,230.59478183962264,227.56633254716982,230.59478183962264,23734039
2019-07-25,229.296875,229.296875,226.26842570754718,228.4316037735849,30433545
2019-07-26,225.83575439453125,227.1336610289826,225.83575439453125,225.83575439453125,20438071
2019-07-29,225.83575439453125,226.70102548416548,224.53784776007993,224.97048330489704,17509320
2019-07-30,224.9705352783203,227.5663491469163,224.9705352783203,227.1337135021503,22670612
2019-07-31,224.5378875732422,224.9705231947706,222.37470946560018,224.9705231947706,31635601
2019-08-01,221.94204711914062,222.8073182580067,221.0767759802746,222.8073182580067,30017526
2019-08-02,217.61575317382812,219.34629594260608,216.75048178943916,218.04838886602263,54021644
2019-08-05,213.2893829345703,218.04837525156884,212.42411160420696,217.1831039212055,51535721
2019-08-06,215.01991271972656,216.31781963755188,207.6651068520498,207.6651068520498,58625879
2019-08-07,214.58726501464844,216.75044308939286,213.28935816980177,216.31780747444398,29435460
2019-08-08,219.34625244140625,219.77888804779957,214.58726077107988,214.58726077107988,29725266
2019-08-12,217.1830596923828,220.21150873191803,217.1830596923828,220.21150873191803,21794603
2019-08-13,213.2893829345703,215.88519692566044,213.2893829345703,215.45256126047875,23121107
2019-08-14,215.88514709472656,219.7788671826074,215.88514709472656,218.48096048664712,35216703
2019-08-15,214.58726501464844,215.01990062959732,212.8567225548529,213.72199378475065,27624412
2019-08-16,216.31781005859375,218.04835253906248,214.587267578125,215.88517443847655,25370715
2019-08-19,218.04837036132812,218.9136416722858,216.75046339489165,217.6157347058493,24060514
2019-08-20,220.21148681640625,220.21148681640625,218.48094468032448,219.77885128238583,19960494
2019-08-21,220.21148681640625,220.6441223504267,218.91358021434493,220.21148681640625,20269296
2019-08-22,219.77891540527344,222.80736502699966,219.77891540527344,222.37472936675306,21900840
2019-08-23,219.77891540527344,220.21155106552004,218.91364408478023,219.34627974502683,14166877
2019-08-26,215.01991271972656,216.75045527682698,215.01991271972656,215.45254835900167,31678620
2019-08-27,216.31781005859375,217.1830812988281,215.0199031982422,216.75044567871092,50234951
2019-08-28,218.04837036132812,218.9136416722858,216.75046339489165,216.75046339489165,15132882
2019-08-29,219.77891540527344,219.77891540527344,217.18310144379384,218.91364408478023,19587767
2019-08-30,224.10523986816406,224.10523986816406,221.50942627895753,221.94206187715864,35184201
2019-09-02,222.80735778808594,223.23999343427639,221.50945084951456,223.23999343427639,14614854
2019-09-03,219.77891540527344,223.24000068724627,218.91364408478023,221.94209370650645,25762495
2019-09-04,222.80735778808594,223.23999343427639,219.77890826475274,219.77890826475274,22540733
2019-09-05,227.5663299560547,227.5663299560547,225.40315191464734,227.5663299560547,48791728
2019-09-06,227.99896240234375,229.2968692091882,227.56632680006226,229.2968692091882,25408515
2019-09-10,226.26841735839844,228.4315953446164,225.40314616391126,227.99895974737282,29308866
2019-09-11,227.5663299560547,228.86423678089912,225.40315191464734,228.43160117261763,36196015
2019-09-12,227.1337127685547,229.29689098539808,226.26844148181735,229.29689098539808,26017293
2019-09-16,229.7294921875,229.7294921875,226.26840755943974,226.7010431379473,32573966
2019-09-17,229.296875,230.59478183962264,228.86423938679246,230.59478183962264,27600844
2019-09-18,231.02743530273438,233.19061353590604,230.59479965610004,231.02743530273438,47684759
2019-09-19,231.0274200439453,233.6428247991598,230.15561845887382,233.6428247991598,25233567
2019-09-20,230.15562438964844,232.3351284084898,230.15562438964844,231.89922760472155,43868865
2019-09-23,230.15562438964844,230.15562438964844,229.28382278211188,230.15562438964844,13093208
2019-09-24,231.0274200439453,231.46332083648105,228.41201528873083,229.71971766633808,24244943
2019-09-25,231.8992156982422,231.8992156982422,228.4120094471408,228.8479102285285,21003163
2019-09-26,233.642822265625,234.950524629052,232.335119902198,234.514623841243,29940103
2019-09-27,237.1300048828125,237.56590562708237,236.25820339427275,236.69410413854263,41235817
2019-10-01,244.10446166992188,244.54036249433244,238.00185012817383,238.00185012817383,71743890
2019-10-02,243.66854858398438,244.97625099141186,243.23264778150858,244.1044493864602,29295953
2019-10-03,241.05311584472656,241.9249173486858,238.8736120848285,238.8736120848285,31890864
2019-10-04,241.05311584472656,244.10442110858386,239.74541358878773,243.66852035660423,35169613
2019-10-07,242.3607940673828,243.6684961936457,241.92489335862854,243.2325954848914,17510230
2019-10-08,249.7711944580078,249.7711944580078,246.28398755458014,247.15578928043706,35278551
2019-10-09,245.8480224609375,249.33522845329122,245.8480224609375,247.15572470807015,34777456
2019-10-14,252.8224334716797,254.1301357137746,251.51473122958478,254.1301357137746,46683517
2019-10-15,255.87374877929688,258.05325260194843,254.5660464857059,255.87374877929688,38018567
2019-10-16,258.4892272949219,259.79692996251845,255.87382195972873,259.79692996251845,40297144
2019-10-17,255.87374877929688,257.61735183741814,254.5660464857059,257.1814510728878,40271938
2019-10-18,255.43785095214844,257.617354799863,253.69424787397676,255.43785095214844,45102984
2019-10-21,252.8224334716797,253.69423496640962,251.51473122958478,253.69423496640962,34634365
2019-10-22,256.3096618652344,256.3096618652344,254.13015793780892,255.0019595087791,26005020
2019-10-23,255.43785095214844,255.87375172169135,253.25834710443385,255.87375172169135,28675408
2019-10-24,255.43785095214844,256.74555326077717,253.69424787397676,256.74555326077717,29040827
2019-10-25,255.87374877929688,256.7455503083575,255.00194725023624,256.7455503083575,22682711
2019-10-28,256.7456359863281,257.61743780631565,256.30973507633433,257.18153689632186,20076561
2019-10-29,260.2327880859375,260.2327880859375,258.48918481567995,258.92508563324435,36682131
2019-10-30,261.1046142578125,261.1046142578125,258.48920910664907,260.232812540758,32370342
2019-10-31,260.2327880859375,262.8481929913238,260.2327880859375,261.54049053863065,40944514
2019-11-01,260.66864013671875,261.1045408727333,258.48913645664584,261.1045408727333,30121678
2019-11-04,267.64300537109375,268.5148066915208,262.4121974485317,263.7198994291722,44899671
2019-11-05,270.6944274902344,270.6944274902344,267.64312154428967,268.0790223937104,32201184
2019-11-06,271.1302795410156,271.5661803119819,268.51487491521806,269.3866764571506,22149743
2019-11-07,269.3866882324219,270.2584898124621,267.20718428232135,270.2584898124621,28291659
2019-11-08,266.3353576660156,269.38666290932514,266.3353576660156,268.95076216028093,25651542
2019-11-11,262.4122619628906,265.89946810193237,261.5404604281302,265.89946810193237,35165583
2019-11-12,265.8995056152344,265.8995056152344,263.2841006419698,263.7200014708472,17540708
2019-11-13,265.0276794433594,265.0276794433594,262.84817550056863,264.1558778662431,18172438
2019-11-14,264.5917663574219,265.8994686623185,263.2840640525252,265.4635678940196,15734835
2019-11-15,267.64300537109375,268.07890603130727,265.4635020700262,266.33530339045325,28848445
2019-11-18,271.1302795410156,271.1302795410156,267.6430733732855,268.95077568618433,18691325
2019-11-19,274.61749267578125,274.61749267578125,271.13028641958084,272.43798876565603,31634197
2019-11-20,273.309814453125,273.7457152736244,272.0021119916268,273.7457152736244,22387973
2019-11-21,271.1302795410156,271.1302795410156,267.6430733732855,269.8225772281168,28108833
2019-11-22,269.3866882324219,270.6943906024822,268.5148866523817,270.2584898124621,24737984
2019-11-25,267.64300537109375,270.69430999258833,267.64300537109375,270.69430999258833,19530177
2019-11-26,267.64300537109375,270.69430999258833,267.64300537109375,270.2584093323748,101224622
2019-11-27,271.1302795410156,271.5661803119819,268.0789741442518,268.0789741442518,18467648
2019-11-28,269.8225402832031,272.0020438396103,268.9507388606403,270.25844099448454,19077982
2019-11-29,265.8995056152344,269.8226130751313,265.8995056152344,269.38671224625386,30963561
2019-12-02,268.07891845703125,268.5148191374492,267.20711709619536,267.6430177766133,24016807
2019-12-03,267.64300537109375,267.64300537109375,265.89940273023973,265.89940273023973,24690319
2019-12-04,266.77130126953125,266.77130126953125,265.02769799325984,265.89949963139554,25492686
2019-12-05,272.0020751953125,272.0020751953125,269.38667062612683,269.38667062612683,34521842
2019-12-06,272.87396240234375,275.48936779278154,271.13035880871854,274.61756599596896,17695703
2019-12-09,275.4892272949219,275.9251279710214,273.7456245905236,273.7456245905236,23256081
2019-12-10,273.309814453125,275.0534177351226,272.4380128121262,274.6175169146232,20570594
2019-12-11,278.104736328125,278.104736328125,272.87392624044867,273.7457279217281,31223148
2019-12-12,289.00225830078125,291.617663353277,282.4637456695418,283.3355473537071,52742851
2019-12-13,295.54083251953125,299.0280399828885,294.6690306536919,296.41263438537055,58198939
2019-12-16,292.9253234863281,295.1048273813157,292.9253234863281,293.36122426532563,102188
2019-12-17,300.7715148925781,300.7715148925781,292.05349996815556,292.05349996815556,40813458
2019-12-18,300.3356628417969,300.77156365869354,297.7202579404169,297.7202579404169,39682841
2019-12-19,294.18841552734375,300.3356361503032,294.18841552734375,298.5792874008862,54888012
2019-12-20,288.91937255859375,292.4320700973,288.48028536625543,291.55389571262344,86280459
2019-12-23,293.3102722167969,293.3102722167969,289.35848711207956,289.35848711207956,26639340
2019-12-24,291.5539245605469,293.7493607394667,291.5539245605469,293.3102735036827,13488907
2019-12-25,292.4320068359375,293.7492681279913,290.67565844653245,291.553832641235,12262954
2019-12-26,292.4320068359375,293.31018103064,291.1147455438837,292.4320068359375,11427884
2019-12-27,296.82293701171875,296.82293701171875,294.18841390214726,294.18841390214726,16677806
2019-12-30,293.749267578125,297.701051446889,293.31018048159564,296.8228772538303,21531263
2019-12-31,290.67572021484375,292.8711561681281,290.67572021484375,290.67572021484375,22890517
2020-01-02,297.701171875,297.701171875,291.9930373110251,291.9930373110251,31754120
2020-01-03,298.14019775390625,302.9701567749563,294.6275002840517,302.09198240749265,41811268
2020-01-06,291.5539245605469,293.7493607394667,291.5539245605469,292.43209903211476,45343057
2020-01-07,289.35845947265625,292.43206981606835,286.7239363211601,291.9929826241524,50879181
2020-01-08,289.35845947265625,292.43206981606835,285.4066747454121,285.4066747454121,37567748
2020-01-09,296.3839111328125,296.3839111328125,292.871212926794,294.18847475405096,31481504
2020-01-10,298.14019775390625,299.45745930510174,295.0665874677835,299.0183721213699,27032115
2020-01-13,299.8966064453125,300.3356937168283,297.7011700877333,300.3356937168283,30663332
2020-01-14,303.8482971191406,303.8482971191406,302.53103571544494,303.4092099845754,30223993
2020-01-15,298.5793151855469,302.97018746768725,296.38387904447666,302.97018746768725,47434274
2020-01-16,293.749267578125,295.50561596424234,289.79748370936096,289.79748370936096,55211420
2020-01-17,292.4320068359375,294.6274423226938,291.553832641235,293.31018103064,52060097
2020-01-20,292.4320068359375,294.6274423226938,292.4320068359375,293.31018103064,32658203
2020-01-30,277.9421691894531,286.2848251366879,277.9421691894531,286.2848251366879,125451049
2020-01-31,281.0157470703125,284.0893568038941,280.1375728607178,283.65026969909667,62526055
2020-02-03,276.6249084472656,277.94216991606214,273.9903855096726,276.6249084472656,59560849
2020-02-04,285.4065856933594,295.94467501126803,285.4065856933594,295.50558795635516,51890496
2020-02-05,287.6020202636719,289.35836847902254,284.9674979406459,288.91928142518486,36601453
2020-02-06,291.99298095703125,291.99298095703125,288.91937063116774,289.3584578205768,29267094
2020-02-07,288.0411376953125,290.236573196039,286.28478929473135,289.7974860958937,28798327
2020-02-10,287.6020202636719,288.04110731750956,281.8938885637822,282.33297561761987,30632424
2020-02-11,291.11480712890625,291.99298150938563,289.7975455581872,290.2366327484269,27524935
2020-02-12,294.18841552734375,295.0665899020522,292.43206677792676,292.871153965281,37612639
2020-02-13,294.18841552734375,296.8229386514692,294.18841552734375,296.8229386514692,22757021
2020-02-14,294.18841552734375,295.94476427676074,293.7493283399895,295.94476427676074,16933683
2020-02-17,291.11480712890625,292.4320686996253,290.2366327484269,291.11480712890625,15937079
2020-02-18,282.7721252441406,286.72390960314254,282.7721252441406,284.9675609991417,61825604
2020-02-19,286.72393798828125,287.1630251827503,282.77215323805996,283.21124043252894,38781218
2020-02-20,285.84576416015625,288.91937452746976,285.40667696482575,288.04120013680875,27011736
2020-02-21,285.4065856933594,286.72384685809794,283.65023747370793,285.84567274827225,22813534
2020-02-24,281.0157470703125,282.3330083847046,280.57665996551515,280.57665996551515,41693680
2020-02-25,282.7721252441406,284.08938669714126,278.82034088513865,281.01577664013973,36195011
2020-02-26,279.6985778808594,281.45492687854136,277.9422288831774,278.3813161325979,60479362
2020-02-27,277.5030517578125,281.01574861550637,276.62487754338906,280.1375744010829,61250927
2020-03-02,273.11224365234375,278.38129015367514,270.4777204016781,270.4777204016781,79912942
2020-03-03,278.82037353515625,281.0158095472441,277.50311192790355,279.6985479399914,49679411
2020-03-04,281.4548645019531,282.7721259582805,278.3812544371892,282.7721259582805,42941146
2020-03-05,283.6502990722656,286.28482197386563,283.6502990722656,285.4066476733323,37861525
2020-03-06,276.6249084472656,281.45486716618615,276.6249084472656,281.0157800099206,51546760
2020-03-09,268.2822265625,272.2340105871522,268.2822265625,270.038575017901,87871277
2020-03-10,269.59954833984375,271.35589718896324,264.3305017924852,264.7695890047651,71950130
2020-03-11,265.20867919921875,272.673161891912,265.20867919921875,271.35590024026027,62216710
2020-03-12,258.1832580566406,262.5741297922978,252.03603762672063,262.5741297922978,113527351
2020-03-13,254.67051696777344,258.1832137535358,239.30246853006295,241.49790402116446,149995148
2020-03-16,242.81517028808594,255.54869639722608,241.9369960736625,250.27965111068534,103873228
2020-03-17,235.3507080078125,242.81518941850806,232.71618515697878,232.71618515697878,121323651
2020-03-18,228.32534790039062,239.3025280879094,228.32534790039062,236.6680048429049,117437643
2020-03-19,219.9016876220703,224.33518938864432,208.8179332056353,223.44848903532952,160811697
2020-03-20,239.40904235839844,239.40904235839844,226.99524016203705,229.21199055424444,157664726
2020-03-23,226.10858154296875,232.75883394129136,223.4484805836397,227.88198218252143,76466709
2020-03-24,237.19232177734375,242.95587352146612,235.86227137485398,237.63567191150702,81952933
2020-03-25,245.61602783203125,248.27612921649367,242.9559264475688,245.1726776012875,79447199
2020-03-26,248.27603149414062,248.27603149414062,244.2858809879848,247.83268143790107,52845633
2020-03-27,242.06922912597656,253.5963352748326,242.06922912597656,251.82293432885476,68752306
2020-03-30,237.19232177734375,238.52237217983352,232.75882043571116,233.6455207040377,49159956
2020-03-31,242.95587158203125,242.95587158203125,238.96572040641396,242.06917132078297,48837923
2020-04-01,240.7390899658203,245.17259070183908,240.73908996582028,245.17259070183908,44515034
2020-04-06,244.28594970703125,244.28594970703125,239.40909771650973,242.06919880224874,56392754
2020-04-07,250.93621826171875,251.8229186796047,248.71946721700394,251.37956847066172,48787346
2020-04-08,252.7095489501953,253.15289903607285,250.93614860668518,252.7095489501953,37912826
2020-04-09,250.93621826171875,255.36972035114843,250.4928680527758,254.92637014220546,27620430
2020-04-10,247.83274841308594,250.0494992933461,247.3893982370339,248.27609858913797,27252858
2020-04-13,246.94606018066406,249.60616136752938,246.94606018066406,246.94606018066406,22196596
2020-04-14,252.7095489501953,253.15289903607285,248.27604809141997,249.16274826317505,48809688
2020-04-15,254.92626953125,255.81296959918478,253.59621942934783,254.4829194972826,55216434
2020-04-16,254.03964233398438,255.8130429785497,250.93619120599502,250.93619120599502,47815280
2020-04-17,271.77362060546875,273.5470210661896,266.45341922330624,269.1135199143875,116368201
2020-04-20,269.5568542480469,273.99035514028446,268.22680398037556,273.103654961837,41381669
2020-04-21,261.5766296386719,267.3401824951172,260.2465789794922,266.4534820556641,61479357
2020-04-22,260.68988037109375,261.5765806444648,257.586429414295,261.1332305077793,42192580
2020-04-23,262.01995849609375,266.0101101483185,260.68990794535216,266.0101101483185,39474478
2020-04-24,260.68988037109375,263.34998119120695,260.68988037109375,262.0199307811503,26008090
2020-04-27,264.23663330078125,264.67998335665504,262.4632330772861,264.23663330078125,38493406
2020-04-28,262.9066162109375,264.6800166575543,261.1332157643207,264.6800166575543,37395165
2020-04-29,265.1234130859375,267.3401640314721,264.23671270772365,265.1234130859375,44059301
2020-04-30,270.000244140625,270.44359429520733,267.34014321313117,267.7834933677135,55126085
2020-05-04,261.5766296386719,262.90668029785155,260.68992919921874,261.13327941894534,71581861
2020-05-05,262.01995849609375,264.2367094139964,261.5766083125132,262.9066588632548,23547405
2020-05-06,262.46331787109375,262.46331787109375,259.35986647734774,261.13326727377404,34240479
2020-05-07,263.79327392578125,265.12332404641546,261.1331736845129,261.1331736845129,27621198
2020-05-08,263.79327392578125,266.01002412683823,262.46322380514704,266.01002412683823,32295893
2020-05-11,266.8967590332031,267.3401091312649,264.68000854289414,266.0100588370795,28727019
2020-05-12,261.5766296386719,264.6800811767578,261.5766296386719,263.7933807373047,52089788
2020-05-13,263.35003662109375,263.35003662109375,259.3598845510772,259.803234781079,26156418
2020-05-14,259.80316162109375,261.57656204171553,259.3598115159383,259.80316162109375,34315948
2020-05-15,264.23663330078125,264.67998335665504,261.1331829096647,263.79328324490746,42494804
2020-05-18,257.14306640625,260.24651720770476,257.14306640625,258.0297666352371,84986065
2020-05-19,258.4731140136719,260.6898645626742,258.4731140136719,260.6898645626742,51250214
2020-05-20,260.68988037109375,260.68988037109375,258.02977955098055,259.8031800977227,32677994
2020-05-21,263.79327392578125,264.23662396599264,261.57652372472427,262.46322380514704,30997468
2020-05-22,258.9165344238281,261.57663580489486,258.0298339634726,261.1332855747171,40192923
2020-05-25,258.9165344238281,259.8032348841837,255.81308281258362,257.58648373329476,26803223
2020-05-26,262.01995849609375,263.79335923041583,260.2465577617716,261.5766083125132,33856481
2020-05-27,262.9066162109375,264.23666654590005,262.0199159876291,263.3499663225917,23375959
2020-05-28,260.68988037109375,264.6800316012635,259.8031800977227,264.6800316012635,28444568
2020-05-29,258.9165344238281,259.35988465400595,257.143133503117,258.9165344238281,79774181
2020-06-01,262.01995849609375,262.9066588632548,260.2465577617716,260.68990794535216,35811214
2020-06-02,262.9066162109375,263.79331643424587,262.4632660992833,262.4632660992833,24771587
2020-06-03,266.8967590332031,266.8967590332031,264.2366584448323,266.0100588370795,65176337
2020-06-04,271.33038330078125,271.33038330078125,269.5569821027369,270.4436827017591,46572451
2020-06-05,276.2071228027344,276.6504729195927,273.10367198472613,273.54702210158445,42981262
2020-06-08,281.97076416015625,282.8574646763832,279.31066261147555,280.19736312770243,50302921
2020-06-09,282.857421875,282.857421875,278.4239199647335,280.64067091986675,36417082
2020-06-10,285.9608459472656,287.29089639353197,281.9706946084666,282.85739490597746,39984259
2020-06-11,284.18743896484375,289.95099076912294,282.4140384096809,288.62094035275084,50104255
2020-06-12,280.1972961425781,281.5273465989511,277.0938450777078,277.53719522983215,45992918
2020-06-15,274.4337463378906,281.5273488280461,273.5470460266212,280.197298361142,51032404
2020-06-16,279.31060791015625,281.08400859530013,278.42390756758437,281.08400859530013,36608216
2020-06-17,279.31060791015625,281.08400859530013,277.98055739629837,280.64065842401413,34522968
2020-06-18,281.09814453125,281.54504142239665,279.75745385781,281.09814453125,29044474
2020-06-19,281.09814453125,281.09814453125,278.8636600755167,280.65124764010335,48130280
2020-06-22,278.8636779785156,282.88575025705194,278.8636779785156,281.09816257770245,37374616
2020-06-23,281.5450744628906,282.8857652936663,279.3105897449312,282.4388683500744,41300084
2020-06-24,283.77960205078125,286.0140871062992,282.4389110174705,285.12029308409205,54147024
2020-06-29,278.8636779785156,281.5450594975398,277.0760902991662,280.6512656578651,56580892
2020-06-30,279.757568359375,280.651362507488,277.96998006314897,280.2044654334315,48991860
2020-07-01,283.77960205078125,284.22649906188485,280.6513229730561,281.5451169952633,29532342
2020-07-02,287.8016662597656,287.8016662597656,284.22649028138346,285.120284275979,34526178
2020-07-03,294.50506591796875,295.39885974473043,291.82368443768377,292.2705813510646,53341987
2020-07-06,302.1023254394531,302.1023254394531,296.7395622659717,297.18645919709513,57256220
2020-07-07,302.5491943359375,309.25264768163777,302.10229744622416,307.018163233071,59046323
2020-07-08,304.7837829589844,306.1244740863699,301.65550366175137,301.65550366175137,30720218
2020-07-09,308.35894775390625,310.1465358568275,306.5713596509851,309.25274180536684,35522376
2020-07-10,311.4871520996094,315.50922436488406,308.80577058942623,315.0623274465202,60902108
2020-07-13,316.8499450683594,316.8499450683594,313.27476938352595,313.72166634413014,48069523
2020-07-14,324.89410400390625,325.3410009832789,316.8499583751988,317.29685535457145,61764150
2020-07-15,324.44720458984375,330.7037622541107,322.6596166857675,327.12858644595815,73438362
2020-07-16,319.5313720703125,322.65965123743445,315.956195879316,320.87206314193617,68220512
2020-07-17,328.02239990234375,329.80998791271077,321.76584186605925,322.65963587124276,65727485
2020-07-20,327.12860107421875,330.70377704224296,324.0003221021975,330.70377704224296,42769238
2020-07-21,342.32305908203125,345.89823463380185,332.0444293706909,332.9382232586335,64219128
2020-07-22,343.2168273925781,345.0044150352478,338.74785828590393,340.5354459285736,43759670
2020-07-23,340.9824523925781,342.3231435553274,338.7479671213292,341.42934944682787,45209282
2020-07-24,345.0045471191406,353.04869459083045,341.4293704650563,348.579723773225,86682734
2020-07-27,379.41552734375,379.41552734375,372.26517582726,375.840351585505,99333798
2020-07-28,388.80029296875,416.95479694234916,382.9906334186423,414.72031250000003,166307746
2020-07-29,377.1810607910156,385.67210362872805,374.9465758337229,382.5438246885182,85663166
2020-07-30,387.9065856933594,394.1631435271232,382.99071882397345,390.14107063398933,69293949
2020-07-31,380.3092956542969,386.1189558699324,380.3092956542969,380.75619259396115,49897674
2020-08-03,371.81829833984375,378.9686502309946,370.9245043534499,375.8403712786161,76429571
2020-08-04,380.3092956542969,380.3092956542969,374.05273849899703,376.73412013698265,41223445
2020-08-05,383.4376220703125,387.459695029092,380.75624009779284,384.77831305657236,47223834
2020-08-06,388.80029296875,391.48167429956897,385.2251178609914,391.0347774110992,41029627
2020-08-07,387.0128173828125,387.9066114183386,382.54384720518186,387.4597144005756,36589460
2020-08-10,389.247314453125,391.03490257920134,382.0969619488196,382.0969619488196,36067500
2020-08-11,383.4376220703125,388.8003860153519,383.4376220703125,386.11900404283216,34545313
2020-08-12,374.49969482421875,378.52176791898955,374.49969482421875,377.1810768873993,52143474
2020-08-13,383.4376220703125,383.4376220703125,379.41554911153304,382.54382807947263,44352335
2020-08-14,381.6500549316406,382.54384897129313,378.0748787730304,378.96867281268294,23419955
2020-08-17,388.80029296875,388.80029296875,380.3092520878233,381.6499427532328,34137731
2020-08-18,387.0128173828125,393.7162726492585,386.1190233472864,393.2693756314954,41643160
2020-08-19,382.096923828125,390.14106959292764,382.096923828125,389.69417260599414,31486800
2020-08-20,370.9244689941406,382.0968927590244,358.41135437747084,381.649995808429,75097235
2020-08-21,379.41552734375,381.6500121926531,375.3934546157244,376.73414552506625,41609467
2020-08-24,382.5438537597656,388.35351509022934,379.8624716072439,382.0969567343453,48375406
2020-08-25,388.3534240722656,389.69411483431026,384.7782487068132,387.4596302309025,35977899
2020-08-26,395.0569152832031,395.0569152832031,388.80035780134244,389.24725476433247,39243340
2020-08-27,396.8445739746094,405.33561778712914,396.8445739746094,400.41975031672297,53072712
2020-08-28,388.80029296875,393.71615874191815,385.2251178609914,393.2692618534483,56842210
2020-08-31,381.20318603515625,392.82250940785735,381.20318603515625,390.5880241438764,81480538
2020-09-01,388.80029296875,388.80029296875,382.54373653017245,384.33132408405174,37429577
2020-09-02,387.0128173828125,394.1631696670215,384.7783322939972,394.1631696670215,34871407
2020-09-03,389.6941833496094,392.8224623443883,387.45969835333864,392.8224623443883,34951617
2020-09-04,383.4376220703125,386.56590103825215,381.6500340886327,381.6500340886327,46119911
2020-09-07,380.75616455078125,386.56582433852793,379.86237073728176,382.5437521777802,32019312
2020-09-08,385.2251892089844,387.01277709394486,382.0969104103035,382.5438073815436,23714670
2020-09-09,381.6500549316406,382.54384897129313,378.0748787730304,379.8624668523355,40551362
2020-09-10,388.80029296875,388.80029296875,384.7782209725216,386.5658085264009,35098921
2020-09-11,390.14105224609375,390.14105224609375,386.5658765095889,389.2472583119675,34298469
2020-09-14,394.16302490234375,395.05681860960533,389.24715951240523,389.694056366036,39085833
2020-09-15,397.73828125,399.5258690308989,392.8224148525281,393.7162087429775,39061449
2020-09-16,409.3576354980469,412.93281135392505,407.12315058812305,411.145223425986,64261238
2020-09-17,403.0667724609375,408.9083198879076,401.269373252639,407.11092067960914,42058506
2020-09-18,399.0226135253906,403.96546121545737,398.1239139453785,401.71871226542703,52454922
2020-09-21,395.42779541015625,404.41479076038706,395.42779541015625,398.57324378273705,39463920
2020-09-22,392.7316589355469,396.32645672900725,391.83295948718177,395.4277572806422,36130639
2020-09-23,389.5863342285156,394.07983289320435,388.238284629109,391.83308356086,45710963
2020-09-24,380.14990234375,385.5420995401152,380.14990234375,382.3966511755688,79806381
2020-09-25,381.048583984375,384.64338194649173,378.35248551278744,383.74468245596256,38775269
2020-09-28,387.78887939453125,387.78887939453125,381.497982162175,383.74473117373077,34156973
2020-09-29,387.3395080566406,390.93430627526374,384.6434093926733,388.68755738862427,32230502
2020-09-30,389.13690185546875,390.93430094025155,386.8901529994903,386.8901529994903,27334204
2020-10-05,388.68756103515625,393.63040863213513,387.7888614720692,393.63040863213513,32945832
2020-10-06,394.9784240722656,397.2251727871249,393.1810251003782,396.77582304415307,35775395
2020-10-07,398.1239013671875,399.92130047042536,390.93430495423604,390.93430495423604,42926239
2020-10-08,407.1109313964844,408.0096310242912,403.06678307135377,404.41483251306397,60853811
2020-10-12,413.40179443359375,415.19919353982675,411.15504555080247,411.60439532736075,64719223
2020-10-13,415.19921875,417.89531757305195,410.25637090773813,417.89531757305195,45750738
2020-10-14,412.5030822753906,414.3004813266995,410.7056832240817,413.8511315638723,40809241
2020-10-15,407.1109313964844,410.2563800938082,404.41483251306397,409.8070302799048,47775028
2020-10-16,403.51605224609375,409.8069483835607,403.066702521989,405.31345114251286,46876801
2020-10-19,411.1550598144531,411.1550598144531,405.31351251654286,407.11091168513065,34470906
2020-10-20,405.3135681152344,410.7057663606699,405.3135681152344,409.357716799311,25205638
2020-10-21,407.1109313964844,409.8070302799048,405.3135321408708,407.56028121038776,28058921
2020-10-22,408.9082946777344,408.9082946777344,403.96544715965183,404.414796934023,23438547
2020-10-23,406.2121887207031,411.6043859161107,405.7628389544191,411.6043859161107,18777385
2020-10-26,404.414794921875,408.9082926432292,404.414794921875,408.9082926432292,15059581
2020-10-27,401.7187194824219,403.0667688766582,400.3706700881856,402.1680692805007,20117660
2020-10-28,399.0226135253906,401.71871226542703,398.1239139453785,399.92131310540276,24710230
2020-10-29,392.7316589355469,394.9784075564596,391.38360976299924,392.28230921136435,41285612
2020-10-30,388.23822021484375,392.73171813399705,388.23822021484375,392.73171813399705,47668895
2020-11-02,391.3836669921875,391.3836669921875,384.643420143872,389.136918042749,33477443
2020-11-03,396.3264465332031,398.12384538369383,393.630348257467,394.97839739533504,30328495
2020-11-04,404.414794921875,405.7628442382812,398.12389811197914,399.4719474283854,37512790
2020-11-05,405.3135681152344,405.7629179690207,400.3707197235852,405.7629179690207,34886108
2020-11-06,406.6615905761719,409.35768951921835,404.41484145696654,408.90833969537726,30154140
2020-11-09,412.0538635253906,413.4019132424857,408.00971437410544,411.6045136196923,39245881
2020-11-10,405.3135681152344,408.4590170917384,403.0668188463029,406.21226782280695,34820499
2020-11-11,410.70574951171875,410.70574951171875,403.0668023107349,403.0668023107349,36765561
2020-11-12,411.6044616699219,416.54731000875285,411.15511182093724,416.0979601597682,40100880
2020-11-13,415.19921875,415.19921875,410.25637090773813,412.50311992694805,31037438
2020-11-16,434.9706115722656,435.41996137760884,421.49011741196813,422.3888170226546,81994937
2020-11-17,436.3185729980469,454.7419113017749,436.3185729980469,451.1471135839743,72413868
2020-11-18,446.6537170410156,446.6537170410156,437.2173709063463,440.3628196179027,50387727
2020-11-19,440.36285400390625,448.4511513223453,440.36285400390625,448.4511513223453,44220053
2020-11-20,438.5653381347656,440.3627370615474,436.7679392079838,436.7679392079838,32281453
2020-11-23,446.204345703125,448.0017448801769,442.1601975547583,444.40694652607317,38084006
2020-11-24,442.1601867675781,449.3497833003843,441.71083698427776,448.9004335170839,35479226
2020-11-25,437.6666564941406,445.3056022440383,437.6666564941406,444.8562524940443,41419632
2020-11-26,439.4640808105469,443.508228793466,438.56538125878706,439.4640808105469,28893033
2020-11-27,439.4640808105469,442.1601794658263,437.2173319311473,438.11603148290715,32960189
2020-11-30,431.8251953125,443.5082911274064,431.8251953125,443.0589412883715,119895176
2020-12-01,440.36285400390625,440.36285400390625,434.5213059405891,439.91350415288184,37018651
2020-12-02,448.4510803222656,449.3497798820297,443.50823274356327,448.90043010214765,50621339
2020-12-03,446.6537170410156,448.9004661206988,444.85631777726906,448.9004661206988,35651379
2020-12-04,452.0458984375,453.84329763605865,447.1030506414637,448.00175024074304,51172005
2020-12-07,461.931640625,462.8303403149319,454.7420431055448,460.1342412451362,44271244
2020-12-08,470.91851806640625,471.81721752836506,457.4380261370244,461.93152344681835,40771761
2020-12-09,467.32379150390625,470.9185899000901,467.32379150390625,468.2224911029522,43314115
2020-12-10,460.1341247558594,462.83022314310074,458.3367258310318,459.2354252934456,42556926
2020-12-11,463.72894287109375,464.6276423727819,453.8432483525239,464.6276423727819,45660960
2020-12-14,456.5393371582031,461.0328345711776,456.5393371582031,460.1341350885827,30260485
2020-12-15,452.944580078125,458.3367774600074,452.944580078125,455.6406787690662,39852366
2020-12-16,460.1341247558594,462.83022314310074,455.64062744379044,457.438026368618,52012348
2020-12-17,458.77947998046875,465.1012444683886,458.77947998046875,465.1012444683886,38215179
2020-12-18,460.585693359375,462.39191176470587,457.87636575137867,458.7794749540441,39924864
2020-12-21,466.00439453125,466.9075038229772,458.77952019743213,462.39195736434107,34813281
2020-12-22,459.6826477050781,466.0044129976823,459.6826477050781,462.3919756876228,22454277
2020-12-23,459.6826477050781,461.4888663601079,456.97331972253346,458.77953837756326,18086715
2020-12-24,460.585693359375,462.39191176470587,458.7794749540441,461.4888025620404,14950143
2020-12-25,461.4888610839844,465.1012983527435,460.58575176679454,464.19818903555375,12327895
2020-12-28,465.1012878417969,465.1012878417969,459.6826320611158,462.39195995145633,19087382
2020-12-29,465.1012878417969,466.9075064353573,463.29506924823653,465.1012878417969,19907528
2020-12-30,474.1322937011719,474.1322937011719,464.1980932617188,466.00431152343754,46292401
2020-12-31,478.64794921875,478.64794921874994,473.2292931898585,475.0355118661556,29970398
2021-01-04,484.0665283203125,487.6789650988223,476.84165476329287,478.6478731525478,38770328
2021-01-05,489.48529052734375,489.48529052734375,483.16352478252566,484.0666341746425,34411866
2021-01-06,495.8070373535156,501.22569349945564,488.58216249226217,501.22569349945564,53030554
2021-01-07,510.2566223144531,514.7721676446696,499.41931352193376,500.3224225879771,51166782
2021-01-08,523.803466796875,523.803466796875,515.6754819672683,523.803466796875,59563555
2021-01-11,527.4158935546875,527.4158935546875,518.3847994869702,521.0941277072855,48810990
2021-01-12,533.7376098632812,539.1562658009796,525.6096259567338,526.5127352796835,50232426
2021-01-13,546.3809814453125,546.3809814453125,535.5436727224303,537.3498908429107,62662393
2021-01-14,534.6406860351562,539.1562323699127,530.1251397003999,530.1251397003999,75288477
2021-01-15,542.7687377929688,564.44336292946,542.7687377929688,560.8309254067115,92010500
2021-01-18,548.1873168945312,549.0904261480642,536.4468965986023,549.0904261480642,45726476
2021-01-19,566.24951171875,570.7650580641946,553.6059819515051,558.1215282969497,50672866
2021-01-20,584.3117065429688,587.0210343940181,569.861958004039,571.6681765714053,82066422
2021-01-21,607.79248046875,613.2111355695115,577.9898774145616,577.9898774145616,89019137
2021-01-22,586.117919921875,600.567668332892,586.117919921875,586.117919921875,125179403
2021-01-25,571.6680297851562,583.4084474584691,565.3462664226032,579.7960112512959,93050133
2021-01-26,557.218505859375,577.9900222852511,550.8967399906301,570.7651470066855,100153482
2021-01-27,555.4121704101562,564.4432626119474,551.7997335294398,558.1214980706936,59985191
2021-01-28,542.7687377929688,549.0905034577787,540.0594096509074,541.8656284122816,96447533
2021-01-29,533.7376098632812,559.0246709058732,533.7376098632812,559.0246709058732,90745237
2021-02-01,551.7997436523438,552.7028528890907,530.1251219704186,537.3499958643937,67462398
2021-02-02,570.7650756835938,576.1837314654,561.7339827139166,568.0557477926906,78429188
2021-02-03,568.9588012695312,579.7961117699033,568.9588012695312,576.1836749364459,48738970
2021-02-04,566.24951171875,570.7650580641946,559.9277468351276,565.346402449661,46371900
2021-02-05,570.7650756835938,578.8930593563031,569.861966386626,576.1837314654,53267273
2021-02-17,598.761474609375,603.2770211750566,596.0521466699661,598.761474609375,107614290
2021-02-18,596.0521240234375,600.5676704175545,592.4396869081439,599.6645611387311,53109010
2021-02-19,588.8275146484375,593.3430630736556,584.3119662232194,592.4399533886119,50279585
2021-02-22,587.02099609375,597.8583067908654,587.02099609375,596.0520883413461,36474610
2021-02-23,578.8929443359375,580.699162570995,571.6680713957074,578.8929443359375,50076333
2021-02-24,564.443359375,574.3775625,564.443359375,566.249578125,66206750
2021-02-25,573.4744262695312,574.3775356022392,567.1526609405759,574.3775356022392,43231417
2021-02-26,547.2841186523438,558.1214279325882,547.2841186523438,551.799664185779,111861175
2021-03-02,549.9935913085938,561.7340127979397,549.9935913085938,560.8309034526054,54041533
2021-03-03,561.7339477539062,561.7339477539062,542.7686536979062,549.9935276240014,48252965
2021-03-04,542.7687377929688,551.7998315998401,542.7687377929688,549.9936128384658,67711962
2021-03-05,542.7687377929688,546.3811753157173,527.4158783212874,531.028315844036,79918467
2021-03-08,540.059326171875,550.896637064956,540.059326171875,549.0904185827759,43219772
2021-03-09,537.35009765625,537.35009765625,528.3190035779937,528.3190035779937,68768861
2021-03-10,539.15625,542.7686871859296,535.5438128140703,542.7686871859296,40146301
2021-03-11,549.9935913085938,552.7029193445967,537.3500604739135,538.2531698192478,54416046
2021-03-12,554.5090942382812,558.1215313342962,549.9935478682627,555.412203512285,33168846
2021-03-15,551.7997436523438,554.5090713625845,549.9935251788501,554.5090713625845,27416758
2021-03-16,553.6060791015625,553.6060791015625,548.1874225361312,550.8967508188468,36949425
2021-03-17,547.7117309570312,554.9661909697072,545.8981159538623,554.9661909697072,39517807
2021-03-18,545.8980712890625,552.2457232807958,545.8980712890625,549.5253009986244,29415526
2021-03-19,535.92333984375,542.270993615165,535.92333984375,538.6437628886422,70866028
2021-03-22,537.73681640625,542.2708536440767,531.3891642732926,533.2027791684233,34089033
2021-03-23,538.6436767578125,546.8049445874764,537.7368692211832,541.3640993677004,29374037
2021-03-24,522.3209838867188,527.7618274688721,517.7869475682577,517.7869475682577,107253959
2021-03-25,521.4142456054688,526.8550899074388,516.8802086871603,518.6938234544837,67833354
2021-03-26,535.0165405273438,536.8301559189619,525.9484635692531,527.7620789608712,36829858
2021-03-29,543.1776123046875,545.8980344030415,540.4571902063335,543.1776123046875,37884733
2021-03-30,541.3640747070312,544.0844971929962,536.8300372304229,544.0844971929962,33099123
2021-03-31,532.2958984375,541.3639716647147,532.2958984375,540.4571643419931,38790886
2021-04-01,545.8980712890625,545.8980712890625,538.6436118699387,542.2708415795006,43091157
2021-04-07,553.152587890625,556.7798179751537,551.3389728483606,556.7798179751537,24603109
2021-04-08,555.8731689453125,555.8731689453125,546.8050911484885,549.5255144875357,23976625
2021-04-09,553.152587890625,560.4070480596823,552.2457803694928,560.4070480596823,27303862
2021-04-12,548.6183471679688,555.8728046511816,546.8047327971656,554.96599746578,22606128
2021-04-13,548.6183471679688,555.8728046511816,547.7115399825672,547.7115399825672,25971622
2021-04-14,554.96630859375,554.96630859375,544.0846162683824,551.3390778186275,30077913
2021-04-15,561.3138427734375,561.3138427734375,550.4321527681366,554.9661902703454,33530942
2021-04-16,553.152587890625,554.0593954117571,546.8049352426998,553.152587890625,48507383
2021-04-19,546.8049926757812,550.4322231412922,544.9913774430257,548.6186079085368,24231637
2021-04-20,545.8980712890625,545.8980712890625,539.5504192973292,542.2708415795006,34771635
2021-04-21,536.8298950195312,543.1775458052352,536.8298950195312,543.1775458052352,38458220
2021-04-22,535.92333984375,542.270993615165,535.92333984375,540.4573782519036,33868521
2021-04-23,545.8980712890625,545.8980712890625,535.0163821603769,536.8299970151578,27754511
2021-04-26,553.152587890625,553.152587890625,546.8049352426998,548.6185502849642,30887664
2021-04-27,553.152587890625,554.0593954117571,548.6185502849642,551.3389728483606,26317481
2021-04-28,545.8980712890625,551.3389158534053,544.991263861672,549.5253009986244,24024054
2021-04-29,544.0845336914062,552.2458016967773,544.0845336914062,552.2458016967773,31828333
2021-05-03,533.2027587890625,541.3640255052217,533.2027587890625,539.5504106794085,41762441
2021-05-04,535.92333984375,538.6437628886422,527.7620707090737,533.2029167988579,40273595
2021-05-05,530.4822998046875,538.6435659555289,530.4822998046875,538.6435659555289,29254785
2021-05-06,532.2958984375,535.0163204056644,525.9482471784497,535.0163204056644,30725590
2021-05-07,543.1776123046875,544.0844196708055,534.1095386435074,538.6435754740975,28075722
2021-05-10,534.1095581054688,541.3640172987518,533.2027507063084,540.4572098995915,20434079
2021-05-11,517.7871704101562,525.9484392957804,516.880362756198,525.0416316418222,59349193
2021-05-12,507.8122253417969,517.7871083395822,469.72630844116213,514.1598781585693,131741482
2021-05-13,496.023681640625,510.53260103047876,490.58283686942985,496.023681640625,66765627
2021-05-14,505.0917053222656,509.6257421743506,500.5576684701806,504.1848979518486,37533726
2021-05-17,497.8373107910156,505.99857818103226,490.5828508887786,493.30327335211746,56270958
2021-05-18,518.69384765625,519.6006550822225,503.2781214147181,510.5325808224978,43689316
2021-05-19,514.1599731445312,518.694011708416,512.3463577189773,517.7872039956391,28908777
2021-05-20,514.1599731445312,517.7872039956391,507.8123191550926,514.1599731445312,29709287
2021-05-21,519.6007080078125,523.2279380811655,515.0666704161213,518.6939004894742,27376731
2021-05-24,515.066650390625,518.6938803229533,513.2530354244608,516.8802653567892,15629736
2021-05-25,528.6688232421875,529.5756308292239,519.6007473718241,522.3211701329332,33039911
2021-05-26,530.4822998046875,533.202721854968,526.8550704043136,532.2959145048744,18703987
2021-05-27,527.7620239257812,527.7620239257812,519.6007555145578,525.9484087232871,62169719
2021-05-28,535.0165405273438,536.8301559189619,527.7620789608712,532.2961174399165,29086873
2021-05-31,541.3640747070312,541.3640747070312,535.0164222397797,539.5504597163879,30657474
2021-06-01,542.2708740234375,543.177681505082,539.5504515785038,542.2708740234375,17818326
2021-06-02,539.550537109375,544.0845752363446,537.7369218585872,544.0845752363446,21872755
2021-06-03,540.4571533203125,544.0843825372274,540.4571533203125,544.0843825372274,21077164
2021-06-04,539.550537109375,539.550537109375,535.0164989824054,535.9233066077994,15756180
2021-06-07,536.8298950195312,539.550316784833,528.6686297236263,538.6435095297325,17077625
2021-06-08,534.1095581054688,539.550402500431,533.2027507063084,535.0163655046291,13396324
2021-06-09,531.3892211914062,533.2028362807968,528.6687985573205,531.3892211914062,20023490
2021-06-10,543.1776123046875,543.1776123046875,532.2959239112714,535.9231533757434,28527745
2021-06-11,545.8980712890625,546.804878716453,544.0844564342816,545.8980712890625,24227710
2021-06-15,552.2459106445312,552.2459106445312,549.5254874393858,550.4322951744342,26012250
2021-06-16,548.6183471679688,551.3387687241735,548.6183471679688,551.3387687241735,25856919
2021-06-17,551.8054809570312,551.8054809570312,544.5209201523179,547.2526304540854,22872361
2021-06-18,549.0738525390625,553.6267037209784,547.2527120662961,553.6267037209784,32652017
2021-06-21,530.8624877929688,540.8787611475531,530.8624877929688,537.2364799277043,44279632
2021-06-22,526.3095092773438,535.415210129893,526.3095092773438,532.6834998741282,27823974
2021-06-23,541.789306640625,544.5210174304096,529.0413229549632,530.8624634814863,34392376
2021-06-24,537.2365112304688,544.5210740946108,535.4153705144332,544.5210740946108,16524230
2021-06-25,538.1470947265625,544.5210873882984,536.3259539660664,544.5210873882984,18841696
2021-06-28,537.2365112304688,537.2365112304688,533.5942297983978,537.2365112304688,15028407
2021-06-29,541.789306640625,544.5210174304096,538.1470255875788,544.5210174304096,28659610
2021-06-30,541.789306640625,545.4315876936712,541.789306640625,545.4315876936712,24883853
2021-07-01,539.9681396484375,543.6104205229632,538.1469992111746,542.6998503043318,18250994
2021-07-02,535.4152221679688,539.9680726966079,534.5046520622409,537.2363623794245,18322419
2021-07-05,538.1470947265625,543.6105170080505,535.4153835858185,535.4153835858185,28836816
2021-07-06,539.057373046875,542.699652594489,536.3256633861645,541.7890827075855,12997112
2021-07-07,540.8787231445312,540.8787231445312,535.4153016986269,537.2364421805951,16966158
2021-07-08,535.4152221679688,541.7892129080636,535.4152221679688,541.7892129080636,21140426
2021-07-09,531.7730102539062,532.6835804769437,528.1307293617562,529.9518698078313,29029415
2021-07-12,539.9681396484375,543.6104205229632,537.2364289925432,541.7892800857004,31304547
2021-07-13,552.7161865234375,553.6267568471993,545.4316239333427,546.3421942571046,52540315
2021-07-14,558.1796264648438,560.0007671710912,553.6267746992252,558.1796264648438,38418875
2021-07-15,559.0900268554688,559.0900268554688,553.6266063975977,558.1794567791569,22012834
2021-07-16,536.3257446289062,541.7891647779273,535.4151746040694,538.1468846785799,57970545
2021-07-19,529.9518432617188,531.7729836165701,526.3095625520162,530.8624134391443,40644341
2021-07-20,529.0411987304688,531.7729088788188,527.2200586315687,527.2200586315687,15354333
2021-07-21,532.6834716796875,533.5940417167468,528.130621494391,533.5940417167468,25828732
2021-07-22,538.1470947265625,540.8788058673065,534.5048132055705,536.3259539660664,26058172
2021-07-23,532.6834716796875,539.0574619391025,530.8623316055689,539.0574619391025,15271451
2021-07-26,528.1307373046875,538.1470099087419,528.1307373046875,538.1470099087419,21619179
2021-07-27,528.1307373046875,531.7730182516163,528.1307373046875,529.0413075414198,17785992
2021-07-28,527.22021484375,527.22021484375,521.7567929282707,524.4885038860103,36158305
2021-07-29,530.8624877929688,532.6836284028932,525.3990659631955,532.6836284028932,23224896
2021-07-30,528.1307373046875,529.9518777781519,526.3095968312231,529.0413075414198,18999281
2021-08-02,537.2365112304688,537.2365112304688,528.1308076502913,530.8625187243446,23482491
2021-08-03,540.8787231445312,540.8787231445312,537.2364421805951,540.8787231445312,22747702
2021-08-04,542.69970703125,544.5208469877307,540.8785670747693,544.5208469877307,20313271
2021-08-05,542.69970703125,544.5208469877307,539.967997096529,544.5208469877307,15116242
2021-08-06,538.1470947265625,542.6999466278024,535.4153835858185,542.6999466278024,13687213
2021-08-09,541.789306640625,541.789306640625,530.8624634814863,537.2364553243173,17390951
2021-08-10,538.1470947265625,542.6999466278024,536.3259539660664,542.6999466278024,17190865
2021-08-11,537.2365112304688,537.2365112304688,532.6836594403801,537.2365112304688,19969687
2021-08-12,533.5941772460938,535.4153177827698,531.7730367094176,533.5941772460938,15444622
2021-08-13,529.0411987304688,532.6834789282689,527.2200586315687,532.6834789282689,22524428
2021-08-16,531.7730102539062,533.5941506999812,526.3095889156812,529.9518698078313,19315705
2021-08-17,531.7730102539062,531.7730102539062,531.7730102539062,531.7730102539062,0
2021-08-18,522.6672973632812,523.5778675677469,515.3827357275561,517.2038761364873,43716164
2021-08-19,509.0087585449219,521.7567417642938,509.0087585449219,521.7567417642938,38868947
2021-08-20,502.63470458984375,512.6509758769603,501.7241344728332,509.91926552592844,45614061
2021-08-23,515.3827514648438,520.846172858464,509.00875983895344,509.9193300712235,33685159
2021-08-24,520.8461303710938,523.577840845068,519.9355602131023,522.6672706870766,24844800
2021-08-25,532.6834716796875,532.6834716796875,522.6672012720352,527.2200514573317,27504657
2021-08-26,540.8787231445312,549.0738553133878,538.1470124215791,547.2527148314197,43822008
2021-08-27,545.4314575195312,546.3420275654737,539.9680372438766,542.6997473817039,27105651
2021-08-30,550.894775390625,550.894775390625,545.4313561305527,548.1630657605889,36575609
2021-08-31,559.0900268554688,559.0900268554688,544.5209056344794,549.9843260923504,52721470
2021-09-01,558.1796264648438,559.0901968179675,553.6267746992252,559.0901968179675,30092045
2021-09-02,552.7161865234375,560.0007491135323,552.7161865234375,558.1796084660085,24112463
2021-09-03,564.5534057617188,564.5534057617188,555.4477056687878,555.4477056687878,51562454
2021-09-06,574.56982421875,580.9438159295761,565.4641217747128,567.2852622635202,55589014
2021-09-07,567.2852783203125,577.3015512922602,567.2852783203125,577.3015512922602,26526056
2021-09-08,563.6429443359375,570.9275058136233,557.2689530429624,566.3746548900697,37817737
2021-09-09,563.6429443359375,564.5535145206483,555.447812673541,557.2689530429624,18735512
2021-09-10,566.3746337890625,567.2852039398488,559.0900725827723,560.0006427335586,16304725
2021-09-13,560.000732421875,564.5535839049796,558.1795918286331,563.6430136083587,15198774
2021-09-14,558.1796264648438,562.7324782304624,557.26905611172,562.7324782304624,14441901
2021-09-15,552.7161865234375,558.1796084660085,552.7161865234375,555.447897494723,23433501
2021-09-16,548.8286743164062,555.2316755167643,547.9139598592122,551.5728176879883,22467022
2021-09-17,548.8286743164062,557.9758188883463,547.9139598592122,548.8286743164062,40717715
2021-09-22,536.0225219726562,538.7666645766118,533.2783793687006,536.0225219726562,40642293
2021-09-23,537.8519897460938,542.425561087472,537.8519897460938,537.8519897460938,21696296
2021-09-24,546.9992065429688,546.9992065429688,539.6814914052702,540.5962057974825,16736973
2021-09-27,550.6580200195312,550.6580200195312,542.4255911488074,548.8285913815926,19464241
2021-09-28,543.3402709960938,545.1696995179661,541.5108424742214,544.25498525703,16707080
2021-09-29,530.5343017578125,533.2784446979391,527.7901588176859,530.5343017578125,49310524
2021-09-30,530.5343017578125,535.1078733246902,525.9607301909348,530.5343017578125,30465107
2021-10-01,525.0458984375,529.6194689813806,522.3017561111716,529.6194689813806,36704493
2021-10-04,523.216552734375,525.9606954934713,520.4724099752787,525.0459812404392,20957803
2021-10-05,523.216552734375,523.216552734375,512.2399816979895,514.0694102040538,33824024
2021-10-06,522.3018188476562,525.0459615035984,516.813533535772,524.1312472849511,32508846
2021-10-07,530.5343017578125,532.3637303845636,523.2165872508082,525.9607301909348,27933054
2021-10-08,525.9606323242188,533.2783454695992,524.1312040378737,532.3636313264267,18279079
2021-10-12,525.9606323242188,525.9606323242188,515.8987767493206,521.387061608356,26522907
2021-10-13,522.3018188476562,525.9606757222458,521.3871046290088,523.2165330663037,18914374
2021-10-14,524.1311645507812,529.6194489963392,524.1311645507812,529.6194489963392,13916927
2021-10-15,548.8286743164062,548.8286743164062,536.0226719156901,541.5109586588542,53150216
2021-10-18,539.681396484375,552.4873957229873,539.681396484375,552.4873957229873,19158568
2021-10-19,548.8286743164062,548.8286743164062,542.4256731160482,546.9992454020182,17386359
2021-10-20,546.9992065429688,552.4874928962427,546.0844921507564,551.5727785040303,16372520
2021-10-21,545.1697387695312,551.5727390570928,544.2550244427367,550.6580247302983,16169014
2021-10-22,548.8286743164062,550.6581032307943,543.3403875732422,548.8286743164062,13995403
2021-10-25,542.4254760742188,546.0843325738763,539.6813336994757,546.0843325738763,16785568
2021-10-26,547.9138793945312,548.8285937173936,542.4255934573573,544.255022103082,19998808
2021-10-27,547.9138793945312,547.9138793945312,543.3403077802196,546.9991650716689,14961858
2021-10-28,544.2549438476562,546.999086421678,540.5960870822938,546.999086421678,16570044
2021-10-29,539.681396484375,545.1696818723517,538.7666822530456,544.2549676410223,25763960
2021-11-01,539.681396484375,542.4255391783634,539.681396484375,540.5961107157044,16089351
2021-11-02,541.5108032226562,546.0843741958206,539.6813748333906,543.340231611922,15192404
2021-11-03,541.5108032226562,546.0843741958206,541.5108032226562,546.0843741958206,10224009
2021-11-04,536.9371948242188,543.3401937403509,535.1077665624667,541.5107654785988,17932145
2021-11-05,548.8286743164062,548.8286743164062,544.2551020304362,546.9992454020182,33270827
2021-11-08,550.6580200195312,550.6580200195312,546.999162743654,548.8285913815926,19752355
2021-11-09,558.8905029296875,564.3787893741688,557.9757885222739,558.8905029296875,39538660
2021-11-10,559.8050537109375,559.8050537109375,556.1461971507354,558.890339570887,16027674
2021-11-11,554.3170166015625,554.3170166015625,548.8287293084777,548.8287293084777,18463848
2021-11-12,552.4874267578125,558.8904267367938,550.6579981923893,557.9757124540822,15821327
2021-11-15,556.1463623046875,558.8905055397436,555.2316478930022,557.0610767163729,15551452
2021-11-16,557.9757080078125,559.8051365586579,556.1462794569672,559.8051365586579,20917108
2021-11-17,557.9757080078125,562.5492793849257,556.1462794569672,562.5492793849257,19717852
2021-11-18,560.7198486328125,561.6345629046441,555.2315630018225,560.7198486328125,20030651
2021-11-19,565.2933959960938,569.8669671611107,564.3786817630904,568.9522529281073,35554348
2021-11-22,562.5493774414062,565.2935207459985,562.5493774414062,565.2935207459985,20312168
2021-11-23,559.8050537109375,562.5491961310892,558.890339570887,562.5491961310892,19431694
2021-11-24,551.5728149414062,559.8052450151586,550.6581004887671,559.8052450151586,20391940
2021-11-25,551.5728149414062,555.2316727519628,549.743386036128,553.4022438466845,11888265
2021-11-26,545.1697387695312,549.7433104035038,541.5108814623532,546.9991674231203,26588102
2021-11-29,542.4254760742188,546.9990466987906,540.59604782439,543.3401901991332,23379558
2021-11-30,545.1697387695312,548.8285960767092,540.5961671355586,546.0844530963258,62021697
2021-12-01,548.8286743164062,551.5728176879883,543.3403875732422,545.1698164876302,21403404
2021-12-02,562.5493774414062,562.5493774414062,550.6580897881732,553.4022330927655,45125742
2021-12-03,556.1463623046875,561.6346487747995,554.3169334813168,561.6346487747995,23045832
2021-12-06,548.8286743164062,557.0611044311523,548.8286743164062,551.5728176879883,23589363
2021-12-07,555.2315063476562,555.2315063476562,546.0843645626867,550.6579354551715,18606530
2021-12-08,550.6580200195312,561.634591847163,550.6580200195312,561.634591847163,20801543
2021-12-09,556.1463623046875,556.1463623046875,550.6580758345755,554.3169334813168,11039070
2021-12-10,553.4021606445312,556.1463035898761,550.6580176991865,553.4021606445312,10497451
2021-12-13,549.7433471679688,557.9757766596688,549.7433471679688,557.0610622717021,17711657
2021-12-14,547.9138793945312,548.8285937173936,546.0844507488066,546.9991650716689,22579034
2021-12-15,548.8286743164062,549.7433887736003,545.1698164876302,546.0845309448242,21827730
2021-12-16,555.9501953125,555.9501953125,552.2744915418389,555.9501953125,21809022
2021-12-17,557.7880249023438,557.7880249023438,550.4366176548664,552.2744694667358,24105733
2021-12-20,549.5178833007812,557.7882193370806,549.5178833007812,557.7882193370806,21381070
2021-12-21,548.5989379882812,551.355716571137,546.7610855997108,548.5989379882812,17001461
2021-12-22,551.3556518554688,552.2745779418946,549.5177996826171,549.5177996826171,9831802
2021-12-23,556.8692626953125,558.7071150474422,553.193557991053,557.7881888713774,16654439
2021-12-24,555.0313110351562,559.6259410933943,555.0313110351562,556.8691630584515,11059689
2021-12-27,556.8692626953125,560.544967399572,555.0314103431828,555.0314103431828,16259872
2021-12-28,565.1395874023438,565.1395874023438,560.5449566104547,560.5449566104547,33892718
2021-12-29,566.0584106445312,568.8151886184494,564.2205586619191,565.1394846532252,24518766
2021-12-30,565.1395874023438,569.7342181942327,565.1395874023438,568.8152920358549,19681276
2022-01-03,579.8424072265625,580.7613333869849,567.8963671410708,568.8152933014932,69089158
2022-01-04,602.8156127929688,602.8156127929688,591.7884979248047,592.7074241638184,79434666
2022-01-05,597.3018188476562,614.7614104755108,593.6261153470552,614.7614104755108,69593809
2022-01-06,591.7883911132812,593.6262432595958,584.4369825280231,586.2748346743376,53210211
2022-01-07,582.5990600585938,593.626171605444,580.7612081341186,590.8693937187315,38249908
2022-01-10,590.86962890625,592.707481562257,576.166807658194,577.0857339861975,38289770
2022-01-11,598.2208862304688,598.2208862304688,587.1937731202297,593.6262557678691,33196585
2022-01-12,606.4911499023438,606.4911499023438,597.3018900553385,603.7343719482421,38860063
2022-01-13,607.4100341796875,608.3289601012907,601.8964786500686,604.653256414878,38137411
2022-01-14,617.5182495117188,618.4371754782541,607.4100638798305,618.4371754782541,95200777
2022-01-17,627.6265258789062,632.2211563758235,623.0318953819889,629.4643780776731,59614236
2022-01-18,608.3290405273438,625.7886353461043,608.3290405273438,623.0318572168263,43593330
2022-01-19,600.977783203125,606.4913408471904,598.2210043810924,599.1399306551033,40381333
2022-01-20,598.2208862304688,603.7344427855883,593.6262557678691,597.3019601379489,46474584
2022-01-21,589.0315551757812,593.626185091349,585.3558512433272,591.7883331251219,49577684
2022-01-24,600.0587158203125,601.896567936148,585.3558988936279,587.1937510094635,47134502
2022-01-25,589.0315551757812,592.7072591082355,586.2747772264406,590.8694071420084,52318736
2022-01-26,584.4368286132812,589.031457769046,583.5179027821283,583.5179027821283,29957189
2022-02-07,583.51806640625,591.7884012057086,579.8423620509351,591.7884012057086,56836469
2022-02-08,577.0855102539062,592.7072517735184,577.0855102539062,592.7072517735184,39718217
2022-02-09,581.6803588867188,585.3560641561451,578.923579934649,583.5182115214319,30048791
2022-02-10,596.383056640625,596.383056640625,585.355943112601,587.1937953672717,34587133
2022-02-11,597.3018188476562,597.3018188476562,589.9504118464544,593.6261153470552,26723278
2022-02-14,585.3560180664062,589.0317230464151,583.5181655764019,588.1127968014129,27826382
2022-02-15,581.6803588867188,587.1939167908582,581.6803588867188,581.6803588867188,21970460
2022-02-16,593.626220703125,593.626220703125,588.1126644736842,592.7072946648848,25191741
2022-02-17,592.707275390625,593.6262013989825,589.0315713571947,591.7883493822674,18135080
2022-02-18,585.3560180664062,587.1938705564107,584.4370918214041,586.2749443114085,20804191
2022-02-21,580.7613525390625,584.4370573019679,580.7613525390625,581.6802787297888,23797502
2022-02-22,576.1666259765625,578.9234040912828,574.3287739000822,577.0855520148026,34086593
2022-02-23,574.3287963867188,578.0045006835937,572.4909442382813,573.4098703125001,31953054
2022-02-24,555.0313110351562,568.8152012098703,555.0313110351562,567.8962751982227,73663161
2022-02-25,555.0313110351562,559.6259410933943,551.3556069885658,551.3556069885658,89012516
2022-03-01,555.0313110351562,560.5448671050419,550.4366809769182,550.4366809769182,66720867
2022-03-02,552.274658203125,555.9503630830127,551.3557319831531,552.274658203125,40693457
2022-03-03,553.1934204101562,557.7880501477822,552.2744944626311,554.1123463576814,33792420
2022-03-04,546.760986328125,548.5988383830095,544.0042082457983,546.760986328125,55917115
2022-03-07,529.3014526367188,533.896083301968,528.3825265036688,532.9771571689182,86496560
2022-03-08,517.3553466796875,523.7878287876055,515.5174946488538,515.5174946488538,79029914
2022-03-09,521.9500122070312,526.5446425961777,521.031086129202,521.031086129202,52155415
2022-03-10,539.4095458984375,541.247397843577,534.8149160355888,537.571693953298,45630467
2022-03-11,528.3824462890625,534.8149282438859,527.4635202955163,533.8960022503396,38943098
2022-03-14,525.625732421875,530.2203629500383,525.625732421875,527.4635846331403,33919577
2022-03-15,512.7608032226562,517.3554340759058,512.7608032226562,516.4365079052559,74092231
2022-03-16,515.3003540039062,521.7646953623781,512.5299219931326,520.8412180254536,43438327
2022-03-17,537.4638061523438,538.3872834825024,530.9994648412331,533.7698968317092,60959900
2022-03-18,536.5403442382812,537.4638215949736,531.9229574548193,537.4638215949736,46242430
2022-03-21,541.1577758789062,543.9282081786276,538.3873435791849,538.3873435791849,21400273
2022-03-22,538.3871459960938,541.1575772790925,532.8462834300962,532.8462834300962,20246949
2022-03-23,544.8515625,544.8515625,541.157653601695,544.8515625,25902069
2022-03-24,545.7750244140625,546.6985016127327,540.2341612220416,542.0811156193819,20060758
2022-03-25,552.2393798828125,552.2393798828125,549.4689482111596,551.3159026589282,26122381
2022-03-28,539.3106689453125,541.1576232910156,535.6167602539062,536.5402374267578,26391576
2022-03-29,543.9281005859375,543.9281005859375,539.3107143330857,541.1576688342265,14892032
2022-03-30,554.0863037109375,554.0863037109375,551.3158721923828,553.1628265380859,41230239
2022-03-31,551.3160400390625,555.9334273090714,548.5456076770572,555.9334273090714,22700114
2022-04-01,543.9281005859375,543.9281005859375,539.3107143330857,540.2341915836561,29732696
2022-04-06,533.7698364257812,535.6167908770815,530.9994047488308,533.7698364257812,37645873
2022-04-07,522.6881103515625,529.1524509389493,522.6881103515625,527.3054964854102,42904743
2022-04-08,523.6116333007812,526.3820652230077,522.6881559933724,523.6116333007812,28024587
2022-04-11,515.3003540039062,522.6881726993028,515.3003540039062,519.9177406885291,36820094
2022-04-12,514.3768310546875,520.8411718399349,509.7594447795108,511.6063992895815,30671407
2022-04-13,529.1524047851562,531.922836223822,519.917633322937,520.841110469159,35865970
2022-04-14,529.1524047851562,533.7697905162657,529.1524047851562,532.8463133700438,19056590
2022-04-15,518.9942626953125,522.6881720383396,518.0707853595558,518.9942626953125,28253360
2022-04-18,518.07080078125,522.6881875974822,515.3003686915107,516.2238460547571,15800959
2022-04-19,521.7645874023438,525.4584959857232,519.917633110654,522.6880645481885,16614705
2022-04-20,526.3820190429688,526.3820190429688,518.9942012318394,526.3820190429688,27606307
2022-04-21,521.7645874023438,527.3054502774129,521.7645874023438,527.3054502774129,18383650
2022-04-22,515.3003540039062,516.2238313408308,514.3768766669816,515.3003540039062,29283846
2022-04-25,505.1421203613281,509.75950720192526,504.2186429932087,507.9125524656864,43389591
2022-04-26,504.2185363769531,508.83592224121094,502.37158203125,507.9124450683594,35825421
2022-04-27,485.7491149902344,491.2899794197808,485.7491149902344,489.443024609932,55941533
2022-04-28,490.3664245605469,491.2899018196063,482.9786064880716,489.4429473014875,45380836
2022-04-29,496.8307189941406,505.1420135498047,494.06028747558594,505.1420135498047,36664644
2022-05-03,490.3664245605469,498.6777198920816,489.4429473014875,496.8307653739628,26317509
2022-05-04,493.13677978515625,495.90721113226385,489.4428713223461,492.2133026694537,16569622
2022-05-05,500.52459716796875,502.37155140106086,497.75416581833053,501.4480742845148,20374772
2022-05-06,487.5959167480469,490.3663480932063,485.74896251794064,487.5959167480469,32467268
2022-05-09,480.20819091796875,483.9021000788762,480.20819091796875,482.9786227886493,23709774
2022-05-10,478.3611755371094,479.28465270996094,466.35597229003906,467.2794494628906,41679907
2022-05-11,481.13165283203125,485.7490391356016,478.3612210498891,478.3612210498891,27157254
2022-05-12,466.35601806640625,478.3612224918781,466.35601806640625,476.51426796488244,32532963
2022-05-13,471.8968200683594,474.66725149733213,467.2794343534048,468.2029114963957,29074177
2022-05-16,480.20819091796875,483.9021000788762,478.36123633751504,481.1316682081956,21163106
2022-05-17,489.4429931640625,492.2134252008402,480.2082197081368,481.1316970537294,24496974
2022-05-18,496.8307189941406,499.6011505126953,493.1368103027344,499.6011505126953,30568176
2022-05-19,482.0550537109375,486.6724392828813,480.2080994821599,482.97853082532623,29019751
2022-05-20,489.4429931640625,491.28994785524765,482.97865174491454,483.90212909050706,22651205
2022-05-23,487.5959167480469,493.13677943836564,487.5959167480469,492.2133023233125,17054170
2022-05-24,480.20819091796875,490.3664411104642,480.20819091796875,489.44296382023737,17802308
2022-05-25,483.902099609375,488.5194860560294,480.20819045205155,482.0551450307133,22176476
2022-05-26,474.6672668457031,484.8255157470703,473.74378967285156,482.9785614013672,28327403
2022-05-27,489.4429931640625,489.4429931640625,482.05517439932197,483.90212909050706,27866643
2022-05-30,505.1421203613281,505.1421203613281,495.9073466801338,496.83082404825325,34476433
2022-05-31,517.1472778320312,517.1472778320312,498.677732195173,500.5246867588588,72405873
2022-06-01,506.9889831542969,512.529846358169,506.06550595365155,507.91246035494225,29155176
2022-06-02,498.6777038574219,503.29509000424986,498.6777038574219,502.3716127748843,21420890
2022-06-06,498.6777038574219,502.3716127748843,496.83074939869067,499.60118108678745,17615003
2022-06-07,494.060302734375,496.83073433849296,491.289871130257,494.060302734375,19497532
2022-06-08,502.3716125488281,503.2950897777782,496.83074917512783,497.7542264040779,18835521
2022-06-09,499.60125732421875,500.5247346945038,495.9073478430785,496.83082521336354,16338602
2022-06-10,489.4429931640625,492.2134252008402,488.5195158184699,489.4429931640625,21357130
2022-06-13,476.5143127441406,479.2847447949787,475.5908353938613,478.3612674446993,32854092
2022-06-14,473.7438049316406,474.6672821342364,468.2029417160659,468.2029417160659,36304444
2022-06-15,470.0498962402344,475.59075945721156,469.12641903740484,469.12641903740484,35680283
2022-06-16,471.6748352050781,479.102785365788,470.7463414349894,478.1742915956993,26909199
2022-06-17,465.17535400390625,467.0323414450396,463.3183665627729,463.7826134230562,43566737
2022-06-20,462.389892578125,466.1038676189131,459.6044112975339,464.24688009851906,34209693
2022-06-21,468.8893127441406,468.8893127441406,463.31835061252707,465.1753379897316,33223685
2022-06-22,459.1401062011719,467.0323021621627,459.1401062011719,465.1753148772237,31034893
2022-06-23,450.7836608886719,458.2116099867344,450.31941407004297,456.8188695308477,43548940
2022-06-24,451.71209716796875,457.28305828412044,450.7836036486101,454.4975777260446,27911980
2022-06-27,462.8540344238281,469.81773604504923,460.0685537753397,460.53280055008776,37909718
2022-06-28,461.9256591796875,464.24689364792715,460.53291849874375,460.53291849874375,15274062
2022-06-29,455.890380859375,462.85408321466076,455.890380859375,460.53284909623216,30533789
2022-06-30,441.9629821777344,451.7121656081256,441.9629821777344,449.85517828805104,46311432
2022-07-01,421.07183837890625,440.10595676207623,420.1433447992394,437.78472281290914,61744377
2022-07-04,408.5372314453125,419.21490908536043,408.5372314453125,411.32271256880324,52445919
2022-07-05,414.1081237792969,419.2148383102075,402.0377076153263,417.3578512080582,50084244
2022-07-06,404.3590393066406,415.50096461474556,403.8947924188029,410.39424884853076,40549763
2022-07-07,424.7858581542969,426.17859867283556,407.14447825280695,410.3942061293972,48151202
2022-07-08,433.60650634765625,436.8562339112897,428.49979160480376,436.39198711648487,37897895
2022-07-11,428.9640808105469,436.85627710251583,428.0355871291388,434.5350428989956,21941710
2022-07-12,417.35784912109375,425.2500442657641,417.35784912109375,425.2500442657641,23036423
2022-07-13,436.8562316894531,439.17746565167124,432.6780105574605,436.8562316894531,44035695
2022-07-14,441.0345153808594,443.3557496723376,429.892590781764,432.67807193153783,31936258
2022-07-15,457.283203125,458.67594384517764,442.89154901649744,446.60552427030456,51846909
2022-07-18,460.06854248046875,462.8540230605725,453.56908779356,460.06854248046875,39179575
2022-07-19,455.890380859375,457.74736815411785,451.71215944620354,452.64065309357494,19874865
2022-07-20,459.6044006347656,467.0323505440144,456.3546725494693,466.1038568053583,35436652
2022-07-21,465.17535400390625,465.17535400390625,458.6758979599395,460.53288540107286,22285593
2022-07-22,467.0323486328125,468.8893361025255,464.24686742824304,468.8893361025255,25216400
2022-07-25,463.7825622558594,467.0322899193139,462.38982182866465,464.2468090649243,15245346
2022-07-26,459.6044006347656,463.78262245871804,455.8904256801413,463.78262245871804,18024265
2022-07-27,466.103759765625,466.103759765625,455.89033076677663,458.6758114028262,17166365
2022-07-28,465.17535400390625,472.6033037684397,463.3183665627729,472.6033037684397,33844011
2022-07-29,472.60321044921875,473.5317039864471,467.9607427630771,471.6747169119904,29045617
2022-08-01,467.9607849121094,471.6747593955388,464.2468104286799,469.8177721538241,24117969
2022-08-02,456.8188171386719,460.5327912617505,453.56908978097806,458.6758042002112,39838155
2022-08-03,465.17535400390625,465.17535400390625,457.7474042393728,458.6758979599395,27603474
2022-08-04,464.246826171875,467.03230712890627,459.60435791015624,463.3183325195313,26027618
2022-08-05,479.1027526855469,479.1027526855469,470.7463093247525,472.6032967382623,32784279
2022-08-08,475.3887023925781,478.17418307065964,472.6032217144966,473.5317152738571,19333128
2022-08-09,473.53173828125,474.46023188572303,467.96077665441175,470.74625746783084,21164373
2022-08-10,464.246826171875,467.03230712890627,463.78257934570314,464.246826171875,20861380
2022-08-11,477.2456970214844,477.2456970214844,473.5317227255973,476.3172034475126,23740033
2022-08-12,480.03125,480.9597437137331,477.2457688588008,478.17426257253385,19535923
2022-08-15,485.60223388671875,486.5307276417603,481.88825886655263,482.81675262159416,21273166
2022-08-16,487.4591369628906,488.38763055710564,485.60214977446054,488.38763055710564,20720414
2022-08-17,489.3161315917969,489.3161315917969,483.7451699417954,486.53065076679616,27143102
2022-08-18,482.8167419433594,483.7452356778658,481.88824820885293,482.8167419433594,17831084
2022-08-19,481.8882141113281,485.60218878655996,480.03122677371226,481.8882141113281,14022812
2022-08-22,475.3887023925781,477.24568951129913,473.5317152738571,474.4602088332176,11494000
2022-08-23,467.9607849121094,469.8177721538241,466.10379767039467,467.032291291252,19191108
2022-08-24,467.0323486328125,471.67481730709494,467.0323486328125,467.960842367669,14363212
2022-08-25,471.6748352050781,473.53182274525557,467.9608601247232,468.8893538948119,9357138
2022-08-26,475.3887023925781,478.17418307065964,474.4602088332176,476.31719595193863,12914846
2022-08-29,462.8540344238281,466.1037618470646,460.53280055008776,461.46129409958394,26590824
2022-08-30,460.5328369140625,464.2468114053049,460.5328369140625,461.9255773482784,24214535
2022-08-31,468.8893127441406,468.8893127441406,456.81889479231126,456.81889479231126,39357089
2022-09-01,455.4261169433594,460.06858500598287,454.96187013709704,459.6043381997205,39168672
2022-09-02,450.31939697265625,454.4976181816809,450.31939697265625,453.1048777786727,29982959
2022-09-05,451.2478942871094,453.1048815063979,449.3909070678209,450.3194006774651,15903415
2022-09-06,454.033447265625,456.35468165859857,451.71221287265143,453.56920038703026,16700285
2022-09-07,438.71319580078125,443.819910249256,438.2489490327381,442.8914167131697,34678562
2022-09-08,441.0345153808594,441.0345153808594,438.24903423108555,439.1775279476768,27931552
2022-09-12,451.71209716796875,455.8903180050825,450.3193568889308,450.3193568889308,21597212
2022-09-13,457.7473449707031,459.60433217139564,455.8903577700106,459.60433217139564,16507036
2022-09-14,445.67694091796875,447.9981749852498,441.962966410319,444.2842004776001,22645714
2022-09-15,444.9765625,448.24501573976914,444.5096406086044,444.5096406086044,23104850
2022-09-16,440.7742614746094,440.7742614746094,437.9727301516775,439.37349581314345,39087513
2022-09-19,436.1050109863281,441.70807322598114,435.6380891330237,440.7742295193723,17182380
2022-09-20,444.9765625,446.3773281741868,438.9065779118573,439.3734998032529,19842582
2022-09-21,439.84039306640625,444.04268981544834,437.5057837613829,442.1750023714296,24154633
2022-09-22,433.7704162597656,437.0388693424549,428.63427570125384,431.43580691498755,29702508
2022-09-23,424.89892578125,430.03506664234203,424.89892578125,428.1673790564904,29757787
2022-09-26,416.9612731933594,423.96510197040345,413.6928197640721,413.6928197640721,32342267
2022-09-27,418.36199951171875,421.63045263290405,416.4943120138986,419.2958432606288,24961404
2022-09-28,409.0235595703125,419.2958407467359,409.0235595703125,417.42815326011345,34402652
2022-09-29,406.2220458984375,414.1597180596714,403.4205145474138,413.69279616783405,41094780
2022-09-30,394.08203125,399.21817146771326,394.08203125,396.4166404398697,48266800
2022-10-03,389.412841796875,396.4166698867469,388.94591992421687,390.8136074148494,36044395
2022-10-04,400.6189270019531,403.4204579600087,398.75123969658273,401.08584882829575,40375000
2022-10-05,415.5604553222656,421.16351764121754,412.7589241627897,415.093533462353,46496536
2022-10-06,421.16357421875,421.16357421875,417.4281988376524,420.6966522961128,30331834
2022-10-07,409.0235595703125,418.82891887508026,408.08971582700127,418.82891887508026,31941781
2022-10-11,374.938232421875,385.2105127622003,374.47131058822384,381.00821625934,95793819
2022-10-12,371.2029113769531,373.5375208824685,369.33522377254076,370.73598947585003,53570085
2022-10-13,368.86834716796875,376.3390985030162,368.86834716796875,374.00448871081386,38046284
2022-10-14,384.7435607910156,388.47893516762747,381.9420300085568,387.078169776398,54504366
2022-10-17,370.7359924316406,376.8059771943753,369.80214862198915,373.5375238605951,41512192
2022-10-18,380.07440185546875,380.07440185546875,373.07057381144904,379.6074799858674,40093216
2022-10-19,369.3352355957031,378.20675200065676,369.3352355957031,377.2729081685564,46385177
2022-10-20,371.2029113769531,371.2029113769531,360.4637076515821,365.132926662613,52938069
2022-10-21,363.7320861816406,372.1366786736426,363.7320861816406,369.3351478429753,35923505
2022-10-24,361.3974914550781,371.20284975037094,361.3974914550781,368.8682406324441,46714078
2022-10-25,346.4560546875,357.1952585389993,346.4560546875,354.8606490060647,76416687
2022-10-26,351.1252746582031,353.9268061049441,345.5222117647212,345.98913367251134,58850484
2022-10-27,359.99676513671875,363.2652182572856,357.1952338905186,359.06292138798534,45684455
2022-10-28,354.3937072753906,356.7283166777318,350.1914103511765,354.3937072753906,40184472
2022-10-31,364.1990966796875,364.1990966796875,355.7945021409255,360.4637213291266,38409054
2022-11-01,365.599853515625,367.00061923790713,360.463712533924,362.79832207106085,41426496
2022-11-02,368.86834716796875,368.86834716796875,362.7983617082427,365.13297150044497,22535650
2022-11-03,358.5959777832031,361.3975088596344,358.1290559371313,359.5298214753469,39731333
2022-11-04,356.728271484375,359.0628805909481,353.4598187351726,355.79442784174574,28397417
2022-11-07,364.1990966796875,367.0006281926082,361.3975651667668,364.1990966796875,35387706
2022-11-08,372.6036682128906,373.07059010288174,367.9344493129797,368.8682930929619,31838223
2022-11-09,389.412841796875,389.412841796875,376.8059512351057,376.8059512351057,52260831
2022-11-10,380.5413818359375,384.2767573631614,379.1406160132285,381.94214765864643,32044942
2022-11-11,412.29193115234375,412.75885293167823,406.22194802099557,412.29193115234375,80016195
2022-11-14,415.5604553222656,420.2296739213922,412.292002302877,420.2296739213922,61933190
2022-11-15,448.2449645996094,454.78187033335365,431.43577842712403,434.2373094558716,113379796
2022-11-16,454.7819519042969,461.3188588105188,449.64581076369393,458.98424920115383,85726375
2022-11-17,452.9141845703125,452.9141845703125,443.57574777504834,450.57957537149645,45144984
2022-11-18,454.7819519042969,461.3188588105188,453.8481080605509,458.98424920115383,35859717
2022-11-21,450.1126403808594,457.1164677726777,448.7118749024957,455.2487804681928,29710180
2022-11-22,458.5173034667969,458.5173034667969,444.509646538076,444.509646538076,37343127
2022-11-23,459.45111083984375,463.1864857247205,456.18265781557653,461.7857201428917,33475337
2022-11-24,463.1864929199219,463.1864929199219,459.4511179770193,461.3188054484706,27396552
2022-11-25,465.0542297363281,465.0542297363281,461.31885439708054,461.31885439708054,39949969
2022-11-28,448.7119445800781,457.5834606539819,448.7119445800781,453.84808546496976,38926919
2022-11-29,454.7819519042969,455.71579574804286,441.708138091853,442.175060013726,38182197
2022-11-30,457.5834655761719,457.5834655761719,450.57963702143456,451.04655892508373,57111603
2022-12-01,465.5210876464844,474.39260285740033,465.5210876464844,472.5249154445759,41746878
2022-12-02,459.91815185546875,464.12044968968115,457.583541947573,457.583541947573,28319679
2022-12-05,456.649658203125,464.5873311984758,456.649658203125,458.98426790763995,28360444
2022-12-06,446.3773193359375,456.6496007432499,446.3773193359375,455.7157569789487,40561068
2022-12-07,443.5758361816406,453.381196770919,443.5758361816406,445.44352391293177,36563503
2022-12-08,440.3073425292969,443.5757957612216,436.10504551682214,443.5757957612216,27238567
2022-12-09,449.645751953125,452.447283117942,444.5096114842939,446.3772989275052,25915337
2022-12-12,443.5758361816406,446.3773677785773,442.1750703831723,444.97660198010897,20973334
2022-12-13,440.3073425292969,444.5096395417716,439.8404206390219,441.7081082001218,33272826
2022-12-14,448.7119445800781,448.7119445800781,440.77427230342744,440.77427230342744,30636639
2022-12-15,451.2948303222656,452.2340495320934,445.6595150632987,447.0683438780404,24222008
2022-12-16,442.3721923828125,442.3721923828125,437.2064873762191,438.14570646832703,47601400
2022-12-19,438.1456298828125,440.9632866666248,436.7368014909064,438.1456298828125,21075559
2022-12-20,429.6927795410156,438.6153618484247,427.34473156538166,436.7369234679175,31139235
2022-12-21,431.1015625,434.85843886165577,429.2231243191721,432.0407815904139,36182644
2022-12-22,439.5545349121094,440.4937540038019,435.7976585453392,438.14570627457056,14047382
2022-12-23,427.3447570800781,430.63202444223253,427.3447570800781,429.69280519590274,24927413
2022-12-26,428.7535400390625,429.2231496119421,425.935882601785,426.4054921746646,8793306
2022-12-27,429.22308349609375,434.38878800206425,429.22308349609375,430.1623024971793,10264001
2022-12-28,423.58782958984375,424.52704872418934,418.891733918116,423.58782958984375,32578949
2022-12-29,418.8916320800781,422.1788982511101,415.6043659090461,417.01319426805986,23020759
2022-12-30,421.2397155761719,428.75346747050713,421.2397155761719,427.3446389903193,21683478
2023-01-03,425.46624755859375,425.93585710336043,416.0740566632606,418.8917139318605,14885824
2023-01-04,422.1789855957031,427.34469064748595,421.239766495379,422.1789855957031,19188422
2023-01-05,430.6319580078125,431.5711771092472,427.34469115279103,431.10156755852984,23549581
2023-01-06,430.6319580078125,431.5711771092472,427.34469115279103,427.34469115279103,20886011
2023-01-09,451.76434326171875,451.76434326171875,439.0848866421071,439.55449614653713,46666263
2023-01-10,456.4604187011719,457.3996376696928,453.6427617956091,456.4604187011719,32646014
2023-01-11,455.0516357421875,458.33890246065533,452.70358808613906,457.39968339823594,21051115
2023-01-12,456.9300842285156,458.3389128540917,454.58203651922213,457.869303312233,20963689
2023-01-13,469.60955810546875,478.0625301513672,468.6703389892578,476.1840919189453,77606949
2023-01-16,474.3056335449219,477.1232907739016,472.42719539226874,475.24485262124847,34373918
2023-01-17,472.42718505859375,473.3664041143762,469.13991836335504,473.3664041143762,27770329
2023-01-30,509.9960021972656,509.9960021972656,501.54302978515625,509.05678304036456,124428936
2023-01-31,490.2723388671875,505.2998435067948,489.33311982721204,504.36062446681933,72530854
2023-02-01,497.7861328125,500.60379016804245,490.2723798643868,499.6645710495283,33710990
2023-02-02,507.1783142089844,509.05675240975836,504.36065690782334,505.29987600821033,43077053
2023-02-03,509.0567321777344,509.0567321777344,503.42141779938305,507.1782940516173,31635865
2023-02-06,494.02935791015625,500.60389309147007,494.02935791015625,499.66467377985384,30870136
2023-02-07,491.2116394042969,495.90773538330546,490.27242020849513,492.1508586000986,23481767
2023-02-08,507.1783142089844,507.1783142089844,501.5429996066623,505.29987600821033,35096191
2023-02-09,507.1783142089844,507.1783142089844,503.42143780743635,507.1783142089844,18861972
2023-02-10,511.8743896484375,512.8136087120126,508.117513394137,510.93517058486236,28495684
2023-02-13,508.1174621582031,510.9351190648105,505.2998052515957,510.9351190648105,22768977
2023-02-14,511.8743896484375,512.8136087120126,509.9959515212872,510.93517058486236,21883297
2023-02-15,493.09002685546875,499.664560546875,490.2723695591518,494.0292459542411,61796793
2023-02-16,495.9076232910156,498.72528024153274,492.1507473569928,495.9076232910156,29975138
2023-02-17,486.5154724121094,492.15078676437315,484.6370342946881,492.15078676437315,28121975
2023-02-20,485.5762634277344,487.4547015841279,479.9409489585537,482.75860619314403,20065156
2023-02-21,484.6370849609375,485.5763041178385,481.8194274902344,483.69786580403644,13504100
2023-02-22,476.1839904785156,478.06242831077805,474.30555264625326,475.24477156238447,24575245
2023-02-23,486.5154724121094,489.33312958824126,479.00171994242424,480.88015805984554,25376835
2023-02-24,479.9409484863281,493.0900155681453,479.9409484863281,492.15079649087266,41692491
2023-03-01,490.2723388671875,490.2723388671875,473.3663961476293,473.3663961476293,39560848
2023-03-02,487.4547119140625,488.3939310121628,483.69783552166126,487.4547119140625,16558784
2023-03-03,484.6370849609375,493.0900573730469,484.6370849609375,492.1508382161458,23253895
2023-03-06,489.3331298828125,492.1507870606406,485.5762536457084,488.3939108235365,21922085
2023-03-07,492.15081787109375,494.02925610724293,487.4547222807207,489.3331605168699,24861078
2023-03-08,489.3331298828125,491.2115680013646,486.5154727049844,489.3331298828125,24512408
2023-03-09,490.2723388671875,494.0292150270893,490.2723388671875,493.08999598711387,21557577
2023-03-10,481.81939697265625,484.637054264894,479.94095877783104,483.6978351674814,24045605
2023-03-13,484.6370849609375,486.51552327473956,478.0625508626302,481.8194274902344,21466947
2023-03-14,479.0017395019531,482.7586158902037,479.0017395019531,479.94095859901574,20474770
2023-03-15,479.9409484863281,484.6370438726914,479.00172940905543,483.69782479541874,23208597
2023-03-16,476.8717956542969,481.5932985815672,475.92749506884286,476.8717956542969,21965994
2023-03-17,489.1476745605469,489.1476745605469,484.4261719103485,487.25907350046754,33118483
2023-03-20,483.4819641113281,489.14776837825775,481.59336268901825,488.2034676671028,11837312
2023-03-21,488.2033996582031,488.2033996582031,483.4818967601547,486.31479849898375,18284799
2023-03-22,503.3121643066406,503.3121643066406,494.8134598436767,494.8134598436767,42385987
2023-03-23,508.03369140625,508.9779919478973,498.59068598977694,498.59068598977694,26728246
2023-03-24,508.9778747558594,508.9778747558594,505.2006734589699,506.14497378319226,21926240
2023-03-27,501.4236145019531,506.1451174633651,501.4236145019531,503.3122156865179,16111177
2023-03-28,495.7578125,500.4793154761905,494.8135119047619,495.7578125,17234120
2023-03-29,500.4793395996094,503.3122415218713,495.75783639583943,503.3122415218713,17280749
2023-03-30,505.20074462890625,507.08934554340686,501.4235427999051,506.1450450861566,19201564
2023-03-31,503.3121643066406,508.033666786065,502.36786381075575,508.033666786065,23558838
2023-04-06,500.4793395996094,501.42364024036334,496.70213703659346,500.4793395996094,25423363
2023-04-07,501.4236145019531,505.20081687108274,499.53501331738835,505.20081687108274,8557482
2023-04-10,499.53485107421875,503.3120522165569,498.59055078863423,503.3120522165569,7435151
2023-04-11,494.8135070800781,497.6464088381702,492.92490590801674,492.92490590801674,22675697
2023-04-12,491.0363464355469,494.8135491004357,488.20344443688026,493.8692484342135,23816473
2023-04-13,481.5932922363281,488.203396247415,481.5932922363281,486.3147951013902,25536889
2023-04-14,487.2591247558594,491.0363272733466,484.4262228677439,487.2591247558594,18072504
2023-04-17,491.0363464355469,491.0363464355469,485.37054243821365,490.09204576932467,14634287
2023-04-18,486.3148498535156,491.0363532501517,485.37054917418845,489.1477518914973,15168888
2023-04-19,481.5932922363281,489.1476968204274,480.6489916633157,488.203396247415,21123233
2023-04-20,484.42620849609375,487.2591103001645,481.593306692023,483.4819078947368,17221961
2023-04-21,482.53759765625,491.03630289872797,481.5932970737524,491.03630289872797,25016683
2023-04-24,478.76031494140625,481.5932162132489,475.92741366956363,476.8717140935112,16886512
2023-04-25,470.2616882324219,476.87179228388163,470.2616882324219,475.92749170510166,36898412
2023-04-26,464.1237487792969,470.73385303454626,463.65159847535045,470.2617027305999,31269245
2023-04-27,466.0123291015625,467.4287799498955,461.76297655656344,463.65157768767415,29537148
2023-04-28,474.038818359375,474.038818359375,470.26161661945963,470.7337668369491,24824100
2023-05-02,473.0946044921875,474.0389050999563,468.8452517572277,472.15030388441863,15325791
2023-05-03,468.37310791015625,470.26170915172946,467.4288072893697,468.37310791015625,11369311
2023-05-04,470.2616882324219,471.67813910059186,468.373087074862,469.31738765364196,13140291
2023-05-05,472.1502990722656,474.0389002685547,470.7338481750488,472.1502990722656,7488897
2023-05-08,475.9274597167969,480.6489622933524,474.03885868617465,480.6489622933524,11243634
2023-05-09,481.5932922363281,481.5932922363281,476.8717893712661,478.7603905172909,16197743
2023-05-10,474.9831848144531,479.7046876456107,472.15028311575855,479.7046876456107,18859212
2023-05-11,471.20599365234375,477.8160977717153,470.7338433581029,477.8160977717153,13382927
2023-05-12,468.37310791015625,472.1503103933027,467.4288072893697,468.37310791015625,18465362
2023-05-15,467.90093994140625,471.6781422820029,466.95663935625714,469.31739081913,13315766
2023-05-16,476.8717956542969,479.70469741065904,472.1502927270266,474.9831944833888,21140315
2023-05-17,490.0920104980469,491.98061169457117,477.81610272063915,479.70470391716344,41406763
2023-05-18,500.4793395996094,506.1451434441332,496.70213703659346,503.3122415218713,43096277
2023-05-19,502.3679504394531,505.20085241561543,499.53504846329076,505.20085241561543,32099068
2023-05-22,501.4236145019531,503.3122156865179,499.53501331738835,502.3679150942355,17208135
2023-05-23,500.4793395996094,501.42364024036334,495.75783639583943,500.4793395996094,19588873
2023-05-24,495.7578125,498.5907142857143,494.8135119047619,497.6464136904762,19086681
2023-05-25,512.7552490234375,514.643850308975,507.08944516682493,511.8109483806687,63827245
2023-05-26,534.47412109375,536.3627222283569,531.6412193918396,536.3627222283569,95808471
2023-05-29,536.3626708984375,542.0284737600407,532.585468990702,542.0284737600407,54657853
2023-05-30,534.47412109375,536.3627222283569,531.6412193918396,534.47412109375,40136130
2023-05-31,526.9197387695312,530.6969411979867,520.3096345197342,528.808339983759,81176782
2023-06-01,520.3096313476562,523.142533151727,519.3653307462993,519.3653307462993,24477529
2023-06-02,530.6969604492188,532.5855617319562,525.9754572423751,527.8640585251126,30206141
2023-06-05,524.0867919921875,528.8082946227478,524.0867919921875,528.8082946227478,16827391
2023-06-06,528.8082885742188,530.696889604841,522.198184967041,523.1424854823522,20228086
2023-06-07,536.3626708984375,536.3626708984375,528.8082670829666,529.7525675599004,27604813
2023-06-08,527.8640747070312,536.3627807398815,524.0868720257645,530.6969767179813,23080195
2023-06-09,533.52978515625,534.4740856609513,529.7525831374447,529.7525831374447,19091713
2023-06-12,542.0284423828125,542.0284423828125,539.1955411160034,542.0284423828125,26392389
2023-06-13,559.97021484375,560.9145153746838,556.1930127200147,559.97021484375,56174363
2023-06-14,557.1372680664062,558.0815685207562,554.3043667033568,557.1372680664062,23583314
2023-06-15,560.6950073242188,562.5924523574648,556.9001172577265,559.7462848075957,27392154
2023-06-16,558.7974853515625,559.7462077375584,554.0538734215833,559.7462077375584,38128802
2023-06-19,553.1051635742188,555.0026083892246,552.1564411667158,553.1051635742188,14346885
2023-06-20,553.1051635742188,555.0026083892246,549.310273944207,549.310273944207,16221413
2023-06-21,551.2077026367188,555.0025921557324,548.3615354974586,552.1564250164721,21703937
2023-06-26,544.5665283203125,548.3614170194088,544.5665283203125,546.4639726698606,27142262
2023-06-27,542.6691284179688,545.5152951754056,539.8229616605319,540.7716839130109,21501718
2023-06-28,544.5665283203125,549.3101391941829,541.7203617959904,549.3101391941829,18175426
2023-06-29,543.6177978515625,550.2588529736583,540.7716313706643,548.3614086530596,16937929
2023-06-30,546.4640502929688,546.4640502929688,538.8742718166775,540.7717164357504,22654976
2023-07-03,549.310302734375,550.259025191602,546.4641353626943,548.3615802771482,14785585
2023-07-04,555.0025024414062,555.0025024414062,550.2588913094285,555.0025024414062,17219541
2023-07-05,552.1563720703125,558.7974280917767,549.3102052039707,558.7974280917767,14913592
2023-07-06,536.028076171875,544.5665765002766,536.028076171875,543.6178542415653,28564891
2023-07-07,536.028076171875,542.669131982854,534.1306316544525,536.028076171875,18796190
2023-07-10,536.028076171875,543.6178542415653,536.028076171875,537.9255206892976,18454982
2023-07-11,547.4126586914062,547.4126586914062,540.7716039065884,544.5664923550557,17850636
2023-07-12,548.3614501953125,548.3614501953125,542.6691168022816,544.5665612666252,15588228
2023-07-13,555.0025024414062,559.746113573384,555.0025024414062,556.8999468941973,25442137
2023-07-14,560.6950073242188,560.6950073242188,556.9001172577265,558.7975622909727,23121873
2023-07-17,560.6950073242188,560.6950073242188,556.9001172577265,557.8488397743496,13807834
2023-07-18,551.2077026367188,557.8487592949925,550.2589802569654,556.9000369152391,20932006
2023-07-19,551.2077026367188,556.9000369152391,549.3102578772119,554.0538697759789,22499123
2023-07-20,549.310302734375,554.0539150205095,548.3615802771482,550.259025191602,15108109
2023-07-21,531.2845458984375,534.1307131086077,528.4383786882673,531.2845458984375,46711021
2023-07-24,529.3870239257812,534.1306352512811,528.4383016606813,528.4383016606813,25268835
2023-07-25,539.8229370117188,539.8229370117188,532.2331593384432,532.2331593384432,19590349
2023-07-26,536.9768676757812,541.7204795810444,534.1307005326235,539.8230348189392,13314305
2023-07-27,539.8229370117188,540.7716592208782,536.9767703842405,540.7716592208782,12200358
2023-07-28,537.9256591796875,543.6179941974619,536.0282141737626,539.8231041856124,18540078
2023-07-31,536.028076171875,545.5152987589879,531.2844648783187,545.5152987589879,24208467
2023-08-01,537.9256591796875,538.8743816826499,535.0794916708003,536.0282141737626,16259643
2023-08-02,532.2332763671875,539.823055709322,529.387109113887,537.9256108737884,25583234
2023-08-04,525.5921630859375,531.284496982175,523.6947184538583,527.4896077180167,26279173
2023-08-07,529.3870239257812,532.2331907210811,527.4895793955814,529.3870239257812,14369551
2023-08-08,523.694580078125,529.3869124702785,522.7458580127661,529.3869124702785,19010690
2023-08-09,525.5921630859375,528.4383300340563,521.7972738217791,521.7972738217791,14389090
2023-08-10,522.7459716796875,525.5921384946404,521.7972494080365,523.6946939513384,17892615
2023-08-11,518.00244140625,529.3871104481456,518.00244140625,527.4896656078297,17608427
2023-08-14,513.2587890625,515.1562337540435,509.4638996794131,512.3100667167282,20939030
2023-08-15,514.20751953125,517.0536866135262,512.3100748097324,515.1562418920088,14066307
2023-08-16,514.20751953125,515.1562418920088,508.5151853666974,513.2587971704912,28269840
2023-08-17,516.10498046875,518.002425249885,509.4639237347771,512.3100909064798,22843138
2023-08-18,511.3612060546875,516.1048165004638,511.3612060546875,512.3099281438427,17592345
2023-08-21,509.46392822265625,516.1049850151304,506.61776102588163,516.1049850151304,16633821
2023-08-22,513.2587890625,516.1049560998151,510.4126220251848,516.1049560998151,14594304
2023-08-23,523.694580078125,523.694580078125,516.1048035552536,518.0022476859715,20636332
2023-08-24,535.0794677734375,535.0794677734375,529.3871330098902,534.1307453128463,23280827
2023-08-25,518.00244140625,522.7460535070398,518.00244140625,520.8486086667239,24144537
2023-08-28,520.8484497070312,524.6433382294869,518.9510054458035,518.9510054458035,8991985
2023-08-29,523.694580078125,524.6433021434839,518.0022476859715,522.7458580127661,10516678
2023-08-30,526.5408325195312,531.2844436233108,525.5921102987753,529.386999181799,15117416
2023-08-31,520.8484497070312,527.4895046213286,519.8997275764174,524.6433382294869,40431378
2023-09-01,519.8998413085938,524.6434529993655,515.1562296178219,515.1562296178219,13669766
2023-09-04,528.4384765625,528.4384765625,520.8486959296454,520.8486959296454,9531157
2023-09-05,523.694580078125,526.5407462742018,521.7971359474071,524.6433021434839,12220686
2023-09-06,521.7973022460938,527.4896364524147,521.7973022460938,527.4896364524147,14067008
2023-09-07,514.20751953125,519.8998536958026,514.20751953125,518.002408974285,20717005
2023-09-08,511.3612060546875,512.3099281438427,507.5663176980664,507.5663176980664,15283568
2023-09-11,508.51519775390625,512.3100872893831,508.51519775390625,511.3613649055139,14631968
2023-09-12,516.10498046875,517.0537028593176,508.5152013442096,508.5152013442096,16028336
2023-09-13,513.2587890625,519.899845482902,513.2587890625,517.0536784455868,16191392
2023-09-14,524.7069702148438,524.7069702148438,518.0288815030185,518.9828941761364,17144287
2023-09-15,532.3390502929688,532.3390502929688,521.8449113086988,523.752936578566,42517441
2023-09-18,515.166748046875,523.752860514323,515.166748046875,522.7988480179398,36684692
2023-09-19,513.2587890625,518.0288521578764,513.2587890625,514.2128016815752,18901683
2023-09-20,510.39666748046875,513.2587048682097,510.39666748046875,511.3506799430491,24635567
2023-09-21,502.76458740234375,506.58063740160253,501.8105749025291,505.62662490178786,32012694
2023-09-22,497.9945373535156,500.8565749245128,497.9945373535156,498.94854987718134,29049309
2023-09-25,500.8565979003906,504.6726481701079,497.9945601981027,497.9945601981027,17116402
2023-09-26,495.13250732421875,499.90257001520354,495.13250732421875,497.0405324006127,26392692
2023-09-27,497.9945373535156,498.94854987718134,492.2704622115212,493.2244747351869,16846401
2023-09-28,498.9486389160156,500.8566643038398,496.0866008342794,498.9486389160156,19733331
2023-10-02,508.4886474609375,509.4426599327216,503.71858510201685,505.6266100455851,25427911
2023-10-03,504.6725769042969,508.4886266351422,503.7185644715856,503.7185644715856,14490129
2023-10-04,496.0865478515625,498.9485856276292,495.13253525954025,497.0405604435847,28358964
2023-10-05,503.7186279296875,504.6726404825846,498.9485651652018,498.9485651652018,24945684
2023-10-06,507.5346984863281,508.4887110774678,504.67266071290896,505.62667330404867,15336587
2023-10-11,518.9827270507812,518.9827270507812,515.1666775871726,517.074702318977,46639969
2023-10-12,524.7069702148438,524.7069702148438,518.9828941761364,519.9369068492542,34161176
2023-10-13,527.56884765625,528.5228600389919,522.7987857425408,524.7068105080244,31123496
2023-10-16,519.9367065429688,521.8447311541356,517.0746696262185,520.8907188485522,19875676
2023-10-17,525.660888671875,526.6149011740018,522.7988511654945,524.7068761697482,18364998
2023-10-18,515.166748046875,523.752860514323,515.166748046875,523.752860514323,26418940
2023-10-19,520.890869140625,522.7988943023123,515.1667936555632,515.1667936555632,22881262
2023-10-20,530.4309692382812,530.4309692382812,520.890843892269,523.7528814960726,45984177
2023-10-23,518.9827270507812,527.5688383439008,518.0287146848791,526.6148259779986,22747367
2023-10-24,518.9827270507812,520.8907517825857,515.1666775871726,518.0287146848791,15007814
2023-10-25,518.9827270507812,525.6608136120965,518.9827270507812,518.9827270507812,16526355
2023-10-26,506.5806884765625,510.39673886056676,505.62667588056144,505.62667588056144,28188348
2023-10-27,508.4886474609375,511.35068487628985,507.53463498915335,509.4426599327216,15679643
2023-10-30,507.5346984863281,509.4427236686075,503.71864812176926,506.58068589518837,21404842
2023-10-31,504.6725769042969,510.39665150056493,502.7645520388742,510.39665150056493,25667058
2023-11-01,503.7186279296875,508.48869069417316,502.76461537679035,508.48869069417316,13603347
2023-11-02,521.8449096679688,521.8449096679688,510.3967580847592,511.3507707166933,29401438
2023-11-03,523.7528076171875,523.7528076171875,519.9367580170623,521.844782817125,15426176
2023-11-06,524.7069702148438,530.4310462535511,524.7069702148438,527.5690082341974,29215201
2023-11-07,529.4769287109375,529.4769287109375,524.7068662901182,526.6148912584459,14777790
2023-11-08,530.4309692382812,531.3849817728825,524.7068940306739,524.7068940306739,15314834
2023-11-09,531.385009765625,531.385009765625,525.66093425648,525.66093425648,13165684
2023-11-10,531.385009765625,531.385009765625,528.5229720110525,529.47698459591,12994933
2023-11-13,544.7412719726562,553.3273865921902,544.7412719726562,552.3733738566865,43866014
2023-11-14,545.6951904296875,549.5112407124126,544.7411778590063,549.5112407124126,21568576
2023-11-15,554.2813720703125,556.1893974474908,548.5572959387774,556.1893974474908,50305088
2023-11-16,556.1892700195312,556.1892700195312,551.4192076694495,554.2812450794985,28291435
2023-11-17,553.3272705078125,556.1893081138874,552.3732579724542,552.3732579724542,22031704
2023-11-20,550.4651489257812,552.3731737054201,548.5571241461425,549.5111365359619,22010114
2023-11-21,558.0972900390625,558.0972900390625,554.2812401926416,555.2352526542468,35921706
2023-11-22,550.4651489257812,552.3731737054201,547.6031117563232,549.5111365359619,21969125
2023-11-23,551.4192504882812,551.4192504882812,547.6032003118918,547.6032003118918,14486134
2023-11-24,548.5571899414062,551.419227454144,547.6031774371603,550.465214949898,10058969
2023-11-27,541.8790283203125,550.4651396845428,541.8790283203125,546.6490901893294,18528520
2023-11-28,548.5571899414062,549.5112024456522,539.017064898947,539.017064898947,26343906
2023-11-29,547.6032104492188,552.3732732580098,543.7871602021859,551.4192606962516,24868842
2023-11-30,550.4651489257812,550.4651489257812,543.7870621970457,549.5111365359619,47192647
2023-12-01,552.373291015625,552.373291015625,546.6492154610589,546.6492154610589,28051165
2023-12-04,547.6032104492188,555.2353109432845,544.7411727639441,555.2353109432845,26847171
2023-12-05,543.787109375,545.6951343201754,540.9250719572368,544.7411218475877,22229723
2023-12-06,543.787109375,548.5571717379386,541.8790844298245,541.8790844298245,21518089
2023-12-07,539.9710693359375,546.6491567658873,539.9710693359375,543.7871192959087,20840397
2023-12-08,543.787109375,550.465196683114,543.787109375,547.6031592653509,33507214
2023-12-11,547.6032104492188,548.5572230109769,543.7871602021859,545.6951853257023,27378610
2023-12-12,551.4192504882812,554.2812881205733,548.5572128559891,553.3272755764759,29403010
2023-12-13,550.4651489257812,552.3731737054201,549.5111365359619,549.5111365359619,22977731
2023-12-14,558.1372680664062,558.1372680664062,555.2602718392599,557.1782693240241,39409958
2023-12-15,561.0140991210938,561.9730975811298,556.2191068209135,561.0140991210938,54323262
2023-12-18,561.0140991210938,561.0140991210938,553.3421114408053,555.2601083608774,26122277
2023-12-19,561.0140991210938,563.8910945012019,556.2191068209135,563.8910945012019,28254292
2023-12-20,561.0140991210938,562.9320960411659,559.0961022010216,562.9320960411659,38121456
2023-12-21,553.3421020507812,555.2600989383056,551.4241051632569,553.3421020507812,24923414
2023-12-22,558.1372680664062,558.1372680664062,555.2602718392599,558.1372680664062,18690214
2023-12-25,557.1782836914062,561.0142787598496,556.2192849242954,558.1372824585171,9548143
2023-12-26,561.9732666015625,561.9732666015625,558.1372716076952,559.096270356162,16094308
2023-12-27,567.7272338867188,567.7272338867188,561.9732416513804,562.9322403572701,33401336
2023-12-28,568.6862182617188,568.6862182617188,564.8502235348269,567.7272195799958,25514849
2023-12-29,568.6862182617188,568.6862182617188,564.8502235348269,564.8502235348269,18416318
2024-01-02,568.6862182617188,568.6862182617188,564.8502235348269,565.8092222165499,26059058
2024-01-03,554.3012084960938,561.0141989104063,552.3832112348616,560.0552002797903,37106763
2024-01-04,556.21923828125,557.1782369679418,553.3422422211745,556.21923828125,15309129
2024-01-05,552.3832397460938,556.2192344665527,550.4652423858643,554.3012371063232,18158971
2024-01-08,559.09619140625,561.0141886323435,555.260196954063,558.1371927932032,17761275
2024-01-09,561.9732666015625,564.850262846963,559.096270356162,563.8912640984962,22501510
2024-01-10,560.0552368164062,561.9732342027638,556.2192420436911,557.17824073687,13037716
2024-01-11,561.9732666015625,564.850262846963,559.096270356162,561.9732666015625,23997409
2024-01-12,560.0552368164062,563.8912315891214,557.17824073687,557.17824073687,16496053
2024-01-15,561.9732666015625,565.8092615954298,561.0142678530957,565.8092615954298,21143076
2024-01-16,556.21923828125,563.8912277747845,555.2602395945581,557.1782369679418,27223860
2024-01-17,557.1782836914062,560.0552799927387,554.3012873900736,559.0962812256279,42592335
2024-01-18,563.8912963867188,564.8502951900975,561.0142999765825,561.9732987799612,27209996
2024-01-19,600.3331298828125,601.292128492849,588.8251465623753,599.374131272776,161106401
2024-01-22,600.3331298828125,607.0461201530676,597.4561340527032,607.0461201530676,65168775
2024-01-23,602.2511596679688,603.2101583298604,596.4971676966187,603.2101583298604,41072439
2024-01-24,601.292236328125,604.1692326741926,598.4152399820574,602.2512351101475,26635005
2024-01-25,615.6771850585938,615.6771850585938,607.0461964830059,608.9641939442477,52243347
2024-01-26,617.59521484375,619.5132124053765,612.8002209396836,617.59521484375,41153025
2024-01-29,621.4310913085938,621.4310913085938,617.5950969178,619.5130941131969,27825490
2024-01-30,615.6771850585938,620.472178711698,615.6771850585938,615.6771850585938,36161825
2024-01-31,602.2511596679688,610.8821476249938,600.3331623441853,608.0051516393187,41277950
2024-02-01,602.2511596679688,602.2511596679688,593.6201717109437,599.3741636822937,44946369
2024-02-02,608.9642333984375,608.9642333984375,602.2512418491634,607.0462358129306,26334815
2024-02-05,619.5131225585938,620.4721212003253,611.8411334247412,618.5541239168622,44017740
2024-02-15,668.422119140625,679.9301039751838,664.5861241957721,679.9301039751838,112945296
2024-02-16,654.9961547851562,670.3401349851014,654.9961547851562,668.4221374601082,44232811
2024-02-19,650.2011108398438,654.0371055940611,646.3651160856264,646.3651160856264,34408673
2024-02-20,658.8320922851562,659.7910909638828,647.3241081404374,647.3241081404374,30166461
2024-02-21,653.078125,654.9961224302497,650.2011288546256,650.2011288546256,30564485
2024-02-22,663.6270141601562,666.504009886284,656.9140241325247,666.504009886284,33145643
2024-02-23,668.422119140625,674.1761115579044,667.4631204044117,672.2581140854779,46448923
2024-02-26,669.381103515625,671.2991009469018,666.5041073687097,671.2991009469018,28798079
2024-02-27,669.381103515625,672.2580996625403,662.6681125061559,671.2991009469018,33006829
2024-02-29,661.7089233398438,669.3809108568274,659.7909264605978,662.6679217794667,54368302
2024-03-01,660.7500610351562,668.4220501328068,659.79106239795,668.4220501328068,23390635
2024-03-04,695.2740478515625,695.2740478515625,681.8480662378771,684.7250622979526,88861397
2024-03-05,700.0690307617188,707.7410201399293,698.1510334171661,704.8640241231004,64403889
2024-03-06,704.864013671875,707.741009646046,687.6020378268495,688.5610364849065,43687122
2024-03-07,728.8389892578125,737.4699772884971,723.0849972373561,724.0439959074322,71817344
2024-03-08,751.85498046875,763.3629648636798,740.3469960738202,762.4039661641024,87139744
2024-03-11,734.593017578125,746.101002187704,729.7980239908004,736.5110150130548,64759810
2024-03-12,738.4290161132812,739.3880148355063,723.0850365576806,725.9620327243557,58110339
2024-03-13,747.0598754882812,752.813866827087,745.141878375346,752.813866827087,36754557
2024-03-14,751.85498046875,752.8139791683275,738.4289986746652,747.0599869708626,42010806
2024-03-15,722.1259765625,745.1419439429782,722.1259765625,739.3879520978586,73316437
2024-03-18,736.09619140625,737.0596680965723,726.4614245030268,726.4614245030268,43589856
2024-03-19,734.1692504882812,737.0596806083139,727.4249135415386,730.3153436615711,30152375
2024-03-20,730.3153076171875,740.9135508675689,724.5344476624341,736.096167571941,41280325
2024-03-21,755.3657836914062,755.3657836914062,743.8040625124562,744.7675392773687,46026103
2024-03-22,756.3292236328125,760.1831305048269,746.6944564527766,759.2196537868233,30660820
2024-03-25,751.5119018554688,759.2197162334736,750.5484250582182,754.4023322472206,19877101
2024-03-26,753.4387817382812,763.0735487681825,747.6579215203404,759.219641956222,40990702
2024-03-27,750.5482788085938,756.3291384656561,750.5482788085938,756.3291384656561,18794479
2024-03-28,740.9135131835938,747.6578494544457,739.9500365734721,745.7308962342023,27190918
2024-03-29,747.6580200195312,748.6214968494534,739.9502053801547,740.9136822100768,9802000
2024-04-01,741.8770141601562,754.4022105031199,740.9135375183898,754.4022105031199,21041261
2024-04-02,761.1466674804688,761.1466674804688,754.4023299205153,755.3658067147943,37974481
2024-04-03,751.5119018554688,756.3292858417218,749.5849482609675,754.4023322472206,30890544
2024-04-08,754.40234375,763.0736350574713,754.40234375,760.1832046216475,32202226
2024-04-09,789.0873413085938,790.0508179158081,763.073472913805,765.9639027354482,56857731
2024-04-10,785.2335205078125,789.0874273569307,780.4161369464149,785.2335205078125,27480849
2024-04-11,790.0508422851562,790.0508422851562,781.3795525527581,781.3795525527581,25200651
2024-04-12,788.1240234375,795.8318378476467,787.1605466362317,792.9414074438417,31508936
2024-04-15,776.562255859375,782.3431163248293,773.6718256266478,774.6353023708901,38913470
2024-04-16,759.2197265625,773.6718787178776,756.3292961314245,772.708401907519,49508969
2024-04-17,774.63525390625,778.489160642102,764.037010382657,768.8543938024719,34472074
2024-04-18,774.63525390625,780.416114010028,763.073533698694,766.9274404345459,43598591
2024-04-19,722.6075439453125,741.8770784505209,718.7536370442709,740.9136017252605,130968654
2024-04-22,714.8997192382812,729.3518698967371,712.9727658171538,712.9727658171538,46540798
2024-04-23,726.46142578125,733.205762625373,724.5344723972148,733.205762625373,30423647
2024-04-24,754.40234375,756.3292973738825,740.9136683828225,741.8771451947637,39457128
2024-04-25,738.023193359375,745.7310073892379,737.0597166056422,741.8771003743065,28534926
2024-04-26,753.4387817382812,760.1831186592121,753.4387817382812,759.219641956222,32571247
2024-04-29,765.964111328125,765.964111328125,758.256296371364,761.1467269801494,26765837
2024-04-30,761.1466674804688,772.7083890118176,761.1466674804688,767.8910050404223,39051972
2024-05-02,743.8040161132812,760.1831200950504,743.8040161132812,760.1831200950504,40527228
2024-05-03,751.5119018554688,759.2197162334736,744.7675642747146,759.2197162334736,29901556
2024-05-06,757.2926635742188,764.0370002727169,757.2926635742188,762.1100469302888,32599878
2024-05-07,770.781494140625,770.781494140625,763.0736791992188,767.8910635375977,33890214
2024-05-08,772.708251953125,772.708251953125,763.0734857192956,765.0004389660614,21757193
2024-05-09,766.927490234375,772.7083507135286,766.927490234375,768.8544437274262,21923999
2024-05-10,772.708251953125,777.5256350700398,768.8543454595932,773.671728576508,25101318
2024-05-13,789.0873413085938,794.8682009518801,788.1238647013794,792.9412477374514,34812619
2024-05-14,794.8683471679688,794.8683471679688,781.3796721857244,786.1970561079545,28691846
2024-05-15,808.3569946289062,813.1743783871239,806.4300411256193,807.3935178772628,39467772
2024-05-16,810.2838745117188,824.7360244732832,806.4299678553015,820.8821178168661,43927195
2024-05-17,804.5030517578125,817.0282489708084,803.5395750491205,817.0282489708084,26207289
2024-05-20,804.5030517578125,807.3934818838884,791.9778545448166,803.5395750491205,28808661
2024-05-21,810.2838745117188,810.2838745117188,799.6856312065714,799.6856312065714,19705349
2024-05-22,832.44384765625,833.4073243317781,812.2108374701606,814.1377908212168,36628342
2024-05-23,843.0420532226562,844.9690064871652,835.3342401646206,843.0420532226562,37266618
2024-05-24,835.3343505859375,840.151734384011,826.6630597494053,826.6630597494053,34136382
2024-05-27,837.2612915039062,845.9325822099306,834.3708612685648,840.1517217392477,26726954
2024-05-28,833.4073486328125,841.1151622617865,833.4073486328125,835.334302040056,25329216
2024-05-29,825.6995849609375,836.2978293419997,824.7361081990227,829.5534920085964,33436835
2024-05-30,807.3936157226562,817.0283844066975,807.3936157226562,810.2840463278686,38065102
2024-05-31,791.0144653320312,815.1013857136401,791.0144653320312,807.3935711915252,77438401
2024-06-03,815.1012573242188,821.8455939687453,806.4299673526845,808.3569206796922,28345488
2024-06-04,808.3569946289062,819.9187156486284,806.4300411256193,813.1743783871239,28223635
2024-06-05,822.80908203125,825.6995120618047,804.5030251710699,810.2838852321794,31975446
2024-06-06,861.3482055664062,866.1655892664421,852.6769149063418,860.3847288263992,62925136
2024-06-07,846.8961181640625,855.5674094763225,846.8961181640625,852.6769790389025,41075399
2024-06-11,850.75,862.3117214043035,850.75,859.4212910532276,48228488
2024-06-12,875.8002319335938,880.6176149475299,855.5672232750618,855.5672232750618,48106925
2024-06-13,888.8573608398438,904.3325706041935,881.1197559576688,892.7261632809311,55857091
2024-06-14,891.7589111328125,891.7589111328125,875.3165017084548,885.9557078065686,38408123
2024-06-17,890.7916259765625,894.6604278266235,883.0540222764404,883.0540222764404,26292426
2024-06-18,912.0701293945312,918.8405333242891,909.1685277103493,913.0373299559252,37876013
2024-06-19,948.82373046875,951.7253320909786,921.7421153279498,921.7421153279498,72228052
2024-06-20,948.82373046875,948.82373046875,939.1517250613214,939.1517250613214,48225374
2024-06-21,938.1845703125,945.9221750161082,928.5125644329897,929.4797650209407,88376132
2024-06-24,909.16845703125,928.5124667553191,909.16845703125,926.5780657829122,66391994
2024-06-25,914.0045166015625,914.0045166015625,892.7261045748595,894.6605056681962,57368432
2024-06-26,928.5125122070312,928.5125122070312,919.8077074050904,919.8077074050904,44967166
2024-06-27,928.5125122070312,929.4797127405803,917.8733063379924,919.8077074050904,39729446
2024-06-28,934.3157348632812,939.1517376317247,923.6765287727056,924.6437293263942,39138210
2024-07-01,936.2501831054688,944.9549885269039,933.3485812983237,936.2501831054688,19935737
2024-07-02,928.5125122070312,939.1517180760702,927.5453116734823,935.2829159418742,25427569
2024-07-03,946.889404296875,946.889404296875,935.2829968897631,943.987802445097,24070411
2024-07-04,972.0365600585938,976.8725628449549,964.298955600416,967.2005572722327,41893299
2024-07-05,972.0365600585938,976.8725628449549,967.2005572722327,972.0365600585938,19998094
2024-07-08,1001.0526733398438,1015.5606830983922,967.2006505698973,972.0366538227469,40146763
2024-07-09,1005.888671875,1020.3966815655048,991.3806621844952,996.2166654146635,46373121
2024-07-10,1010.7245483398438,1015.5605509634794,981.7085325980302,986.5445352216657,46206302
2024-07-11,1044.5765380859375,1044.5765380859375,1020.3965256302445,1030.0685306125217,41724336
2024-07-12,1005.888671875,1010.7246751051683,991.3806621844952,996.2166654146635,68983062
2024-07-15,1005.888671875,1010.7246751051683,991.3806621844952,1005.888671875,38393309
2024-07-16,1020.3967895507812,1034.9048007766216,1001.052774582994,1005.8887783249407,32125609
2024-07-17,996.2166137695312,1010.7246227079224,986.5446078106037,1001.052616748995,54022399
2024-07-18,972.0365600585938,972.0365600585938,953.6597494704214,955.5941505849659,81990095
2024-07-19,938.1845703125,962.3645850112757,938.1845703125,955.5941808956186,92507621
2024-07-22,908.2012939453125,933.3485076221795,907.2340934192791,932.3813070961461,83062356
2024-07-23,946.889404296875,946.889404296875,924.6437900999106,931.4141944207258,47213266
2024-07-26,893.693359375,899.4965630073052,884.9885539265422,884.9885539265422,82081735
2024-07-29,913.0374755859375,916.9062784485898,905.299869860633,911.1030741546114,40809258
2024-07-30,909.16845703125,917.8732614070811,895.6276502244016,899.4964521692154,41761392
2024-07-31,903.3653564453125,909.1685600199077,897.5621528707173,898.5293534664833,39894991
2024-08-01,928.5125122070312,937.2173170089723,916.9061058044434,937.2173170089723,47382270
2024-08-02,873.3821411132812,897.5621560942691,873.3821411132812,887.8901501018739,76144485
2024-08-05,788.2684936523438,828.8909190920965,786.334092440927,824.0549160635545,144057989
2024-08-06,851.1365966796875,865.644606850364,812.4485695578835,839.5301885431463,102930842
2024-08-07,889.8245239257812,889.8245239257812,863.7101085496985,871.4477131055748,59158704
2024-08-08,866.61181640625,875.3166225978306,857.9070102146693,871.447819846017,38236391
2024-08-09,903.3653564453125,903.3653564453125,891.7589492961222,896.5949522749515,49494621
2024-08-12,909.16845703125,916.9060609208776,900.4636526554189,911.1028580036569,38331663
2024-08-13,910.1358642578125,914.0046670814377,906.2670614341874,914.0046670814377,25764381
2024-08-14,916.9061279296875,923.6765318279025,914.0045262590239,919.8077296003511,36780856
2024-08-15,912.0701293945312,918.8405333242891,910.1357282717432,914.0045305173192,19476402
2024-08-16,937.2173461914062,937.2173461914062,926.578139991091,931.4141428094161,44062316
2024-08-19,941.086181640625,943.0205828361863,932.3813762605987,937.2173792495022,21348863
2024-08-20,941.086181640625,944.9549840317478,936.2501786517215,944.9549840317478,24039959
2024-08-21,926.5783081054688,932.3815125403672,924.6439066271691,929.4799103229179,29758188
2024-08-22,919.8078002929688,932.3814084988663,916.9061983993,926.578204711529,24349754
2024-08-23,917.8734130859375,920.7750150240385,908.201406625601,913.0374098557693,27592153
2024-08-26,918.840576171875,929.4797828433389,914.0045731393915,925.610980417352,25057581
2024-08-27,911.1029663085938,914.9717687133012,909.1685651062401,914.0045681121243,18693037
2024-08-28,932.3812866210938,932.3812866210938,912.0700760204268,914.0044770300141,31059233
2024-08-29,912.0701293945312,915.9389316401072,906.2669260261673,911.1029288331372,43530708
2024-08-30,913.0374755859375,920.775081311242,910.1358734389484,913.0374755859375,63834981
2024-09-02,916.9061279296875,923.6765318279025,912.0701251452482,918.8405290434632,18646835
2024-09-03,909.16845703125,920.7748628656915,908.2012565450466,916.9060609208776,19547575
2024-09-04,859.8414306640625,875.3166420145968,858.8742299546542,864.6774342111045,79709021
2024-09-05,872.4149169921875,884.9885244432944,870.4805158458634,877.2509198579978,30512026
2024-09-06,887.89013671875,887.89013671875,873.3821279488358,879.1853314568015,24458336
2024-09-09,869.5133666992188,870.4805673295849,861.7757616562891,862.7429622866554,35885268
2024-09-10,874.3492431640625,881.1196465956426,871.4476416933853,877.2508446347397,33498628
2024-09-11,871.4476928710938,876.2836956062274,870.480492324067,876.2836956062274,18029342
2024-09-12,913.2229614257812,917.1090165807847,901.5647959607713,909.336906270778,39454846
2024-09-13,920.0236206054688,927.795731444797,912.2515097661407,927.795731444797,25347586
2024-09-16,920.0236206054688,924.8811898800489,916.1375651858048,924.8811898800489,13626239
2024-09-18,914.1945190429688,920.9951158902597,906.4224083603506,918.080574384278,28424324
2024-09-19,932.6531982421875,932.6531982421875,909.3368682861328,913.2229232788086,32739630
2024-09-20,945.2828369140625,954.0264602770908,943.3398095000562,953.0549465700876,60133709
2024-09-23,949.1688842773438,949.1688842773438,943.3398020811676,943.3398020811676,14497067
2024-09-24,958.884033203125,958.884033203125,943.339813819893,948.1973823771531,26785975
2024-09-25,976.3713989257812,976.3713989257812,969.5708021173431,971.5138297768968,39405222
2024-09-26,986.0865478515625,986.0865478515625,976.371409449084,981.2289786503233,38321585
2024-09-27,971.513671875,995.801513671875,971.513671875,990.9439453125001,35783779
2024-09-30,929.7385864257812,961.7985376818426,929.7385864257812,950.1403735887294,61603217
2024-10-01,944.3114013671875,949.1689703042615,939.4538324301135,939.4538324301135,26760355
2024-10-04,949.1688842773438,957.9125075716079,939.4537472837169,957.9125075716079,40934818
2024-10-07,976.3713989257812,981.2289680746658,960.8271776493509,964.7132329684586,39667071
2024-10-08,981.22900390625,981.22900390625,968.5993236579517,971.5138652537129,30845902
2024-10-09,990.944091796875,1005.5167990291819,990.944091796875,1000.6592299517463,46975717
2024-10-11,1015.2318725585938,1020.0894413268168,990.9440287174791,995.801597485702,43058754
2024-10-14,1015.2318725585938,1024.9470100950396,1005.5167350221479,1015.2318725585938,36858874
2024-10-15,1039.519775390625,1044.3773444345063,1020.0894992150993,1020.0894992150993,42850176
2024-10-16,1015.2318725585938,1039.5197163997084,1005.5167350221479,1010.3743037903708,52652149
2024-10-17,1005.5167236328125,1024.9469984856205,1000.6591549196105,1020.0894297724185,54173771
2024-10-18,1054.092529296875,1068.6652370751729,1044.3773907780098,1063.8076678157402,85011961
2024-10-21,1054.092529296875,1063.8076678157402,1049.2349600374423,1058.9500985563077,36491060
2024-10-22,1044.377197265625,1044.377197265625,1029.8044921875,1034.662060546875,41197877
2024-10-23,1029.8045654296875,1039.5197028394016,1024.9469967248306,1029.8045654296875,31423466
2024-10-24,1029.8045654296875,1044.3772715442585,1024.9469967248306,1039.5197028394016,38236996
2024-10-25,1034.6622314453125,1039.5198006070277,1029.8046622835975,1034.6622314453125,22009575
2024-10-28,1020.0894165039062,1049.234828404018,1020.0894165039062,1044.3772597539992,40142324
2024-10-29,1010.3743896484375,1010.3743896484375,990.9441129244291,1005.5168204674354,45415773
2024-10-30,1000.6591796875,1024.9470238546724,1000.6591796875,1010.3743173543688,38201984
2024-11-01,995.8016357421875,1000.6592046970275,967.6277358041159,967.6277358041159,54480255
2024-11-04,1010.3743896484375,1015.2319588294396,995.8016821054312,1000.6592512864332,26747978
2024-11-05,1020.0894165039062,1024.9469851539247,1000.6591419038318,1000.6591419038318,32385622
2024-11-06,1029.8045654296875,1049.2348402491157,1010.3742906102594,1020.0894280199735,55349259
2024-11-07,1034.6622314453125,1044.3773697687427,1020.0895239601673,1020.0895239601673,43975446
2024-11-08,1058.949951171875,1058.949951171875,1049.2348140051606,1054.0923825885177,37099479
2024-11-11,1054.092529296875,1058.9500985563077,1039.5198215185771,1049.2349600374423,34690205
2024-11-12,1020.0894165039062,1034.662122453962,1020.0894165039062,1029.8045538039435,51099848
2024-11-13,1005.5167236328125,1020.0894297724185,1005.5167236328125,1015.2318610592165,42331232
2024-11-14,1005.5167236328125,1010.3742923460145,995.8015862064085,1000.6591549196105,44627940
2024-11-15,1005.5167236328125,1015.2318610592165,1000.6591549196105,1010.3742923460145,34791611
2024-11-18,995.8016357421875,1005.5167736518674,990.9440667873477,1000.6592046970275,31815076
2024-11-19,1010.3743896484375,1015.2319588294396,995.8016821054312,1000.6592512864332,24349599
2024-11-20,995.8016357421875,995.8016357421875,995.8016357421875,995.8016357421875,40203197
2024-11-21,981.22900390625,995.8017118850557,981.22900390625,990.9441425587871,41429227
2024-11-22,1010.3743896484375,1020.0895280104417,1005.5168204674354,1005.5168204674354,25187973
2024-11-25,1000.6591796875,1020.0894550212378,1000.6591796875,1015.2318861878033,49566674
2024-11-26,981.22900390625,990.9441425587871,981.22900390625,986.0865732325185,27312402
2024-11-27,971.513671875,990.9439453125001,971.513671875,981.22880859375,31276090
2024-11-28,976.3713989257812,976.3713989257812,963.7417191386817,976.3713989257812,33689956
2024-11-29,967.6277465820312,981.2289398070799,965.6847189784529,966.656232780242,40094983
2024-12-02,1005.5167236328125,1010.3742923460145,986.0864487800046,990.9440174932065,31168404
2024-12-03,1024.947021484375,1034.6621591287767,1024.947021484375,1029.8045903065758,43414538
2024-12-04,1039.519775390625,1039.519775390625,1024.9470682589806,1034.6622063467435,33466290
2024-12-05,1044.377197265625,1049.2347656250001,1039.51962890625,1039.51962890625,31425359
2024-12-06,1034.6622314453125,1049.2349389304577,1029.8046622835975,1044.3773697687427,30765288
2024-12-09,1044.377197265625,1044.377197265625,1034.662060546875,1039.51962890625,22247131
2024-12-10,1034.6622314453125,1044.3773697687427,1029.8046622835975,1039.5198006070277,28506584
2024-12-11,1015.2318725585938,1029.8045788632626,1015.2318725585938,1015.2318725585938,25264194
2024-12-12,1033.76123046875,1038.6374626879422,1028.8849982495578,1033.76123046875,22791260
2024-12-13,1038.6375732421875,1043.5138059804137,1028.885107765735,1033.7613405039613,20423659
2024-12-16,1058.142333984375,1058.142333984375,1048.389870076685,1058.142333984375,39722392
2024-12-17,1048.389892578125,1067.8948208121367,1048.389892578125,1063.0185887536336,37880707
2024-12-18,1058.142333984375,1063.01856593822,1043.51363812284,1048.389870076685,41863190
2024-12-19,1043.513671875,1043.513671875,1028.8849755403037,1038.6374397634345,42702851
2024-12-20,1009.3800659179688,1033.7612269304802,1009.3800659179688,1033.7612269304802,52030520
2024-12-23,1053.2659912109375,1053.2659912109375,1033.761065447772,1038.6372968885632,30728473
2024-12-24,1053.2659912109375,1067.8946855333115,1053.2659912109375,1067.8946855333115,26461906
2024-12-25,1058.142333984375,1063.01856593822,1053.26610203053,1063.01856593822,15481622
2024-12-26,1058.142333984375,1063.01856593822,1058.142333984375,1058.142333984375,14374900
2024-12-27,1063.0184326171875,1067.894663959468,1053.2659699326261,1053.2659699326261,24948385
2024-12-30,1063.0184326171875,1067.894663959468,1058.1422012749067,1063.0184326171875,23954634
2024-12-31,1048.389892578125,1058.1423566951307,1048.389892578125,1053.2661246366279,28397820
2025-01-02,1038.6375732421875,1048.39003871864,1028.885107765735,1043.5138059804137,43177098
2025-01-03,1048.389892578125,1058.1423566951307,1048.389892578125,1053.2661246366279,30415096
2025-01-06,1097.1522216796875,1097.1522216796875,1067.8948291015624,1072.7710611979167,69289786
2025-01-07,1102.0283203125,1131.2857093473451,1102.0283203125,1121.5332463357302,48758688
2025-01-08,1077.64697265625,1102.028125883767,1077.64697265625,1082.5232033017535,45211419
2025-01-09,1072.7711181640625,1087.399815229936,1072.7711181640625,1072.7711181640625,27263215
2025-01-10,1072.7711181640625,1082.5235828746447,1072.7711181640625,1072.7711181640625,22021522
2025-01-13,1048.389892578125,1087.3997490461481,1043.5136605196221,1082.5235169876453,56690300
2025-01-14,1063.0184326171875,1063.0184326171875,1048.3897385903454,1058.1422012749067,28695247
2025-01-15,1038.6375732421875,1058.1425041950924,1038.6375732421875,1058.1425041950924,35489482
2025-01-16,1077.64697265625,1087.3994339472567,1063.0182807197398,1067.8945113652433,47542962
2025-01-17,1092.276123046875,1097.1523557390485,1067.8949595860074,1097.1523557390485,59214050
2025-01-20,1092.276123046875,1106.9048211233958,1092.276123046875,1097.1523557390485,29834528
2025-01-21,1092.276123046875,1097.1523557390485,1082.523657662528,1087.3998903547015,21904213
2025-01-22,1106.9046630859375,1121.5333590738574,1106.9046630859375,1111.7808950819108,42960405
2025-02-03,1043.513671875,1048.3899039865655,1033.7612076518692,1038.6374397634345,97946226
2025-02-04,1067.8948974609375,1072.771129869435,1053.2662002354452,1058.1424326439426,53308108
2025-02-05,1082.5235595703125,1092.276024070946,1077.6473273199958,1082.5235595703125,40385340
2025-02-06,1087.399658203125,1092.27588985426,1077.6471949008549,1092.27588985426,29971252
2025-02-07,1097.1522216796875,1097.1522216796875,1077.6472932942709,1082.523525390625,27883220
2025-02-10,1077.64697265625,1097.1518952382637,1067.8945113652433,1097.1518952382637,28527108
2025-02-11,1082.5235595703125,1087.3997918206294,1072.7710950696792,1082.5235595703125,18898928
2025-02-12,1072.7711181640625,1087.399815229936,1072.7711181640625,1082.5235828746447,24172954
2025-02-13,1063.0184326171875,1067.894663959468,1053.2659699326261,1063.0184326171875,33210403
2025-02-14,1033.76123046875,1043.5136949071343,1033.76123046875,1038.6374626879422,64486940
2025-02-17,1058.142333984375,1058.142333984375,1038.6374061689949,1038.6374061689949,35491271
2025-02-18,1072.7711181640625,1072.7711181640625,1053.2661887428976,1058.1424210981888,21616188
2025-02-19,1063.0184326171875,1067.894663959468,1058.1422012749067,1063.0184326171875,26400293
2025-02-20,1053.2659912109375,1058.1422226517288,1043.5135283293546,1053.2659912109375,29643124
2025-02-21,1067.8948974609375,1067.8948974609375,1053.2662002354452,1058.1424326439426,28972910
2025-02-24,1048.389892578125,1058.1423566951307,1048.389892578125,1053.2661246366279,30822970
2025-02-25,1028.8851318359375,1033.7613646882405,1024.0088989836345,1028.8851318359375,45158522
2025-02-26,1033.76123046875,1033.76123046875,1019.1325338111733,1019.1325338111733,36768449
2025-02-27,1014.2562866210938,1038.6374473571777,1014.2562866210938,1038.6374473571777,55283596
2025-03-03,994.7513427734375,994.7513427734375,975.2464144837622,975.2464144837622,65621663
2025-03-04,975.2464599609375,984.9989245605469,971.3454741210937,971.3454741210937,64569262
2025-03-05,994.7513427734375,1004.5038069182751,989.8751107010187,994.7513427734375,41994320
2025-03-06,980.12255859375,999.6274851329291,980.12255859375,994.7512534981342,45187017
2025-03-07,980.12255859375,984.9987902285447,975.2463269589551,980.12255859375,40822280
2025-03-10,973.2958984375,980.1226231760395,967.4444200901803,980.1226231760395,46849886
2025-03-11,946.9642333984375,954.7662044254071,939.1622623714678,945.013740641695,50204233
2025-03-12,963.54345703125,970.3701819292446,951.840500063259,955.741485719256,34184887
2025-03-13,941.11279296875,980.122649672118,941.11279296875,975.2464175841969,37035693
2025-03-14,935.2612915039062,945.0137554403391,931.3603059293332,941.1127698657659,34333748
2025-03-17,945.989013671875,960.6177097595844,944.0385208601804,952.8157385128061,31491061
2025-03-18,951.3779296875,958.2364729499227,948.4385540036045,956.276889160659,21575327
2025-03-19,932.7618408203125,947.4587185643301,930.8022571211102,945.4991348651278,35245036
2025-03-20,965.0950317382812,965.0950317382812,951.3779449927625,958.2364883655218,28715956
2025-03-21,952.357666015625,967.0545435775945,950.3980823406956,965.0949599026652,39214916
2025-03-24,952.357666015625,967.0545435775945,952.357666015625,966.0747517401298,16121506
2025-03-25,969.993896484375,974.8928555575284,965.0949374112215,969.0141046697443,26167428
2025-03-26,960.196044921875,974.8929231604751,960.196044921875,974.8929231604751,21735917
2025-03-27,938.640625,944.5193763048018,938.640625,941.5800006524008,34563256
2025-03-28,932.7618408203125,935.701216369116,926.8830897227054,926.8830897227054,33101234
2025-03-31,891.6106567382812,905.327743765024,891.6106567382812,901.4085760430975,51064611
2025-04-01,924.9234619140625,926.8830455198126,906.3074176594362,910.2265848709364,32197752
2025-04-02,922.9640502929688,932.7619701474588,919.0448823511726,929.8225941911118,24849656
2025-04-07,830.8634643554688,830.8634643554688,830.8634643554688,830.8634643554688,23820773
2025-04-08,799.51025390625,825.9646373075598,780.8942063275506,780.8942063275506,116648736
2025-04-09,769.1365966796875,809.308062238754,764.2376374651672,792.6516009093849,107582838
2025-04-10,845.5604248046875,845.5604248046875,845.5604248046875,845.5604248046875,19416428
2025-04-11,871.034912109375,871.034912109375,819.1059465955427,830.863448221316,76103586
2025-04-14,847.5199584960938,884.7520491583499,847.5199584960938,876.9137142820855,66326054
2025-04-15,859.2774658203125,861.2370495508035,847.5199634373663,856.3380902245759,30562095
2025-04-16,837.7221069335938,851.4391940646701,834.7827311197916,849.4796101888021,42128082
2025-04-17,829.8837890625,838.7019166912634,824.9848292687427,831.843372980003,33684502
2025-04-18,832.8230590820312,840.6613937557445,832.8230590820312,835.7624345846737,20101219
2025-04-21,818.1262817382812,829.8837851884123,815.1869058757485,826.9444093258795,18415705
2025-04-22,799.51025390625,812.2475496179918,799.51025390625,809.3081736845129,28888527
2025-04-23,855.3582763671875,855.3582763671875,830.8634803658362,835.7624395661064,37863656
2025-04-24,846.5401611328125,868.0955819023981,841.6412018669977,868.0955819023981,32238198
2025-04-25,870.05517578125,882.7924700212908,868.0955920520129,881.8126781566723,34640282
2025-04-28,878.873291015625,879.8530828673704,874.9541236086434,879.8530828673704,21830091
2025-04-29,883.7722778320312,883.7722778320312,874.9541508913569,878.8733184205455,24362874
2025-04-30,889.6509399414062,889.6509399414062,880.8328138847183,882.7923974528712,35405654
2025-05-02,930.8023071289062,930.8023071289062,913.1660528885691,919.0448043020148,43873135
2025-05-05,919.0448608398438,937.6609081276445,904.3479814021064,936.6811161651286,52770209
2025-05-06,901.4085693359375,911.2064885678499,897.4894016431725,897.4894016431725,37538894
2025-05-07,909.2468872070312,913.1660548243029,892.5904248336266,906.3075114940775,36907620
2025-05-08,899.448974609375,920.024604747498,899.448974609375,914.1458532794628,27985917
2025-05-09,929.822509765625,929.822509765625,915.1256313183285,919.0447989042742,36383573
2025-05-12,937.6608276367188,942.5597870287601,932.7618682446773,934.721452001494,23402547
2025-05-13,949.4183349609375,969.9939645111746,949.4183349609375,969.9939645111746,38047856
2025-05-14,978.81201171875,978.81201171875,968.0343018800049,969.9938854870495,40475123
2025-05-15,972.9334106445312,979.7919543248049,972.9334106445312,979.7919543248049,24662270
2025-05-16,977.8323364257812,977.8323364257812,969.0142091433844,970.9737929839171,16878650
2025-05-19,964.115234375,973.9131534235264,960.1960667555894,972.9333615186737,19906139
2025-05-20,958.2365112304688,973.9131821708445,958.2365112304688,970.973806369524,20897857
2025-05-21,969.993896484375,978.8120228160511,963.1353537819601,966.0747292258523,26248757
2025-05-22,962.1556396484375,968.0343910108516,959.2162639672305,968.0343910108516,18747545
2025-05-23,964.115234375,972.9333615186737,955.2971072313262,972.9333615186737,22213030
2025-05-26,956.27685546875,964.1151903496414,955.2970636086386,955.2970636086386,19329052
2025-05-27,945.4992065429688,955.297125781756,941.5800388474538,951.377958086241,26355315
2025-05-28,947.4588012695312,965.0950561018493,947.4588012695312,964.1152641667205,26471533
2025-05-29,947.4588012695312,966.0748480369781,947.4588012695312,966.0748480369781,48602590
2025-06-02,926.8831176757812,941.5799958630294,926.8831176757812,938.6406202255797,33676511
2025-06-03,930.8023071289062,945.4991856625205,930.8023071289062,940.6002261513157,26020787
2025-06-04,969.993896484375,969.993896484375,950.3980601917613,954.317227450284,37233567
2025-06-05,977.8323364257812,979.7919202663139,970.9737929839171,979.7919202663139,24414444
2025-06-06,974.8929443359375,976.8525281436479,970.9737767205166,976.8525281436479,13670307
2025-06-09,984.6908569335938,989.5898164208256,979.791897446362,984.6908569335938,21674308
2025-06-10,1023.8826904296875,1028.7816506709778,999.3878892232357,1004.2868494645261,44877640
2025-06-11,1043.478515625,1048.3774757922536,1033.6805952904929,1043.478515625,37178498
2025-06-12,1028.227294921875,1042.986538389653,1028.227294921875,1038.0667905670605,25221606
2025-06-13,1013.4679565429688,1023.3074512666868,1008.5482091811097,1023.3074512666868,28393455
2025-06-16,1008.5482177734375,1013.4679651772104,998.7087229658919,1013.4679651772104,28580673
2025-06-17,1028.227294921875,1033.1470427444676,1018.3877992766895,1023.3075470992823,26517379
2025-06-18,1038.066650390625,1038.066650390625,1013.4679145993779,1023.3074089158767,37931721
2025-06-19,1018.3876953125,1028.2271899532004,1013.4679479921498,1028.2271899532004,24002557
2025-06-20,1038.066650390625,1038.066650390625,1008.5481674411285,1013.4679145993779,57831332
2025-06-23,1003.62841796875,1013.4679122625613,998.7086708218444,1008.5481651156557,32143872
2025-06-24,1033.146728515625,1033.146728515625,1023.3072358630952,1028.2269821893601,28163537
2025-06-25,1052.825927734375,1052.825927734375,1038.0666857567903,1042.986433082652,38783736
2025-06-26,1057.74560546875,1062.6653524709302,1047.9061114643896,1057.74560546875,36056692
2025-06-27,1062.6654052734375,1062.6654052734375,1042.9864162868923,1052.8259107801648,32549027
2025-06-30,1042.986328125,1062.6653154481132,1042.986328125,1057.745568617335,32413717
2025-07-01,1067.5850830078125,1077.4245768604192,1057.7455891552058,1062.6653360815092,44299887
2025-07-02,1067.5850830078125,1067.5850830078125,1052.8258422289027,1057.7455891552058,23822731
2025-07-03,1072.5047607421875,1087.2640005689148,1072.5047607421875,1087.2640005689148,36973556
2025-07-04,1067.5850830078125,1082.3443237867223,1062.6653360815092,1077.4245768604192,20363322
2025-07-07,1062.6654052734375,1067.5851525200737,1052.8259107801648,1062.6654052734375,18829372
2025-07-08,1062.6654052734375,1062.6654052734375,1047.9061635335286,1052.8259107801648,27461252
2025-07-09,1072.5047607421875,1072.5047607421875,1047.906027697642,1052.825774306551,23618216
2025-07-10,1082.344482421875,1082.344482421875,1072.5049871271308,1077.424734774503,22350503
2025-07-11,1082.344482421875,1082.344482421875,1072.5049871271308,1077.424734774503,28249780
2025-07-14,1077.4246826171875,1082.3444300263984,1067.5851877987657,1082.3444300263984,25760632
2025-07-15,1092.1839599609375,1097.103707528329,1072.5049696913711,1077.4247172587627,45416390
2025-07-16,1111.8629150390625,1111.8629150390625,1102.023420215708,1102.023420215708,31013743
2025-07-17,1111.8629150390625,1116.7826624507397,1097.1036728040308,1111.8629150390625,30648595
2025-07-18,1136.46142578125,1141.3811722132034,1126.6219329173432,1136.46142578125,46645034
2025-07-21,1131.5419921875,1131.5419921875,1116.7827488111413,1126.6222443953804,26749324
2025-07-22,1111.8629150390625,1141.3813995091261,1111.8629150390625,1126.6221572740942,50457506
2025-07-23,1126.6220703125,1126.6220703125,1116.7825762486355,1121.7023232805677,29747757
2025-07-24,1126.6220703125,1136.4615643763645,1126.6220703125,1131.5418173444323,15055463
2025-07-25,1126.6220703125,1136.4615643763645,1121.7023232805677,1131.5418173444323,22476546
2025-07-28,1126.6220703125,1141.381311408297,1126.6220703125,1136.4615643763645,20606376
2025-07-29,1116.7825927734375,1126.622086982895,1106.94309856398,1126.622086982895,31763255
2025-07-30,1136.46142578125,1141.3811722132034,1126.6219329173432,1131.5416793492966,34182363
2025-07-31,1141.3812255859375,1146.3009722479458,1136.4614789239292,1141.3812255859375,33230751
2025-08-04,1116.7825927734375,1116.7825927734375,1106.94309856398,1111.8628456687086,23939021
2025-08-05,1131.5419921875,1131.5419921875,1121.702496603261,1126.6222443953804,17012960
2025-08-06,1106.9432373046875,1116.7827327473958,1106.9432373046875,1111.8629850260418,22023406
2025-08-07,1161.060302734375,1161.060302734375,1136.4615675069517,1141.3813145524364,61370031
2025-08-08,1156.1407470703125,1165.98024279006,1151.2209992104388,1161.0604949301862,25958258
2025-08-11,1161.060302734375,1175.819543870829,1146.301061597921,1151.2208086434057,35579367
2025-08-12,1161.060302734375,1170.8997968253443,1151.2208086434057,1161.060302734375,28917167
2025-08-13,1180.7392578125,1180.7392578125,1165.9800170898438,1165.9800170898438,37809952
2025-08-14,1156.1407470703125,1170.8999906499337,1156.1407470703125,1165.98024279006,32991791
2025-08-15,1161.060302734375,1165.9800497798597,1151.2208086434057,1156.1405556888903,22231552
2025-08-18,1161.060302734375,1165.9800497798597,1151.2208086434057,1151.2208086434057,18219895
2025-08-19,1165.97998046875,1165.97998046875,1156.1404869626847,1161.0602337157172,17867547
2025-08-20,1116.7825927734375,1146.3010754018103,1116.7825927734375,1146.3010754018103,66982023
2025-08-21,1131.5419921875,1136.4617399796196,1121.702496603261,1121.702496603261,23424804
2025-08-22,1116.7825927734375,1136.4615811923527,1116.7825927734375,1136.4615811923527,19205763
2025-08-25,1151.2208251953125,1161.060319427751,1141.381330962874,1146.3010780790933,25103514
2025-08-26,1156.1407470703125,1165.98024279006,1141.3815034906916,1146.3012513505653,35508897
2025-08-27,1170.89990234375,1170.89990234375,1161.0604073660713,1170.89990234375,21952558
2025-08-28,1141.3812255859375,1165.9799588959793,1141.3812255859375,1165.9799588959793,19975237
2025-08-29,1141.3812255859375,1165.9799588959793,1141.3812255859375,1161.060212233971,19522740
2025-09-01,1146.3011474609375,1146.3011474609375,1126.6221578049558,1131.5419052189511,22018940
2025-09-02,1141.3812255859375,1156.1404655719625,1136.4614789239292,1151.2207189099543,14037411
2025-09-03,1141.3812255859375,1141.3812255859375,1126.6219855999125,1136.4614789239292,19511981
2025-09-04,1141.3812255859375,1156.1404655719625,1141.3812255859375,1151.2207189099543,24333323
2025-09-05,1161.060302734375,1161.060302734375,1151.2208086434057,1156.1405556888903,27133819
2025-09-08,1161.060302734375,1175.819543870829,1161.060302734375,1175.819543870829,27281959
2025-09-09,1180.7392578125,1180.7392578125,1170.899763997396,1175.819510904948,31329096
2025-09-10,1205.3380126953125,1210.2577596859057,1195.4985187141262,1200.4182657047195,39665156
2025-09-11,1220.0972900390625,1239.7762785880798,1215.1775429018082,1234.8565314508255,30345708
2025-09-12,1239.7764892578125,1239.7764892578125,1229.9369933113219,1234.856741284567,26492972
2025-09-15,1234.8565673828125,1239.7763146632221,1229.9368201024029,1239.7763146632221,24589707
2025-09-16,1264.4931640625,1269.4325904846191,1244.7354583740234,1249.6748847961426,40130070
2025-09-17,1249.6749267578125,1259.5537799337635,1249.6749267578125,1254.614353345788,29283972
2025-09-18,1269.4327392578125,1269.4327392578125,1249.6750312538,1259.553885255806,24191307
2025-09-19,1249.6749267578125,1274.3720596976902,1249.6749267578125,1269.4326331097147,44913316
2025-09-22,1279.3114013671875,1279.3114013671875,1254.6142700666626,1254.6142700666626,28859955
2025-09-23,1323.7662353515625,1323.7662353515625,1299.0691040950035,1304.0085303463152,33953781
2025-09-24,1323.7662353515625,1338.5845141054979,1308.9479565976271,1333.6450878541862,44737182
2025-09-25,1304.008544921875,1313.8873975349195,1304.008544921875,1304.008544921875,25861812
2025-09-26,1284.250732421875,1299.0690101036657,1279.3113065279447,1294.1295842097354,25793295
2025-09-30,1289.190185546875,1304.0084635416667,1289.190185546875,1294.129611545139,36642789
2025-10-01,1308.947998046875,1333.6451300854953,1308.947998046875,1308.947998046875,33837323
2025-10-02,1348.46337890625,1353.40280520261,1338.5845263135302,1343.52395260989,29593487
2025-10-03,1383.0394287109375,1383.0394287109375,1348.463442993164,1348.463442993164,31032341
2025-10-07,1417.6153564453125,1427.494209103468,1402.7970774580792,1402.7970774580792,38395572
2025-10-08,1397.8577880859375,1402.797214898962,1387.9789344598885,1392.918361272913,23064494
2025-10-09,1422.5548095703125,1437.37308883667,1412.6759567260742,1422.5548095703125,39052134
2025-10-13,1397.8577880859375,1402.797214898962,1373.160654020815,1373.160654020815,53850992
2025-10-14,1407.7364501953125,1442.3124331825657,1402.7970240542763,1437.3730070415295,39889256
2025-10-15,1447.251953125,1447.251953125,1407.7365414355802,1417.6153943579352,41056405
2025-10-16,1467.0096435546875,1476.8884963732376,1447.2519379175874,1447.2519379175874,37737678
2025-10-17,1432.43359375,1447.2518723060343,1432.43359375,1437.3730199353447,38077331
2025-10-20,1462.0701904296875,1476.888469386745,1437.3730588345913,1442.3124851536106,33015553
2025-10-21,1462.0701904296875,1481.8278957057644,1462.0701904296875,1467.0096167487068,34601251
2025-10-22,1442.3125,1452.191352739726,1437.373073630137,1442.3125,27360948
2025-10-23,1432.43359375,1437.3730199353447,1417.6153151939654,1422.5547413793104,23570046
2025-10-27,1462.0701904296875,1481.8278957057644,1462.0701904296875,1481.8278957057644,32851952
2025-10-28,1457.130859375,1471.9491393008475,1452.191432733051,1462.0702860169492,28381919
2025-10-29,1486.767333984375,1496.646186701879,1471.9490549081188,1476.888481266871,30631103
2025-10-30,1486.767333984375,1501.5856130606312,1481.8279076256229,1496.646186701879,27867757
2025-10-31,1481.827880859375,1506.5250122070313,1481.827880859375,1496.6461596679687,31928423
2025-11-03,1491.706787109375,1501.5856400041391,1471.949081319847,1491.706787109375,29118770
2025-11-04,1486.767333984375,1506.5250394193833,1476.888481266871,1501.5856130606312,33925673
2025-11-05,1442.3125,1467.0096318493152,1437.373073630137,1462.070205479452,56305422
2025-11-06,1447.251953125,1462.0702325085324,1447.251953125,1452.1913795861776,27411394
2025-11-07,1442.3125,1447.251926369863,1437.373073630137,1442.3125,20329390
2025-11-10,1457.130859375,1467.0097126588985,1447.2520060911017,1452.191432733051,25281744
2025-11-11,1447.251953125,1476.888511892065,1447.251953125,1471.9490854308874,22444166
2025-11-12,1457.130859375,1467.0097126588985,1442.3125794491527,1452.191432733051,23642502
2025-11-13,1442.3125,1452.191352739726,1442.3125,1442.3125,21255597
2025-11-14,1412.67578125,1422.5546328671328,1407.7363554414335,1407.7363554414335,26861702
2025-11-17,1427.494140625,1442.312418901384,1427.494140625,1432.433566717128,26602730
2025-11-18,1387.978759765625,1417.6153169136455,1387.978759765625,1417.6153169136455,42198432
2025-11-19,1378.0999755859375,1397.857681329105,1378.0999755859375,1383.0394020217293,35591948
2025-11-20,1437.3731689453125,1442.312595642719,1422.5548888530927,1432.433742247906,25964403
2025-11-21,1368.220947265625,1387.978650475237,1368.220947265625,1378.099798870431,54518246
2025-11-24,1358.34228515625,1387.9788441051137,1358.34228515625,1383.0394176136365,79134658
2025-11-25,1397.8577880859375,1407.7366417119865,1387.9789344598885,1407.7366417119865,27427405
2025-11-26,1422.5548095703125,1422.5548095703125,1407.736530303955,1412.6759567260742,29213211
2025-11-27,1417.6153564453125,1437.3730617616236,1412.675930116235,1432.4336354325458,22039774
2025-11-28,1422.5548095703125,1437.37308883667,1417.6153831481934,1422.5548095703125,23152513
2025-12-01,1392.9183349609375,1427.494321998975,1392.9183349609375,1427.494321998975,30559208
2025-12-02,1412.67578125,1422.5546328671328,1402.796929632867,1412.67578125,23544477
2025-12-03,1432.43359375,1432.43359375,1417.6153151939654,1422.5547413793104,20301540
2025-12-04,1427.494140625,1432.433566717128,1412.675862348616,1427.494140625,20696944
2025-12-05,1442.3125,1442.3125,1422.5547945205478,1427.494220890411,21072604
2025-12-08,1476.8885498046875,1476.8885498046875,1442.3125636888587,1447.2519902768342,24257260
2025-12-09,1462.0701904296875,1481.8278957057644,1462.0701904296875,1476.888469386745,24235825
2025-12-10,1486.767333984375,1486.767333984375,1467.0096285493667,1471.9490549081188,23319221
2025-12-11,1457.031982421875,1501.6350022919323,1452.076091325202,1496.6791111952593,28924982
2025-12-12,1466.94384765625,1471.899739033467,1457.0320649018158,1461.987956279033,22107664
2025-12-15,1437.2083740234375,1442.164264968346,1432.2524830785292,1437.2083740234375,25889058
2025-12-16,1422.3406982421875,1432.2524801114712,1412.428916372904,1422.3406982421875,32168064
2025-12-17,1417.3848876953125,1432.2525613424662,1412.4289964795946,1422.3407789110304,30535812
2025-12-18,1417.3848876953125,1422.3407789110304,1402.5172140481588,1407.4731052638767,30534136
2025-12-19,1417.3848876953125,1442.164343773902,1417.3848876953125,1442.164343773902,38763280
2025-12-22,1452.075927734375,1457.0318182727176,1442.1641466576898,1452.075927734375,22661665
2025-12-23,1476.85546875,1476.85546875,1457.0319054110737,1461.9877962458054,20739075
2025-12-24,1481.8114013671875,1486.7672923416596,1471.8996194182432,1481.8114013671875,12987261
2025-12-26,1496.67919921875,1496.67919921875,1481.8115250543253,1491.7233078306085,18823612
2025-12-29,1516.502685546875,1516.502685546875,1496.6791210299223,1501.6350121591606,21124648
2025-12-30,1506.5908203125,1516.5026020250823,1496.6790385999177,1501.634929456209,20325400
2025-12-31,1536.3262939453125,1536.3262939453125,1501.6350550497732,1506.5909463205644,29695967
2026-01-02,1571.0174560546875,1571.0174560546875,1531.370327826178,1541.2821098833056,37512761
2026-01-05,1655.267578125,1680.0470328873503,1610.6645595527696,1615.6204505052397,66871820
2026-01-06,1689.9588623046875,1689.9588623046875,1630.4881692030563,1630.4881692030563,46751692
2026-01-07,1660.2235107421875,1670.1352928958722,1650.3117285885028,1650.3117285885028,49857449
2026-01-08,1670.1353759765625,1685.0030499466802,1640.4000280363268,1645.3559193596996,29215618
2026-01-09,1665.1793212890625,1685.0028846377418,1640.3998671032134,1650.311648777553,37387656
2026-01-12,1675.091064453125,1689.9587366228272,1675.091064453125,1685.0028458995932,29987449
2026-01-13,1694.914794921875,1704.8265773483188,1685.0030124954314,1704.8265773483188,30171800
2026-01-14,1694.914794921875,1699.870686135097,1685.0030124954314,1689.9589037086532,29100816
2026-01-15,1675.091064453125,1685.0028458995932,1665.1792830066568,1670.135173729891,36391886
2026-01-16,1724.6500244140625,1734.5618061635687,1694.9146791655442,1719.6941335393094,53551629
2026-01-19,1744.4735107421875,1764.2970733642578,1709.7822761535645,1709.7822761535645,29580038
2026-01-20,1759.34130859375,1759.34130859375,1724.6500715228874,1724.6500715228874,29401234
2026-01-21,1724.6500244140625,1749.4294787878277,1724.6500244140625,1729.6059152888156,45192749
2026-01-22,1744.4735107421875,1754.3852920532227,1734.5617294311523,1749.429401397705,32069478
2026-01-23,1754.3853759765625,1759.3412668691517,1734.561812406206,1754.3853759765625,27601167
2026-01-26,1739.517822265625,1769.253169654781,1739.517822265625,1749.429604728677,22960198
2026-01-27,1764.2972412109375,1769.2531323379344,1739.5177855759523,1744.4736767029494,28985200
2026-01-28,1803.9443359375,1803.9443359375,1774.2089897407282,1774.2089897407282,29301156
2026-01-29,1789.0767822265625,1818.8121304076135,1784.120890863054,1813.856239044105,32224002
2026-01-30,1759.34130859375,1784.1207636443662,1759.34130859375,1774.2089816241198,40825139
2026-02-02,1749.4295654296875,1749.4295654296875,1729.6060009488979,1734.5618920690952,28251381
2026-02-03,1784.1207275390625,1794.032509358724,1769.2530548095704,1794.032509358724,26744162
2026-02-04,1769.2530517578125,1789.0766153629422,1759.3412699552478,1769.2530517578125,26952301
2026-02-05,1749.4295654296875,1764.2972387902796,1744.47367430949,1749.4295654296875,26299986
2026-02-06,1764.2972412109375,1764.2972412109375,1724.6501121949614,1729.6060033219583,33263592
2026-02-09,1798.9884033203125,1818.8119669932635,1798.9884033203125,1813.8560760750258,36529289
2026-02-10,1863.4150390625,1863.4150390625,1823.7679105718084,1828.7238016331448,41859169
2026-02-11,1898.1063232421875,1908.0181056089875,1858.4591937749879,1863.4150849583878,40488310
2026-02-23,1883.2386474609375,1917.929885703639,1883.2386474609375,1883.2386474609375,69816209
2026-02-24,1947.6651611328125,1957.5769431233102,1898.1062511803236,1898.1062511803236,40961679
2026-02-25,1997.2239990234375,2007.1357806563083,1977.4004357576962,1977.4004357576962,40832607
2026-02-26,1977.400634765625,1992.2683087112312,1977.400634765625,1982.356526080827,58561388
2026-03-02,1957.5770263671875,1977.400591191159,1922.8857879252375,1922.8857879252375,48884884
2026-03-03,1917.9298095703125,1962.5328283975289,1917.9298095703125,1952.6210464359253,43090471
2026-03-04,1848.54736328125,1893.15038277061,1848.54736328125,1878.2827096074898,68160943
2026-03-05,1883.2386474609375,1942.709341591283,1878.2827562834086,1922.8857768811677,48120463
2026-03-06,1873.3267822265625,1883.2385641431051,1863.4150003100199,1863.4150003100199,30082724
2026-03-09,1794.032470703125,1794.032470703125,1754.3853442787465,1759.3412350817937,76459172
2026-03-10,1833.6796875,1873.3268158783783,1813.8561233108107,1853.5032516891893,41375691
2026-03-11,1922.8857421875,1932.797524363724,1858.4591580420424,1868.3709402182667,36167313
2026-03-12,1868.3709716796875,1898.1063187090724,1868.3709716796875,1883.23864519438,34040589
2026-03-13,1848.54736328125,1868.3709274987432,1823.7679080093833,1823.7679080093833,31214304
2026-03-16,1828.723876953125,1863.4151158113143,1828.723876953125,1858.4592245458587,31249086
2026-03-17,1859.550537109375,1869.4946576286764,1849.6064165900734,1864.5225973690258,23812211
2026-03-18,1894.35498046875,1899.327040784941,1879.438799520177,1889.382920152559,23068156
2026-03-19,1839.662353515625,1869.4947160050676,1839.662353515625,1864.5226555901604,31040569
2026-03-20,1829.71826171875,1859.5506246815557,1829.71826171875,1849.6065036939538,46312322
2026-03-23,1799.8858642578125,1804.8579246563147,1775.0255622653012,1779.9976226638034,34902948
2026-03-24,1799.8858642578125,1839.6623474458304,1789.9417434608079,1839.6623474458304,27001025
2026-03-25,1834.6903076171875,1864.5226703426704,1834.6903076171875,1854.578549434176,40964040
2026-03-26,1829.71826171875,1854.5785641877546,1829.71826171875,1839.662382706352,20958470
2026-03-27,1809.8299560546875,1814.802016373519,1789.9417147793613,1794.913775098193,28974140
2026-03-30,1770.0535888671875,1789.941831438729,1770.0535888671875,1770.0535888671875,39889700
2026-03-31,1750.165283203125,1779.9976459849966,1750.165283203125,1765.0814645940607,49221091
2026-04-01,1844.6343994140625,1844.6343994140625,1819.774097535167,1829.718218286725,35537379
2026-04-02,1799.8858642578125,1854.5785286413372,1794.9138038593103,1854.5785286413372,25132417
2026-04-07,1849.6064453125,1849.6064453125,1824.7461436281922,1839.662324638777,17953562
2026-04-08,1939.103515625,1939.103515625,1914.2432141426282,1924.1873347355768,46515921
2026-04-09,1944.0755615234375,1944.0755615234375,1919.2152602251838,1934.131441004136,31835073
2026-04-10,1988.8240966796875,1988.8240966796875,1958.9917352294922,1963.9637954711914,28637625
2026-04-13,1978.8800048828125,1983.8520651965882,1963.9638239414846,1973.9079445690365,28968757
2026-04-14,2043.516845703125,2043.516845703125,1998.7683016366332,2003.7403620884656,39113405
2026-04-15,2068.376953125,2088.2651930588945,2048.488713191106,2053.4607731745796,40343568
2026-04-16,2073.34912109375,2078.321181336181,2043.5167596391636,2068.3770608513187,32038524
2026-04-17,2018.656494140625,2048.4888561229986,2018.656494140625,2043.516795792603,39260244
2026-04-20,2013.6844482421875,2043.516810438368,2013.6844482421875,2018.6565086082176,25407621
2026-04-21,2038.544677734375,2063.4049786823552,2033.572617544779,2038.544677734375,25783476
2026-04-22,2038.544677734375,2058.432918492759,2028.600557355183,2033.572617544779,24762881
2026-04-23,2068.376953125,2123.0696129432094,2043.5166532076323,2078.3210730919473,48682193
2026-04-24,2172.790283203125,2177.7623433477543,2093.2373208890517,2098.2093810336814,45088050
2026-04-27,2252.34326171875,2316.9800440638796,2252.34326171875,2267.259442259934,68696037
2026-04-28,2202.622802734375,2267.259589270598,2202.622802734375,2232.4551657510933,47175356
2026-04-29,2167.818115234375,2197.6504746183346,2152.9019355423957,2162.8460553370487,42895935
2026-04-30,2123.06982421875,2202.6227918709747,2123.06982421875,2192.6786709144467,48975164
2026-05-04,2262.287353515625,2272.2314737508586,2182.734391633757,2187.7064517513736,38390062
2026-05-05,2237.42724609375,2257.31548828125,2227.483125,2237.42724609375,21625279
2026-05-06,2237.42724609375,2272.231669921875,2227.483125,2237.42724609375,31918664
2026-05-07,2297.092041015625,2331.896465879498,2297.092041015625,2321.95234448982,35034517
2026-05-08,2277.20361328125,2297.0918544452784,2252.3433118262146,2287.147733863264,27102571
2026-05-11,2222.510986328125,2262.287469304915,2222.510986328125,2252.3433485607175,37244077
2026-05-12,2242.399169921875,2267.259471140521,2197.650627728312,2222.5109289469583,44459541
2026-05-13,2207.5947265625,2227.4829673423424,2192.6785459776183,2192.6785459776183,35350292
2026-05-14,2257.3154296875,2257.3154296875,2217.538946344989,2237.4271880162446,31747100
2026-05-15,2252.34326171875,2312.0079838834854,2237.4270811775664,2297.0918033423013,29922154
2026-05-18,2227.483154296875,2247.3713967459544,2202.622851235526,2212.5669724600657,25875079
2026-05-19,2192.6787109375,2217.539013782596,2192.6787109375,2207.5948926445576,34824449
2026-05-20,2172.790283203125,2197.6505839262727,2172.790283203125,2192.6785237816434,29320253
2026-05-21,2217.538818359375,2242.399119013628,2217.538818359375,2227.4829386210763,22964974
2026-05-22,2242.399169921875,2247.371230165604,2212.5668084594995,2232.4550494344167,24437825
2026-05-25,2297.092041015625,2297.092041015625,2262.287616151752,2262.287616151752,25215869
2026-05-26,2257.3154296875,2312.0080942834525,2257.3154296875,2307.0360338656387,22586387
2026-05-27,2287.14794921875,2316.980313773777,2277.2038277004076,2297.0920707370924,31986652
2026-05-28,2282.17578125,2346.812568082789,2257.3154786220043,2336.86844703159,36889432
2026-05-29,2341.84033203125,2361.7285726429805,2316.980031266587,2326.924151572452,86132863
2026-06-01,2341.84033203125,2401.505053866441,2336.8682718783175,2341.84033203125,35023445
2026-06-02,2366.70068359375,2386.5889246323527,2346.812442555147,2376.6448041130516,29610654
2026-06-03,2411.44921875,2426.3653994845363,2396.533038015464,2411.44921875,22536554
2026-06-04,2371.672607421875,2401.5049672636596,2371.672607421875,2371.672607421875,25054494
2026-06-05,2351.784423828125,2391.560904569404,2336.868243550145,2381.616784384084,32795780
2026-06-08,2282.17578125,2307.0360838779957,2217.538994417211,2217.538994417211,44721632
2026-06-09,2292.119873046875,2307.036054433297,2282.1757521225936,2292.119873046875,33252041
2026-06-10,2242.399169921875,2287.147712115438,2242.399169921875,2272.23153138425,42608467
2026-06-11,2243.396240234375,2253.3668901909723,2203.513640407986,2233.4255902777777,34790220
2026-06-12,2303.22021484375,2318.1761902648136,2283.278914282332,2318.1761902648136,21560608
2026-06-15,2368.029296875,2368.029296875,2338.117347861842,2353.073322368421,25573718
2026-06-16,2392.9560546875,2392.9560546875,2343.1028035481772,2368.029429117839,29594351
2026-06-17,2378.0,2378.0,2343.1027253668763,2348.0880503144654,25510076
2026-06-18,2402.9267578125,2407.9120830361776,2378.000131694113,2387.9707821414677,46429815
2026-06-22,2502.633056640625,2502.633056640625,2447.7944836863485,2447.7944836863485,39272494
2026-06-23,2482.69189453125,2527.5598203360314,2482.69189453125,2502.6331948889306,34264856
2026-06-24,2382.9853515625,2437.823926598457,2382.9853515625,2427.8532765919194,55667954
2026-06-25,2382.9853515625,2412.897301582113,2382.9853515625,2402.9266515755753,34424468
2026-06-26,2333.132080078125,2363.0440298227163,2318.176105205829,2353.0733799078525,39547254
2026-06-29,2363.044189453125,2387.9708159241495,2323.161587099486,2323.161587099486,33267315
2026-06-30,2402.9267578125,2467.735985720306,2402.9267578125,2432.838709154564,42933128
2026-07-01,2497.64794921875,2497.64794921875,2467.7359977311003,2487.6772987228665,30489002
2026-07-02,2457.76513671875,2472.7211111815413,2437.823837435028,2442.809162255958,27485121
2026-07-03,2437.823974609375,2457.7652750151774,2407.912024000671,2407.912024000671,26489446
2026-07-06,2452.780029296875,2492.662631399263,2447.7947040340764,2457.7653545596736,19281603
2026-07-07,2432.838623046875,2492.6625236136015,2432.838623046875,2472.7212234246927,27867172
2026-07-08,2457.76513671875,2457.76513671875,2412.897213330375,2437.823837435028,23373702
2026-07-09,2407.912109375,2452.7800368788817,2407.912109375,2442.8093863224635,27134789
2026-07-13,2432.838623046875,2472.7212234246927,2432.838623046875,2452.779923235784,32938379
2026-07-14,2412.897216796875,2422.8678664530603,2382.9852678283187,2402.9265671406897,35607811
2026-07-15,2432.838623046875,2452.779923235784,2407.9119978107387,2417.882647905193,28532735
2026-07-16,2462.75048828125,2462.75048828125,2412.8972395306173,2422.867889280744,27848158
2026-07-17,2283.27880859375,2387.97063169521,2283.27880859375,2368.0293320568367,75253147
2026-07-20,2313.19091796875,2338.117544239965,2293.249616951778,2293.249616951778,45272691
2026-07-21,2402.9267578125,2402.9267578125,2338.117529904694,2343.102855128371,29931277
2026-07-22,2392.9560546875,2437.8239807128907,2378.0000793457034,2432.838655598958,28887275
2026-07-23,2397.94140625,2397.94140625,2363.0441300675675,2378.000105574324,23190117
2026-07-24,2343.102783203125,2358.05875841506,2338.1174581324804,2348.08810827377,21646770
2026-07-27,2343.102783203125,2358.05875841506,2323.1614829205455,2323.1614829205455,24040916
2026-07-28,2273.30810546875,2298.234729432223,2263.3374558833607,2263.3374558833607,36576835
2026-07-29,2193.54296875,2273.308167613636,2173.6016690340907,2253.3668678977274,55449661
2026-07-30,2198.5283203125,2253.3668951955783,2183.572345344388,2198.5283203125,44446679
2026-07-31,2417.882568359375,2417.882568359375,2338.1173702279316,2343.102695111147,57145894
2026-08-03,2363.044189453125,2387.9708159241495,2358.05886415892,2382.9854906299447,30005447
2026-08-04,2313.19091796875,2353.073520002694,2303.220267460264,2328.146893731479,35945450
2026-08-05,2397.94140625,2407.912056587838,2363.0441300675675,2378.000105574324,31905196
2026-08-06,2358.058837890625,2387.9707893226414,2353.0735126519558,2387.9707893226414,22943128
2026-08-07,2363.044189453125,2387.9708159241495,2348.0882135705106,2382.9854906299447,21959343
2026-08-10,2373.0146484375,2402.9265977875525,2373.0146484375,2382.985298220851,18892633
2026-08-11,2387.970703125,2397.9413532424323,2368.0294028901358,2382.985378066284,15907911
2026-08-12,2407.912109375,2407.912109375,2382.985482983954,2397.941458818582,17709219
2026-08-13,2427.853271484375,2437.823921469937,2417.8826214988126,2432.838596477156,21187598
2026-08-14,2387.970703125,2432.8386286534446,2387.970703125,2427.8533035947285,18950570
2026-08-17,2392.9560546875,2412.897355143229,2382.9854044596354,2402.9267049153646,12531972
2026-08-18,2373.0146484375,2407.9119226792277,2368.0293235458244,2407.9119226792277,17294892
2026-08-19,2343.102783203125,2348.08810827377,2328.14680799119,2333.1321330618352,20098985
2026-08-20,2368.029296875,2368.029296875,2343.1026726973682,2358.058647203947,15159960
2026-08-21,2402.9267578125,2402.9267578125,2358.0588307994035,2368.029481246758,15768427
2026-08-24,2368.029296875,2402.926570723684,2368.029296875,2402.926570723684,10658045
2026-08-25,2392.9560546875,2392.9560546875,2343.1028035481772,2348.0881286621093,12843032
2026-08-26,2407.912109375,2417.882759931418,2368.029507149327,2368.029507149327,17662672
2026-08-27,2402.9267578125,2427.853383930887,2402.9267578125,2422.8680587072095,16247745
2026-08-28,2412.897216796875,2437.8238409373384,2402.9265671406897,2432.838516109246,13601211
2026-08-31,2397.94140625,2397.94140625,2368.0294552364862,2387.970755912162,27171787
2026-09-01,2432.838623046875,2432.838623046875,2382.985372574603,2387.97069762183,17216484
2026-09-02,2378.0,2412.8972746331237,2378.0,2407.9119496855346,19825721
2026-09-03,2382.9853515625,2392.9560015690377,2373.0147015559623,2378.000026559231,12602565
2026-09-04,2402.9267578125,2407.9120830361776,2382.9854569177905,2407.9120830361776,13232996
2026-09-07,2452.780029296875,2452.780029296875,2422.868077720084,2427.8534029828825,22426044
2026-09-08,2462.75048828125,2497.647762406693,2452.7798385311235,2457.7651634061867,25823278
2026-09-09,2457.76513671875,2482.6917608234025,2452.7798118978194,2472.7211111815413,15619432
2026-09-10,2442.809326171875,2447.7946513273278,2427.8533507055167,2437.8240010164222,17578157
2026-09-11,2402.9267578125,2422.8680587072095,2397.941432588823,2422.8680587072095,18149016
2026-09-14,2373.0146484375,2387.970623112526,2373.0146484375,2377.999973329175,18265116
2026-09-15,2378.0,2397.9412997903564,2373.014675052411,2397.9412997903564,13515970
2026-09-16,2380.0,2395.0,2375.0,2375.0,17989104
2026-09-17,2425.0,2445.0,2400.0,2405.0,16009127
2026-09-18,2460.0,2460.0,2435.0,2460.0,35352856
2026-09-21,2480.0,2485.0,2445.0,2445.0,14553960
2026-09-22,2460.0,2510.0,2460.0,2505.0,18940740
2026-09-23,2500.0,2505.0,2475.0,2475.0,20406553
2026-09-24,2475.0,2490.0,2470.0,2480.0,13043734
2026-09-29,2475.0,2495.0,2475.0,2475.0,24637205
2026-09-30,2480.0,2510.0,2480.0,2495.0,30527318
2026-10-01,2510.0,2510.0,2485.0,2490.0,18598594
2026-10-02,2500.0,2515.0,2495.0,2505.0,13944020
2026-10-05,2575.0,2580.0,2545.0,2550.0,24042447
2026-10-06,2585.0,2590.0,2565.0,2575.0,18510024
2026-10-07,2585.0,2585.0,2560.0,2565.0,14466183
2026-10-08,2550.0,2575.0,2550.0,2550.0,20325120
