Date,Close,High,Low,Open,Volume
,2601.TW,2601.TW,2601.TW,2601.TW,2601.TW
2000-01-04,10.33300495147705,11.04213286615759,10.13039629886785,11.04213286615759,1462138895
2000-01-05,12.707621574401855,12.707621574401855,12.102496737525575,12.34454651431263,775006113
2000-01-06,13.554794311523438,13.554794311523438,12.707620555597606,12.707620555597606,2220670619
2000-01-07,14.401968955993652,14.401968955993652,14.038893152618387,14.280943688201896,3423025672
2000-01-10,15.370168685913086,15.370168685913086,14.765043897184986,15.370168685913086,3039506314
2000-01-11,15.249144554138184,16.21736725097276,15.128119283939782,16.21736725097276,2588452
2000-01-12,15.370168685913086,15.854269780603135,15.00709444453001,15.612219233258111,1419930762
2000-01-13,16.338394165039062,16.338394165039062,15.249146088412695,15.370169791153339,2105040
2000-01-14,16.822492599487305,17.18556842253915,16.338393081719314,17.18556842253915,2349569
2000-01-17,17.30659294128418,17.30659294128418,16.2173670993187,16.701466595950915,2403972
2000-01-18,17.42761993408203,17.911721102108917,16.943520345689848,17.42761993408203,2402808
2000-01-19,17.42761993408203,17.911721102108917,17.30659622171001,17.42761993408203,2281419
2000-01-20,16.459421157836914,17.548645653134233,16.217370567933184,17.548645653134233,1788896
2000-01-21,15.97531795501709,16.338392178359875,15.854268992842334,15.97531795501709,1258687
2000-01-24,16.459421157836914,16.459421157836914,16.096345272981317,16.217370567933184,1202333
2000-01-25,16.459421157836914,16.94352075800964,16.217370567933184,16.459421157836914,1539704
2000-01-26,16.459421157836914,16.822495463057773,16.459421157836914,16.459421157836914,1296563
2000-01-27,17.185569763183594,17.42761875113257,16.45941964006748,16.45941964006748,3034001
2000-01-28,16.822492599487305,17.669667940307136,16.580442050786075,17.42761739160591,2175603
2000-01-31,17.30659294128418,17.669667168849738,17.064542403150874,17.427616630716432,2760496
2000-02-01,17.30659294128418,17.669667168849738,16.94351713408422,17.669667168849738,1968373
2000-02-02,17.30659294128418,17.30659294128418,17.30659294128418,17.30659294128418,0
2000-02-03,17.30659294128418,17.30659294128418,17.30659294128418,17.30659294128418,0
2000-02-04,17.30659294128418,17.30659294128418,17.30659294128418,17.30659294128418,0
2000-02-07,17.30659294128418,17.30659294128418,17.30659294128418,17.30659294128418,0
2000-02-08,17.30659294128418,17.30659294128418,17.30659294128418,17.30659294128418,0
2000-02-09,17.30659294128418,17.669667168849738,17.064542403150874,17.669667168849738,1477419
2000-02-10,18.5168399810791,18.5168399810791,17.427615772393143,17.54864103549921,5122404
2000-02-11,19.72709083557129,19.72709083557129,19.000942365306738,19.72709083557129,5724789
2000-02-14,19.848115921020508,20.93734177547121,19.848115921020508,20.090166461928312,4822520
2000-02-15,18.5168399810791,20.332215768401465,18.5168399810791,19.848114715977196,3666102
2000-02-16,19.3640193939209,19.3640193939209,18.758894528314617,18.758894528314617,2072472
2000-02-17,20.332216262817383,20.57426521528107,19.36401571405956,19.606064666523245,4067167
2000-02-18,19.485042572021484,21.17939169623174,19.36401729608479,20.93734272399284,4218348
2000-02-21,21.421443939208984,21.663492930556306,20.574268520406825,20.574268520406825,7109954
2000-02-22,20.090167999267578,21.784517176373903,19.969142719552583,21.542466616943912,4847593
2000-02-23,19.12196922302246,20.21119526801631,18.758894927780972,19.606068809889344,2525051
2000-02-24,18.5168399810791,19.485040506293316,17.79069156171134,19.242989980081184,2552692
2000-02-25,17.66966438293457,18.27478905322551,17.306590212613663,18.153763803240494,2027619
2000-02-28,17.66966438293457,17.66966438293457,17.66966438293457,17.66966438293457,0
2000-02-29,17.064544677734375,18.153769085251387,16.701468822138963,17.911720094489056,1370735
2000-03-01,18.153766632080078,18.153766632080078,17.185567640597082,17.185567640597082,1610066
2000-03-02,18.395816802978516,18.758891022636796,18.03274100368587,18.51684048977503,1465694
2000-03-03,18.274791717529297,18.8799164760421,18.15376644989986,18.63786594078323,841243
2000-03-06,16.580442428588867,17.669668342929086,16.580442428588867,17.669668342929086,1032277
2000-03-07,16.459421157836914,16.94352075800964,16.096345272981317,16.580444873154043,643205
2000-03-08,16.943517684936523,17.185568230939158,16.459418172565705,16.943517684936523,1009724
2000-03-09,17.42761993408203,17.911721102108917,17.18557092970329,17.42761993408203,1008827
2000-03-10,17.30659294128418,17.79069243791639,17.064542403150874,17.79069243791639,808483
2000-03-13,16.096343994140625,16.70146884118857,16.096343994140625,16.70146884118857,558523
2000-03-14,15.249144554138184,15.733244055297373,15.007094013741382,15.007094013741382,700493533
2000-03-15,15.007094383239746,15.612219169496464,14.765043836883278,15.007094383239746,832152327
2000-03-16,14.522992134094238,14.765042661176777,14.038892659563484,14.522992134094237,1029928271
2000-03-17,14.64401912689209,14.765044404724776,14.159919595195863,14.644019126892092,998173645
2000-03-20,14.159918785095215,14.159918785095215,14.159918785095215,14.159918785095215,774199657
2000-03-21,15.128120422363281,15.128120422363281,14.0388944882455,14.0388944882455,1324613167
2000-03-22,16.096343994140625,16.096343994140625,16.096343994140625,16.096343994140625,1705368
2000-03-23,17.185569763183594,17.185569763183594,17.185569763183594,17.185569763183594,1011204
2000-03-24,17.66966438293457,18.27478905322551,17.185564962628646,18.27478905322551,5147538
2000-03-27,18.03274154663086,18.274792086780486,16.943517275226373,17.42761677589121,2148355
2000-03-28,17.66966438293457,18.39581430321053,17.427613882964533,18.153763803240494,1861980
2000-03-29,17.42761993408203,18.15377010648766,17.18557092970329,17.911721102108917,942560
2000-03-30,17.064544677734375,17.911720094489056,16.943519392535904,17.669669524092118,1146022
2000-03-31,17.064544677734375,17.306595248131316,16.943519392535904,17.064544677734375,741879
2000-04-03,17.064544677734375,17.064544677734375,17.064544677734375,17.064544677734375,0
2000-04-04,17.064544677734375,17.064544677734375,17.064544677734375,17.064544677734375,0
2000-04-05,17.42761993408203,17.790695810102196,16.943520345689848,16.943520345689848,2151804
2000-04-06,17.30659294128418,17.79069243791639,17.185567672217527,17.79069243791639,904332
2000-04-07,17.185569763183594,17.669669318716135,17.185569763183594,17.669669318716135,817329
2000-04-10,18.153766632080078,18.153766632080078,17.185567640597082,17.548641867494606,2447767
2000-04-11,19.3640193939209,19.3640193939209,18.153769662708335,18.395820240804714,4799767
2000-04-12,19.848115921020508,20.574265964109504,19.000942187112024,20.574265964109504,5044468
2000-04-13,18.758893966674805,19.848118376227887,18.516843395825404,19.848118376227887,2528303
2000-04-14,18.03274154663086,18.63786631737051,17.669667316040837,18.395817356855297,1024413
2000-04-17,17.064544677734375,17.548644238893647,16.701468822138963,16.943519392535904,1380932
2000-04-18,17.42761993408203,17.911721102108917,17.30659622171001,17.42761993408203,2099294
2000-04-19,16.70147132873535,17.669672175998382,16.70147132873535,17.669672175998382,1128281
2000-04-20,16.096343994140625,16.94351941186159,15.975320288438725,16.82249412652508,1192835
2000-04-21,16.580442428588867,16.943518259913773,15.491194399365604,15.491194399365604,1933380
2000-04-24,15.491196632385254,17.427620300863058,15.491196632385254,16.822495407728717,1630859
2000-04-25,16.459421157836914,16.459421157836914,15.733247273239412,15.733247273239412,3691784
2000-04-26,16.096343994140625,17.0645446971981,15.37017016723701,16.45941985015016,1704401
2000-04-27,15.733244895935059,16.459418670807192,15.128120092245249,15.612219619270197,1126290
2000-04-28,15.854267120361328,16.338390248701117,15.007091926438633,15.733241866996059,1355358
2000-05-01,15.854267120361328,15.854267120361328,15.854267120361328,15.854267120361328,0
2000-05-02,15.370168685913086,15.975318748792523,15.128119718202521,15.975318748792523,821510
2000-05-03,15.007094383239746,15.612219169496464,14.644018563705043,15.12811965641798,888316217
2000-05-04,15.007094383239746,15.612219169496464,14.886069110061511,15.249144929596214,1351912606
2000-05-05,15.97531795501709,15.97531795501709,15.00709369886333,15.249144234181438,1343167
2000-05-08,15.97531795501709,16.217366910700818,15.612218457524223,15.612218457524223,643249
2000-05-09,15.97531795501709,15.97531795501709,15.97531795501709,15.97531795501709,0
2000-05-10,16.217369079589844,17.18556977071376,15.97532009153481,17.064544486868943,1509925
2000-05-11,15.733244895935059,16.21736811747747,15.491194342605336,16.21736811747747,1036727
2000-05-12,16.096343994140625,16.45941985015016,15.854271308583053,15.975320288438725,1210425
2000-05-15,15.97531795501709,16.217366910700818,15.97531795501709,16.096341643041765,393574
2000-05-16,15.97531795501709,16.217366910700818,15.733243725183279,16.096341643041765,515711
2000-05-17,16.580442428588867,16.82249298280547,16.217368176898464,16.45941873111507,1655297
2000-05-18,16.338394165039062,16.70146843253013,16.096343600288634,16.70146843253013,689280
2000-05-19,16.943517684936523,16.943517684936523,16.338392899564386,16.338392899564386,1550982
2000-05-22,15.97531795501709,16.338392178359875,15.733243725183279,16.217366910700818,735972
2000-05-23,15.491196632385254,15.975321505121478,15.491196632385254,15.975321505121478,517374
2000-05-24,15.249144554138184,15.491193514900571,15.007094013741382,15.370168244702171,540515680
2000-05-25,15.128120422363281,15.612219959952,15.00709514305747,15.612219959952,415720152
2000-05-26,15.370168685913086,15.491193959585598,14.765043897184986,14.765043897184986,545051273
2000-05-29,15.249144554138184,15.612218785098973,15.128119283939782,15.370168244702171,424697588
2000-05-30,15.249144554138184,15.249144554138184,15.249144554138184,15.249144554138184,0
2000-05-31,15.491196632385254,15.854272516046699,15.37017133783144,15.733247221492883,573244418
2000-06-01,15.491196632385254,15.61222192693907,15.249147622912357,15.491196632385254,172799045
2000-06-02,15.370168685913086,15.733244506930623,15.249144991875033,15.491193959585598,489580930
2000-06-05,15.612222671508789,15.97532226700795,15.491197371183102,15.733247971834478,662751
2000-06-06,15.612222671508789,15.612222671508789,15.612222671508789,15.612222671508789,0
2000-06-07,15.249144554138184,15.733244055297373,15.249144554138184,15.612218785098973,700714906
2000-06-08,15.128120422363281,15.491194680646188,15.00709514305747,15.128120422363281,403625694
2000-06-09,15.128120422363281,15.249145701669095,14.886069863751656,15.249145701669095,467566401
2000-06-12,14.886067390441895,15.249143168034545,14.522991612849244,15.128117908836995,448939881
2000-06-13,15.249144554138184,15.491193514900571,14.522992932947778,14.522992932947778,1128423108
2000-06-14,15.128120422363281,15.612219959952,15.00709514305747,15.491194680646188,738614617
2000-06-15,15.128120422363281,15.370169401340375,15.00709514305747,15.128120422363281,390092820
2000-06-16,15.491196632385254,15.733247221492883,15.128122328358542,15.128122328358542,667201267
2000-06-19,15.370168685913086,15.491193959585598,15.249144991875033,15.249144991875033,416401039
2000-06-20,15.854267120361328,15.9753160682395,15.49119136026552,15.733241866996059,991220
2000-06-21,15.370168685913086,15.854269780603135,15.249144991875033,15.733244506930623,503776898
2000-06-22,15.491196632385254,15.61222192693907,15.249147622912357,15.37017133783144,424534723
2000-06-23,15.491196632385254,15.491196632385254,15.249147622912357,15.37017133783144,373290665
2000-06-26,15.249144554138184,15.491193514900571,15.128119283939782,15.491193514900571,480401965
2000-06-27,15.249144554138184,15.491193514900571,15.007094013741382,15.249144554138184,477307867
2000-06-28,14.765044212341309,15.370169013985654,14.644018936085542,15.370169013985654,543340504
2000-06-29,14.038896560668945,15.007097358406822,14.038896560668945,14.76504676406366,611820568
2000-06-30,14.765044212341309,14.765044212341309,13.917870437819923,14.038894134441197,577184663
2000-07-03,15.007094383239746,15.249144929596214,14.644018563705043,14.644018563705043,613142651
2000-07-04,15.007094383239746,15.249144929596214,14.52299329052681,15.007094383239746,310333308
2000-07-05,15.007094383239746,15.249144929596214,14.644018563705043,15.007094383239746,458872269
2000-07-06,15.007094383239746,15.007094383239746,14.52299329052681,15.007094383239746,411179769
2000-07-07,14.886067390441895,14.886067390441895,14.644016872046794,14.886067390441895,408189343
2000-07-10,14.765044212341309,15.49119429024142,14.765044212341309,14.886069488597077,862904442
2000-07-11,14.64401912689209,15.007094960390146,14.522993849059405,14.88606968255746,365091971
2000-07-12,14.159918785095215,14.644018289095712,13.67581928109472,14.644018289095712,507072867
2000-07-13,14.522992134094238,14.522992134094237,14.038892659563484,14.038892659563484,709626649
2000-07-14,15.491196632385254,15.491196632385254,14.765046444697099,14.765046444697099,1478104123
2000-07-17,16.217369079589844,16.701468635334507,15.733245829326314,15.97532009153481,1827100
2000-07-18,15.249144554138184,16.21736725097276,15.249144554138184,16.21736725097276,753765
2000-07-19,15.249144554138184,16.21736725097276,15.249144554138184,16.21736725097276,753765
2000-07-20,15.007094383239746,15.975318683547949,15.007094383239746,15.249144929596214,1976655
2000-07-21,15.249144554138184,15.370168244702171,15.007094013741382,15.249144554138184,757528204
2000-07-24,15.128120422363281,15.249145701669095,15.00709514305747,15.249145701669095,569001367
2000-07-25,14.886067390441895,15.249143168034545,14.765042131244345,15.249143168034545,417294403
2000-07-26,14.522992134094238,15.128118451800587,14.522992134094237,14.765042661176777,569008210
2000-07-27,14.401968955993652,14.765043179734533,14.038893152618387,14.765043179734533,638800777
2000-07-28,15.128120422363281,15.128120422363281,14.280945046857125,14.280945046857125,734946042
2000-07-31,15.370168685913086,15.854269780603135,15.370168685913086,15.854269780603135,597057992
2000-08-01,15.370168685913086,15.612219233258111,15.249144991875033,15.491193959585598,741447652
2000-08-02,15.491196632385254,15.61222192693907,15.249147622912357,15.491196632385254,395101612
2000-08-03,15.370168685913086,15.491193959585598,15.249144991875033,15.491193959585598,531775357
2000-08-04,15.370168685913086,15.733244506930623,15.370168685913086,15.491193959585598,740763002
2000-08-07,15.007094383239746,15.370168623139996,14.765043836883278,15.249144929596214,472172136
2000-08-08,15.007094383239746,15.12811965641798,14.765043836883278,15.12811965641798,417769654
2000-08-09,15.733244895935059,15.85427017259992,15.007094815580388,15.24914536891011,1223316774
2000-08-10,15.491196632385254,15.854272516046699,15.249147622912357,15.733247221492883,513863255
2000-08-11,15.128120422363281,15.491194680646188,15.128120422363281,15.491194680646188,485858294
2000-08-14,14.765044212341309,15.249145317364379,14.765044212341309,15.12812004110861,328467811
2000-08-15,15.007094383239746,15.007094383239746,14.765043836883278,14.765043836883278,206660655
2000-08-16,15.128120422363281,15.370169401340375,14.765044584445844,14.765044584445844,398951528
2000-08-17,15.128120422363281,15.491194680646188,14.886069863751656,15.491194680646188,314533248
2000-08-18,15.249144554138184,15.370168244702171,15.007094013741382,15.007094013741382,423928426
2000-08-21,15.007094383239746,15.12811965641798,14.765043836883278,15.12811965641798,409900113
2000-08-22,14.886067390441895,15.007092649639445,14.765042131244345,14.765042131244345,302090477
2000-08-23,14.886067390441895,14.886067390441895,14.886067390441895,14.886067390441895,0
2000-08-24,15.007094383239746,15.007094383239746,14.765043836883278,15.007094383239746,437614585
2000-08-25,15.007094383239746,15.12811965641798,14.765043836883278,15.007094383239746,618990062
2000-08-28,14.765044212341309,15.12812004110861,14.765044212341309,15.007094764852845,548752695
2000-08-29,13.796844482421875,14.886068755838314,13.796844482421875,14.765043485539952,1602994085
2000-08-30,12.949670791625977,13.796845368682394,12.949670791625977,13.796845368682394,909806224
2000-08-31,12.054083824157715,12.586594357006295,12.054083824157715,12.054083824157715,1057255082
2000-09-01,11.23111629486084,12.054085356104155,11.23111629486084,12.054085356104155,573791523
2000-09-04,12.344545364379883,12.344545364379883,11.642600050323335,12.054084553548536,522126615
2000-09-05,12.102495193481445,12.344544939387635,11.860444657758064,12.344544939387635,266590634
2000-09-06,11.666807174682617,11.98147197722285,11.618396901285148,11.98147197722285,305269429
2000-09-07,11.836241722106934,11.836241722106934,11.42475717040216,11.61839668068065,192977918
2000-09-08,11.908855438232422,11.981470444128476,11.739419897930144,11.739419897930144,245549191
2000-09-11,11.884650230407715,12.102496043791275,11.884650230407715,11.981470767426464,150863554
2000-09-12,11.884650230407715,11.884650230407715,11.884650230407715,11.884650230407715,0
2000-09-13,11.739419937133789,12.078290229052772,11.618395453447688,11.884649949410893,162583012
2000-09-14,10.940654754638672,11.739418966287996,10.940654754638672,11.739418966287996,272281339
2000-09-15,10.989066123962402,11.327935632144305,10.795425840846141,10.892245587495651,429430262
2000-09-18,9.875636100769043,10.601786162509661,9.875636100769043,10.601786162509661,451642897
2000-09-19,9.197896003723145,9.36733074928095,9.197896003723145,9.197896003723145,390807237
2000-09-20,9.076870918273926,9.197895389960621,8.568565925701783,8.568565925701783,861553276
2000-09-21,9.706201553344727,9.706201553344727,8.76220795608921,9.07687275178015,1003195439
2000-09-22,9.34312629699707,9.730406065750694,9.246306552262972,9.730406065750694,715467559
2000-09-25,9.996661186218262,9.996661186218262,9.246306399811917,9.246306399811917,1031133337
2000-09-26,9.924046516418457,10.408146038266288,9.730406233788981,10.408146038266288,587180007
2000-09-27,10.11768627166748,10.11768627166748,9.924046773832542,9.924046773832542,625114960
2000-09-28,10.093481063842773,10.166096069617925,9.681996557661728,10.069275535372906,411953037
2000-09-29,10.020864486694336,10.093479481082719,9.827224238386279,10.093479481082719,399381958
2000-10-02,9.464150428771973,9.77881596964495,9.197895943192927,9.77881596964495,328467468
2000-10-03,9.536765098571777,9.706199837089311,9.197895621536707,9.197895621536707,511523264
2000-10-04,9.222101211547852,9.222101211547852,9.222101211547852,9.222101211547852,470940381
2000-10-05,9.391535758972168,9.415741287478706,9.197896269823215,9.197896269823215,686018025
2000-10-06,10.04507064819336,10.04507064819336,9.439946662104118,9.585175881689832,689422457
2000-10-09,9.48835563659668,9.73040537618723,9.415740635737796,9.73040537618723,277486527
2000-10-10,9.48835563659668,9.48835563659668,9.48835563659668,9.48835563659668,0
2000-10-11,9.173691749572754,9.31892176480122,9.173691749572754,9.173691749572754,311017616
2000-10-12,8.665387153625488,9.367331737732995,8.568567401635521,8.738002165072285,307938914
2000-10-13,8.980050086975098,8.980050086975098,8.108670129417694,8.665385365573965,569851962
2000-10-16,8.980050086975098,8.980050086975098,8.980050086975098,8.980050086975098,0
2000-10-17,9.318921089172363,9.318921089172363,9.101076082123594,9.101076082123594,273380679
2000-10-18,9.246307373046875,9.318922385497705,8.85902678009758,9.318922385497705,227256955
2000-10-19,8.931640625,8.931640625,8.616975113460365,8.616975113460365,575870108
2000-10-20,9.536765098571777,9.536765098571777,9.149485357752912,9.41574062383804,721518552
2000-10-23,8.931640625,9.270510082295898,8.931640625,8.955845360573386,396213954
2000-10-24,8.665387153625488,8.883232187965877,8.665387153625488,8.738002165072285,743377058
2000-10-25,8.738001823425293,8.786411302618871,8.71379629401125,8.71379629401125,355685132
2000-10-26,8.738001823425293,8.834821571629705,8.616976545806835,8.762207352839338,383340411
2000-10-27,8.738001823425293,8.738001823425293,8.738001823425293,8.738001823425293,0
2000-10-30,8.15708065032959,8.15708065032959,8.15708065032959,8.15708065032959,19844588
2000-10-31,7.890827655792236,8.132877433673372,7.890827655792236,7.890827655792236,296647491
2000-11-01,7.648777008056641,7.64877700805664,7.624571480149185,7.624571480149185,508321387
2000-11-02,7.866621494293213,7.866621494293213,7.406727506070905,7.503547251495747,301095151
2000-11-03,7.842418670654297,8.011853446917236,7.600367297812928,7.8666226232124155,639379701
2000-11-06,7.551956653594971,7.624571659389981,7.551956653594971,7.551956653594971,790032831
2000-11-07,7.52775239944458,7.6487776801648915,7.309907368038385,7.624572150130464,825616844
2000-11-08,7.600366592407227,7.79400688289082,7.503547631891338,7.551957112149282,573449369
2000-11-09,7.551956653594971,7.721391403844254,7.551956653594971,7.624571659389981,317860695
2000-11-10,8.060261726379395,8.060261726379395,7.624571689867744,7.624571689867744,988591623
2000-11-13,7.721391677856445,7.939236702972233,7.69718693833822,7.939236702972233,601501204
2000-11-14,7.818211555480957,7.987646297437855,7.745596553239832,7.745596553239832,394503527
2000-11-15,8.302312850952148,8.350723126255572,7.987648036023295,8.229697832905693,1118158146
2000-11-16,7.939235687255859,8.2296956835832,7.890826214412736,8.2296956835832,583371834
2000-11-17,7.648777008056641,8.036055976769456,7.624571480149185,7.8908267584107525,592830680
2000-11-20,6.850011825561523,6.850011825561523,6.632166817671332,6.632166817671332,1486315818
2000-11-21,7.309906482696533,7.309906482696533,6.704781732019421,7.309906482696533,673700482
2000-11-22,7.818211555480957,7.818211555480957,7.382521542034206,7.527751546516456,1080547556
2000-11-23,7.576161861419678,7.745596604497843,7.55195633396766,7.745596604497843,546994366
2000-11-24,7.818211555480957,7.818211555480957,7.624571286232228,7.624571286232228,530548735
2000-11-27,7.939235687255859,7.987645949916133,7.721390690010353,7.987645949916133,670159188
2000-11-28,7.721391677856445,7.818212215563853,7.69718693833822,7.818212215563853,343522243
2000-11-29,7.745598316192627,7.818213334961443,7.479342984101182,7.479342984101182,938527654
2000-11-30,7.576161861419678,7.866621082489164,7.527751596332834,7.745596604497843,274175161
2000-12-01,7.769802093505859,7.818212363274184,7.406727834603866,7.406727834603866,582619095
2000-12-04,7.987646579742432,8.060261584549963,7.9150315749349,7.987646579742432,679174945
2000-12-05,7.794007301330566,7.915032588107501,7.721392287227868,7.721392287227868,829278234
2000-12-06,7.697187423706055,8.108671970549468,7.648777941617007,8.108671970549468,657605559
2000-12-07,7.576161861419678,7.818211607219512,7.576161861419678,7.697186339410999,390382966
2000-12-08,7.455136775970459,7.551956518695252,7.406727299516668,7.503547042241461,317489458
2000-12-11,7.576161861419678,7.697186339410999,7.285701850533,7.697186339410999,170734488
2000-12-12,7.769802093505859,7.76980209350586,7.624572074018155,7.6487776038109505,723655303
2000-12-13,8.084467887878418,8.108671838712112,7.745597569678203,7.79400705098017,1278020008
2000-12-14,8.641182899475098,8.641182899475098,8.205492806270303,8.229697548175904,3245921987
2000-12-15,8.350722312927246,8.44754206428686,8.350722312927246,8.350722312927246,899864256
2000-12-18,7.794007301330566,7.794007301330566,7.794007301330566,7.794007301330566,45163981
2000-12-19,7.794007301330566,7.794007301330566,7.52775277616555,7.52775277616555,1506502902
2000-12-20,7.52775239944458,7.745597430850776,7.52775239944458,7.576162669696159,1253654540
2000-12-21,7.285702705383301,7.334112976150246,7.285702705383301,7.285702705383301,328616305
2000-12-22,7.358315944671631,7.4067269987942925,7.067856728290259,7.067856728290259,416065728
2000-12-25,7.358315944671631,7.358315944671631,7.358315944671631,7.358315944671631,0
2000-12-26,7.116266250610352,7.479341260798937,7.116266250610352,7.382521521354375,338029645
2000-12-27,6.8742170333862305,6.971037570060638,6.8742170333862305,6.8984225624634545,398164574
2000-12-28,6.971037864685059,6.995242604968029,6.704782562303272,6.777397572969461,578514274
2000-12-29,7.164677143096924,7.430930828187768,6.92262661523143,7.430930828187768,543682315
2001-01-01,7.164677143096924,7.164677143096923,7.164677143096923,7.164677143096923,0
2001-01-02,7.309906482696533,7.382521484370474,7.140471742063065,7.140471742063065,385265027
2001-01-03,7.1888813972473145,7.358316142137652,7.1888813972473145,7.358316142137652,388686567
2001-01-04,7.624571323394775,7.648776850804586,7.285701837829314,7.3825215780169895,846869738
2001-01-05,7.358315944671631,7.600365686564696,7.26149620587784,7.600365686564696,689838858
2001-01-08,7.479342937469482,7.6245729741016435,7.261497882521241,7.285703415171508,1017531006
2001-01-09,7.551956653594971,7.5761621820714575,7.430931380664212,7.47934164779996,778361960
2001-01-10,7.721391677856445,7.745597207191924,7.551956921594362,7.624571929966291,966305424
2001-01-11,8.036055564880371,8.253901355795726,7.769801090082917,7.842416880266145,2078772524
2001-01-12,7.672980785369873,8.181285750337835,7.624570525433889,8.181285750337835,899179948
2001-01-15,7.624571323394775,7.6729815883972075,7.503546845614477,7.551956320799721,195951236
2001-01-16,7.818211555480957,7.939236032671376,7.527751546516456,7.527751546516456,892302653
2001-01-17,7.745598316192627,7.866622820929076,7.672983297423811,7.866622820929076,886520251
2001-01-18,7.915031433105469,8.108670915910919,7.7455966881964,7.7455966881964,951530190
2001-01-19,7.915031433105469,7.915031433105469,7.915031433105469,7.915031433105469,0
2001-01-22,7.915031433105469,7.915031433105469,7.915031433105469,7.915031433105469,0
2001-01-23,7.915031433105469,7.915031433105469,7.915031433105469,7.915031433105469,0
2001-01-24,7.915031433105469,7.915031433105469,7.915031433105469,7.915031433105469,0
2001-01-25,7.915031433105469,7.915031433105469,7.915031433105469,7.915031433105469,0
2001-01-26,7.915031433105469,7.915031433105469,7.915031433105469,7.915031433105469,0
2001-01-29,7.987646579742432,8.399131870257516,7.9150315749349,7.987646579742432,1235516958
2001-01-30,7.963441848754883,8.181286863378338,7.745596834131427,8.181286863378338,660522422
2001-01-31,7.963441848754883,8.10867106868664,7.7940063108362745,7.7940063108362745,940443032
2001-02-01,7.866621494293213,8.181287049104105,7.866621494293213,7.866621494293213,575947093
2001-02-02,8.399131774902344,8.399131774902344,7.890826747020398,7.987646489058844,2362967664
2001-02-05,8.980050086975098,8.980050086975098,8.350720644172833,8.592770369110848,3027855287
2001-02-06,8.37492561340332,9.415740328477012,8.37492561340332,9.415740328477012,2302694848
2001-02-07,8.084467887878418,8.205492380950623,7.890827593218683,8.060262357410146,870287098
2001-02-08,8.132877349853516,8.205492361451194,7.939237055653945,7.939237055653945,576100720
2001-02-09,8.278104782104492,8.68959002156728,7.987645588728373,8.13287558032499,1191790023
2001-02-12,8.326517105102539,8.471746329080355,8.253902098205014,8.471746329080355,640477673
2001-02-13,8.20549201965332,8.447541784957291,8.20549201965332,8.447541784957291,850523943
2001-02-14,8.278104782104492,8.592770290441907,8.253900836594543,8.44754029884529,1197924159
2001-02-15,8.56856632232666,8.56856632232666,8.278105523309046,8.39913158023214,841585512
2001-02-16,8.56856632232666,8.810616066721286,8.544360795015166,8.544360795015166,1753376914
2001-02-19,8.447542190551758,8.471746931299128,8.278106635868287,8.278106635868287,800688190
2001-02-20,9.028460502624512,9.028460502624512,8.471745998042229,8.52015705383854,2615287057
2001-02-21,9.004257202148438,9.439947257853344,8.907436663224727,9.02846115215347,3170272771
2001-02-22,8.37492561340332,8.907435339052185,8.37492561340332,8.495950874157803,1464135687
2001-02-23,8.350722312927246,8.495952334875309,8.13287728000515,8.229697031364767,1024316946
2001-02-26,8.544361114501953,8.738001391148474,8.399131894288583,8.47174610948666,1238916258
2001-02-27,8.302312850952148,8.76220849179127,8.278107318391758,8.71379742667049,1228976001
2001-02-28,8.302312850952148,8.302312850952148,8.302312850952148,8.302312850952148,0
2001-03-01,8.036055564880371,8.30231082949499,7.987646091181106,8.30231082949499,811246035
2001-03-02,8.060261726379395,8.205491738549945,8.011852248867363,8.03605619780615,529654345
2001-03-05,8.181285858154297,8.181285858154297,8.036055076432431,8.084466126823504,342561133
2001-03-06,8.108671188354492,8.278105938956406,8.108671188354492,8.278105938956406,548633625
2001-03-07,8.108671188354492,8.253901990063994,8.036056182408354,8.060261710935217,508065798
2001-03-08,8.108671188354492,8.205491722827494,8.060261710935217,8.205491722827494,446989603
2001-03-09,8.060261726379395,8.181286999793928,8.03605619780615,8.181286999793928,371868673
2001-03-12,7.794007301330566,8.011853133455975,7.7455978184736445,7.987647602210199,455456888
2001-03-13,7.697187423706055,7.842418239425103,7.648777941617007,7.842418239425103,359877203
2001-03-14,7.697187423706055,7.697187423706055,7.697187423706055,7.697187423706055,0
2001-03-15,7.745598316192627,7.818213334961443,7.624573021638812,7.648778554439995,258668059
2001-03-16,7.866621494293213,8.011852297156324,7.745597009966469,7.745597009966469,524756411
2001-03-19,7.624571323394775,7.86662106877256,7.6245713233947745,7.86662106877256,234854484
2001-03-20,7.648777008056641,7.842417282230254,7.624571480149185,7.64877700805664,210083221
2001-03-21,7.672980785369873,7.745595780365296,7.624570525433889,7.624570525433889,210189973
2001-03-22,7.745598316192627,7.745598316192627,7.672983297423811,7.672983297423811,235744769
2001-03-23,7.697187423706055,7.7940071777014515,7.697187423706055,7.769802436656928,359986350
2001-03-26,7.672980785369873,7.818210775360719,7.648776050310435,7.697185520429311,522469111
2001-03-27,7.697187423706055,7.866622190652325,7.672982682661531,7.672982682661531,548401645
2001-03-28,8.229695320129395,8.229695320129395,7.9634408617995485,7.9634408617995485,1127232754
2001-03-29,8.423336029052734,8.568566028675813,8.22969576628291,8.568566028675813,2297284709
2001-03-30,7.939235687255859,8.2296956835832,7.915030950834297,8.2296956835832,866630499
2001-04-02,7.987646579742432,8.229696332495132,7.987646579742432,7.987646579742432,520841827
2001-04-03,7.794007301330566,7.915032588107501,7.6245725316967095,7.7455978184736445,355566747
2001-04-04,7.697187423706055,7.745597695612404,7.576162928666133,7.745597695612404,319396624
2001-04-05,7.697187423706055,7.697187423706055,7.697187423706055,7.697187423706055,0
2001-04-06,7.794007301330566,7.8908278466790405,7.7455978184736445,7.7455978184736445,285014256
2001-04-09,7.455136775970459,7.697186527691047,7.3341122950187705,7.697186527691047,439462558
2001-04-10,7.455136775970459,7.551956518695252,7.358316243428456,7.455136775970459,307259055
2001-04-11,7.309906482696533,7.551956225003943,7.26149621830818,7.503546750432769,326868241
2001-04-12,7.285702705383301,7.503547739108629,7.261497175091186,7.261497175091186,276460749
2001-04-13,7.309906482696533,7.503546750432769,7.309906482696533,7.503546750432769,507071841
2001-04-16,7.334112644195557,7.479341870288498,7.334112644195557,7.430931601712685,395211443
2001-04-17,7.164677143096924,7.309906354072187,7.019446352487328,7.309906354072187,534796919
2001-04-18,7.140472888946533,7.213087902283701,7.092063406599959,7.092063406599959,288654432
2001-04-19,7.23729133605957,7.261496072860336,7.188881072640875,7.261496072860336,286059879
2001-04-20,7.092062950134277,7.213087438028533,7.043651891268966,7.043651891268966,257819517
2001-04-23,7.06785774230957,7.164678284811297,7.019447471058707,7.092063272843648,159235720
2001-04-24,7.043652534484863,7.164678613065553,7.043652534484863,7.067858066127933,195117064
2001-04-25,7.06785774230957,7.116267223743142,7.019447471058707,7.043652211775493,251266584
2001-04-26,7.06785774230957,7.116267223743142,7.019447471058707,7.043652211775493,251266584
2001-04-27,6.971037864685059,7.140472626300407,6.971037864685059,7.1162670962001595,275151668
2001-04-30,6.777397155761719,7.019446913142989,6.656372671979698,6.971037435557072,338551088
2001-05-01,6.777397155761719,6.777397155761719,6.777397155761719,6.777397155761719,0
2001-05-02,6.850011825561523,6.850011825561523,6.583756947554154,6.777396822931459,662312571
2001-05-03,6.971037864685059,6.971037864685059,6.656373081737331,6.94683233458481,347027268
2001-05-04,6.777397155761719,6.946831906946885,6.728987678175802,6.946831906946885,300295537
2001-05-07,6.850011825561523,6.850011825561523,6.680576292879914,6.777396822931459,228226962
2001-05-08,6.390117168426514,6.8258071907693765,6.390117168426514,6.8258071907693765,525890993
2001-05-09,6.3417067527771,6.4385264861521945,6.293296886089553,6.414321750262705,393142096
2001-05-10,6.3417067527771,6.4385264861521945,6.244886229584871,6.3417067527771,248559462
2001-05-11,6.680575847625732,6.680575847625732,6.293296912500094,6.341706779390798,381538971
2001-05-14,6.656372547149658,6.68057649567148,6.438527137738088,6.68057649567148,387729562
2001-05-15,6.656372547149658,6.656372547149658,6.511142142572409,6.6321670189934085,210806535
2001-05-16,6.971037864685059,7.019447345251,6.632167551637083,6.632167551637083,431477027
2001-05-17,6.777397155761719,6.922627168153927,6.704782149565615,6.898422429360968,274432118
2001-05-18,6.704782009124756,6.898422284864048,6.656372532552842,6.777397013799838,143385437
2001-05-21,6.583756923675537,6.704781795983834,6.317501651725254,6.704781795983834,303498782
2001-05-22,6.438527584075928,6.632167478754941,6.341707834190738,6.341707834190738,302806605
2001-05-23,6.559553146362305,6.607963816122059,6.293298609224749,6.293298609224749,339108457
2001-05-24,6.632166862487793,6.656372390072842,6.4869364613376845,6.4869364613376845,199477475
2001-05-25,6.607962608337402,6.632166951521589,6.511142076331827,6.632166951521589,275779521
2001-05-28,6.414322853088379,6.607963142948613,6.414322853088379,6.607963142948613,197764652
2001-05-29,6.414322853088379,6.535347738069549,6.390117718128691,6.414322853088379,150889216
2001-05-30,6.414322853088379,6.535347738069549,6.341707843117949,6.46273272809912,105383080
2001-05-31,6.462732315063477,6.462732315063477,6.172272688653778,6.3175019094957126,385895617
2001-06-01,6.244886875152588,6.438527151737553,6.0754521267765025,6.438527151737553,236428050
2001-06-04,6.0754523277282715,6.244887081708583,6.0512479834446316,6.244887081708583,132415639
2001-06-05,6.123861789703369,6.2448866622617265,6.075451919661745,6.2448866622617265,186816067
2001-06-06,6.148067474365234,6.1964769507366615,5.833402323773514,5.833402323773514,238019409
2001-06-07,6.0754523277282715,6.099657856737775,6.027042454435128,6.0754523277282715,130107810
2001-06-08,6.0754523277282715,6.148067730030918,6.0754523277282715,6.0754523277282715,117868621
2001-06-11,6.099658012390137,6.148067886918613,6.05124813786166,6.148067886918613,109613130
2001-06-12,6.099658012390137,6.099658012390137,6.002837473515922,6.099658012390137,142918739
2001-06-13,6.220682144165039,6.220682144165039,6.002836747850028,6.099657275019885,202616395
2001-06-14,6.099658012390137,6.123862357291428,5.9786331286146295,6.123862357291428,77990918
2001-06-15,5.978632926940918,6.05124793373847,5.954427398130244,6.05124793373847,104702536
2001-06-18,5.7365827560424805,5.930222247063997,5.7365827560424805,5.857607635385237,163531805
2001-06-19,5.688171863555908,5.760787262116812,5.591352516867171,5.736582524171778,144844382
2001-06-20,5.639762878417969,5.760787763400097,5.567147473538331,5.688172358520458,128650234
2001-06-21,5.639762878417969,5.663968013377849,5.591353003406845,5.639762878417969,155688952
2001-06-22,5.5671467781066895,5.639762173915426,5.542942435987615,5.591352304951521,376711178
2001-06-25,5.5671467781066895,5.5671467781066895,5.5671467781066895,5.5671467781066895,0
2001-06-26,5.470327377319336,5.688171587902124,5.470327377319336,5.6155573775859695,181000134
2001-06-27,5.421917915344238,5.567147136681448,5.397712386940352,5.567147136681448,185105297
2001-06-28,5.300893306732178,5.470328065072943,5.25248264237593,5.470328065072943,292541986
2001-06-29,5.349302768707275,5.373507901564268,5.228277499330914,5.325097240941682,239172467
2001-07-02,5.179868698120117,5.325097934544004,5.155663167201716,5.325097934544004,175182490
2001-07-03,4.913613319396973,5.155663096542526,4.8894077888103125,5.155663096542526,368516933
2001-07-04,4.719973087310791,4.840997967386444,4.574742678347941,4.768382565450709,470120580
2001-07-05,4.502128601074219,4.695767704378483,4.4053080621505085,4.4053080621505085,347286621
2001-07-06,4.574742317199707,4.647357318494308,4.453717446678236,4.477922578745965,259010555
2001-07-09,4.719973087310791,4.8167932283164845,4.574742678347941,4.59894781232652,200160072
2001-07-10,4.84099817276001,4.9136131828677305,4.768382767743653,4.768382767743653,201208089
2001-07-11,4.6231536865234375,4.840998328967282,4.6231536865234375,4.840998328967282,121370224
2001-07-12,4.84099817276001,4.937818317873182,4.623153537345484,4.623153537345484,148836976
2001-07-13,4.6231536865234375,5.083048107197619,4.6231536865234375,4.816793588089436,256960710
2001-07-16,4.598947525024414,4.8167929274053,4.477922652509339,4.598947525024414,154883521
2001-07-17,4.574742317199707,4.719972714697496,4.477922578745965,4.477922578745965,146441556
2001-07-18,4.332693099975586,4.5505385251052966,4.260078879719165,4.5505385251052966,245639177
2001-07-19,4.18746280670166,4.429512538393482,4.042232809723138,4.042232809723138,197012255
2001-07-20,4.477922439575195,4.477922439575195,4.187462838332667,4.187462838332667,270996550
2001-07-23,4.7683820724487305,4.7683820724487305,4.623152863226953,4.7683820724487305,662033031
2001-07-24,4.64735746383667,4.913612740182849,4.502128246522718,4.913612740182849,599196455
2001-07-25,4.64735746383667,4.719972862310846,4.598947593095819,4.64735746383667,190581471
2001-07-26,4.9620232582092285,4.9620232582092285,4.502128833815983,4.598948193018967,780794674
2001-07-27,5.083047866821289,5.300893288780563,4.889407579503852,5.131457741196334,1396671820
2001-07-30,5.083047866821289,5.083047866821289,5.083047866821289,5.083047866821289,0
2001-07-31,5.20407247543335,5.421917885890183,4.962022721429951,5.058842859976475,670621780
2001-08-01,5.179868698120117,5.421918478583001,5.034638276970274,5.204073044312563,462933978
2001-08-02,5.179868698120117,5.300893588351559,5.034638276970274,5.131458031191967,388693410
2001-08-03,5.20407247543335,5.276687480616091,5.131457470250608,5.131457470250608,253880298
2001-08-06,5.32509708404541,5.32509708404541,5.083047342241533,5.204072213143472,524217176
2001-08-07,5.179868698120117,5.325097934544004,5.155663167201716,5.300893588351559,495781102
2001-08-08,5.470327377319336,5.518736850863439,5.228277245238752,5.397711982277437,1042150011
2001-08-09,5.179868698120117,5.421918478583001,5.179868698120117,5.373508601472154,531706926
2001-08-10,5.20407247543335,5.32509735243505,5.131457470250608,5.20407247543335,459512781
2001-08-13,5.494533061981201,5.567147279605401,5.325097518073007,5.567147279605401,1149294158
2001-08-14,5.446122169494629,5.567147045164282,5.349302821830953,5.542942701884119,780452862
2001-08-15,5.809197425842285,5.809197425842285,5.446122389272832,5.5429429255695135,1122982517
2001-08-16,6.196476936340332,6.196476936340332,6.002837056761485,6.099657588913813,944013067
2001-08-17,6.607962608337402,6.607962608337402,6.390117201142064,6.607962608337402,3259868183
2001-08-20,6.8742170333862305,7.067857316917801,6.293297762426007,6.293297762426007,3307381052
2001-08-21,6.414322853088379,6.971037797892124,6.414322853088379,6.971037797892124,1793424325
2001-08-22,6.462732315063477,6.825807341711362,6.123862026919711,6.293297565900203,1913330473
2001-08-23,6.607962608337402,6.728987483527165,6.462732205237643,6.728987483527165,1205407409
2001-08-24,6.777397155761719,7.067857180546135,6.607962799485167,6.656372671979698,3933259016
2001-08-27,6.462732315063477,6.8742168187196,6.438527181650747,6.60796272063124,1523369724
2001-08-28,6.632166862487793,6.656372390072842,6.196476843763262,6.462732118478429,1682263975
2001-08-29,6.607962608337402,6.8258072257155336,6.414322334143458,6.414322334143458,1707022236
2001-08-30,6.801600933074951,7.067856181428355,6.583756340189939,6.607961865378414,3126524280
2001-08-31,6.583756923675537,6.77739679835053,6.511141921308841,6.77739679835053,1074704934
2001-09-03,6.293298244476318,6.656373310272844,6.293298244476318,6.607963433136192,629412414
2001-09-04,6.002837181091309,6.414322476718309,5.881812303211456,6.293297598838456,835198182
2001-09-05,6.123861789703369,6.220682319603806,5.954427047103387,6.002836917145012,537183101
2001-09-06,6.051247596740723,6.414322215600008,5.978632593987147,6.269092210092856,1056707636
2001-09-07,5.954427242279053,6.148067518609926,5.881812237382126,6.002837113907467,403707126
2001-09-10,5.784992694854736,5.95442744888759,5.784992694854736,5.95442744888759,408189343
2001-09-11,5.71237850189209,5.978633830320387,5.6881729694239285,5.809198262312673,868889741
2001-09-12,5.71237850189209,5.71237850189209,5.71237850189209,5.71237850189209,0
2001-09-13,5.32509708404541,5.32509708404541,5.32509708404541,5.32509708404541,367493892
2001-09-14,4.986227989196777,5.470327905161027,4.962022855180548,4.986227989196777,898837794
2001-09-17,4.986227989196777,4.986227989196777,4.986227989196777,4.986227989196777,0
2001-09-18,4.986227989196777,4.986227989196777,4.986227989196777,4.986227989196777,0
2001-09-19,4.986227989196777,4.986227989196777,4.986227989196777,4.986227989196777,0
2001-09-20,4.84099817276001,5.083047943179988,4.671563412447752,4.671563412447752,655916345
2001-09-21,4.671563148498535,4.840997899237515,4.671563148498535,4.840997899237515,391464857
2001-09-24,4.671563148498535,4.671563148498535,4.671563148498535,4.671563148498535,0
2001-09-25,4.453718185424805,4.671563620351623,4.405308308168096,4.671563620351623,391689310
2001-09-26,4.598947525024414,4.598947525024414,4.260078434854236,4.453717520042886,418208638
2001-09-27,4.453718185424805,4.598948212103582,4.3568984309113885,4.598948212103582,180315142
2001-09-28,4.453718185424805,4.453718185424805,4.453718185424805,4.453718185424805,0
2001-10-01,4.453718185424805,4.453718185424805,4.453718185424805,4.453718185424805,0
2001-10-02,4.308487892150879,4.4779226339895155,4.18746302013634,4.4779226339895155,353102896
2001-10-03,4.211667537689209,4.453717269080083,4.211667537689209,4.356897534487162,263116402
2001-10-04,4.211667537689209,4.356897534487162,4.211667537689209,4.356897534487162,163207101
2001-10-05,4.356898307800293,4.356898307800293,4.235873420623947,4.356898307800293,239857802
2001-10-08,4.163258075714111,4.235873081182651,4.066438331695133,4.235873081182651,162180639
2001-10-09,4.163258075714111,4.2116679477236,4.114848203704622,4.2116679477236,93544553
2001-10-10,4.163258075714111,4.163258075714111,4.163258075714111,4.163258075714111,0
2001-10-11,4.405308246612549,4.453718123192823,4.211668345382802,4.211668345382802,421875502
2001-10-12,4.526332855224609,4.598947863052665,4.405307973814058,4.477922981642114,432140121
2001-10-15,4.2600789070129395,4.405308138273517,4.211668241805925,4.405308138273517,144047505
2001-10-16,4.356898307800293,4.429513319087829,4.332693172401567,4.405308183689103,160469869
2001-10-17,4.308487892150879,4.4779226339895155,4.308487892150879,4.4779226339895155,192509167
2001-10-18,4.453718185424805,4.453718185424805,4.235873540315293,4.2600790713066266,290146566
2001-10-19,4.381103992462158,4.453718216490745,4.332693325050466,4.453718216490745,250392038
2001-10-22,4.405308246612549,4.502128789590394,4.356898370032274,4.477923258937285,333280206
2001-10-23,4.356898307800293,4.526333070865448,4.356898307800293,4.477923194976639,399296762
2001-10-24,4.356898307800293,4.405308183689103,4.235873420623947,4.356898307800293,243955438
2001-10-25,4.381103992462158,4.405308338896364,4.284283447456085,4.405308338896364,209353749
2001-10-26,4.356898307800293,4.453718059577913,4.308488431911483,4.429513319087829,354471170
2001-10-29,4.235873222351074,4.356898103862484,4.235873222351074,4.356898103862484,96487077
2001-10-30,4.114847660064697,4.2358725215533255,4.114847660064697,4.163257525678437,315807771
2001-10-31,4.18746280670166,4.2600782000994935,4.114847808212399,4.114847808212399,56386632
2001-11-01,4.477922439575195,4.477922439575195,4.308487705092769,4.4053074405374195,462249671
2001-11-02,4.453718185424805,4.719973497608331,4.381103961902722,4.719973497608331,536839236
2001-11-05,4.332693099975586,4.45371798512886,4.308488359890112,4.3568982349696945,139513281
2001-11-06,4.381103992462158,4.598948244182542,4.308488583707604,4.308488583707604,355475734
2001-11-07,4.381103992462158,4.574743107931024,4.356898461301983,4.574743107931024,374163842
2001-11-08,4.356898307800293,4.477923194976639,4.332693172401567,4.477923194976639,302463767
2001-11-09,4.356898307800293,4.356898307800293,4.356898307800293,4.356898307800293,0
2001-11-12,4.74417781829834,4.74417781829834,4.59894742167199,4.74417781829834,690681241
2001-11-13,4.453718185424805,4.792588510947719,4.453718185424805,4.792588510947719,630126832
2001-11-14,4.405308246612549,4.5747430120978345,4.356898370032274,4.5747430120978345,527892252
2001-11-15,4.429512977600098,4.453717716224148,4.308488099754013,4.453717716224148,200844380
2001-11-16,4.453718185424805,4.5747430760209005,4.3568984309113885,4.4295134442507775,485685165
2001-11-19,4.526332855224609,4.550538384378792,4.405307973814058,4.502128510796297,264142522
2001-11-20,4.6231536865234375,4.671563563187775,4.477923266713128,4.477923266713128,945370734
2001-11-21,4.502128601074219,4.623153484911594,4.47792307143466,4.623153484911594,404257994
2001-11-22,4.477922439575195,4.598947306335297,4.42951257185287,4.598947306335297,318887157
2001-11-23,4.526332855224609,4.574742728807105,4.477922981642114,4.574742728807105,255542824
2001-11-26,4.477922439575195,4.550537833521546,4.42951257185287,4.526332307297521,311624597
2001-11-27,4.381103992462158,4.477923352742263,4.381103992462158,4.477923352742263,208577059
2001-11-28,4.235873222351074,4.3811036330368385,4.187463348728235,4.3811036330368385,267222250
2001-11-29,4.332693099975586,4.38110376487244,4.2116682148223115,4.23587334981642,1186931436
2001-11-30,4.235873222351074,4.332692969596753,4.235873222351074,4.2842830959739135,345575167
2001-12-03,4.429512977600098,4.526332721913521,4.356897971910724,4.526332721913521,912998520
2001-12-04,4.381103992462158,4.429513475147883,4.284283447456085,4.429513475147883,220066248
2001-12-05,4.429512977600098,4.5021283781980825,4.308488099754013,4.381103500351998,667541710
2001-12-06,4.64735746383667,4.671562991569995,4.405307715223816,4.477922718789392,1395725422
2001-12-07,4.74417781829834,4.792587687234733,4.59894742167199,4.647357290608382,1511306744
2001-12-10,5.05884313583374,5.05884313583374,4.840998108406488,4.840998108406488,737341120
2001-12-11,5.034637451171875,5.397712062313465,4.719972709200779,5.397712062313465,1535127503
2001-12-12,5.252483367919922,5.276688505987272,4.9620236856551605,5.034638704948522,889709810
2001-12-13,5.131457328796387,5.54294261009462,5.107252591008442,5.252482202461904,1333696329
2001-12-14,5.05884313583374,5.1072530102924745,4.986228126691323,5.083047875608792,627689327
2001-12-17,5.397712230682373,5.397712230682373,5.083047478896052,5.373507887705009,806173945
2001-12-18,5.494533061981201,5.760787562721661,5.39771252551445,5.760787562721661,3252998416
2001-12-19,5.131457328796387,5.6881718266394845,5.131457328796387,5.6881718266394845,3252171430
2001-12-20,5.083047866821289,5.131457741196334,4.840998100037438,4.865203234679274,1799005883
2001-12-21,4.8652024269104,5.083047022883707,4.8652024269104,5.083047022883707,610175834
2001-12-24,5.034637451171875,5.083047320342369,4.986227582001381,5.058842583211416,327320226
2001-12-25,5.179868698120117,5.204073044312563,5.034638276970274,5.058843412980023,629631050
2001-12-26,5.131457328796387,5.252482202461904,5.058842720523955,5.17986798909807,577555216
2001-12-27,4.913613319396973,5.179868627129186,4.8894077888103125,5.08304808441713,504169348
2001-12-28,4.9620232582092285,5.034638271247281,4.865203504097593,4.865203504097593,284466468
2001-12-31,5.300893306732178,5.300893306732178,4.962023000233385,4.962023000233385,1118148566
2002-01-01,5.300893306732178,5.300893306732178,5.300893306732178,5.300893306732178,0
2002-01-02,5.663967609405518,5.663967609405518,5.349302851913157,5.663967609405518,1548245686
2002-01-03,5.663967609405518,5.663967609405518,5.663967609405518,5.663967609405518,0
2002-01-04,6.462732315063477,6.462732315063477,6.462732315063477,6.462732315063477,571166175
2002-01-07,6.8984222412109375,6.8984222412109375,6.8984222412109375,6.8984222412109375,482341978
2002-01-08,7.358315944671631,7.358315944671631,7.019446463984775,7.358315944671631,8476068751
2002-01-09,7.358315944671631,7.745596479481148,6.850011723641347,7.745596479481148,4159217498
2002-01-10,7.866621494293213,7.866621494293213,7.06785721235811,7.358316448632635,3568571128
2002-01-11,8.399131774902344,8.399131774902344,8.253901766936075,8.399131774902344,4839829832
2002-01-14,7.818211555480957,8.980050801521777,7.818211555480957,8.980050801521777,3757984144
2002-01-15,7.285702705383301,7.818212524550564,7.285702705383301,7.334112976150246,2811045660
2002-01-16,7.600366592407227,7.79400688289082,7.019447300590988,7.261497071332527,3136776924
2002-01-17,7.261496067047119,7.600365541255213,7.140471593323012,7.140471593323012,1586077309
2002-01-18,7.2130866050720215,7.60036555346505,7.140471604794038,7.576161606461941,1990410919
2002-01-21,7.019448280334473,7.213088597845524,6.898423772980275,7.140473577506053,2312620734
2002-01-22,6.777397155761719,7.213087192938343,6.777397155761719,7.0436516519359476,1409062926
2002-01-23,7.23729133605957,7.23729133605957,6.777396597942035,6.777396597942035,1433282979
2002-01-24,7.140472888946533,7.672982723479997,7.019447603445484,7.672982723479997,2204457995
2002-01-25,7.309906482696533,7.479341223330002,7.213086743737006,7.479341223330002,1942773506
2002-01-28,7.1888813972473145,7.406727197559462,7.140471921459903,7.406727197559462,1833519638
2002-01-29,6.850011825561523,7.3099065789461966,6.850011825561523,7.261496313920424,1486979597
2002-01-30,6.777397155761719,7.1162666581320515,6.414322519689813,6.414322519689813,1870800735
2002-01-31,6.777397155761719,6.777397155761719,6.777397155761719,6.777397155761719,0
2002-02-01,7.164677143096924,7.551956092120515,7.116266089743226,7.382521354468402,3617074190
2002-02-04,6.8984222412109375,7.334112266504396,6.8984222412109375,7.334112266504396,1435168247
2002-02-05,6.656372547149658,7.140472052833657,6.656372547149658,7.140472052833657,904688627
2002-02-06,6.75319242477417,6.874216908696072,6.486936743566356,6.486936743566356,1194458482
2002-02-07,6.75319242477417,6.753192424774169,6.753192424774169,6.753192424774169,0
2002-02-08,6.75319242477417,6.753192424774169,6.753192424774169,6.753192424774169,0
2002-02-11,6.75319242477417,6.753192424774169,6.753192424774169,6.753192424774169,0
2002-02-12,6.75319242477417,6.753192424774169,6.753192424774169,6.753192424774169,0
2002-02-13,6.75319242477417,6.753192424774169,6.753192424774169,6.753192424774169,0
2002-02-14,6.75319242477417,6.753192424774169,6.753192424774169,6.753192424774169,0
2002-02-15,6.75319242477417,6.753192424774169,6.753192424774169,6.753192424774169,0
2002-02-18,6.971037864685059,7.164678156400655,6.898422854018869,6.898422854018869,1911955014
2002-02-19,7.455136775970459,7.455136775970459,7.019446748983077,7.092062543298184,4025284063
2002-02-20,7.285702705383301,7.915032276267171,7.261497175091186,7.600366701007952,4305903695
2002-02-21,7.4067277908325195,7.624572028959421,6.995242474776679,7.4551372704974925,2948555972
2002-02-22,7.06785774230957,7.358317000362875,6.9710379896251355,7.358317000362875,1800410425
2002-02-25,6.728987693786621,7.116266674641333,6.680576636453936,7.116266674641333,1105156295
2002-02-26,6.8984222412109375,6.971037245426514,6.583757091307238,6.777396970912574,1436058190
2002-02-27,6.971037864685059,7.067857615634218,6.8500125836356505,6.92262759430184,1151689235
2002-02-28,6.971037864685059,6.971037864685059,6.971037864685059,6.971037864685059,0
2002-03-01,7.019448280334473,7.358317848707085,6.850013496148166,6.971038793319746,1775647716
2002-03-04,7.164677143096924,7.309906354072187,7.067856616023859,7.164677143096923,1108268186
2002-03-05,7.164677143096924,7.551956092120515,7.164677143096923,7.164677143096923,2147733315
2002-03-06,7.164677143096924,7.358315827791554,7.067856616023859,7.261496090535656,1435677030
2002-03-07,7.164677143096924,7.309906354072187,7.164677143096923,7.309906354072187,2172320157
2002-03-08,7.551956653594971,7.648777187866468,7.164677675777881,7.309906897550677,5089535510
2002-03-11,7.818211555480957,8.060261299678979,7.672981550998707,7.672981550998707,4620789704
2002-03-12,7.285702705383301,7.745597513308788,7.285702705383301,7.745597513308788,3733615938
2002-03-13,7.019448280334473,7.2372933413528875,6.7773984758086945,6.7773984758086945,4938022547
2002-03-14,7.019448280334473,7.26149808486025,6.898423772980275,7.019448280334473,2910072204
2002-03-15,6.8984222412109375,7.1646775199404535,6.8984222412109375,7.043651459824883,1552017934
2002-03-18,6.8742170333862305,7.140472324514985,6.8742170333862305,7.1162667954377605,1518278131
2002-03-19,6.850011825561523,6.971037093217359,6.850011825561523,6.971037093217359,1854483070
2002-03-20,6.8984222412109375,7.06785698777488,6.85001197512815,6.8984222412109375,1532843283
2002-03-21,7.019448280334473,7.140473577506053,6.874218239655529,6.898423772980275,1520805622
2002-03-22,7.261496067047119,7.358315803989837,6.971036856218965,7.140471593323012,3579171742
2002-03-25,7.745598316192627,7.745598316192627,7.261497927794735,7.309908203579734,5502663504
2002-03-26,7.624571323394775,7.939236071367614,7.3825215780169895,7.939236071367614,3895139984
2002-03-27,8.15708065032959,8.15708065032959,7.745596183801088,7.745596183801088,5286921398
2002-03-28,8.132877349853516,8.713796652817653,7.624572268669769,8.713796652817653,10749082427
2002-03-29,7.576161861419678,7.987646350297677,7.576161861419678,7.987646350297677,3639682014
2002-04-01,7.43093204498291,7.672982612483533,7.067857773366566,7.140472785653294,3075339073
2002-04-02,7.721391677856445,7.939236702972233,7.5035474425579105,7.5035474425579105,5146984530
2002-04-03,7.818211555480957,7.939236032671376,7.576161811282935,7.600365758940396,3322049535
2002-04-04,8.278104782104492,8.326515832392852,7.818210861804691,7.818210861804691,5408763453
2002-04-05,8.278104782104492,8.278104782104492,8.278104782104492,8.278104782104492,0
2002-04-08,8.834820747375488,8.834820747375488,8.471745738210851,8.665386006371051,3704857897
2002-04-09,8.350722312927246,9.439947477537721,8.278106512135933,9.439947477537721,14216571350
2002-04-10,7.987646579742432,8.471746085247835,7.939236313265006,8.036056056402643,3121074110
2002-04-11,8.25390338897705,8.520158719178259,7.987648058775843,7.987648058775843,2829953431
2002-04-12,8.229695320129395,8.253900845299102,7.987645597152139,8.253900845299102,1544681468
2002-04-15,8.25390338897705,8.49595318654892,8.229697856347713,8.350723150042326,2533993668
2002-04-16,8.471746444702148,8.713796207724968,8.350721958099363,8.350721958099363,3495942105
2002-04-17,8.15708065032959,8.713795114413363,8.15708065032959,8.713795114413363,3333501086
2002-04-18,8.20549201965332,8.42333704537207,8.108671481677929,8.1812872800681,2133372770
2002-04-19,8.762207984924316,8.762207984924316,8.205492615499988,8.205492615499988,3951512930
2002-04-22,9.367331504821777,9.367331504821777,9.3189220249391,9.367331504821777,5005082330
2002-04-23,9.706201553344727,10.020867138852978,9.681997601898829,10.020867138852978,17393970504
2002-04-24,10.383940696716309,10.383940696716309,9.609381921670504,9.681996930239995,7494805381
2002-04-25,11.110091209411621,11.110091209411621,10.456555363811157,11.110091209411621,13953123742
2002-04-26,10.383940696716309,11.86044560769019,10.335531217548152,11.86044560769019,8790207154
2002-04-29,10.190300941467285,10.868040688425571,10.020865412364834,10.093480413460979,4657115506
2002-04-30,9.48835563659668,10.601785386493821,9.48835563659668,10.238710382199407,6160701204
2002-05-01,9.48835563659668,9.48835563659668,9.48835563659668,9.48835563659668,0
2002-05-02,8.834820747375488,9.803020508542128,8.834820747375488,9.488355763871835,4879881692
2002-05-03,8.834820747375488,8.883231011869833,8.350721261700759,8.495951265366614,3297451402
2002-05-06,8.762207984924316,9.294717033371157,8.399132915694823,8.762207984924316,6104017240
2002-05-07,8.20549201965332,8.859026306992316,8.157081750665624,8.834821567407095,4179065849
2002-05-08,8.762207984924316,8.762207984924316,8.229697356842852,8.229697356842852,2222074134
2002-05-09,9.367331504821777,9.367331504821777,8.762207477567449,9.294716495180495,6213117140
2002-05-10,9.803021430969238,10.020866456966411,9.004257125463528,9.149486352977721,10390514647
2002-05-13,9.464150428771973,10.020865717394228,9.439946480759403,9.68199622850868,4170766221
2002-05-14,8.810616493225098,9.560971290043604,8.810616493225098,9.439946806896337,4207271654
2002-05-15,8.689591407775879,8.980051437304802,8.592771661205319,8.592771661205319,3071869974
2002-05-16,8.810616493225098,9.197896260967354,8.713795958926616,8.883231499040347,3720086486
2002-05-17,9.415741920471191,9.415741920471191,8.883232104786668,8.931642375236997,4036764698
2002-05-20,8.762207984924316,9.633587361257788,8.762207984924316,9.415742319720092,5623907132
2002-05-21,8.15708065032959,8.15708065032959,8.15708065032959,8.15708065032959,322038395
2002-05-22,7.697187423706055,8.44754229425931,7.600366879893355,7.600366879893355,8728684449
2002-05-23,7.963441848754883,8.1570813352087,7.697186567609365,7.697186567609365,3814527140
2002-05-24,8.036055564880371,8.278105302828193,7.745596353233284,8.278105302828193,4384370549
2002-05-27,7.648777008056641,7.769801488325093,7.479341471973276,7.479341471973276,2944575011
2002-05-28,7.842418670654297,8.036057399475355,7.74559812151775,7.74559812151775,3109224633
2002-05-29,7.358315944671631,7.8424170080921165,7.309906470183324,7.745596479481148,2292751853
2002-05-30,7.600366592407227,7.6487776522997155,7.285702601278771,7.309907341407743,2858535947
2002-05-31,7.503547191619873,7.697186680924377,7.455136924385134,7.648777203506864,1794663949
2002-06-03,6.995242118835449,7.382521885535456,6.995242118835449,7.382521885535456,2197772306
2002-06-04,7.140472888946533,7.2614973846302755,6.995242862272197,6.995242862272197,1284444976
2002-06-05,7.479342937469482,7.527753212952656,7.18888286420516,7.213088396855428,1571935401
2002-06-06,7.309906482696533,7.551956225003943,7.285701745410947,7.551956225003943,1625401749
2002-06-07,7.164677143096924,7.309906354072187,7.164677143096923,7.164677143096923,1086440815
2002-06-10,7.285702705383301,7.382522457099908,7.116267152607635,7.116267152607635,708155386
2002-06-11,7.1888813972473145,7.479341411240579,7.1888813972473145,7.479341411240579,916821749
2002-06-12,7.309906482696533,7.3341120097993,7.140471742063065,7.140471742063065,833162708
2002-06-13,7.503547191619873,7.745596948159116,7.261496645263405,7.382521918441639,2604474649
2002-06-14,7.261496067047119,7.503546594129658,7.261496067047118,7.455136330749718,1792520354
2002-06-17,7.309906482696533,7.455136486044415,7.26149621830818,7.26149621830818,1054860004
2002-06-18,7.164677143096924,7.382521354468402,7.164677143096923,7.309906354072187,1458943500
2002-06-19,6.850011825561523,7.334112106367678,6.850011825561523,7.334112106367678,1078863132
2002-06-20,7.019448280334473,7.067858557166581,6.801603219316058,6.995243536827109,1124658387
2002-06-21,7.043652534484863,7.188882565073967,6.97103830900764,7.043652534484863,788701853
2002-06-24,6.8984222412109375,7.0920625157248764,6.8984222412109375,6.8984222412109375,546545460
2002-06-25,6.535347938537598,7.043652234105275,6.438527790637578,6.971038011724716,1018932811
2002-06-26,6.099658012390137,6.511142538245134,6.099658012390137,6.511142538245134,1607094801
2002-06-27,6.002837181091309,6.341707471008675,5.9544273089210895,6.123862058971161,1281272524
2002-06-28,6.027041912078857,6.1964766508122215,6.002836780156126,6.1964766508122215,945063137
2002-07-01,5.61555814743042,6.0996580830489195,5.61555814743042,6.0996580830489195,624106290
2002-07-02,5.349302768707275,5.61555765049979,5.325097240941682,5.325097240941682,555336764
2002-07-03,5.470327377319336,5.494532508999969,5.083047244972118,5.32509698214412,698677722
2002-07-04,5.7365827560424805,5.809197367721241,5.397712462028975,5.567147214127112,695598336
2002-07-05,5.978632926940918,6.099657806633964,5.712377638744153,5.736582772646209,1003913278
2002-07-08,6.051247596740723,6.148067337139761,5.978632593987147,6.051247596740723,980955089
2002-07-09,5.809197425842285,6.0512479767667475,5.809197425842285,6.0512479767667475,308917475
2002-07-10,5.688171863555908,5.8091971329154815,5.688171863555908,5.688171863555908,201149923
2002-07-11,5.5913519859313965,5.712376848890259,5.518736594265803,5.567146460467636,470266338
2002-07-12,5.71237850189209,5.809198262312673,5.639763484122314,5.639763484122314,407847532
2002-07-15,5.809197425842285,5.978632969452857,5.712377679362844,5.712377679362844,457425300
2002-07-16,5.71237850189209,5.857608537431642,5.6881729694239285,5.857608537431642,288777608
2002-07-17,5.5671467781066895,5.712377174815577,5.542942435987615,5.712377174815577,284921875
2002-07-18,5.663967609405518,5.736582614197386,5.615557737847141,5.615557737847141,228390854
2002-07-19,6.051247596740723,6.051247596740723,5.446122047249459,5.712377320618303,1080867469
2002-07-22,5.857607841491699,6.17227301274505,5.809197572124334,6.051248129143898,1120036229
2002-07-23,5.809197425842285,5.930222306395896,5.518737396586722,5.518737396586722,785760013
2002-07-24,5.61555814743042,5.7607877726981975,5.56714748252389,5.7607877726981975,447263669
2002-07-25,5.663967609405518,5.809197224080648,5.615557737847141,5.809197224080648,365762251
2002-07-26,5.446122169494629,5.712377448839913,5.373507954928326,5.663967577553772,344548705
2002-07-29,5.51873779296875,5.591353200406846,5.446122780439303,5.446122780439303,282276682
2002-07-30,5.5913519859313965,5.639761852133229,5.494532253527732,5.639761852133229,765972906
2002-07-31,5.978632926940918,5.978632926940918,5.615557892953163,5.639762631946602,1589372594
2002-08-01,5.688171863555908,5.978632667982324,5.688171863555908,5.954427140220089,911540944
2002-08-02,5.61555814743042,5.809197647787458,5.51873760743463,5.51873760743463,463575517
2002-08-05,5.228277683258057,5.446122307000207,5.228277683258057,5.228277683258057,786269138
2002-08-06,4.8652024269104,5.1798675453759575,4.8652024269104,4.8652024269104,727076501
2002-08-07,4.986227989196777,5.179868271509373,4.792588101792801,4.792588101792801,529996157
2002-08-08,4.986227989196777,5.083047735444455,4.88940745313186,5.034637862320617,249772740
2002-08-09,5.155663013458252,5.228278024413445,5.03463812683581,5.083048002503058,398609032
2002-08-12,5.131457328796387,5.228277464673959,5.083047458311899,5.155662461492929,197080344
2002-08-13,5.05884313583374,5.204072759209944,5.034638001150057,5.083047875608792,245217644
2002-08-14,5.05884313583374,5.083047875608792,5.034638001150057,5.083047875608792,253193253
2002-08-15,5.083047866821289,5.179868405388637,5.058843127088082,5.1072530014631266,385949335
2002-08-16,5.05884313583374,5.15566288475121,5.010432866466375,5.083047875608792,262089598
2002-08-19,4.913613319396973,5.058843343647763,4.913613319396973,4.9620231958443535,205350548
2002-08-20,4.9620232582092285,5.0830481483030985,4.9378185171356455,5.034638271247281,202212311
2002-08-21,4.84099817276001,5.010432933072267,4.816793432663194,4.962023057969999,405452112
2002-08-22,4.889407157897949,4.962022555561949,4.840997682605807,4.889407157897949,260036332
2002-08-23,4.889407157897949,4.889407157897949,4.889407157897949,4.889407157897949,0
2002-08-26,4.889407157897949,4.986227688116615,4.865202815160474,4.865202815160474,589530605
2002-08-27,4.8652024269104,4.937817423871024,4.8652024269104,4.889406767716335,203588112
2002-08-28,4.816793441772461,4.913613192160098,4.816793441772461,4.913613192160098,262431752
2002-08-29,4.84099817276001,4.865203307765462,4.768382767743653,4.816793432663194,236770547
2002-08-30,4.8652024269104,5.010432025923084,4.8409972962873375,4.913612293247962,448906350
2002-09-02,4.598947525024414,4.865202797429611,4.598947525024414,4.865202797429611,401004110
2002-09-03,4.405308246612549,4.816793579725151,4.356898370032274,4.816793579725151,313481124
2002-09-04,4.114847660064697,4.332692252780804,4.114847660064697,4.13905200050873,717496190
2002-09-05,4.066438674926758,4.211668303213471,4.066438674926758,4.1148485510223285,275775757
2002-09-06,4.066438674926758,4.066438674926758,4.066438674926758,4.066438674926758,0
2002-09-09,4.042233467102051,4.042233467102051,3.82438883111528,3.82438883111528,214456291
2002-09-10,4.308487892150879,4.308487892150879,3.993823145931358,3.993823145931358,274098860
2002-09-11,4.381103992462158,4.526333230336643,4.356898461301983,4.526333230336643,610509434
2002-09-12,4.671563148498535,4.671563148498535,4.429512996846061,4.453717735575279,814601539
2002-09-13,4.356898307800293,4.598948082152984,4.356898307800293,4.381103838107661,945510675
2002-09-16,4.066438674926758,4.187463562620007,4.066438674926758,4.1148485510223285,507995656
2002-09-17,4.332693099975586,4.332693099975586,3.8001832893742695,3.8001832893742695,807482684
2002-09-18,4.235873222351074,4.4053079774853225,4.09064281166531,4.211668088085343,394796753
2002-09-19,4.308487892150879,4.4779226339895155,4.260078417235374,4.260078417235374,480041677
2002-09-20,4.235873222351074,4.308488230239645,4.114848340839664,4.114848340839664,384986172
2002-09-23,4.114847660064697,4.2358725215533255,4.042232664189809,4.211667391292177,270721459
2002-09-24,4.114847660064697,4.260078046723033,3.9938227985760695,3.9938227985760695,548472129
2002-09-25,4.114847660064697,4.2358725215533255,3.9938227985760695,4.114847660064697,670963250
2002-09-26,4.114847660064697,4.2358725215533255,4.09064213489499,4.2358725215533255,296647149
2002-09-27,4.139051914215088,4.211667303484601,4.139051914215088,4.163257438880143,292461237
2002-09-30,3.993823289871216,4.1632580378163855,3.872798413494865,4.114848166247566,330862546
2002-10-01,3.945413827896118,3.9938237044906155,3.848593284889828,3.8970031614843252,288257876
2002-10-02,4.018027305603027,4.139052172109211,3.945413096534751,3.945413096534751,309135769
2002-10-03,3.9696178436279297,4.042233244842322,3.872798493401252,3.9938233722746754,305987953
2002-10-04,3.9696178436279297,4.018027716195577,3.872798493401252,3.9696178436279297,211792965
2002-10-07,3.8727991580963135,4.01802840581658,3.8243892772199977,3.8727991580963135,232732788
2002-10-08,3.9212088584899902,3.969618342229466,3.800183569506643,3.800183569506643,318545003
2002-10-09,3.8727991580963135,3.9938240577414454,3.8727991580963135,3.9212090389726297,329396759
2002-10-10,3.8727991580963135,3.8727991580963135,3.8727991580963135,3.8727991580963135,0
2002-10-11,3.848593235015869,3.9938236527346147,3.751773877990205,3.9938236527346147,354129016
2002-10-14,3.848593235015869,3.9212086413295633,3.7275683476436643,3.848593235015869,509125107
2002-10-15,4.066438674926758,4.1148485510223285,3.82438889954026,3.8727987756358306,926175554
2002-10-16,4.066438674926758,4.235873438715577,3.9938236633290796,4.1148485510223285,637773973
2002-10-17,4.332693099975586,4.332693099975586,4.0422334545894545,4.139052809839984,1785699857
2002-10-18,4.6231536865234375,4.6231536865234375,4.356898377597958,4.477923266713128,2715796838
2002-10-21,4.9378180503845215,4.9378180503845215,4.598947758299823,4.623153286902663,2197021963
2002-10-22,4.671563148498535,5.276687540358188,4.64735761995209,5.058842917252158,2755277643
2002-10-23,4.84099817276001,4.8894076529536425,4.502128652135495,4.598948007431396,1384655030
2002-10-24,4.502128601074219,4.840998117855416,4.502128601074219,4.840998117855416,1435469685
2002-10-25,4.405308246612549,4.6715635550756796,4.2842833577075385,4.356898370032274,1167120379
2002-10-28,4.598947525024414,4.623153052399461,4.429512782485028,4.453717520042886,1652792543
2002-10-29,4.6231536865234375,4.6231536865234375,4.6231536865234375,4.6231536865234375,3415046
2002-10-30,4.284282684326172,4.284282684326172,4.284282684326172,4.284282684326172,0
2002-10-31,4.284281253814697,4.284281253814697,4.284281253814697,4.284281253814697,0
2002-11-01,4.284281253814697,4.284281253814697,4.284281253814697,4.284281253814697,0
2002-11-04,4.284281253814697,4.284281253814697,4.284281253814697,4.284281253814697,0
2002-11-05,4.284281253814697,4.284281253814697,4.284281253814697,4.284281253814697,0
2002-11-06,4.284281253814697,4.284281253814697,4.284281253814697,4.284281253814697,0
2002-11-07,4.284281253814697,4.284281253814697,4.284281253814697,4.284281253814697,0
2002-11-08,4.284281253814697,4.284281253814697,4.284281253814697,4.284281253814697,0
2002-11-11,4.284281253814697,4.284281253814697,4.284281253814697,4.284281253814697,0
2002-11-12,4.284281253814697,4.284281253814697,4.284281253814697,4.284281253814697,0
2002-11-13,4.284281253814697,4.284281253814697,4.284281253814697,4.284281253814697,0
2002-11-14,4.284281253814697,4.284281253814697,4.284281253814697,4.284281253814697,0
2002-11-15,4.284281253814697,4.284281253814697,4.284281253814697,4.284281253814697,0
2002-11-18,4.284281253814697,4.284281253814697,4.284281253814697,4.284281253814697,0
2002-11-19,4.284281253814697,4.284281253814697,4.284281253814697,4.284281253814697,0
2002-11-20,4.284281253814697,4.284281253814697,4.284281253814697,4.284281253814697,0
2002-11-21,4.284281253814697,4.284281253814697,4.284281253814697,4.284281253814697,0
2002-11-22,4.284281253814697,4.284281253814697,4.284281253814697,4.284281253814697,0
2002-11-25,4.284281253814697,4.284281253814697,4.284281253814697,4.284281253814697,0
2002-11-26,4.284281253814697,4.284281253814697,4.284281253814697,4.284281253814697,0
2002-11-27,4.284281253814697,4.284281253814697,4.284281253814697,4.284281253814697,0
2002-11-28,4.284281253814697,4.284281253814697,4.284281253814697,4.284281253814697,0
2002-11-29,4.284281253814697,4.284281253814697,4.284281253814697,4.284281253814697,0
2002-12-02,4.284281253814697,4.284281253814697,4.284281253814697,4.284281253814697,0
2002-12-03,4.566323757171631,4.880040725854397,4.566323757171631,4.880040725854397,2385931
2002-12-04,4.252607822418213,4.5082290360658295,4.252607822418213,4.252607822418213,1192082
2002-12-05,4.450132369995117,4.543085959607595,4.2990833792377625,4.2990833792377625,1715811
2002-12-06,4.1828932762146,4.392037703080121,4.1828932762146,4.345560900504219,1353931
2002-12-09,4.240988254547119,4.3571798542282,4.206130853624523,4.287465052383007,1233701
2002-12-10,4.240988254547119,4.299083659479019,4.124796654866039,4.299083659479019,918760
2002-12-11,4.264225959777832,4.357179548936693,4.18289255653536,4.2409879573967295,1103482
2002-12-12,4.426894664764404,4.426894664764404,4.182892857827199,4.26422626692808,947197
2002-12-13,4.217750072479248,4.461751868636524,4.217750072479248,4.438513075791,1019643
2002-12-16,4.1828932762146,4.252608085169774,4.1828932762146,4.2293692889731425,536228
2002-12-17,4.194511413574219,4.299083615266571,4.194511413574219,4.217750207161812,380786
2002-12-18,4.484989643096924,4.484989643096924,4.194511065869464,4.194511065869464,1348711
2002-12-19,4.798706531524658,4.798706531524658,4.798706531524658,4.798706531524658,2254605
2002-12-20,5.124042510986328,5.124042510986328,4.891660126767817,5.124042510986328,5615448
2002-12-23,5.344806671142578,5.402902863709782,5.065947474235203,5.379664070756,3858015
2002-12-24,4.996232509613037,5.368045286392545,4.972994507245777,5.34480649420806,2643829
2002-12-25,4.647658348083496,4.880041147015081,4.647658348083496,4.682516143086433,1110066
2002-12-26,4.415274620056152,4.531466202918686,4.357179223533468,4.357179223533468,835858
2002-12-27,4.717373847961426,4.717373847961426,4.438513444464435,4.450132841852332,701423
2002-12-30,5.0427093505859375,5.0427093505859375,4.810326165505213,5.0427093505859375,2762890
2002-12-31,5.17051887512207,5.286710452507668,4.926517115484305,5.0891846919704395,1842761
2003-01-01,5.17051887512207,5.17051887512207,5.17051887512207,5.17051887512207,0
2003-01-02,5.2286152839660645,5.344806076539897,5.170519097861986,5.275091285068733,2667915
2003-01-03,5.031089782714844,5.4029025502300385,4.99623238512387,5.228615562275167,2683011
2003-01-06,5.379663944244385,5.379663944244385,4.9962325575137605,5.112424150098482,2428864
2003-01-07,5.751476764678955,5.751476764678955,5.751476764678955,5.751476764678955,1942929
2003-01-08,6.100050926208496,6.100050926208496,6.100050926208496,6.100050926208496,1106585
2003-01-09,6.506721496582031,6.506721496582031,6.506721496582031,6.506721496582031,1088399
2003-01-10,6.913392066955566,6.913392066955566,6.913392066955566,6.913392066955566,1121482622
2003-01-13,7.3781585693359375,7.3781585693359375,7.3781585693359375,7.3781585693359375,742521677
2003-01-14,7.842923164367676,7.842923164367677,7.842923164367677,7.842923164367677,858999048
2003-01-15,8.3657865524292,8.3657865524292,7.842924300539354,8.3657865524292,17007268530
2003-01-16,8.714360237121582,8.946743450581497,8.481977023661667,8.481977023661667,8726240943
2003-01-17,8.133401870727539,8.365785052114228,8.133401870727539,8.365785052114228,2131119484
2003-01-20,8.249592781066895,8.365784362177777,7.610539874774188,7.610539874774188,7831240355
2003-01-21,7.726731777191162,8.017210771739974,7.726731777191162,7.9010191739204485,4925088824
2003-01-22,7.959115028381348,8.133402426327084,7.20387042710043,7.20387042710043,5770140297
2003-01-23,7.436252593994141,8.133401299362877,7.43625259399414,8.133401299362877,4515363809
2003-01-24,7.2038702964782715,7.72673169101757,7.2038702964782715,7.261966094740112,3174139150
2003-01-27,6.739104747772217,7.55244513936209,6.739104747772217,7.320062734491601,3353640776
2003-01-28,6.622913360595703,6.971487373871498,6.390530158533647,6.390530158533647,2329997178
2003-01-29,6.622913360595703,6.622913360595703,6.622913360595703,6.622913360595703,0
2003-01-30,6.622913360595703,6.622913360595703,6.622913360595703,6.622913360595703,0
2003-01-31,6.622913360595703,6.622913360595703,6.622913360595703,6.622913360595703,0
2003-02-03,6.622913360595703,6.622913360595703,6.622913360595703,6.622913360595703,0
2003-02-04,6.622913360595703,6.622913360595703,6.622913360595703,6.622913360595703,0
2003-02-05,6.622913360595703,6.622913360595703,6.622913360595703,6.622913360595703,0
2003-02-06,6.913392066955566,6.971487075164598,6.390529884718986,6.622913076824132,2138323498
2003-02-07,6.4486260414123535,7.087678631384122,6.4486260414123535,7.087678631384122,2184454992
2003-02-10,6.041955471038818,6.506721033482666,6.041955471038818,6.390529445417404,1400773
2003-02-11,5.623666286468506,6.216242435670335,5.623666286468506,5.8095722738262605,1415031
2003-02-12,5.983860492706299,5.983860492706299,5.577189905880368,5.577189905880368,2270312
2003-02-13,5.5771894454956055,5.9838599987517735,5.5771894454956055,5.925763810520868,1795870
2003-02-14,5.6933817863464355,5.728239185557881,5.519094395380588,5.600427800329133,1084298
2003-02-17,6.041955471038818,6.041955471038818,5.809572294908294,5.983860071914788,926742
2003-02-18,6.15814733505249,6.448625923323476,6.041955741780648,6.448625923323476,2086519
2003-02-19,5.925764083862305,6.390529662062125,5.925764083862305,6.390529662062125,1071100
2003-02-20,5.7398576736450195,6.041956069482083,5.5888094629980865,5.693382060577962,790621
2003-02-21,5.786334037780762,5.809572038441078,5.588808662716579,5.693381245322333,768103
2003-02-24,5.983860492706299,6.0419558959156605,5.6933818970249765,5.92576429967968,1094087
2003-02-25,5.867668628692627,6.100051020742297,5.809572438317294,5.867668628692627,1428628
2003-02-26,6.274339199066162,6.274339199066162,5.693381997455507,5.925764404209406,2727925
2003-02-27,5.983860492706299,6.158147492151641,5.92576429967968,6.0419558959156605,1885865
2003-02-28,5.983860492706299,5.983860492706299,5.983860492706299,5.983860492706299,0
2003-03-03,5.983860492706299,6.100051299125022,5.8676688964703185,6.0419558959156605,889132
2003-03-04,6.390529155731201,6.390529155731201,5.925763614355431,5.983859800663131,3003872
2003-03-05,6.332435131072998,6.622913756088077,6.100051915134,6.274339721996917,2722952
2003-03-06,5.983860492706299,6.448626087832963,5.983860492706299,6.3905298948063445,1780668
2003-03-07,5.565570831298828,6.041956245463415,5.565570831298828,5.925764642505355,3069387
2003-03-10,5.182138919830322,5.460998108680915,5.182138919830322,5.368045309003127,836873
2003-03-11,4.821946144104004,4.996233159056495,4.821946144104004,4.821946144104004,1233056
2003-03-12,4.949755668640137,5.031089860888593,4.705753881711985,4.705753881711985,1062435
2003-03-13,5.077566146850586,5.228615120247514,4.821944989521279,4.891659778809532,1131107
2003-03-14,5.41452169418335,5.426141091140538,5.286711486923407,5.402903087043444,1809934
2003-03-17,5.0427093505859375,5.333187937028227,5.0427093505859375,5.333187937028227,1026041
2003-03-18,5.356426239013672,5.391283639742457,5.2286160329472215,5.2286160329472215,1455845
2003-03-19,5.17051887512207,5.356425240975601,5.124042086204406,5.356425240975601,897540
2003-03-20,5.344806671142578,5.414521470369422,5.112424270325516,5.170519673075469,941630
2003-03-21,5.2286152839660645,5.344806076539897,5.182138493046233,5.344806076539897,899318
2003-03-24,5.205377101898193,5.344806701134273,5.158901095364336,5.344806701134273,479872
2003-03-25,5.2867112159729,5.437760209405771,5.054328027642753,5.054328027642753,1431590
2003-03-26,5.240234375,5.484236167763251,5.240234375,5.484236167763251,660918
2003-03-27,5.2867112159729,5.2867112159729,5.112424219633911,5.228615813798984,650039
2003-03-28,5.17051887512207,5.2634724529574,5.147280875571802,5.228615058723434,337229
2003-03-31,4.81032657623291,5.112424584668917,4.81032657623291,5.112424584668917,1086092
2003-04-01,4.647658348083496,4.717373543180739,4.519847354526199,4.519847354526199,728653
2003-04-02,4.659276962280273,4.763849557637388,4.64765835544195,4.64765835544195,274950
2003-04-03,4.845183372497559,4.984612962100027,4.7638491819570525,4.7638491819570525,846122
2003-04-04,5.17051887512207,5.17051887512207,4.833564327466104,4.833564327466104,1319431
2003-04-07,5.379663944244385,5.519094329236389,5.007851953717402,5.158900945095817,1498047
2003-04-08,5.275091171264648,5.51909372596681,5.263472566148221,5.37966335621537,1405743
2003-04-09,5.2867112159729,5.3331880116023775,5.170519621807827,5.170519621807827,506990
2003-04-10,5.368045330047607,5.460998130089801,5.170519543959253,5.170519543959253,1186859
2003-04-11,5.344806671142578,5.495855666073157,5.251853868779203,5.449378869982844,721643
2003-04-14,5.17051887512207,5.437759424127233,5.158900270255501,5.344805846291903,523726
2003-04-15,5.2286152839660645,5.275091285068733,5.170519097861986,5.2286152839660645,377663
2003-04-16,5.2286152839660645,5.3331874711728116,5.2286152839660645,5.251853284517399,656521
2003-04-17,5.2286152839660645,5.309948680804315,5.170519097861986,5.2286152839660645,401121
2003-04-18,5.263473033905029,5.3215684341014535,5.20537684389139,5.240234241972687,641123
2003-04-21,5.054328441619873,5.321569051106284,5.054328441619873,5.228616242051228,437659
2003-04-22,4.8335652351379395,4.996232842170637,4.775469040626973,4.996232842170637,675367
2003-04-23,4.775468826293945,4.961375218714072,4.775468826293945,4.880041023939534,662802
2003-04-24,4.450132369995117,4.763849352757079,4.450132369995117,4.717373347768069,1146853
2003-04-25,4.148035049438477,4.264225848118751,4.148035049438477,4.148035049438477,1192956
2003-04-28,3.869175434112549,3.962129029366737,3.869175434112549,3.869175434112549,1112812
2003-04-29,3.9737467765808105,4.136415138169214,3.9388893833571674,4.008604169804453,790740
2003-04-30,3.729745864868164,4.08993927265534,3.729745864868164,3.973747672442671,647911
2003-05-01,3.729745864868164,3.729745864868164,3.729745864868164,3.729745864868164,0
2003-05-02,3.985366106033325,3.985366106033325,3.6135529962488087,3.6832677815609163,764339
2003-05-05,4.252607822418213,4.264226429981301,3.8924144017989324,3.9853672113901966,990453
2003-05-06,4.217750072479248,4.299083477986842,4.124796480731645,4.252607471930287,765825
2003-05-07,4.252607822418213,4.357180029389877,4.124796820685749,4.217750420094325,831745
2003-05-08,4.078319549560547,4.252607330851034,4.078319549560547,4.159653742187145,557120
2003-05-09,4.089939594268799,4.217750601498372,4.066701588325852,4.066701588325852,568936
2003-05-12,3.9737467765808105,4.194510530269584,3.9737467765808105,4.078318956251739,433384
2003-05-13,4.043462753295898,4.148035753566923,4.020224747578636,4.020224747578636,618617
2003-05-14,4.043462753295898,4.113177560265023,3.9505099406095123,3.9853673440940742,572728
2003-05-15,4.008605003356934,4.043462403828851,3.9505095991761596,4.043462403828851,279156
2003-05-16,3.9621286392211914,4.043462039788219,3.9505092435042455,4.020224038171525,454997
2003-05-19,3.892413377761841,3.9621281640686754,3.892413377761841,3.9621281640686754,208058
2003-05-20,3.9272713661193848,3.950509368471169,3.787841772374233,3.834317777077801,249325
2003-05-21,3.7181262969970703,3.9388900903084916,3.7181262969970703,3.9040326908286485,321488
2003-05-22,3.869175434112549,3.8807948309736413,3.7181264341874503,3.7181264341874503,408996
2003-05-23,4.136415958404541,4.136415958404541,3.9040327642881607,4.008604964695353,930089
2003-05-26,4.415274620056152,4.415274620056152,4.194510849562486,4.206130244793889,1433796
2003-05-27,4.508228778839111,4.624419586744347,4.438513188351797,4.624419586744347,1351369
2003-05-28,4.32232141494751,4.647657342008204,4.2526066298500105,4.647657342008204,1298734
2003-05-29,4.380417823791504,4.484990025736975,4.252607618019463,4.299083625672601,629521
2003-05-30,4.299083232879639,4.415274821030992,4.299083232879639,4.392036819327601,765617
2003-06-02,4.589561939239502,4.589561939239502,4.589561939239502,4.589561939239502,1023702
2003-06-03,4.903280258178711,4.903280258178711,4.903280258178711,4.903280258178711,638381
2003-06-04,4.903280258178711,4.903280258178711,4.903280258178711,4.903280258178711,0
2003-06-05,5.240234375,5.240234375,5.240234375,5.240234375,568205
2003-06-06,5.356426239013672,5.600428044115163,5.29833083440479,5.600428044115163,7351871
2003-06-09,5.7282395362854,5.7282395362854,5.054328328937077,5.054328328937077,4397872
2003-06-10,5.519094467163086,5.786334662896157,5.519094467163086,5.786334662896157,2886482
2003-06-11,5.867668628692627,5.867668628692627,5.460998060425568,5.460998060425568,6333659
2003-06-12,5.809572696685791,6.158147484988256,5.809572696685791,5.925764292786613,6708717
2003-06-13,5.7282395362854,5.9257645473052,5.6933821349397125,5.86766914166815,2470538
2003-06-16,5.867668628692627,6.041955620184185,5.786334436057492,5.786334436057492,4401582
2003-06-17,5.763096332550049,6.041955514037468,5.763096332550049,5.983860114499992,3149953
2003-06-18,5.6933817863464355,5.925764184483659,5.6933817863464355,5.809572590506426,3356938
2003-06-19,5.763096332550049,5.867668525607831,5.704999748286762,5.797953730235976,2451905
2003-06-20,5.472616672515869,5.867667788153644,5.4377592792108524,5.7630956082385945,3046013
2003-06-23,5.460997581481934,5.635284557688072,5.3448060007387905,5.35642539575825,2187537
2003-06-24,5.41452169418335,5.507475290206292,5.344806892074784,5.402903087043444,1055571
2003-06-25,5.437760353088379,5.577189953843735,5.437760353088379,5.449378959939816,1500915
2003-06-26,5.495855808258057,5.797954200843515,5.484236411480557,5.553952002328284,3654637
2003-06-27,5.402903079986572,5.623666882981112,5.3680456789778175,5.519094679954848,1710709
2003-06-30,5.41452169418335,5.5307132943033865,5.402903087043444,5.402903087043444,1421865
2003-07-01,5.553951740264893,5.600427745547378,5.402902748553733,5.460998150065456,2621545
2003-07-02,5.519094467163086,5.670142672499087,5.507475070669066,5.577189869998683,3000050
2003-07-03,5.402903079986572,5.600428089097088,5.402903079986572,5.553952080963603,2092380
2003-07-04,5.402903079986572,5.530713287079578,5.356426282035806,5.437760480995327,1719711
2003-07-07,5.3912835121154785,5.484236315252688,5.356426112211867,5.4145215154454664,2104909
2003-07-08,5.356426239013672,5.472617838048712,5.344806842164986,5.460998441200025,2065575
2003-07-09,5.356426239013672,5.426141040471241,5.344806842164986,5.426141040471241,1594187
2003-07-10,5.7282395362854,5.7282395362854,5.368045730865554,5.368045730865554,3100028
2003-07-11,6.100050926208496,6.100050926208496,5.925763937417901,6.100050926208496,15973651
2003-07-14,6.506721496582031,6.506721496582031,6.390529900247127,6.506721496582031,8510005
2003-07-15,6.913392066955566,6.913392066955566,6.855295479112025,6.913392066955566,6423897999
2003-07-16,7.2038702964782715,7.378157691263791,6.971487103430913,7.261966094740112,17396426430
2003-07-17,6.739104747772217,7.20387034733046,6.739104747772217,7.029583741131908,7669526023
2003-07-18,6.564816951751709,6.913391306666919,6.390529181931227,6.6229123484804235,5084763195
2003-07-21,6.855296611785889,6.971488227036349,6.506722555851895,6.622914171102354,7441867910
2003-07-22,6.681009292602539,7.087679114397661,6.564818084193355,6.855295907761988,4750992169
2003-07-23,6.506721496582031,6.855295495769485,6.506721496582031,6.681008891084386,3180427962
2003-07-24,6.622913360595703,6.681009161111217,6.448626353957805,6.506721759564675,1846058
2003-07-25,6.390529155731201,6.622912321327669,6.390529155731201,6.4486253420389,1756264
2003-07-28,6.4486260414123535,6.622913039603086,6.390529848803942,6.390529848803942,2037812
2003-07-29,6.506721496582031,6.79720048741929,6.2743390937294805,6.506721496582031,3793945
2003-07-30,6.506721496582031,6.622913092916934,6.390529900247127,6.622913092916934,2063514
2003-07-31,6.4486260414123535,6.622913039603086,6.3324344460127815,6.622913039603086,1861767
2003-08-01,6.390529155731201,6.564816924837134,6.390529155731201,6.5067207385294346,1343094
2003-08-04,6.390529155731201,6.564816924837134,6.390529155731201,6.4486253420389,2045692
2003-08-05,6.274339199066162,6.56481779987149,6.274339199066162,6.390530007534476,1270973
2003-08-06,6.274339199066162,6.448626201585904,6.274339199066162,6.274339199066162,1381899
2003-08-07,6.681009292602539,6.681009292602539,6.216243274239846,6.2743394708074165,4366613
2003-08-08,6.564816951751709,6.739103931755022,6.44862536847711,6.681008140117723,3876439
2003-08-11,6.274339199066162,6.622913204105647,6.274339199066162,6.622913204105647,1508823
2003-08-12,6.274339199066162,6.390530007534476,6.216243005014734,6.332434603300319,1500514
2003-08-13,6.390529155731201,6.5067207385294346,6.332433759240667,6.390529155731201,2575769
2003-08-14,6.4486260414123535,6.681008837302872,6.390529848803942,6.681008837302872,3205864
2003-08-15,6.390529155731201,6.622912321327669,6.390529155731201,6.564816924837134,2586073
2003-08-18,6.506721496582031,6.622913092916934,6.390529900247127,6.390529900247127,2165341
2003-08-19,6.390529155731201,6.564816924837134,6.390529155731201,6.564816924837134,2020002
2003-08-20,6.274339199066162,6.506721605820061,6.274339199066162,6.390530007534476,962091
2003-08-21,6.390529155731201,6.4486253420389,6.332433759240667,6.390529155731201,1294695
2003-08-22,6.390529155731201,6.5067207385294346,6.274338362750132,6.5067207385294346,1834379
2003-08-25,6.4486260414123535,6.506721444203514,6.3324344460127815,6.390529848803942,1995027
2003-08-26,6.390529155731201,6.4486253420389,6.158146779951899,6.390529155731201,1452247
2003-08-27,6.15814733505249,6.390529731778937,6.15814733505249,6.390529731778937,760807
2003-08-28,5.809572696685791,6.216242888130039,5.751477293544008,6.158147484988256,2113407
2003-08-29,5.925764083862305,5.98386027477305,5.693381689671009,5.809572491858043,1438777
2003-09-01,6.332435131072998,6.332435131072998,5.92576489808842,6.041956506057919,2836740
2003-09-02,6.216242790222168,6.506721380990461,6.216242790222168,6.3905297867196955,4239497
2003-09-03,6.390529155731201,6.564816924837134,6.274338362750132,6.274338362750132,3795718
2003-09-04,6.15814733505249,6.506721325050779,6.15814733505249,6.390529731778937,1207428
2003-09-05,5.925764083862305,6.27433885987509,5.925764083862305,6.158147267870828,1425612
2003-09-08,5.809572696685791,6.100051292029217,5.77471529683727,5.925764292786613,2366320
2003-09-09,5.5771894454956055,5.809572223876248,5.542332048483939,5.809572223876248,3179973
2003-09-10,5.925764083862305,5.925764083862305,5.786334489384082,5.786334489384082,2487802
2003-09-11,5.925764083862305,5.925764083862305,5.925764083862305,5.925764083862305,0
2003-09-12,6.332435131072998,6.332435131072998,6.274339721996917,6.274339721996917,2605498
2003-09-15,6.390529155731201,6.739103904125902,6.332433759240667,6.739103904125902,7062641
2003-09-16,6.216242790222168,6.4486259787637,6.216242790222168,6.274338982266173,1918344
2003-09-17,6.274339199066162,6.506721605820061,6.216243005014734,6.332434603300319,2236146
2003-09-18,6.4486260414123535,6.4486260414123535,6.2162428506132095,6.27433904322162,2443123
2003-09-19,6.332435131072998,6.506722148118579,6.216243523103499,6.4486267390424965,1831830
2003-09-22,6.332435131072998,6.564818347011996,6.274339721996917,6.390530540149079,4166766
2003-09-23,6.332435131072998,6.390530540149079,6.216243523103499,6.390530540149079,1580240
2003-09-24,6.216242790222168,6.3905297867196955,6.216242790222168,6.274338982266173,1736477
2003-09-25,6.216242790222168,6.3905297867196955,6.04195579372464,6.158147387995407,2039762
2003-09-26,6.15814733505249,6.390529731778937,6.15814733505249,6.390529731778937,1346680
2003-09-29,6.564816951751709,6.564816951751709,6.100050618653315,6.216242201927914,8048710
2003-09-30,6.390529155731201,6.739103904125902,6.332433759240667,6.6810081127267855,5050642
2003-10-01,5.983860492706299,5.983860492706299,5.983860492706299,5.983860492706299,1599278
2003-10-02,5.7398576736450195,5.7863348663466345,5.565570669192959,5.565570669192959,4347640
2003-10-03,5.925764083862305,6.100051076960084,5.577189702758133,5.6352851038516505,3767572
2003-10-06,5.925764083862305,6.100051076960084,5.867668682768788,5.867668682768788,3186765
2003-10-07,5.925764083862305,6.041955675866567,5.867668682768788,5.925764083862305,1763298
2003-10-08,5.925764083862305,6.100051076960084,5.867668682768788,5.925764083862305,2784079
2003-10-09,5.925764083862305,5.98386027477305,5.867668682768788,5.98386027477305,2416439
2003-10-10,5.925764083862305,5.925764083862305,5.925764083862305,5.925764083862305,0
2003-10-13,5.983860492706299,5.983860492706299,5.8676688964703185,5.92576429967968,2098750
2003-10-14,5.867668628692627,6.041955620184185,5.867668628692627,6.041955620184185,1470017
2003-10-15,5.867668628692627,5.983860219626072,5.867668628692627,5.92576402925074,2040800
2003-10-16,5.983860492706299,5.983860492706299,5.8676688964703185,5.8676688964703185,1421443
2003-10-17,5.867668628692627,5.983860219626072,5.867668628692627,5.92576402925074,1221028
2003-10-20,5.983860492706299,5.983860492706299,5.8676688964703185,5.8676688964703185,1335198
2003-10-21,5.983860492706299,5.983860492706299,5.8676688964703185,5.983860492706299,1518380
2003-10-22,5.925764083862305,5.98386027477305,5.867668682768788,5.925764083862305,900290
2003-10-23,5.809572696685791,5.983860485745652,5.809572696685791,5.925764292786613,1382298
2003-10-24,5.751476764678955,5.867668350095622,5.70499957764026,5.809572162478697,1267298
2003-10-27,5.786334037780762,5.867668224817616,5.693381245322333,5.693381245322333,618268
2003-10-28,5.809572696685791,5.86766888964483,5.786334693392528,5.786334693392528,961176
2003-10-29,6.216242790222168,6.216242790222168,5.809572605183109,5.867668797227114,5625017
2003-10-30,6.041955471038818,6.216242458228111,5.983860071914788,6.216242458228111,4348211
2003-10-31,6.100050926208496,6.2743387048163,5.983860126892905,6.041955526550701,3755079
2003-11-03,6.15814733505249,6.216242736779793,6.041955741780648,6.100051143507951,2269898
2003-11-04,6.564816951751709,6.564816951751709,6.158146805199198,6.216242201927914,8003720
2003-11-05,6.971486568450928,6.971486568450928,6.971486568450928,6.971486568450928,7023149816
2003-11-06,6.797200679779053,7.43625368788887,6.6810090801559445,7.43625368788887,18434967733
2003-11-07,7.261964797973633,7.261964797973633,6.797199284689187,6.971485858535155,6376262550
2003-11-10,6.913392066955566,7.261966065296031,6.797200470902993,7.261966065296031,4661101296
2003-11-11,6.681009292602539,6.913392499238212,6.6229134909436205,6.797200895920375,2839978236
2003-11-12,6.622913360595703,7.087678974902525,6.622913360595703,6.622913360595703,3687798839
2003-11-13,6.506721496582031,6.79720048741929,6.448626093323208,6.681008891084386,2557100
2003-11-14,6.4486260414123535,6.622913039603086,6.390529848803942,6.390529848803942,1591914
2003-11-17,6.390529155731201,6.390529155731201,6.216242176442433,6.332433759240667,1063459
2003-11-18,6.274339199066162,6.448626201585904,6.158147600780577,6.274339199066162,1024173
2003-11-19,6.216242790222168,6.4486259787637,6.216242790222168,6.274338982266173,1620806
2003-11-20,6.622913360595703,6.622913360595703,6.274339347319908,6.390530158533647,2014952
2003-11-21,6.506721496582031,6.681008891084386,6.390529900247127,6.564817689658112,2551745
2003-11-24,6.390529155731201,6.564816924837134,6.274338362750132,6.390529155731201,935596
2003-11-25,6.274339199066162,6.506721605820061,6.216243005014734,6.390530007534476,1269837
2003-11-26,6.4486260414123535,6.506721444203514,6.3324344460127815,6.390529848803942,1332999
2003-11-27,6.274339199066162,6.56481779987149,6.274339199066162,6.448626201585904,912054
2003-11-28,6.274339199066162,6.448626201585904,6.274339199066162,6.390530007534476,738536
2003-12-01,6.274339199066162,6.390530007534476,6.216243005014734,6.332434603300319,704646
2003-12-02,6.216242790222168,6.3905297867196955,6.216242790222168,6.3324343844929345,865833
2003-12-03,6.15814733505249,6.332434330051634,6.15814733505249,6.216242736779793,567646
2003-12-04,6.216242790222168,6.3324343844929345,6.216242790222168,6.216242790222168,786990
2003-12-05,6.216242790222168,6.3324343844929345,6.158147387995407,6.216242790222168,830322
2003-12-08,6.15814733505249,6.274338928324331,6.15814733505249,6.216242736779793,687500
2003-12-09,6.216242790222168,6.274338982266173,6.158147387995407,6.216242790222168,625499
2003-12-10,6.4486260414123535,6.622913039603086,6.158147447822049,6.2162428506132095,2667537
2003-12-11,6.332435131072998,6.506722148118579,6.274339721996917,6.506722148118579,865438
2003-12-12,6.390529155731201,6.564816924837134,6.332433759240667,6.4486253420389,867060
2003-12-15,6.390529155731201,6.622912321327669,6.390529155731201,6.622912321327669,900947
2003-12-16,6.4486260414123535,6.564817636811925,6.390529848803942,6.4486260414123535,1407018
2003-12-17,6.15814733505249,6.506721325050779,6.100051143507951,6.448625923323476,1837842
2003-12-18,6.15814733505249,6.274338928324331,6.100051143507951,6.100051143507951,995586
2003-12-19,6.216242790222168,6.274338982266173,6.158147387995407,6.158147387995407,935183
2003-12-22,6.274339199066162,6.390530007534476,6.216243005014734,6.274339199066162,615760
2003-12-23,6.681009292602539,6.681009292602539,6.332434877557683,6.390530284307948,5012941
2003-12-24,6.564816951751709,6.681008140117723,6.44862536847711,6.6229123484804235,3762332
2003-12-25,6.681009292602539,6.797200895920375,6.448626480875519,6.506721887625784,1815444
2003-12-26,6.797200679779053,6.913392279402161,6.62291328034439,6.62291328034439,1966874088
2003-12-29,6.564816951751709,6.855294725212452,6.506720765205825,6.855294725212452,1469225458
2003-12-30,6.622913360595703,6.681009161111217,6.506721759564675,6.622913360595703,1255907
2003-12-31,6.506721496582031,6.681008891084386,6.506721496582031,6.681008891084386,1081136
2004-01-01,6.506721496582031,6.506721496582031,6.506721496582031,6.506721496582031,0
2004-01-02,6.913392066955566,6.913392066955566,6.506721480771559,6.506721480771559,5123424097
2004-01-05,7.2038702964782715,7.261966094740112,6.971487103430913,6.971487103430913,5953624195
2004-01-06,7.029582977294922,7.320061939091067,6.971486395118515,7.203869564555431,4212527207
2004-01-07,7.1457743644714355,7.261965958820396,7.029583559939717,7.029583559939717,3806616249
2004-01-08,7.087677955627441,7.261965332109811,6.971486371305861,7.203869539949021,2852467475
2004-01-09,7.029582977294922,7.203869564555431,6.971486395118515,7.145773772196202,3623264927
2004-01-12,7.3781585693359375,7.494350179687541,7.0295845280984794,7.0295845280984794,7929282520
2004-01-13,7.1457743644714355,7.320062545812121,7.145774364471435,7.261965958820396,2941441720
2004-01-14,7.261964797973633,7.320061375678446,7.145773222198241,7.145773222198241,2407790838
2004-01-15,7.726731777191162,7.726731777191162,7.261966175730332,7.261966175730332,10458371225
2004-01-16,7.90101957321167,7.959115375057401,7.726732167674478,7.726732167674478,5422198596
2004-01-19,7.90101957321167,7.90101957321167,7.90101957321167,7.90101957321167,0
2004-01-20,7.90101957321167,7.90101957321167,7.90101957321167,7.90101957321167,0
2004-01-21,7.90101957321167,7.90101957321167,7.90101957321167,7.90101957321167,0
2004-01-22,7.90101957321167,7.90101957321167,7.90101957321167,7.90101957321167,0
2004-01-23,7.90101957321167,7.90101957321167,7.90101957321167,7.90101957321167,0
2004-01-26,7.90101957321167,7.90101957321167,7.90101957321167,7.90101957321167,0
2004-01-27,8.423881530761719,8.423881530761719,7.95911513028894,8.017210930348037,7325898035
2004-01-28,8.30768871307373,8.540072691162242,8.133402111687522,8.481976104277182,5344519693
2004-01-29,7.842923164367676,8.307688753345964,7.842923164367677,8.19149715864708,4056871460
2004-01-30,8.3657865524292,8.3657865524292,7.842924300539354,7.842924300539354,3318960009
2004-02-02,8.946743965148926,8.946743965148926,8.365786687903002,8.714360738323608,6142941442
2004-02-03,9.17912483215332,9.17912483215332,8.365785257013586,9.121029825200972,11529526962
2004-02-04,9.353412628173828,9.760083223200596,8.946742822964334,9.179125230305214,11410209897
2004-02-05,8.946743965148926,9.179126402156871,8.714360738323608,9.179126402156871,6987125468
2004-02-06,9.52769947052002,9.52769947052002,8.714359117706413,8.946742301315222,10010074406
2004-02-09,10.166753768920898,10.166753768920898,9.992467148175129,10.108657965399866,9413427780
2004-02-10,10.863901138305664,10.863901138305664,10.573422160354294,10.863901138305664,15044691760
2004-02-11,11.328667640686035,11.444859241379161,10.805806227384249,11.270571840339471,11689260493
2004-02-12,10.5734224319458,11.212476199853704,10.5734224319458,11.212476199853704,5852328926
2004-02-13,10.108656883239746,10.457231667050037,9.87627448385013,9.87627448385013,6276448427
2004-02-16,10.805806159973145,10.805806159973145,9.876274939861501,10.108657349980772,5981938459
2004-02-17,11.038188934326172,11.212476327558837,10.573422552372396,10.921997338837727,7143064187
2004-02-18,10.457230567932129,11.038187690069941,10.457230567932129,11.038187690069941,4947680932
2004-02-19,11.038188934326172,11.154379739997365,10.341040151212757,10.341040151212757,9485258367
2004-02-20,10.921996116638184,11.502954029069716,10.805804534151878,11.03818769912449,8362009489
2004-02-23,10.63151741027832,10.921995561923907,10.515325833693236,10.689612408753739,3698903157
2004-02-24,10.63151741027832,10.921995561923907,10.63151741027832,10.689612408753739,2299799764
2004-02-25,10.515327453613281,10.805805650007969,10.515327453613281,10.805805650007969,2204660730
2004-02-26,10.457230567932129,10.805804525287952,10.457230567932129,10.457230567932129,3053963904
2004-02-27,10.5734224319458,10.805805620275947,10.515327424680505,10.5734224319458,3783563689
2004-03-01,10.5734224319458,10.92199721444102,10.5734224319458,10.5734224319458,4634005164
2004-03-02,11.096284866333008,11.154379874962915,9.992466275471328,10.573422680308491,8043766260
2004-03-03,11.85152816772461,11.85152816772461,11.096283659845628,11.096283659845628,18801660399
2004-03-04,12.664870262145996,12.664870262145996,11.967722193963676,11.967722193963676,9551497
2004-03-05,12.781059265136719,13.536303773190543,12.781059265136719,13.536303773190543,20343373
2004-03-08,11.967720985412598,12.664868983193966,11.967720985412598,12.664868983193966,7944361
2004-03-09,12.781059265136719,12.781059265136719,11.61914500189261,11.61914500189261,6030629
2004-03-10,13.652496337890625,13.652496337890625,12.897251775601225,13.013443368233014,20047717
2004-03-11,13.362018585205078,13.710593395158586,12.722966346591587,12.722966346591587,12026294
2004-03-12,12.897252082824707,13.12963527362385,12.781060487425135,12.781060487425135,6015763
2004-03-15,13.30392074584961,13.768687087934964,13.129634157384785,13.420113911005316,13783395
2004-03-16,12.548678398132324,13.362018006496879,12.374390210886675,13.12963559974298,6703429
2004-03-17,12.60677433013916,13.013444138607372,12.548678530384091,12.548678530384091,4110499
2004-03-18,12.897252082824707,13.12963527362385,12.7229654795426,12.781060487425135,3541022
2004-03-19,13.420112609863281,13.478206817357082,12.89724973589405,13.013441310150077,6122040
2004-03-22,12.490581512451172,12.490581512451172,12.490581512451172,12.490581512451172,78045
2004-03-23,11.619145393371582,11.619145393371582,11.619145393371582,11.619145393371582,552402
2004-03-24,10.805806159973145,10.863901959957284,10.805806159973145,10.805806159973145,3832442929
2004-03-25,11.154378890991211,11.561049444247379,10.050560397501709,10.050560397501709,8325963757
2004-03-26,10.921996116638184,11.619144821738859,10.805804534151878,11.38676244658341,7772311704
2004-03-29,11.677241325378418,11.677241325378418,11.38676314125854,11.677241325378418,2891851131
2004-03-30,11.735337257385254,12.142007035835093,11.386763274402137,12.142007035835093,4992748966
2004-03-31,11.677241325378418,12.083911888890343,11.38676314125854,11.619145530591,5919346146
2004-04-01,11.270570755004883,11.735337113021274,11.270570755004883,11.677241318269225,3038554427
2004-04-02,12.025816917419434,12.025816917419434,11.270572273692283,11.386764668670288,7348426706
2004-04-05,11.677241325378418,12.200102688647968,11.619145530591,12.083911888890343,4139067
2004-04-06,11.619145393371582,12.025815162263621,11.502954594986145,11.677241187472902,5320124977
2004-04-07,11.328667640686035,11.73533824311198,11.270571840339471,11.619146642418853,3248324032
2004-04-08,11.154378890991211,11.44485785760276,11.154378890991211,11.32866627095814,3104261566
2004-04-09,10.805806159973145,11.15438017006069,10.68961456000487,10.921997759941421,3822681479
2004-04-12,11.038188934326172,11.154379739997365,10.863901541093506,10.863901541093506,3568306431
2004-04-13,10.863901138305664,11.27057091762036,10.80580534271539,11.038188525076485,3343319798
2004-04-14,10.689614295959473,11.038189087254114,10.689614295959473,10.689614295959473,2596354682
2004-04-15,10.341038703918457,10.805804231008084,10.341038703918457,10.805804231008084,2978198801
2004-04-16,10.224846839904785,10.573420778059083,10.224846839904785,10.399134203890494,2632526575
2004-04-19,9.99246597290039,10.341039963211353,9.99246597290039,10.224848369835287,2979967908
2004-04-20,10.689614295959473,10.689614295959473,9.992466293004714,9.992466293004714,3919467735
2004-04-21,10.689614295959473,10.689614295959473,10.689614295959473,10.689614295959473,15442274
2004-04-22,10.921996116638184,10.921996116638184,10.921996116638184,10.921996116638184,0
2004-04-23,10.921996116638184,10.921996116638184,10.921996116638184,10.921996116638184,0
2004-04-26,10.9219970703125,10.9219970703125,10.9219970703125,10.9219970703125,0
2004-04-27,10.9219970703125,10.9219970703125,10.9219970703125,10.9219970703125,0
2004-04-28,10.9219970703125,10.9219970703125,10.9219970703125,10.9219970703125,0
2004-04-29,10.9219970703125,10.9219970703125,10.9219970703125,10.9219970703125,0
2004-04-30,10.9219970703125,10.9219970703125,10.9219970703125,10.9219970703125,0
2004-05-03,10.9219970703125,10.9219970703125,10.9219970703125,10.9219970703125,0
2004-05-04,10.9219970703125,10.9219970703125,10.9219970703125,10.9219970703125,0
2004-05-05,10.9219970703125,10.9219970703125,10.9219970703125,10.9219970703125,0
2004-05-06,10.9219970703125,10.9219970703125,10.9219970703125,10.9219970703125,0
2004-05-07,10.9219970703125,10.9219970703125,10.9219970703125,10.9219970703125,0
2004-05-10,10.9219970703125,10.9219970703125,10.9219970703125,10.9219970703125,0
2004-05-11,10.9219970703125,10.9219970703125,10.9219970703125,10.9219970703125,0
2004-05-12,10.194243431091309,10.194243431091309,10.194243431091309,10.194243431091309,533602
2004-05-13,9.506991386413574,9.506991386413574,9.506991386413574,9.506991386413574,52899
2004-05-14,8.857919692993164,8.857919692993164,8.857919692993164,8.857919692993164,66535
2004-05-17,8.247028350830078,8.247028350830078,8.247028350830078,8.247028350830078,25517
2004-05-18,7.674318790435791,7.674318790435791,7.674318790435791,7.674318790435791,130034
2004-05-19,7.636138439178467,7.9415836924113785,7.1397888166762025,7.1397888166762025,8691541
2004-05-20,7.139788627624512,7.788860464648063,7.101608070708528,7.177969184540495,6770121
2004-05-21,7.559774875640869,7.597955425194788,6.9488845031439315,7.025245602251768,4055061
2004-05-24,7.292511463165283,7.712498368580152,7.254330907201864,7.445233687018961,2082549
2004-05-25,7.139788627624512,7.483415219502916,7.101608070708528,7.216150531273755,1928149
2004-05-26,7.177968978881836,7.48341500509281,7.139788423059778,7.254330880343206,1794625
2004-05-27,7.216150283813477,7.368872506240176,7.1779689383895535,7.2543308394201516,1229339
2004-05-28,7.254330635070801,7.330691744133111,7.177968736191263,7.292511189601956,1879550
2004-05-31,6.910703659057617,7.292510761594862,6.910703659057617,7.216149657014285,1778730
2004-06-01,6.56707763671875,6.987065325307861,6.4907169209083495,6.872523659229327,1761234
2004-06-02,6.1852707862854,6.490716388849271,6.1852707862854,6.414354494572566,1182122
2004-06-03,6.605258464813232,6.605258464813232,6.2616330780248495,6.2616330780248495,1238076
2004-06-04,6.337993144989014,6.605257790077982,6.185270547067971,6.49071613781863,1992026
2004-06-07,6.414355278015137,6.490717181618603,6.337994164228945,6.490717181618603,1255161
2004-06-08,6.414355278015137,6.567077900496157,6.376175116030678,6.490717181618603,1608350
2004-06-09,6.834342956542969,6.834342956542969,6.414354882098853,6.414354882098853,5100092
2004-06-10,6.643439292907715,6.7579809547733785,6.528897631042051,6.643439292907715,2958755
2004-06-11,6.452536106109619,6.643439676732393,6.414355155039887,6.567077774592927,1440018
2004-06-14,6.070728778839111,6.52889738347141,6.070728778839111,6.490716436055373,952288
2004-06-15,5.956187725067139,6.185271458241526,5.879825822494623,6.070729394200017,836613
2004-06-16,5.6125617027282715,6.108910960119546,5.574380747600529,6.032549049864062,1491319
2004-06-17,5.459837436676025,5.727102087554789,5.2307537322860735,5.612560432814104,2358152
2004-06-18,5.078031063079834,5.421656839242236,5.078031063079834,5.421656839242236,1886452
2004-06-21,5.0016703605651855,5.268935861241445,4.810767164912533,5.268935861241445,1465434
2004-06-22,5.0016703605651855,5.0016703605651855,5.0016703605651855,5.0016703605651855,0
2004-06-23,5.307114601135254,5.307114601135254,5.0398499620563335,5.0398499620563335,1408165
2004-06-24,5.498018741607666,5.612560798724493,5.345296130421434,5.345296130421434,2177692
2004-06-25,5.421657085418701,5.5743800983238945,5.383476924555342,5.383476924555342,1894465
2004-06-28,5.383477210998535,5.53620023202979,5.383477210998535,5.421657373893378,941363
2004-06-29,5.459837436676025,5.498018383164837,5.383476333515569,5.421656490187215,919589
2004-06-30,5.459837436676025,5.612560432814104,5.421656490187215,5.536199329653647,1141964
2004-07-01,5.574379920959473,5.688922374448193,5.4598378623793655,5.498018811845143,2087412
2004-07-02,5.498018741607666,5.536199690585681,5.421656843651638,5.459837792629652,822407
2004-07-05,5.383477210998535,5.4598383266055155,5.268935537588064,5.421657373893378,830713
2004-07-06,5.345296382904053,5.42165709974112,5.230754320376885,5.42165709974112,477152
2004-07-07,5.345296382904053,5.42165709974112,5.268935271158359,5.268935271158359,493276
2004-07-08,5.383477210998535,5.53620023202979,5.345296653195045,5.345296653195045,852213
2004-07-09,5.727102756500244,5.727102756500244,5.38347696232434,5.38347696232434,4139597
2004-07-12,5.727102756500244,5.918006721425378,5.727102756500244,5.727102756500244,2842074
2004-07-13,5.956187725067139,6.108910345486274,5.765283758453113,5.8416456610256295,2773525
2004-07-14,5.841646194458008,5.956188268958975,5.765284284912472,5.956188268958975,1615182
2004-07-15,5.459837436676025,5.841644927021221,5.459837436676025,5.765283034043599,1201804
2004-07-16,5.6507415771484375,5.8416451315507185,5.383476522003525,5.383476522003525,2404143
2004-07-19,5.498018741607666,5.650741747702507,5.498018741607666,5.650741747702507,523173
2004-07-20,5.383477210998535,5.727103021047241,5.383477210998535,5.498019279317653,1467538
2004-07-21,5.574379920959473,5.61256087042525,5.4598378623793655,5.536199761310922,679306
2004-07-22,5.498018741607666,5.498018741607666,5.38347668449084,5.421656843651638,778782
2004-07-23,5.421657085418701,5.5743800983238945,5.421657085418701,5.498018986779924,528953
2004-07-26,5.345296382904053,5.4598380505225945,5.345296382904053,5.4598380505225945,692992
2004-07-27,5.2307538986206055,5.38347650470658,5.039850344831692,5.345295951912235,1320992
2004-07-28,5.2307538986206055,5.421656662592329,5.192572950917666,5.268934846323545,782851
2004-07-29,5.154392719268799,5.268935578290042,5.154392719268799,5.192573672275881,377431
2004-07-30,5.268935680389404,5.307115844319026,5.192573772895531,5.192573772895531,916292
2004-08-02,5.154392719268799,5.307115741479824,5.154392719268799,5.268935578290042,498051
2004-08-03,5.154392719268799,5.268935578290042,5.154392719268799,5.154392719268799,641410
2004-08-04,5.078031063079834,5.230754069050466,5.001669560094518,5.154392171156542,526626
2004-08-05,5.039851188659668,5.154392866220545,4.88712816209451,5.078031747846627,1206373
2004-08-06,4.963489055633545,5.116211656070003,4.810766060288507,4.963489055633545,795605
2004-08-09,4.8871283531188965,4.963490264294914,4.8107672317602335,4.8871283531188965,386630
2004-08-10,4.9253082275390625,5.001669332135491,4.887127280332257,4.963489174745867,338471
2004-08-11,4.810766220092773,5.039850325811477,4.810766220092773,4.963489220510971,1236166
2004-08-12,4.8871283531188965,4.8871283531188965,4.8107672317602335,4.8871283531188965,461379
2004-08-13,4.963489055633545,5.039850158397483,4.772585113997957,4.887127163052446,1885341
2004-08-16,4.810766220092773,4.963489220510971,4.810766220092773,4.925308272952125,908174
2004-08-17,4.5053205490112305,4.887127254718036,4.5053205490112305,4.887127254718036,1777590
2004-08-18,4.199875831604004,4.50532149741306,4.199875831604004,4.50532149741306,2286692
2004-08-19,4.2762370109558105,4.314417966527375,4.16169493405847,4.16169493405847,1608630
2004-08-20,4.5053205490112305,4.543501496017923,4.276236051696841,4.276236051696841,2240358
2004-08-23,4.428958892822266,4.543501739993017,4.428958892822266,4.428958892822266,1277124
2004-08-24,4.428958892822266,4.428958892822266,4.428958892822266,4.428958892822266,0
2004-08-25,4.428958892822266,4.428958892822266,4.428958892822266,4.428958892822266,0
2004-08-26,4.6198625564575195,4.696224449747649,4.505320506339493,4.696224449747649,1444756
2004-08-27,4.6198625564575195,4.734404211666961,4.581681609812454,4.6198625564575195,1132993
2004-08-30,4.734404563903809,4.810766462875217,4.619862900172536,4.65804384965824,1423413
2004-08-31,4.734404563903809,4.8871275720293985,4.696224799143945,4.7725855133895125,1564644
2004-09-01,4.772585868835449,4.848946983676747,4.619863244244211,4.734404916506158,1806202
2004-09-02,5.078031063079834,5.078031063079834,4.887127503070848,4.887127503070848,1888780
2004-09-03,5.421657085418701,5.421657085418701,5.307115418102746,5.421657085418701,7299778
2004-09-06,5.078031063079834,5.078031063079834,5.078031063079834,5.078031063079834,962943
2004-09-07,4.963489055633545,5.192572758833941,4.848946216761895,4.848946216761895,2735760
2004-09-08,5.307114601135254,5.307114601135254,5.0398499620563335,5.0398499620563335,3100075
2004-09-09,5.307114601135254,5.421656250818878,5.154391611739958,5.421656250818878,2013104
2004-09-10,5.116212368011475,5.345296497998427,5.116212368011475,5.2689353846085325,1350912
2004-09-13,5.192572593688965,5.230753538765205,5.116211493353621,5.154391648612725,1341854
2004-09-14,5.459837436676025,5.536199329653647,5.2307537322860735,5.268934678774884,5044344
2004-09-15,5.192572593688965,5.421656289603566,5.116211493353621,5.421656289603566,2051495
2004-09-16,5.192572593688965,5.192572593688965,5.001669053033468,5.116211493353621,939733
2004-09-17,4.8871283531188965,5.154393067691573,4.8871283531188965,5.1162129019209175,1491338
2004-09-20,5.039851188659668,5.116212701942247,4.810767043720593,4.810767043720593,1257164
2004-09-21,4.848946571350098,5.116212030202486,4.810766412084714,5.078031081119883,1259707
2004-09-22,5.078031063079834,5.116212012026796,4.81076639499414,4.848946554123886,1451000
2004-09-23,4.963489055633545,5.078030709779453,4.963489055633545,5.039850158397483,773026
2004-09-24,4.9253082275390625,5.078030831640511,4.887127280332257,4.963489174745867,584290
2004-09-27,4.963489055633545,5.039850158397483,4.887127163052446,4.925308109342995,702657
2004-09-28,4.963489055633545,4.963489055633545,4.963489055633545,4.963489055633545,0
2004-09-29,5.154392719268799,5.307115741479824,4.963489928776643,4.963489928776643,4805191
2004-09-30,4.8871283531188965,5.1162129019209175,4.848947397530888,5.078031946332909,2923685
2004-10-01,5.192572593688965,5.192572593688965,5.154391648612725,5.154391648612725,1704286
2004-10-04,5.536199569702148,5.536199569702148,5.536199569702148,5.536199569702148,1066064
2004-10-05,5.91800594329834,5.91800594329834,5.91800594329834,5.91800594329834,3285670
2004-10-06,6.2998127937316895,6.2998127937316895,6.185271130665022,6.2998127937316895,12457882
2004-10-07,6.643439292907715,6.643439292907715,6.147090116946803,6.223452014674459,11282681
2004-10-08,7.101607799530029,7.101607799530029,6.5288978880249395,6.643439554399059,15320051
2004-10-11,7.597957611083984,7.597957611083984,7.177969865528552,7.177969865528552,14073320
2004-10-12,8.094305992126465,8.094305992126465,7.827041320653841,7.865221085358814,19064000
2004-10-13,8.170666694641113,8.437931352816042,8.056124246956323,8.247028589703369,18162120
2004-10-14,7.636138439178467,7.9415836924113785,7.636138439178467,7.9415836924113785,2525680
2004-10-15,7.330692768096924,7.71249915655708,7.101608619093895,7.101608619093895,15874250
2004-10-18,7.330692768096924,7.636138826645853,7.330692768096924,7.3688733279612055,5733736
2004-10-19,6.834342956542969,7.407053644041534,6.834342956542969,7.407053644041534,4623431
2004-10-20,6.681621074676514,6.910704413424806,6.567077825667835,6.605258777034517,9204687
2004-10-21,7.139788627624512,7.139788627624512,6.872523939395349,6.872523939395349,7200857
2004-10-22,6.948884963989258,7.636137270989261,6.757980623924775,7.330691274666698,15108186
2004-10-25,6.948884963989258,6.948884963989258,6.948884963989258,6.948884963989258,0
2004-10-26,6.872522830963135,6.98706448323728,6.7197998381137936,6.7961617294470384,5802554
2004-10-27,7.177968978881836,7.292511436165264,6.796162630843998,6.9488856439494855,12115122
2004-10-28,6.948884963989258,7.4834142728279796,6.948884963989258,7.4834142728279796,8786577
2004-10-29,6.490716934204102,6.872523673307183,6.490716934204102,6.872523673307183,6730263
2004-11-01,6.376174449920654,6.7198002158776875,6.337993502107631,6.414354607916485,5895402
2004-11-02,6.452536106109619,6.528898008249085,6.299813091647949,6.414355155039887,2983054
2004-11-03,6.605258464813232,6.6434394143751545,6.414354901729466,6.49071680085331,3618067
2004-11-04,6.643439292907715,6.872523406456256,6.605258344043886,6.68162063668015,4739852
2004-11-05,6.872522830963135,7.063426374570525,6.7197998381137936,6.872522830963135,7334767
2004-11-08,6.987065315246582,7.177968881586483,6.987065315246582,7.0252466603683565,5423096
2004-11-09,6.872522830963135,7.101606925328573,6.872522830963135,7.063426374570525,2538911
2004-11-10,6.643439292907715,6.872523406456256,6.567077395180058,6.872523406456256,3771840
2004-11-11,6.7198004722595215,6.9107040338824275,6.7198004722595215,6.796162370799017,3260702
2004-11-12,6.7961626052856445,6.87252371664259,6.643439592754504,6.757981259789922,2494350
2004-11-15,6.605258464813232,6.872523532112228,6.605258464813232,6.872523532112228,1568039
2004-11-16,6.490716934204102,6.719800661739052,6.414355033511415,6.605258600517266,2419347
2004-11-17,6.452536106109619,6.643439676732393,6.414355155039887,6.490717057179352,3541884
2004-11-18,6.834342956542969,6.834342956542969,6.490716780988997,6.490716780988997,5701194
2004-11-19,6.7198004722595215,7.063427041144197,6.7198004722595215,6.9107040338824275,3930740
2004-11-22,6.643439292907715,6.872523406456256,6.643439292907715,6.7198004008181575,2380150
2004-11-23,6.948884963989258,7.101607172333364,6.681620309569897,6.681620309569897,13359085
2004-11-24,7.330692768096924,7.3688733279612055,7.025247499365331,7.177969738822458,13195036
2004-11-25,7.254330635070801,7.636137760016808,7.177968736191263,7.636137760016808,8126597
2004-11-26,6.910703659057617,7.483414312863485,6.910703659057617,7.330691313885151,5718148
2004-11-29,7.101607799530029,7.216150255721394,6.987065343338664,7.025246688613949,5378765
2004-11-30,6.872522830963135,7.1779680268446695,6.872522830963135,7.063426374570525,3678437
2004-12-01,6.910703659057617,6.987064763638195,6.834342554477041,6.8725231067673285,4085356
2004-12-02,6.757981777191162,7.025247267037218,6.681621449805205,6.987065918618274,3552374
2004-12-03,6.7198004722595215,6.834342925160154,6.681620707715608,6.796162370799017,1565630
2004-12-06,6.910703659057617,7.063426658035952,6.719800107788995,6.719800107788995,3607771
2004-12-07,6.7961626052856445,6.948885617816786,6.7961626052856445,6.87252371664259,1592831
2004-12-08,6.643439292907715,6.796162298545814,6.605258344043886,6.7198004008181575,2013441
2004-12-09,6.605258464813232,6.719800523681769,6.605258464813232,6.6434394143751545,1572677
2004-12-10,6.643439292907715,6.68162063668015,6.567077395180058,6.567077395180058,1281244
2004-12-13,6.681621074676514,6.872523856966757,6.681621074676514,6.834343300508708,1782576
2004-12-14,6.7198004722595215,6.796162370799017,6.681620707715608,6.796162370799017,951639
2004-12-15,6.872522830963135,6.910703381721183,6.643438736597697,6.7961617294470384,3342310
2004-12-16,6.7198004722595215,6.9107040338824275,6.7198004722595215,6.9107040338824275,1693503
2004-12-17,6.7198004722595215,6.834342925160154,6.7198004722595215,6.796162370799017,1438506
2004-12-20,6.7198004722595215,6.834342925160154,6.6052584142674995,6.643439363537248,2806571
2004-12-21,6.872522830963135,6.98706448323728,6.643438736597697,6.643438736597697,4275317
2004-12-22,6.834342956542969,7.025246519042491,6.79616240200651,6.987065174688805,2539080
2004-12-23,6.757981777191162,6.872524242813373,6.719801218589528,6.83434368421174,1526758
2004-12-24,6.7961626052856445,6.87252371664259,6.757981259789922,6.757981259789922,1616334
2004-12-27,6.7198004722595215,6.87252347952129,6.7198004722595215,6.796162370799017,1280213
2004-12-28,6.7198004722595215,6.796162370799017,6.681620707715608,6.7198004722595215,712711
2004-12-29,6.872522830963135,6.910703381721183,6.757980388871842,6.757980388871842,3371590
2004-12-30,6.872522830963135,7.025245823812477,6.834342280205087,6.910703381721183,3670563
2004-12-31,6.7198004722595215,6.9107040338824275,6.681620707715608,6.9107040338824275,2618127
2005-01-03,6.834342956542969,6.834342956542969,6.757981057652824,6.79616240200651,1708178
2005-01-04,7.292511463165283,7.292511463165283,6.79616265600632,6.872523767933159,15153305
2005-01-05,7.025247097015381,7.254331232898303,7.025247097015381,7.177969327725801,5960563
2005-01-06,7.177968978881836,7.254330880343206,7.06342731141566,7.06342731141566,4774786
2005-01-07,7.254330635070801,7.674318314547964,7.254330635070801,7.407053643012649,15018973
2005-01-10,7.025247097015381,7.407054253426015,7.025247097015381,7.330692348253513,4585736
2005-01-11,7.063426971435547,7.292511085158768,7.063426971435547,7.101607525419881,4915727
2005-01-12,6.7198004722595215,7.177968704227608,6.7198004722595215,7.1016075955053335,4877417
2005-01-13,6.834342956542969,6.948885409969573,6.757981057652824,6.872523511079428,3064191
2005-01-14,6.948884963989258,7.025246068161311,6.757980623924775,6.796161965827976,1683710
2005-01-17,6.910703659057617,7.177968314906817,6.8725231067673285,7.177968314906817,3288839
2005-01-18,6.872522830963135,6.98706448323728,6.872522830963135,6.94888472229638,971325
2005-01-19,6.757981777191162,6.948886149833951,6.719801218589528,6.948886149833951,1674164
2005-01-20,6.605258464813232,6.7961624228056134,6.605258464813232,6.719800523681769,1696994
2005-01-21,6.605258464813232,6.719800523681769,6.56707751525131,6.605258464813232,2153297
2005-01-24,6.147090911865234,6.643440152012143,6.147090911865234,6.6052591982108995,2391129
2005-01-25,6.223453044891357,6.299813770533781,5.956188333145174,6.147091134522915,2407926
2005-01-26,6.1852707862854,6.414354494572566,6.1852707862854,6.414354494572566,1123467
2005-01-27,6.147090911865234,6.261633773268967,6.108910747881307,6.261633773268967,989108
2005-01-28,6.452536106109619,6.567077774592927,6.223452374234374,6.223452374234374,4075891
2005-01-31,6.452536106109619,6.567077774592927,6.261633325304106,6.452536106109619,2756697
2005-02-01,6.528897762298584,6.60525847683557,6.452535863035752,6.490716812667168,1357003
2005-02-02,6.337993144989014,6.567076844416291,6.337993144989014,6.49071613781863,1162900
2005-02-03,6.2998127937316895,6.4143548517069675,6.2998127937316895,6.376174692260023,1300829
2005-02-04,6.2998127937316895,6.2998127937316895,6.2998127937316895,6.2998127937316895,0
2005-02-07,6.2998127937316895,6.2998127937316895,6.2998127937316895,6.2998127937316895,0
2005-02-08,6.2998127937316895,6.2998127937316895,6.2998127937316895,6.2998127937316895,0
2005-02-09,6.2998127937316895,6.2998127937316895,6.2998127937316895,6.2998127937316895,0
2005-02-10,6.2998127937316895,6.2998127937316895,6.2998127937316895,6.2998127937316895,0
2005-02-11,6.2998127937316895,6.2998127937316895,6.2998127937316895,6.2998127937316895,0
2005-02-14,6.337993144989014,6.567076844416291,6.337993144989014,6.49071613781863,1358951
2005-02-15,6.528897762298584,6.643439426466986,6.376174753590151,6.4143549134043365,1915981
2005-02-16,6.56707763671875,6.719800647974039,6.528897871176483,6.528897871176483,2970844
2005-02-17,6.414355278015137,6.681621150809994,6.414355278015137,6.681621150809994,1492151
2005-02-18,6.490716934204102,6.490716934204102,6.337993922635972,6.452535983857758,1555868
2005-02-21,6.681621074676514,6.79616274405066,6.4525361562936885,6.4907171076603705,4878832
2005-02-22,6.528897762298584,6.757981090635388,6.490716812667168,6.757981090635388,1398112
2005-02-23,6.452536106109619,6.60525872566266,6.414355155039887,6.528898008249085,1311671
2005-02-24,6.528897762298584,6.60525847683557,6.452535863035752,6.490716812667168,1874121
2005-02-25,6.7198004722595215,6.9107040338824275,6.49071675118409,6.6052584142674995,7741237
2005-02-28,6.7198004722595215,6.7198004722595215,6.7198004722595215,6.7198004722595215,0
2005-03-01,6.742709159851074,6.903068120950288,6.681620746409817,6.681620746409817,3491797
2005-03-02,6.574714183807373,6.742709096275605,6.567077441109148,6.567077441109148,2134355
2005-03-03,6.689256191253662,6.948885710944744,6.605258730690125,6.605258730690125,4486798
2005-03-04,6.673983097076416,6.864886633873414,6.651074451511983,6.735072292036825,2836650
2005-03-07,6.70452880859375,6.841979125185113,6.70452880859375,6.712164761778326,2773474
2005-03-08,6.528897762298584,6.796162435175419,6.337993803958735,6.719800535912587,2620972
2005-03-09,6.452536106109619,6.528898008249085,6.383810947056183,6.528898008249085,1342695
2005-03-10,6.261632919311523,6.475443940968865,6.223451970717372,6.460172430330133,2200128
2005-03-11,6.1852707862854,6.345629342595558,6.1852707862854,6.284540932918244,1587354
2005-03-14,6.177635192871094,6.307449551887911,6.108910036899511,6.147090196439864,1080797
2005-03-15,5.803464412689209,6.215815348242114,5.750011162606177,6.200543442399662,2002093
2005-03-16,5.879825592041016,5.879825592041016,5.750011231554667,5.803464482278658,1424229
2005-03-17,5.879825592041016,5.9638230497247795,5.750011231554667,5.879825592041016,1164056
2005-03-18,5.91800594329834,5.91800594329834,5.841644841258955,5.90273324900017,684191
2005-03-21,5.772919654846191,5.940914970050359,5.772919654846191,5.879825764521571,729805
2005-03-22,5.734739780426025,5.8798260584466355,5.727103036990234,5.79582819919129,574815
2005-03-23,5.543835639953613,5.765283406289111,5.352931685000679,5.7347391999979385,1519746
2005-03-24,5.513291835784912,5.604925251159105,5.505655092565054,5.574380252822858,708605
2005-03-25,5.5514702796936035,5.589651222332617,5.475109579141206,5.5209260784543535,663534
2005-03-28,5.4751105308532715,5.635469096140729,5.4751105308532715,5.627833143230731,736414
2005-03-29,5.345296382904053,5.551471463599152,5.345296382904053,5.498019001304068,520415
2005-03-30,5.2383904457092285,5.3834771156653325,5.23075449224721,5.276571397745239,800022
2005-03-31,5.284205913543701,5.31475090609012,5.2689344045418975,5.2689344045418975,623620
2005-04-01,5.062758922576904,5.3071153449483255,5.024577972422588,5.284206695874012,988735
2005-04-04,5.4140214920043945,5.4140214920043945,5.062759328797364,5.062759328797364,1922380
2005-04-05,5.4140214920043945,5.4140214920043945,5.4140214920043945,5.4140214920043945,0
2005-04-06,5.406385898590088,5.475111061069946,5.276571527279846,5.475111061069946,682272
2005-04-07,5.200209617614746,5.40638589472419,5.200209617614746,5.314752081544137,407446
2005-04-08,5.459837436676025,5.475110131198416,5.223116990116296,5.337659829582728,1116241
2005-04-11,5.307114601135254,5.452201243606503,5.307114601135254,5.444565686499585,529370
2005-04-12,5.314751148223877,5.383476298585809,5.268934644588308,5.314751148223877,466669
2005-04-13,5.268935680389404,5.391113310708434,5.268935680389404,5.3682050543871975,309155
2005-04-14,5.268935680389404,5.3376608442617695,5.268935680389404,5.284207193089132,470052
2005-04-15,5.032214641571045,5.192573208197852,4.978760996211546,5.192573208197852,866385
2005-04-18,4.680952548980713,4.963489943452159,4.680952548980713,4.963489943452159,743354
2005-04-19,4.696224689483643,4.772585401946132,4.658043740889491,4.688587946892766,1126490
2005-04-20,4.528229713439941,4.734404797302042,4.451867810704019,4.711496542408171,1043344
2005-04-21,4.6198625564575195,4.6198625564575195,4.352597904484987,4.467139559694429,993455
2005-04-22,4.673315525054932,4.787857568365998,4.627498233840232,4.627498233840232,866920
2005-04-25,4.95585298538208,4.963489728547537,4.673316392960946,4.673316392960946,1517649
2005-04-26,5.039851188659668,5.268935728507405,4.963490070285751,4.963490070285751,1551507
2005-04-27,4.848946571350098,5.032214574074536,4.772585463002112,4.963489418597905,568156
2005-04-28,4.894763946533203,4.955852355370128,4.810766100929534,4.848946257725466,583601
2005-04-29,4.8871283531188965,4.940581611960373,4.826039140105024,4.826039140105024,303066
2005-05-02,4.8871283531188965,4.8871283531188965,4.8871283531188965,4.8871283531188965,0
2005-05-03,4.95585298538208,4.978761240335281,4.8947645687793,4.963489728547537,411049
2005-05-04,4.848946571350098,4.963489418597905,4.810766412084714,4.963489418597905,515286
2005-05-05,4.589319229125977,4.810767024392772,4.543502321340504,4.543502321340504,1940674
2005-05-06,4.6885881423950195,4.711496396579843,4.6045902889305514,4.6045902889305514,673510
2005-05-09,4.726768970489502,4.726768970489502,4.604590169994694,4.68858802128951,543809
2005-05-10,4.696224689483643,4.726768895486917,4.642771045524947,4.726768895486917,238779
2005-05-11,4.673315525054932,4.726768373291146,4.596954031211367,4.703859727683796,305281
2005-05-12,4.627499103546143,4.6733164033718815,4.604590453633273,4.6733164033718815,346001
2005-05-13,4.696224689483643,4.879491505137709,4.642771045524947,4.658043740889491,840549
2005-05-16,4.673315525054932,4.688587428915084,4.50532023859909,4.688587428915084,519944
2005-05-17,4.673315525054932,4.673315525054932,4.581681337534094,4.581681337534094,337830
2005-05-18,4.734404563903809,4.734404563903809,4.65804384965824,4.673316150470799,578139
2005-05-19,4.696224689483643,4.780221354719799,4.6274987450690075,4.780221354719799,434907
2005-05-20,4.696224689483643,4.871855947272645,4.6274987450690075,4.696224689483643,880661
2005-05-23,4.65804386138916,4.734404575827037,4.642771165629525,4.69622481097102,292680
2005-05-24,4.65804386138916,4.749677271586672,4.65804386138916,4.688588068182588,308763
2005-05-25,4.635135650634766,4.696225254719854,4.635135650634766,4.658044301530255,321902
2005-05-26,4.635135650634766,4.650407558020223,4.604590651137896,4.635135650634766,236433
2005-05-27,4.581681251525879,4.658043138844524,4.581681251525879,4.650406397240685,477401
2005-05-30,4.543502330780029,4.581682494984256,4.543502330780029,4.581682494984256,467466
2005-05-31,4.520594120025635,4.58168254133385,4.4365962572736795,4.505321422335585,534687
2005-06-01,4.5511369705200195,4.6962240010365885,4.436594931346165,4.5205927689943985,1275609
2005-06-02,4.604589939117432,4.6274985864704945,4.505320581918995,4.551137481716529,738583
2005-06-03,4.772585868835449,4.848946983676747,4.60459054738558,4.6580441965735035,1299304
2005-06-06,4.9253082275390625,4.963489174745867,4.703860076428801,4.742041023635606,1615492
2005-06-07,4.841311454772949,5.001670441858107,4.810767243102675,4.963490275997434,1295389
2005-06-08,4.818402290344238,4.887127444756676,4.658043728351417,4.658043728351417,844604
2005-06-09,4.757312774658203,4.871855612571453,4.734404128093838,4.83367466660037,672528
2005-06-10,4.764949798583984,4.833674952525203,4.673315996723292,4.673315996723292,791551
2005-06-13,5.09330415725708,5.09330415725708,4.772585819614954,4.772585819614954,1770235
2005-06-14,5.444566249847412,5.444566249847412,5.268934991324585,5.429293554419056,4617150
2005-06-15,5.444566249847412,5.444566249847412,5.11621198612708,5.436929507224628,3480549
2005-06-16,5.582016468048096,5.803464229588897,5.284206415343991,5.383476564548226,3224172
2005-06-17,5.337660312652588,5.559108084731432,5.2842066668037155,5.559108084731432,1959584
2005-06-20,5.253662586212158,5.4216571113955325,5.253662586212158,5.4216571113955325,1025299
2005-06-21,5.284205913543701,5.3911120052762,5.207845209266184,5.207845209266184,991814
2005-06-22,5.383477210998535,5.475111023617288,5.345296653195045,5.345296653195045,1263510
2005-06-23,5.444566249847412,5.543835610862882,5.391112605665376,5.421656811796272,1527193
2005-06-24,5.360569000244141,5.459838372383816,5.352932256765577,5.444566859969939,984779
2005-06-27,5.352931022644043,5.421656169385389,5.268934367009676,5.268934367009676,612497
2005-06-28,5.291843414306641,5.352931828526928,5.284206671439022,5.352931828526928,426231
2005-06-29,5.284205913543701,5.345295503727977,5.27657035649708,5.31475090609012,548845
2005-06-30,5.284205913543701,5.322386858045303,5.238389411995478,5.2918426553160085,328621
2005-07-01,5.200209617614746,5.291843825703448,5.123848501540018,5.123848501540018,438161
2005-07-04,5.100939750671387,5.177300464426931,5.0933037977684155,5.177300464426931,482334
2005-07-05,5.09330415725708,5.162029317868931,5.078031460555959,5.078031460555959,472357
2005-07-06,5.09330415725708,5.1467566211678095,5.09330415725708,5.09330415725708,292833
2005-07-07,5.062758922576904,5.108575430908291,4.97876106918258,5.108575430908291,761359
2005-07-08,4.818402290344238,5.0551227493198185,4.818402290344238,5.0551227493198185,608003
2005-07-11,4.856583118438721,4.963489218692287,4.826038123457679,4.826038123457679,423458
2005-07-12,4.9253082275390625,4.971125127242074,4.9253082275390625,4.9253082275390625,301909
2005-07-13,4.902400016784668,4.963489216907598,4.887127321845342,4.963489216907598,416720
2005-07-14,4.948216915130615,4.948216915130615,4.887127710153821,4.9100359645658065,426637
2005-07-15,4.95585298538208,4.994033936848926,4.90240052212749,4.948217032033891,521671
2005-07-18,4.95585298538208,4.95585298538208,4.95585298538208,4.95585298538208,0
2005-07-19,4.9329447746276855,5.093304140371435,4.9329447746276855,4.963489773020024,448143
2005-07-20,4.8871283531188965,4.932945262879301,4.8871283531188965,4.932945262879301,540109
2005-07-21,4.787858486175537,4.81840269465958,4.665680072604817,4.665680072604817,625492
2005-07-22,4.742041110992432,4.8489464224516645,4.742041110992432,4.772585316448528,484095
2005-07-25,4.772585868835449,4.856583727014705,4.749677613364788,4.856583727014705,292840
2005-07-26,4.742041110992432,4.7878580115394715,4.680951910263045,4.696224605353988,372376
2005-07-27,4.742041110992432,4.803129521904625,4.71913285817321,4.742041110992432,447922
2005-07-28,4.703860282897949,4.803129644248875,4.703860282897949,4.803129644248875,320703
2005-07-29,4.581681251525879,4.7344038414375085,4.581681251525879,4.7344038414375085,481238
2005-08-01,4.558773040771484,4.680951429686645,4.558773040771484,4.581681291238799,498170
2005-08-02,4.871856212615967,4.871856212615967,4.581682093240315,4.581682093240315,1254833
2005-08-03,4.848946571350098,4.932944422386657,4.772585463002112,4.871856009598599,1191399
2005-08-04,4.9940338134765625,5.154392384004746,4.7878583392652025,4.7878583392652025,1508332
2005-08-05,4.9940338134765625,4.9940338134765625,4.9940338134765625,4.9940338134765625,0
2005-08-08,4.894763946533203,5.123847651668883,4.887127204338566,4.971125049942235,739424
2005-08-09,4.848946571350098,4.955852675909331,4.848946571350098,4.8947642631212736,422266
2005-08-10,4.757312774658203,4.910035373816805,4.757312774658203,4.864218870505228,406461
2005-08-11,4.719132423400879,4.887126920112213,4.658043228299622,4.887126920112213,267885
2005-08-12,4.795494556427002,4.894764717326566,4.7420416966415795,4.810766858495501,430977
2005-08-15,4.696224689483643,4.826038256087618,4.688587946892766,4.803129607949407,382065
2005-08-16,4.665679931640625,4.71913318341715,4.658043978477478,4.711496440436754,351532
2005-08-17,4.65804386138916,4.726769017764449,4.627498864778503,4.726769017764449,183647
2005-08-18,4.6198625564575195,4.742040953867992,4.6198625564575195,4.6198625564575195,331629
2005-08-19,4.581681251525879,4.658043138844524,4.581681251525879,4.658043138844524,208236
2005-08-22,4.6885881423950195,4.734404650764667,4.619862984931928,4.619862984931928,352144
2005-08-23,4.696224689483643,4.90240015327592,4.696224689483643,4.90240015327592,428654
2005-08-24,4.581681251525879,4.772584785096831,4.581681251525879,4.72676828455933,370132
2005-08-25,4.734404563903809,4.734404563903809,4.581681950686831,4.581681950686831,328800
2005-08-26,4.650406837463379,4.7191327795011135,4.581681685242826,4.7191327795011135,345973
2005-08-29,4.566410064697266,4.696224819624454,4.566410064697266,4.619862920320027,366580
2005-08-30,4.574045181274414,4.612226123944875,4.574045181274414,4.612226123944875,292261
2005-08-31,4.352597713470459,4.581681408744548,4.352597713470459,4.57404545669579,261381
2005-09-01,4.352597713470459,4.352597713470459,4.352597713470459,4.352597713470459,0
2005-09-02,4.451868057250977,4.57404647654095,4.360234637692151,4.360234637692151,268970
2005-09-05,4.5053205490112305,4.535864753744561,4.4518673021835795,4.4976849914636325,249143
2005-09-06,4.474776744842529,4.535865159777588,4.467140001885556,4.535865159777588,213585
2005-09-07,4.436595439910889,4.5053205923114215,4.428958697564131,4.474776387284534,112184
2005-09-08,4.467139720916748,4.566409869849781,4.436595515370351,4.436595515370351,257412
2005-09-09,4.436595439910889,4.543501539685067,4.436595439910889,4.543501539685067,150333
2005-09-12,4.428958892822266,4.474776584562619,4.367870480075304,4.474776584562619,178952
2005-09-13,4.428958892822266,4.467139841879183,4.375506432941521,4.398414686448785,162740
2005-09-14,4.383142948150635,4.512957322799973,4.383142948150635,4.467140414998678,256692
2005-09-15,4.215147972106934,4.4289590016074145,4.207511229235922,4.4289590016074145,231350
2005-09-16,4.085333347320557,4.199875005188161,4.062424699820161,4.199875005188161,381289
2005-09-19,4.161694526672363,4.2609646855139856,4.123514759564226,4.123514759564226,151214
2005-09-20,4.238056182861328,4.238056182861328,4.1311500768408065,4.1311500768408065,221420
2005-09-21,4.146422863006592,4.238056275256145,4.123514608671359,4.123514608671359,230779
2005-09-22,4.169330596923828,4.169330596923828,3.970791101104871,4.047152202629962,292480
2005-09-23,4.001336097717285,4.184603330567703,3.970791887999426,4.184603330567703,261053
2005-09-26,4.039517879486084,4.154059972874503,3.9326117413661503,4.016609618771893,367014
2005-09-27,3.955519199371338,3.970791896626428,3.7569796637763146,3.7569796637763146,342720
2005-09-28,3.703526735305786,3.8333403017633807,3.703526735305786,3.8333403017633807,587890
2005-09-29,3.7951602935791016,3.7951602935791016,3.665345932154714,3.7035268822204057,349262
2005-09-30,3.856248378753662,3.8944293255600586,3.741706723060229,3.8562483787536617,242264
2005-10-03,3.7798874378204346,3.871520835731551,3.749343235122437,3.871520835731551,438568
2005-10-04,3.7111623287200928,3.8562481815677847,3.7111623287200928,3.8027957275709627,376159
2005-10-05,3.726435661315918,3.802796782387872,3.711163358119792,3.726435661315918,335213
2005-10-06,3.703526735305786,3.779887842590773,3.672981739519746,3.672981739519746,168208
2005-10-07,3.7187986373901367,3.764615543529251,3.6729821261596682,3.6729821261596682,568516
2005-10-10,3.7187986373901367,3.7187986373901367,3.7187986373901367,3.7187986373901367,0
2005-10-11,3.764615058898926,3.7875233115651112,3.71879815865796,3.71879815865796,829994
2005-10-12,3.756978988647461,3.886793337810217,3.7493434312093314,3.7493434312093314,611494
2005-10-13,3.8486127853393555,3.8867933368809497,3.7569789877492306,3.7798876346010526,760479
2005-10-14,3.932610511779785,4.031879873775795,3.894429562648971,3.955518765331386,614603
2005-10-17,3.6577093601226807,3.9860636504638216,3.6577093601226807,3.8944298399162514,658277
2005-10-18,3.6195290088653564,3.7264351155819075,3.4668063941789007,3.657709168901199,509743
2005-10-19,3.3675363063812256,3.5889840822642802,3.3675363063812256,3.5889840822642802,417724
2005-10-20,3.245358467102051,3.512623342437656,3.13845235900436,3.3751730269349616,543363
2005-10-21,3.1842691898345947,3.2453585943106855,3.0697273215774112,3.2453585943106855,592168
2005-10-24,3.1919050216674805,3.2606301794946795,3.0697272046410626,3.0697272046410626,249078
2005-10-25,3.1689963340759277,3.3064474293187067,3.1384521289102576,3.2453582291701797,234264
2005-10-26,3.1460888385772705,3.176633840910748,3.069727714923987,3.115544428606826,249452
2005-10-27,3.0620903968811035,3.1460882490127515,3.0544546413645053,3.1460882490127515,251617
2005-10-28,2.9017319679260254,3.00863807894891,2.8482793073232164,2.9780938707081477,509744
2005-10-31,3.0239105224609375,3.0468187769480872,2.8253710005435533,2.855915208223544,621090
2005-11-01,3.054454803466797,3.1231799634867023,3.0239105950535556,3.0239105950535556,316122
2005-11-02,3.0697269439697266,3.123179598629918,3.0544544466386374,3.100271148814726,399119
2005-11-03,3.0620903968811035,3.0926355909448766,3.0391821430597723,3.0697271396692383,163802
2005-11-04,3.1155436038970947,3.1308162984753714,3.062090160144587,3.062090160144587,259616
2005-11-07,3.084998846054077,3.123179795608425,3.001001981251216,3.123179795608425,122928
2005-11-08,3.046818494796753,3.0849986521339026,2.978093540245281,3.0849986521339026,439245
2005-11-09,3.0697269439697266,3.0697269439697266,3.016273499492357,3.016273499492357,264632
2005-11-10,3.161360740661621,3.207177445662129,3.0697271332062988,3.0697271332062988,467444
2005-11-11,3.17663311958313,3.2453582732289337,3.1002712234521943,3.1842688747967647,333376
2005-11-14,3.222449779510498,3.283538189849345,3.207177282017193,3.207177282017193,537567
2005-11-15,3.2682669162750244,3.2835386259795802,3.1689967553817877,3.2835386259795802,363457
2005-11-16,3.222449779510498,3.3446273900053796,3.207177282017193,3.2682664821732272,272974
2005-11-17,3.1842691898345947,3.2835385588820167,3.168996690624833,3.168996690624833,142912
2005-11-18,3.1689963340759277,3.2377214867887236,3.1689963340759277,3.1689963340759277,292186
2005-11-21,3.1995420455932617,3.260630465835329,3.1766335918209934,3.1766335918209934,192435
2005-11-22,3.2071776390075684,3.2071776390075684,3.0544548190722294,3.1919051398142835,161599
2005-11-23,3.1919050216674805,3.207177520295461,3.1002714120797776,3.207177520295461,115264
2005-11-24,3.1995420455932617,3.207177801942027,3.107907638141202,3.1919053019728527,182205
2005-11-25,3.1537246704101562,3.1842688760020534,3.1308164174890836,3.1308164174890836,169191
2005-11-28,3.1842691898345947,3.252994350279769,3.153724981232347,3.153724981232347,266191
2005-11-29,3.1995420455932617,3.2453587556834695,3.184269348169759,3.207177801942027,321030
2005-11-30,3.420989513397217,3.420989513397217,3.252994201757522,3.252994201757522,738547
2005-12-01,3.5508038997650146,3.6577092181023527,3.5126233443069745,3.6577092181023527,2412332
2005-12-02,3.7417068481445312,3.7798877962273076,3.566075592707838,3.5889838456306244,1182828
2005-12-05,4.001336097717285,4.001336097717285,3.8562490282870288,3.8562490282870288,1905568
2005-12-06,3.9707915782928467,4.062424990116673,3.8944296777738514,4.047152688994598,1525973
2005-12-07,4.184602737426758,4.184602737426758,3.825704276299809,3.9707913251648947,604098
2005-12-08,4.0242438316345215,4.16169413971261,4.016608273831496,4.16169413971261,721231
2005-12-09,3.932610511779785,4.047152569355008,3.909702258228185,4.024243920894798,292830
2005-12-12,3.894429922103882,4.008971990251309,3.8409774571860344,3.970791827413695,458768
2005-12-13,3.856248378753662,3.9707912191728525,3.8257041741805646,3.8562483787536617,417554
2005-12-14,3.8486127853393555,3.894429289225836,3.818068581051229,3.833340090832419,361157
2005-12-15,3.703526735305786,3.902066246100518,3.703526735305786,3.894429503518253,403455
2005-12-16,3.8180692195892334,3.8333407319244475,3.741707313918033,3.8180692195892334,398032
2005-12-19,4.085333347320557,4.085333347320557,3.8180686891456284,3.8180686891456284,1773252
2005-12-20,4.169330596923828,4.306780895595852,4.108241399776896,4.29150859630912,1966303
2005-12-21,4.238056182861328,4.276236342648593,4.123514518773691,4.1616942836523405,1194098
2005-12-22,4.2762370109558105,4.428959648516039,4.15405937479804,4.2380568452016,1113841
2005-12-23,4.322054386138916,4.367870897532332,4.215148271434104,4.268600736423539,1052021
2005-12-26,4.138786315917969,4.337325845914744,4.131150362414389,4.337325845914744,1250495
2005-12-27,3.986063003540039,4.184602499262219,3.986063003540039,4.031879506469331,699539
2005-12-28,4.100605487823486,4.100605487823486,4.008971296295386,4.047152242341143,432738
2005-12-29,4.192238807678223,4.21514705677356,4.108240972875408,4.115876924271009,741837
2005-12-30,4.2762370109558105,4.291509709111378,4.16169493405847,4.291509709111378,720146
2006-01-02,3.978426933288574,4.199874673903589,3.978426933288574,4.199874673903589,922958
2006-01-03,4.077696800231934,4.253328061542417,4.016608387000535,4.253328061542417,805826
2006-01-04,4.008971214294434,4.230418959232505,3.9326101135819944,4.230418959232505,778712
2006-01-05,3.947882890701294,4.077696448717621,3.902065992364433,4.0166080407522955,752683
2006-01-06,3.9707915782928467,4.047152688994598,3.932610628033349,4.001335785628374,783050
2006-01-09,4.008971214294434,4.047152159559223,3.9707910588467836,3.9707910588467836,746175
2006-01-10,3.978426933288574,4.062424379377618,3.978426933288574,4.04715208055156,906690
2006-01-11,4.031879425048828,4.085333063809747,3.986062923044763,4.00133522201564,1060697
2006-01-12,4.115878105163574,4.146423104235289,4.031880246260812,4.085333895909152,1079135
2006-01-13,4.077696800231934,4.161694256969484,3.97842743764084,4.161694256969484,347058
2006-01-16,4.031879425048828,4.070060369930304,3.955518325103008,4.070060369930304,485881
2006-01-17,3.909703016281128,4.016609141703399,3.8944303177406883,3.97079223080814,428400
2006-01-18,3.8486127853393555,3.894429289225836,3.741706688150876,3.894429289225836,758106
2006-01-19,3.894429922103882,3.9326108747587885,3.8333407137829485,3.8409774571860344,675679
2006-01-20,4.016608715057373,4.047152924167773,3.894429904072551,3.932610856550679,1535734
2006-01-23,4.031879425048828,4.047152118928271,3.9707910189824513,4.016607915895083,903436
2006-01-24,4.123514175415039,4.123514175415039,4.031879588067632,4.031879588067632,479374
2006-01-25,4.154058933258057,4.192239884771321,4.10824202838732,4.10824202838732,929466
2006-02-03,4.199875831604004,4.222784483612169,4.138786619460459,4.138786619460459,437076
2006-02-06,4.459504127502441,4.46713968519223,4.199875025711285,4.199875025711285,1314484
2006-02-07,4.490048408508301,4.581681815776848,4.3525981001511775,4.4595042026911855,1862185
2006-02-08,4.612226963043213,4.642771169864502,4.505320856988549,4.505320856988549,2349152
2006-02-09,4.566410064697266,4.642771174184462,4.505320861180616,4.642771174184462,1048767
2006-02-10,4.65804386138916,4.65804386138916,4.528229501609788,4.528229501609788,1221212
2006-02-13,4.596954822540283,4.726769186966565,4.596954822540283,4.658044028131152,906690
2006-02-14,4.742041110992432,4.757313016266181,4.581681761623492,4.581681761623492,1439208
2006-02-15,4.772585868835449,4.772585868835449,4.665680150094175,4.734404916506158,1010808
2006-02-16,4.841311454772949,4.848947408963348,4.772586287424646,4.772586287424646,478290
2006-02-17,5.009305953979492,5.039850555454913,4.848946598779229,4.848946598779229,1502112
2006-02-20,5.192572593688965,5.223116796877962,5.085666500347488,5.192572593688965,1498859
2006-02-21,5.131484508514404,5.3071157881471445,5.1162126010676605,5.192573717935993,1126855
2006-02-22,4.963489055633545,5.192572758833941,4.887127163052446,5.116211656070003,979355
2006-02-23,4.963489055633545,4.963489055633545,4.818402012601468,4.894763905182568,812333
2006-02-24,5.009305953979492,5.009305953979492,4.810766439297871,4.91003580173007,883914
2006-02-27,5.192572593688965,5.268934483841445,4.963488897774364,5.047485555271248,519503
2006-03-01,5.223117828369141,5.276571477959063,5.139121154284114,5.1925736191480985,825348
2006-03-02,5.261298179626465,5.32238738090343,5.18493707293886,5.291843175173549,847039
2006-03-03,5.268935680389404,5.268935680389404,5.238390680446661,5.261298936767896,699539
2006-03-06,5.253662586212158,5.253662586212158,5.131484175302609,5.223117588576144,443584
2006-03-07,5.192572593688965,5.238389490835313,5.146755696542617,5.2078452876463155,380679
2006-03-08,5.070395469665527,5.192573083769913,5.047486031658715,5.162028877698119,272224
2006-03-09,5.108575344085693,5.177300500323379,5.047486140803922,5.047486140803922,280900
2006-03-10,5.070395469665527,5.116211976227521,5.055122774266723,5.06275872705752,294999
2006-03-13,5.085667133331299,5.116212130139192,5.047486183502895,5.085667133331299,248363
2006-03-14,5.009305953979492,5.078031109844882,4.97876095759546,5.062758809107172,404540
2006-03-15,5.009305953979492,5.0551228561926225,4.963489446674973,5.0551228561926225,351396
2006-03-16,4.9253082275390625,4.9863974271430775,4.9253082275390625,4.9863974271430775,428400
2006-03-17,4.833674907684326,4.925308313786355,4.833674907684326,4.8947641083580775,311268
2006-03-20,4.803129196166992,4.848946093606831,4.803129196166992,4.818401890222176,294999
2006-03-21,4.780221462249756,4.795494157957855,4.74204130261396,4.795494157957855,354650
2006-03-22,4.764949798583984,4.887127411247706,4.764949798583984,4.780221309076898,193051
2006-03-23,4.7496771812438965,4.7649498767130325,4.742041228417935,4.742041228417935,155091
2006-03-24,4.803129196166992,4.833674584277359,4.726768490251067,4.734404047461518,354650
2006-03-27,4.810766220092773,4.810766220092773,4.711496072366648,4.7878579674843404,330790
2006-03-28,4.826037883758545,4.826037883758545,4.757312734463268,4.810765979389438,154007
2006-03-29,4.787858486175537,4.841310949749772,4.77258578957056,4.826038648053432,84595
2006-03-30,4.810766220092773,4.810766220092773,4.7649497148759075,4.7878579674843404,188713
2006-03-31,4.772585868835449,4.795494519214753,4.772585868835449,4.772585868835449,97610
2006-04-03,4.841311454772949,4.887128364641377,4.772586287424646,4.772586287424646,416470
2006-04-04,4.848946571350098,4.848946571350098,4.772585463002112,4.772585463002112,194135
2006-04-06,4.818402290344238,4.879491492003563,4.818402290344238,4.848946496265297,109540
2006-04-07,4.810766220092773,4.8336748676098,4.795493920050954,4.810766220092773,105202
2006-04-10,4.810766220092773,4.864219072784846,4.772585272533927,4.810766220092773,189797
2006-04-11,4.848946571350098,4.848946571350098,4.818402364956069,4.848946571350098,246194
2006-04-12,4.986397743225098,5.024577903034919,4.833675129442738,4.8413106875143646,321029
2006-04-13,5.123847961425781,5.307115173558704,4.994033603892334,4.994033603892334,734245
2006-04-14,5.261298179626465,5.421656740615596,5.139120566889737,5.337660076131272,659411
2006-04-17,5.345296382904053,5.40638558822751,5.268935271158359,5.337660429692934,1135532
2006-04-18,5.261298179626465,5.459837688867999,5.207845720872022,5.459837688867999,609521
2006-04-19,5.276571273803711,5.406385638877925,5.230754369381876,5.345296432982146,649650
2006-04-20,5.3223876953125,5.345296344598943,5.276571186556861,5.284206744804636,335128
2006-04-21,5.253662586212158,5.284206794030918,5.24602584316737,5.284206794030918,473951
2006-04-24,5.345296382904053,5.42165709974112,5.192573369595411,5.192573369595411,911028
2006-04-25,5.7194671630859375,5.7194671630859375,5.436929786416286,5.436929786416286,5212385
2006-04-26,5.734739780426025,5.895098360592276,5.688922873989105,5.8798260584466355,4853396
2006-04-27,6.131818771362305,6.131818771362305,5.734739710251882,5.734739710251882,3808967
2006-04-28,6.208179473876953,6.490716843892466,6.040184953306726,6.322721533505005,3374059
2006-05-02,6.635804176330566,6.635804176330566,6.635804176330566,6.635804176330566,1291708
2006-05-03,7.09397029876709,7.09397029876709,7.09397029876709,7.09397029876709,1204943
2006-05-04,7.590320587158203,7.590320587158203,7.590320587158203,7.590320587158203,2148509
2006-05-05,8.094305992126465,8.094305992126465,7.750679421792215,8.094305992126465,15020043
2006-05-08,8.017943382263184,8.094305274353317,7.636137081081136,8.094305274353317,6229700
2006-05-09,7.712497711181641,8.017943712487876,7.483414394927746,8.017943712487876,7715545
2006-05-10,8.094305992126465,8.247029000032489,7.491050703260587,7.636137758225616,8350011
2006-05-11,7.78886079788208,8.017944938996258,7.529232051964857,8.017944938996258,5777440
2006-05-12,7.86522102355957,8.017944030265609,7.407053583075898,7.407053583075898,2443509
2006-05-15,8.399752616882324,8.399752616882324,7.750680712467153,7.8652223951077,7282806
2006-05-16,8.476112365722656,8.934280601707664,8.247029037547382,8.78155838292415,7345710
2006-05-17,8.285207748413086,8.70519537627297,8.017943109725104,8.552472387101067,3920676
2006-05-18,8.857919692993164,8.857919692993164,8.056124866946025,8.094306212324136,5703690
2006-05-19,9.46881103515625,9.46881103515625,8.705196757916944,9.010641994922315,10778336
2006-05-22,9.010641098022461,9.697893405239865,8.934279993826253,9.545171196847448,5217808
2006-05-23,8.896100044250488,9.125184162171886,8.705196481013118,8.934280598934516,2593178
2006-05-24,8.857919692993164,9.087003816175597,8.667016125371594,8.934280804114893,2787313
2006-05-25,9.46881103515625,9.46881103515625,9.010641994922315,9.048823340638084,6638579
2006-05-26,9.774256706237793,10.041521399213913,9.239727320285555,9.583353128449911,9169937
2006-05-29,9.850616455078125,9.88879700737634,9.583351799173442,9.774255350481695,2938067
2006-05-30,9.697894096374512,9.96515955974266,9.23972664872811,9.926979004923561,4334978
2006-06-01,9.621532440185547,9.774255440603746,9.392449124284031,9.545171334885042,2622461
2006-06-02,9.850616455078125,10.079701348501773,9.774255350481695,9.926978349491733,4052993
2006-06-05,9.31608772277832,9.965159521675183,9.16336471426811,9.888797622511463,3443471
2006-06-06,9.087004661560059,9.316088806054704,8.8961010761783,8.934281635291187,2459777
2006-06-07,9.163363456726074,9.316086444277216,8.781557172573901,9.010640469174932,2027038
2006-06-08,8.7815580368042,9.087003252149518,8.552473138023712,9.087003252149518,2550880
2006-06-09,8.819740295410156,8.972463327522458,8.476113670611813,8.667017263297854,1348105
2006-06-12,8.819740295410156,8.819740295410156,8.323390638499509,8.590655352333027,1397995
2006-06-13,8.896100044250488,9.087003607487857,8.47611236309172,8.705196481013118,1181083
2006-06-14,9.506991386413574,9.506991386413574,8.896100135735221,9.010641800965216,6270914
2006-06-15,9.31608772277832,9.65971429447199,9.010641705757898,9.65971429447199,4280750
2006-06-16,9.774256706237793,9.888798379020148,9.316088435473793,9.506992013261675,5445565
2006-06-19,10.385146141052246,10.385146141052246,9.774254959279423,9.926977952176916,6895619
2006-06-20,10.23242473602295,10.690592995996854,9.659714805964203,10.690592995996854,4522606
2006-06-21,9.545172691345215,10.156063200197007,9.545172691345215,10.156063200197007,3549758
2006-06-22,9.545172691345215,9.888798503847186,9.50699213326914,9.545172691345215,2671266
2006-06-23,9.92697811126709,10.079701106612127,9.354267471086068,9.506990466431105,4337147
2006-06-26,9.965157508850098,10.270602674357558,9.774253984226533,9.926976961888798,3984665
2006-06-27,9.92697811126709,10.232423312140005,9.888796770067959,9.96515866264906,3037846
2006-06-28,10.079703330993652,10.461509718887259,9.85061839251322,9.926980301945807,4340400
2006-06-29,10.079703330993652,10.385148599272004,10.041521981368689,10.385148599272004,3483600
2006-06-30,9.850616455078125,10.30878466229106,9.850616455078125,10.23242355769463,2684280
2006-07-03,9.92697811126709,10.079701106612127,9.85061621868599,9.85061621868599,1278693
2006-07-04,9.92697811126709,10.308784414903943,9.85061621868599,10.079701106612127,4042147
2006-07-05,9.583352088928223,9.92697864963614,9.54517153547561,9.774255646008488,2547626
2006-07-06,9.621532440185547,9.659713782652988,9.545171334885042,9.545171334885042,869815
2006-07-07,9.31608772277832,9.774255958491725,9.31608772277832,9.697894059328005,1878454
2006-07-10,9.392449378967285,9.468810486338379,9.239726374407889,9.316087481778982,1345936
2006-07-11,9.125185012817383,9.430630268580302,9.087004454574181,9.392450500154402,1466322
2006-07-12,9.048822402954102,9.316087056365664,9.010641061194873,9.125183506838214,739668
2006-07-13,9.048822402954102,9.201544610722324,9.048822402954102,9.048822402954102,970679
2006-07-14,9.048822402954102,9.16336405878027,9.010641061194873,9.048822402954102,787389
2006-07-17,8.590655326843262,9.048824421820713,8.43793308500146,9.048824421820713,1354612
2006-07-18,8.705195426940918,8.743375977001838,8.590652986941024,8.590652986941024,684356
2006-07-19,9.27790641784668,9.27790641784668,9.239726652827873,9.239726652827873,2016193
2006-07-20,9.545172691345215,9.621533807497364,9.316088553071468,9.621533807497364,3753655
2006-07-21,9.850616455078125,10.003339454088163,9.354267695566973,9.392449037682368,5259021
2006-07-24,10.041521072387695,10.156062741442009,9.69789448559023,9.850617500813243,9007253
2006-07-25,10.041521072387695,10.232424643962148,9.850617500813243,10.079702418556396,5690675
2006-07-26,9.774256706237793,9.926979726431558,9.697894801232266,9.850617821426031,2601854
2006-07-27,9.774256706237793,9.965160284025675,9.774256706237793,9.774256706237793,2168031
2006-07-28,9.850616455078125,9.965158901789948,9.774255350481695,9.926978349491733,2042222
2006-07-31,9.812437057495117,10.003340631268662,9.736075943912608,9.926979517686153,1189760
2006-08-01,10.423327445983887,10.461508792226818,9.736075850687358,9.736075850687358,12381313
2006-08-02,10.88149642944336,11.03421865426041,10.461508731561949,10.537870633787735,11486553
2006-08-03,10.843314170837402,11.186940727390324,10.576049510083571,10.919676066636493,9477951
2006-08-04,10.690592765808105,11.072399904171084,10.652412209935259,10.996038002608136,4696135
2006-08-07,10.423327445983887,10.576050461503817,10.308785776706888,10.537870694895416,3009648
2006-08-08,10.614230155944824,10.652410706428778,10.423325823890771,10.423325823890771,1827480
2006-08-09,10.843314170837402,10.919676066636493,10.614230852891714,10.614230852891714,2763453
2006-08-10,10.76695442199707,10.957858790649109,10.461509169751853,10.84331553760405,3879463
2006-08-11,10.499690055847168,10.766954758645408,10.461509496849892,10.766954758645408,2637644
2006-08-14,10.5760498046875,10.65241170261371,10.385147034415018,10.46150814252401,1312315
2006-08-15,10.5760498046875,10.805134708648913,10.53787004045022,10.614231148559213,2500990
2006-08-16,10.843314170837402,11.034217725609338,10.690591958873611,10.881495513645545,5393506
2006-08-17,11.034217834472656,11.225122180945243,10.766953171082,11.072399177657495,5615841
2006-08-18,10.996037483215332,11.377844603543826,10.881495821007114,11.110579935240768,4133250
2006-08-21,10.385146141052246,10.843313540110428,10.232423148154753,10.843313540110428,4003103
2006-08-22,10.537871360778809,10.652413037293645,10.232425310437947,10.385148335608378,2285163
2006-08-23,10.385146141052246,10.614230235489911,10.385146141052246,10.614230235489911,905605
2006-08-24,10.346966743469238,10.461508408545361,10.117882623499758,10.385147298494612,1123602
2006-08-25,10.156062126159668,10.614231144071564,10.156062126159668,10.34696647598587,2104042
2006-08-28,9.850616455078125,10.156061663281022,9.545171246875228,9.965158901789948,1758068
2006-08-29,9.774256706237793,9.926979726431558,9.697894801232266,9.926979726431558,1015146
2006-08-30,10.156062126159668,10.156062126159668,9.774255795958911,9.774255795958911,1698417
2006-08-31,10.041521072387695,10.308785756665023,9.96515995968482,10.308785756665023,727738
2006-09-01,9.888797760009766,10.041520770643507,9.77425609439739,10.041520770643507,1291708
2006-09-04,9.92697811126709,10.041519765412998,9.85061621868599,9.888796770067959,1050936
2006-09-05,10.156062126159668,10.3087851321303,10.079701807900175,10.156062126159668,2071505
2006-09-06,9.812437057495117,10.194244205042207,9.812437057495117,10.003340631268662,848124
2006-09-07,9.812437057495117,9.926979517686153,9.697894597304082,9.697894597304082,707131
2006-09-08,9.888797760009766,9.888797760009766,9.6978941941719,9.812436649601516,709300
2006-09-11,9.92697811126709,10.079701106612127,9.888796770067959,10.079701106612127,978271
2006-09-12,9.92697811126709,10.156061419558906,9.85061621868599,9.92697811126709,1712516
2006-09-13,10.614230155944824,10.614230155944824,10.079700869535188,10.079700869535188,7588651
2006-09-14,10.72877311706543,11.339664368832034,10.537870341342028,11.072399693002032,17342081
2006-09-15,10.461507797241211,10.881495457613385,10.423326454629676,10.76695300941316,4459702
2006-09-18,10.805134773254395,11.110579997333884,10.805134773254395,11.110579997333884,7683008
2006-09-19,11.53056812286377,11.53056812286377,10.843314959755986,10.843314959755986,12742471
2006-09-20,12.065096855163574,12.217819860105486,11.377844517650786,11.606928630155048,17019967
2006-09-21,12.905073165893555,12.905073165893555,12.141458873706771,12.370543793216623,10043006
2006-09-22,13.363242149353027,13.668686601017416,12.714169530297134,13.057796118054105,27960988
2006-09-25,13.63050651550293,14.05049341653351,13.019614467196368,13.592325170120834,17945095
2006-09-26,13.668685913085938,13.706867257439622,13.210517679013975,13.630506148366704,9382510
2006-09-27,13.28687858581543,13.935950372505834,13.28687858581543,13.668685705002071,9644973
2006-09-28,12.981433868408203,13.325060446982185,12.828710856840074,13.172337435414056,9602676
2006-09-29,13.706866264343262,13.706866264343262,12.981432621441096,13.210516721879367,11894347
2006-10-02,13.82140827178955,14.203213777400782,13.63050472916679,13.745045591033016,20320277
2006-10-03,14.77592658996582,14.77592658996582,13.821410315356166,13.821410315356166,16822578
2006-10-04,15.730443954467773,15.806805064503022,14.508661455000375,15.04319080488159,25715953
2006-10-05,16.79950523376465,16.79950523376465,15.577722546694671,15.730446369850116,19843072
2006-10-09,16.79950523376465,16.79950523376465,16.79950523376465,16.79950523376465,0
2006-10-11,17.944921493530273,17.944921493530273,17.066764903832553,17.181307342425168,7779534
2006-10-12,17.60129737854004,19.166705725193726,17.60129737854004,19.166705725193726,31299257
2006-10-13,17.944921493530273,18.288547229673874,17.41039063997615,17.944921493530273,16931034
2006-10-16,18.708539962768555,19.243069405195985,18.174010520341124,18.7849026656594,15961439
2006-10-17,17.48675537109375,18.250368032184554,17.41039268331368,18.174006924038917,12263096
2006-10-18,17.715839385986328,17.83038184248617,17.181310028499734,17.181310028499734,7152659
2006-10-19,16.837684631347656,17.868562024986357,16.646781059273557,17.715839799180888,6743781
2006-10-20,17.02858543395996,17.524933376920927,16.26497126985475,16.79950055287469,14552598
2006-10-23,17.52493667602539,17.715840252989675,16.264974331768776,17.028588639625912,11103704
2006-10-24,17.9067440032959,18.17400869770617,17.33403326685906,17.639479308885623,8847823
2006-10-25,17.639480590820312,18.09764889733987,17.563119469672838,17.90674530465383,7893412
2006-10-26,18.021282196044922,18.403087683559253,17.448571595322107,17.63947512889638,6939001
2006-10-27,17.677658081054688,18.70853703264291,17.677658081054688,18.021285451340425,7806648
2006-10-30,17.02858543395996,17.524933376920927,16.723139452391024,17.410390936378292,5110437
2006-10-31,16.952226638793945,17.181309971397773,16.4940583939518,16.79950283742357,3609408
2006-11-01,17.295852661132812,17.715839566396525,16.723141952435874,16.952226867768456,6909718
2006-11-02,17.295852661132812,17.75402091216346,17.104949091567168,17.295852661132812,7325104
2006-11-03,17.944921493530273,18.097643691897595,17.372210880201443,17.372210880201443,10423686
2006-11-06,18.78489875793457,19.166704294790037,17.639477408464913,17.715838515836005,21760570
2006-11-07,18.403091430664062,18.93762238128989,18.326731897247633,18.632176349451495,10898722
2006-11-08,19.05216407775879,19.39578986254525,18.479453383358372,18.555814493351534,9793558
2006-11-09,19.05216407775879,19.701234302517896,18.479453383358372,19.548512082531573,10028907
2006-11-10,18.63217544555664,19.243065899963028,18.326731008170675,18.97580122743308,4144095
2006-11-13,18.9376220703125,19.052164527825298,18.364911362383022,18.364911362383022,5622348
2006-11-14,18.059463500976562,19.16670178215714,18.059463500976562,19.128522023293925,7357641
2006-11-15,17.677658081054688,18.097646562636868,17.639478315223716,18.059466796805896,6094131
2006-11-16,17.48675537109375,18.021284707747643,17.48675537109375,17.792199803676297,3677736
2006-11-17,17.372215270996094,17.71584109399047,17.334033921936875,17.4867577385391,3264519
2006-11-20,17.48675537109375,17.90674225571197,17.37221291905808,17.37221291905808,2157185
2006-11-21,17.181312561035156,17.7158419973117,16.952229193902948,17.563119752556894,4564904
2006-11-22,17.410390853881836,17.52493329388173,17.181307553516316,17.21948889339437,2815512
2006-11-23,18.059463500976562,18.250365454561056,17.33402912696497,17.41039022432561,7119038
2006-11-24,18.288549423217773,18.55581409223366,18.17400697088684,18.250368079229318,5666815
2006-11-27,18.059463500976562,18.55581142363782,18.059463500976562,18.403087649282334,5341447
2006-11-28,18.403091430664062,18.70853746250246,18.174008091511165,18.174008091511165,4778562
2006-11-29,18.021282196044922,18.632172555702066,18.021282196044922,18.632172555702066,3903324
2006-11-30,17.944921493530273,18.326728569082828,17.944921493530273,18.250365890264916,3120273
2006-12-01,19.166704177856445,19.166704177856445,18.021284415009266,18.021284415009266,10745800
2006-12-04,20.50303077697754,20.50303077697754,19.70123513892336,19.70123513892336,9351058
2006-12-05,21.22846031188965,21.915713379869384,20.655749685178915,21.915713379869384,26657349
2006-12-06,22.6793270111084,22.6793270111084,21.22846128716014,21.457544600588328,17808441
2006-12-07,21.801172256469727,22.602966234552202,21.457544911890626,22.45024402338441,10140616
2006-12-08,21.76299285888672,22.297522225380916,21.457546829618096,21.457546829618096,7648302
2006-12-11,22.144798278808594,22.87023115973905,21.533906267768124,21.915714959394215,8726353
2006-12-12,22.3356990814209,23.519300034908735,22.221156646016475,22.679324807999965,12537489
2006-12-13,21.648448944091797,22.373881779689167,21.075738311893566,22.373881779689167,7655894
2006-12-14,21.61026954650879,22.068437777536634,21.53390685830878,21.915715560405502,3780769
2006-12-15,21.648448944091797,22.144796894956155,21.648448944091797,21.801171147490937,3551927
2006-12-18,21.992076873779297,22.297521310886115,21.45754594957345,21.686630857038022,3588802
2006-12-19,21.38118553161621,22.068438696596473,21.228463308124823,21.99207758485078,5371815
2006-12-20,22.030256271362305,22.068437615181413,21.45754559188226,21.572088043705154,4046485
2006-12-21,21.38118553161621,22.144799808342167,21.38118553161621,22.030257350906375,2531358
2006-12-22,21.53390884399414,21.76299377044967,21.304825497173198,21.38118661278018,2139832
2006-12-25,22.984777450561523,22.984777450561523,21.53390986659204,21.53390986659204,8134184
2006-12-26,24.58836555480957,24.58836555480957,23.290221796256073,23.939295255167476,11407380
2006-12-27,24.282915115356445,25.81014185520931,24.13019133562717,25.084709035306627,11105990
2006-12-28,25.31379508972168,25.657420845697875,24.51200113256578,24.51200113256578,9408540198
2006-12-29,25.42833709716797,25.695601761554972,24.85562642506678,25.42833709716797,10045175
2007-01-02,27.184650421142578,27.184650421142578,25.428338541394833,25.848327023309782,11269641
2007-01-03,27.26101303100586,28.10098683306702,26.76466343921109,27.184650340241667,9300084
2007-01-04,26.344676971435547,27.337373012081617,26.191953167030018,26.955565870519578,5876134
2007-01-05,24.855627059936523,26.115590886668386,24.512002859387035,26.07740954236597,5742734
2007-01-08,25.886505126953125,26.26831223885585,24.817446477333018,24.817446477333018,5188525
2007-01-09,26.726484298706055,27.64282081296829,26.268314461940406,26.726484298706055,7517071
2007-01-10,25.962867736816406,27.49009785249771,25.73378440419008,26.726483584474302,4113728
2007-01-11,24.168376922607422,26.344677344393748,24.168376922607422,26.11559242435959,8230710
2007-01-12,24.970169067382812,25.046531754624237,24.321097283271662,24.970169067382812,3864279
2007-01-15,24.626544952392578,25.35197789298221,23.404762409467374,25.275616780230855,5416282
2007-01-16,25.122894287109375,25.54288279862704,24.817449820152465,24.817449820152465,4121320
2007-01-17,25.9246883392334,25.96286810539589,24.51200381889644,24.741087154774927,5186356
2007-01-18,25.351974487304688,26.26831087649319,25.313794725875184,25.962864886885583,3500953
2007-01-19,25.39015769958496,25.962866800309836,24.817447019225654,25.199254139465193,5182017
2007-01-22,27.146469116210938,27.146469116210938,25.19925377865105,25.8865053215343,10278355
2007-01-23,29.017322540283203,29.017322540283203,27.222832528232757,27.222832528232757,19361528
2007-01-24,29.78093910217285,30.544553411346897,29.322772412229916,29.39913194758583,14366054
2007-01-25,27.719181060791016,29.780939060846016,27.719181060791016,29.170046982500683,10905230
2007-01-26,25.81014633178711,26.95556619043274,25.81014633178711,25.81014633178711,13784731
2007-01-29,25.50469970703125,26.45921591135824,24.817446586652167,25.351975913816784,9545194
2007-01-30,24.43564224243164,25.733785943887863,24.43564224243164,25.581063712999335,5366392
2007-01-31,24.970169067382812,25.16107262621753,24.20655641167837,24.5120024217408,5626686
2007-02-01,25.542879104614258,26.039228661089048,24.89380733674771,25.122890653835345,6111484
2007-02-02,25.5810604095459,26.077408385654163,25.12289061677768,26.039228622679733,3254758
2007-02-05,25.199254989624023,25.886506565533768,25.199254989624023,25.581062122744765,3803544
2007-02-06,26.955562591552734,26.955562591552734,25.199252481426154,25.199252481426154,13117728
2007-02-07,26.344676971435547,26.879206337768593,26.268314279415524,26.726484112997586,5005234
2007-02-08,26.497398376464844,26.68830036170547,25.581061896918172,26.344676156418558,4026963
2007-02-09,26.191953659057617,26.955566376891984,26.191953659057617,26.497399693972092,3953213
2007-02-12,26.191953659057617,26.87920684270655,26.15377231233035,26.2683147728776,2304685
2007-02-13,25.962867736816406,26.688300659584847,25.962867736816406,26.45921732695852,2285163
2007-02-14,25.733781814575195,26.421033322929894,25.428335822176255,26.039227806974132,2646321
2007-02-26,25.5810604095459,26.191950833846217,25.12289061677768,26.191950833846217,3854518
2007-02-27,26.039226531982422,26.72647958632061,25.42833457709642,25.6955992149962,3861026
2007-03-01,25.199254989624023,25.657423233442014,24.817447856503282,25.046532768229522,3080144
2007-03-02,25.199254989624023,25.581062122744765,24.855627622034664,25.199254989624023,1674557
2007-03-05,23.25204086303711,24.970171478841113,23.25204086303711,24.970171478841113,3006394
2007-03-06,22.832050323486328,23.213859023587382,21.686630541720906,22.984774119453636,4816521
2007-03-07,24.397459030151367,24.397459030151367,22.984774553320012,22.984774553320012,6206925
2007-03-08,24.13019371032715,24.893807945219496,24.13019371032715,24.435639720210972,3769923
2007-03-09,24.168376922607422,24.66472494995719,24.092015809140882,24.435641609557575,1272186
2007-03-12,24.168376922607422,24.81744875652481,24.168376922607422,24.81744875652481,1512958
2007-03-13,24.779268264770508,25.199255166368363,24.282918672305314,24.43564089477099,2849133
2007-03-14,24.092016220092773,24.473823373572717,24.05383487289095,24.435642026370896,1548748
2007-03-15,24.626544952392578,25.122892975093624,24.282919155194232,24.282919155194232,2595347
2007-03-16,25.46651840209961,26.191951287146956,24.512002196337818,24.626543066877836,5920601
2007-03-19,26.115591049194336,26.688300159853576,25.81014503177747,26.230131923545507,5443396
2007-03-20,27.146469116210938,27.87190042279081,26.49739733702431,26.917384215493584,12880210
2007-03-21,26.841022491455078,27.795541892253905,26.726483196257394,27.642819672721394,6922733
2007-03-22,27.108287811279297,27.642820331281136,27.108287811279297,27.337372725670228,4397882
2007-03-23,26.87920570373535,27.41373505745979,26.87920570373535,27.108287455853706,2930475
2007-03-26,27.528278350830078,28.177350179999227,26.955566054934323,27.261013665835083,5315418
2007-03-27,26.57375717163086,27.948263432556537,26.34467542753396,27.52827654923189,2612700
2007-03-28,26.497398376464844,27.184649946307616,26.344676156418558,26.344676156418558,2254795
2007-03-29,27.79553985595703,27.871899380494735,26.49739634612908,26.49739634612908,4285088
2007-03-30,27.871902465820312,28.406431833829632,27.41373579007049,28.25370960857969,4592018
2007-04-02,29.05550193786621,29.360946337044368,27.948260462125482,28.253704861303635,8254570
2007-04-03,29.32277488708496,29.97184362946852,29.017327242073936,29.17004948494474,7087586
2007-04-04,28.940961837768555,29.89548129527551,28.940961837768555,29.399131682854954,3791614
2007-04-09,30.16274642944336,30.16274642944336,29.170047189980007,29.3227725801045,5219977
2007-04-10,32.26268005371094,32.26268005371094,30.544549649317975,31.15544165327034,11605854
2007-04-11,34.4771614074707,34.4771614074707,31.537246876338006,32.377223810634014,10021315
2007-04-12,36.00438690185547,36.653458640980304,33.751724115954275,34.209893889109985,5800215
2007-04-13,33.75172805786133,35.96620818178573,33.560826069596516,34.36262010699292,5346870
2007-04-16,33.90445327758789,34.74442707676975,33.59900567484714,34.057175499323776,4067092
2007-04-17,34.24808120727539,35.27896026507016,33.75173156326023,33.75173156326023,9307676
2007-04-18,35.317138671875,35.35532159943522,34.13353742143067,34.36262234971517,6238377
2007-04-19,35.966209411621094,36.92072886339116,35.508042728557506,35.508042728557506,7777365
2007-04-20,36.27165222167969,36.88254105151207,36.0425673308582,36.50073395323249,4366430
2007-04-23,35.77530288696289,36.8825412669533,35.737123124692516,36.65345953406236,3006394
2007-04-24,35.1262321472168,36.19529079583401,35.1262321472168,35.8898463703059,2832865
2007-04-25,33.98081588745117,35.50804456171346,33.86627342095457,35.12623739314789,3669059
2007-04-26,33.14083480834961,34.362615586619555,32.988112605974436,33.98080850104734,4824113
2007-04-27,33.63718795776367,34.324439522093385,33.14083837714319,33.14083837714319,3523728
2007-04-30,33.29356384277344,34.209900404331066,33.17902137767008,33.63719123808351,2726578
2007-05-02,33.217201232910156,34.05717825943565,33.14084169548826,33.29356392960129,2312277
2007-05-03,32.071773529052734,33.52264237041088,30.926355415323748,33.217194802050344,3313324
2007-05-04,33.75172805786133,33.94263320539513,32.14813998306852,32.14813998306852,2763453
2007-05-07,35.8134880065918,36.004393165038664,34.133537144897566,34.20989984013015,4992220
2007-05-08,35.202598571777344,36.19529463980325,35.202598571777344,35.813487487710475,3102920
2007-05-09,34.01899337768555,35.278953989198435,33.90445092949915,34.82078735572159,1533564
2007-05-10,34.78261184692383,35.01169679212299,34.17172287208531,34.17172287208531,3048692
2007-05-11,34.36262512207031,35.12623950511379,34.20990287731551,34.36262512207031,1565017
2007-05-14,34.66806411743164,34.820789497252186,34.13353476586659,34.515341896880045,717977
2007-05-15,33.98081588745117,35.088057624072114,33.828093651878795,34.6680675271615,1130109
2007-05-16,33.217201232910156,33.98081556274452,33.10265876750808,33.75173063194036,1101910
2007-05-17,33.36991500854492,33.78990499498483,33.217192813143335,33.217192813143335,818841
2007-05-18,33.44628143310547,33.71354609481892,32.83538942378809,33.369918747214996,1373050
2007-05-21,34.13353729248047,34.13353729248047,33.36992297392972,33.82809282876784,1510789
2007-05-22,34.36262512207031,34.51534736682512,33.904458387805896,34.133540175303374,1184337
2007-05-23,33.98081588745117,34.51534529158912,33.904456349299615,34.362623056016744,1176745
2007-05-24,33.98081588745117,34.362623056016744,33.67537141630642,33.98081588745117,1076966
2007-05-25,35.1262321472168,35.737124157541835,33.90445128583552,33.94263104920934,4116981
2007-05-28,35.1262321472168,35.8898463703059,34.74442503567225,35.8898463703059,1729869
2007-05-29,35.202598571777344,35.7371279528534,35.12623587765114,35.202598571777344,1283032
2007-05-30,34.36262512207031,35.20260220712592,34.36262512207031,35.20260220712592,1094318
2007-05-31,34.286258697509766,34.74442533981257,34.209896010824885,34.59170312571164,1334006
2007-06-01,33.67536926269531,34.744428002602646,33.67536926269531,34.36262085845445,1567186
2007-06-04,33.5990104675293,34.133539899486564,33.29356598048784,33.751732711050025,1417517
2007-06-05,33.36991500854492,33.75172207668311,33.29355549047834,33.36991500854492,1567186
2007-06-06,35.088050842285156,35.50803769875183,33.44628001884625,33.52264270150776,4320878
2007-06-07,34.9735107421875,35.50804007884139,34.515340934044815,35.08805319422317,1595384
2007-06-08,34.897151947021484,35.88985120254902,34.591707480368036,34.973514643319454,2942405
2007-06-11,35.1262321472168,35.58439878550898,34.89714724843631,35.35531704599729,1185421
2007-06-12,34.897151947021484,35.39350157478525,34.897151947021484,35.31713887848728,1195182
2007-06-13,34.897151947021484,35.5080440395976,34.897151947021484,34.897151947021484,1435954
2007-06-14,35.1262321472168,35.24077459660704,34.74442503567225,35.24077459660704,1010808
2007-06-15,35.1262321472168,35.27895435998086,34.74442503567225,34.74442503567225,852462
2007-06-20,37.56979751586914,37.56979751586914,35.20259528919315,35.50803971867752,8246978
2007-06-21,38.5625,38.63886269989419,36.65346725460823,37.41707845720332,4738433
2007-06-22,39.09702682495117,39.63155621090341,38.25705297824599,38.9443045945747,4145180
2007-06-25,38.40977478027344,39.24974861761117,38.40977478027344,38.94430416026456,1509704
2007-06-26,38.40977478027344,39.32611131158238,38.40977478027344,38.40977478027344,2012939
2007-06-27,38.18069076538086,38.944305086171546,37.49343914037692,38.486138389258656,1738546
2007-06-28,38.18069076538086,38.944305086171546,37.98978876481779,38.33341615695436,2294924
2007-06-29,38.5625,38.79158494041321,38.25705551896196,38.40977775948098,1541156
2007-07-02,41.235145568847656,41.235145568847656,38.79158052111629,38.79158052111629,3889224
2007-07-03,43.67870330810547,44.06051040927136,41.08241628388492,41.08241628388492,9846701
2007-07-04,45.129573822021484,45.587740464447336,43.7550675762063,43.7550675762063,4864242
2007-07-05,45.74046325683594,47.4204139521728,45.053211704874585,45.81682594450669,6815362
2007-07-06,45.05321502685547,45.587744402157476,44.289600730918565,45.587744402157476,3231982
2007-07-09,44.51868438720703,45.81682802157821,43.98415502708584,43.98415502708584,2114887
2007-07-10,44.365966796875,45.43502562874778,43.98415961988196,44.51868903581835,2091027
2007-07-11,43.52598571777344,45.053214284482024,42.15148253515094,44.36596269317078,4433672
2007-07-12,44.06051254272461,44.213234758732185,42.99145387140274,43.29690146268674,2038968
2007-07-13,44.74776840209961,46.198634230310866,44.67140571250157,45.587742191333355,3266688
2007-07-16,45.05321502685547,46.427721391395714,44.289600730918565,44.747770572188344,2151762
2007-07-17,45.3586540222168,47.954941052209065,45.20593181326468,45.20593181326468,5209131
2007-07-18,44.51868438720703,45.89319071271081,44.44232169607443,45.435020884453216,2336137
2007-07-19,44.21323776245117,45.05321474646171,43.296904404152706,44.28960045527725,1769998
2007-07-20,43.14417266845703,44.67140102604551,43.14417266845703,43.90778684725127,2928306
2007-07-23,46.12227249145508,46.12227249145508,42.762370946722804,43.29690346638981,5673322
2007-07-24,48.336753845214844,48.79492368528316,46.427721269647755,46.427721269647755,5521484
2007-07-25,47.5731315612793,48.87127501108833,47.19132447843731,48.336745726963265,2083435
2007-07-26,45.587745666503906,48.336755312557294,45.053216276377064,48.336755312557294,3020493
2007-07-27,45.587745666503906,46.65680444675758,44.1368797276926,44.59504958166943,2417479
2007-07-30,47.5731315612793,48.10766084540436,45.58773662606212,45.58773662606212,5113690
2007-07-31,50.85667419433594,50.85667419433594,48.10766187531418,48.48946896633005,5470510
2007-08-01,52.15481948852539,54.36929956398365,51.69665283115589,51.773012361083005,10461645
2007-08-02,54.82746505737305,55.5910792520454,51.31484165744144,54.216576229050105,7585398
2007-08-03,54.82746505737305,56.50741249452981,54.216576229050105,56.35469344671775,4239537
2007-08-06,54.59838104248047,55.209269880597645,52.8420708939905,52.91843041912079,2213582
2007-08-07,56.354698181152344,56.354698181152344,54.21658078385856,54.98019504268318,4149518
2007-08-08,60.24913787841797,60.24913787841797,56.35470648044533,56.35470648044533,4496577
2007-08-09,63.37994384765625,64.44900251723107,61.776355843294034,61.8527153715386,8539809
2007-08-10,63.37994384765625,64.75444694874706,59.94368293566039,62.61632960959743,4455364
2007-08-13,63.76174545288086,66.81620229232395,63.379941507219215,64.29627476792966,4486816
2007-08-14,60.5545654296875,63.914466460051294,60.172755191547246,63.37993718148458,3063876
2007-08-15,56.354698181152344,60.09640362641646,56.354698181152344,58.87461954858949,4265566
2007-08-16,52.460269927978516,54.2165834412123,52.460269927978516,53.83477313381712,2330715
2007-08-17,51.696651458740234,53.22387992796571,48.87127942252687,51.7730109866402,4519352
2007-08-20,55.2856330871582,55.2856330871582,53.45296034168713,54.827463321156145,1901230
2007-08-21,59.10370635986328,59.10370635986328,55.97288969350381,55.97288969350381,2868655
2007-08-22,57.6528434753418,60.86001966507545,57.34739902658689,60.24913076756563,4293764
2007-08-23,61.62363815307617,61.62363815307617,58.34009588809354,59.56188008505846,6236208
2007-08-24,64.1435546875,65.89986165530524,61.08909789708456,61.08909789708456,5722127
2007-08-27,59.79096221923828,66.58712504450754,59.71460268504417,64.90717738100786,6229700
2007-08-28,62.23451614379883,62.92177081841358,58.187366576056135,58.9509807750045,4851227
2007-08-29,61.852725982666016,63.37995472078697,60.401856785889464,61.08911161360553,3379482
2007-08-30,61.241825103759766,63.22721702234221,60.936374360712406,62.921772597832415,3485769
2007-08-31,61.241825103759766,62.61632817332262,60.17276014016914,61.241825103759766,2545457
2007-09-03,60.32549285888672,62.005440557564434,60.32549285888672,61.241832562556986,1630090
2007-09-04,58.034645080566406,60.936376702740944,56.20197214453312,60.40184735967031,2358913
2007-09-05,57.57648849487305,58.798266386488315,57.57648849487305,58.034652044959486,2203821
2007-09-06,61.547264099121094,61.547264099121094,56.583775262693166,57.576474293686154,3684243
2007-09-07,61.929080963134766,63.76175405020174,61.54727696599255,62.46361035025687,4178801
2007-09-10,60.478206634521484,61.85270960752321,59.943677349546526,60.936370079830645,1437039
2007-09-11,61.852725982666016,63.227229319559356,61.47091563886637,61.852725982666016,2675604
2007-09-12,61.7763557434082,62.15815970255142,60.32548679788102,61.852715271529306,1176745
2007-09-13,60.70730209350586,62.005439453016855,60.70730209350585,61.8527203841512,840532
2007-09-14,61.089107513427734,61.16546704964704,60.32549319561951,60.70730351379281,1380642
2007-09-17,59.63823699951172,61.012746530088485,59.56187746510353,61.012746530088485,1122517
2007-09-18,59.63823699951172,59.63823699951172,59.63823699951172,59.63823699951172,0
2007-09-19,59.79096221923828,61.24183128015563,59.638236832311854,60.325491595673476,2303601
2007-09-20,57.27103805541992,60.936384389870184,57.27103805541992,60.936384389870184,2246119
2007-09-21,58.49280548095703,59.18006009082124,56.96557722694997,57.271021614044024,2887093
2007-09-26,60.478206634521484,61.69998424672874,58.79825293993082,58.79825293993082,3314409
2007-09-27,59.485511779785156,60.47821089859763,58.49281266097268,59.94368157593516,2176707
2007-09-28,63.60902786254883,63.60902786254883,59.180067871078634,59.485512298328715,9712216
2007-10-01,72.77239227294922,72.77239227294922,69.10704650886247,69.10704650886247,11804328
2007-10-02,74.91050720214844,77.50679422909747,72.54330506799343,73.99416763097234,9813080
2007-10-03,72.54330444335938,75.21595097204778,71.32152046515723,74.07053283647771,3692919
2007-10-04,68.72525024414062,72.61968170210069,67.50346596756327,71.01609339327105,3874040
2007-10-05,73.5360107421875,73.5360107421875,68.72524020023373,68.87796558193781,6715582
2007-10-08,76.36138153076172,78.65222449313379,73.53601549422841,73.53601549422841,8244809
2007-10-09,73.76509094238281,76.3613782580927,73.38328695761989,76.3613782580927,2418564
2007-10-11,73.23056030273438,76.74318723062545,73.23056030273438,74.07054042801573,4749279
2007-10-12,73.23056030273438,75.29231821290131,72.54331187837074,73.23056030273438,3319831
2007-10-15,72.1614990234375,74.52870129590431,72.1614990234375,73.53600846051201,2766707
2007-10-16,68.72525024414062,73.45965562788683,68.03800172237872,73.45965562788683,4092037
2007-10-17,68.19071197509766,70.86335881029152,68.11435244224586,68.72524134213643,3210291
2007-10-18,65.6707763671875,69.25976244237631,64.98352801647464,68.26706335963847,4350161
2007-10-19,66.96891784667969,67.19800272953098,65.6707743895471,65.6707743895471,2716817
2007-10-22,69.64157104492188,70.02337497308348,65.28897088007139,65.51805576438322,5728635
2007-10-23,67.42709350585938,71.47424959241279,67.19800860298487,70.40519092469023,3983581
2007-10-24,67.42709350585938,69.794295744179,67.19800860298487,68.26706727070743,4990051
2007-10-25,69.10704803466797,69.18340756353223,67.65617907502033,68.7252377532711,2533527
2007-10-26,71.32151794433594,73.38327557032022,69.10704127556002,69.25976031835165,4470547
2007-10-29,71.7796859741211,74.83413626000453,71.7796859741211,73.00146356105967,4118066
2007-10-30,68.64888000488281,72.46694500665005,67.80890620997705,71.93241565366112,2878416
2007-10-31,68.64888000488281,68.80159906657227,64.52536424266081,68.4197950938107,3965143
2007-11-01,65.1362533569336,68.6488802477489,64.90717476358898,68.6488802477489,3405511
2007-11-02,60.63093185424805,62.692689683084346,60.63093185424805,62.692689683084346,2636560
2007-11-05,56.6601448059082,61.54727498713615,56.43105988757304,59.18007258905692,3327423
2007-11-06,55.89653015136719,57.805562700266876,55.74380476729846,56.96558888423406,8554993
2007-11-07,58.034645080566406,58.72189980103056,56.50741658078237,56.6601419581759,6700399
2007-11-08,57.95829391479492,58.41646379455378,56.66015013450398,56.66015013450398,2540034
2007-11-09,62.005435943603516,62.005435943603516,58.11101144841256,58.11101144841256,5661392
2007-11-12,60.478206634521484,62.61632377442131,58.41644901575033,61.85270960752321,3344776
2007-11-13,62.692691802978516,64.21992034402035,60.47821484144442,60.47821484144442,5006319
2007-11-14,62.998146057128906,65.89987820953154,62.998146057128906,64.5253748359806,4456448
2007-11-15,59.5618782043457,62.845420365647925,58.79826389517166,61.85272113186784,2596431
2007-11-16,56.9655876159668,59.18007088370126,56.04925428756967,58.03464632503242,2872994
2007-11-19,55.20927047729492,57.729198019203984,55.20927047729492,56.96558380403571,2012939
2007-11-20,52.689353942871094,54.216582509119256,51.39121029341397,54.216582509119256,5068139
2007-11-21,53.45296859741211,56.12561544764818,52.68935430898207,52.68935430898207,3718949
2007-11-22,50.93303680419922,54.59838257270557,50.85667727692881,51.925735932865024,3185346
2007-11-23,47.42041778564453,50.933041676351806,47.42041778564453,49.63489799588892,3121357
2007-11-26,47.725860595703125,48.1076645486673,44.136874372566886,46.19863214677121,8366280
2007-11-27,44.442317962646484,46.274990803183066,44.442317962646484,45.81682417268329,4908709
2007-11-28,41.38786697387695,45.05321289338865,41.38786697387695,45.05321289338865,7343541
2007-11-29,44.13687515258789,44.213234680822694,41.387865791489105,42.15148002945025,13840043
2007-11-30,47.19132614135742,47.19132614135742,45.435016025810576,45.58773823247526,9964918
2007-12-03,50.47486877441406,50.47486877441406,47.80222204080362,47.80222204080362,8767566
2007-12-04,52.15481948852539,52.84207421348304,49.863979883140004,50.933038576271116,8854331
2007-12-05,51.46756362915039,52.61298491592066,51.31484142276808,52.00209293112278,3538912
2007-12-06,51.46756362915039,53.452961789926334,51.162119216385776,52.15481513750509,6650509
2007-12-07,49.6348991394043,52.15482386454153,48.718562588511745,51.92574209627028,3452147
2007-12-10,52.30754089355469,53.071151931165446,48.4894699091575,49.63489120447665,7950894
2007-12-11,52.002105712890625,53.14753044046726,51.54393898112941,52.68936054943661,3459739
2007-12-12,52.23118209838867,52.6893519143312,51.3912083148526,52.00209719041741,3535658
2007-12-13,50.39850997924805,54.82747019603346,49.78761793440107,52.68935277797249,6389130
2007-12-14,46.88587951660156,51.46756129678506,46.88587951660156,50.93303201903603,7857622
2007-12-17,44.28959655761719,46.80952096934732,43.75506723268258,45.81682500558396,4234114
2007-12-18,43.52598571777344,44.28960000112773,41.23514602697959,43.52598571777344,6648340
2007-12-19,46.50408172607422,46.50408172607422,44.13687926347588,44.289601493438816,3948875
2007-12-20,44.28959655761719,46.96224634155904,44.28959655761719,46.80952096934732,3472754
2007-12-21,43.67870330810547,45.053209504156406,42.3805597959952,44.28959530182463,3354537
2007-12-24,46.73316955566406,46.73316955566406,44.74777412419218,45.20594084256138,4998727
2007-12-25,49.940338134765625,49.940338134765625,46.733162137465015,47.34405099832103,6846814
2007-12-26,51.92573928833008,53.22388292850178,49.7112591468177,50.32214804153214,9397694
2007-12-27,52.689353942871094,53.83477220828817,51.238484909373916,51.925739659747016,7394516
2007-12-28,54.292938232421875,55.74380084558162,52.30754313116537,52.68935024593802,7616850
2007-12-31,56.812862396240234,56.88922191902937,55.056549142329274,55.74379748450602,5547513
2008-01-02,53.83477020263672,57.42375656775592,53.45296623456809,57.194671659499605,5513892
2008-01-03,54.216583251953125,55.132916613134064,51.46757053133397,52.00209990499072,5569205
2008-01-04,54.98019027709961,56.35469329642933,53.45296189182776,53.45296189182776,5982421
2008-01-07,53.83477020263672,56.049253436755876,53.45296623456809,53.45296623456809,5201539
2008-01-08,57.57648849487305,57.57648849487305,54.21658665585392,54.21658665585392,10401995
2008-01-09,57.42375946044922,58.569177740892826,56.35470071375834,57.576484846492846,8352180
2008-01-10,56.1256103515625,59.18006722794449,55.74380008274597,57.42375389217109,9108117
2008-01-11,54.44565963745117,56.9655807246013,54.14020891306584,56.12560702888459,5326264
2008-01-14,53.45296859741211,57.576484491226694,53.376602745592415,57.500118639407,9476867
2008-01-15,54.292938232421875,56.431055547733685,52.30754313116537,53.83476843098717,11161185
2008-01-16,54.67474365234375,56.12561262290146,53.30024052976232,53.911129402345665,9189459
2008-01-17,51.54392623901367,54.6747393635908,50.8566747316318,54.6747393635908,6599535
2008-01-18,48.9476432800293,49.17672502847537,47.954944119443624,48.03130680843826,7050711
2008-01-21,48.718563079833984,50.32215127025069,48.107670986655094,48.107670986655094,5676576
2008-01-22,45.3586540222168,45.81682380834189,45.3586540222168,45.3586540222168,3247166
2008-01-23,42.227840423583984,46.12227122148136,42.227840423583984,45.358656967862004,6890196
2008-01-24,39.32611083984375,42.22784262763599,39.32611083984375,40.08972513331941,10448631
2008-01-25,39.09702682495117,39.24974905532765,36.577102125566455,37.798883127847404,13758702
2008-01-28,36.38619613647461,38.18068609566001,36.38619613647461,38.18068609566001,4894610
2008-01-29,35.1262321472168,36.500735221362135,34.01899373522577,34.362617924127704,8251316
2008-01-30,37.0352668762207,37.56979618856843,34.74442425821441,34.74442425821441,9762106
2008-01-31,39.55519485473633,39.55519485473633,38.18068852607438,38.18068852607438,11051645
2008-02-01,42.304203033447266,42.304203033447266,40.47153009189969,41.08241896623627,8858669
2008-02-12,45.2059326171875,45.2059326171875,42.838730438160475,43.75506686743767,4746025
2008-02-13,45.05321502685547,47.42041744869841,44.289600730918565,46.27499600479305,11680689
2008-02-14,48.18403244018555,48.18403244018555,45.969552213709505,46.885888750207556,8895544
2008-02-15,47.64950180053711,48.71856053837969,46.96225020610532,48.1840311694584,7258946
2008-02-18,47.19132614135742,48.6421918435749,46.96224441099473,48.489469636910215,6713413
2008-02-19,50.47486877441406,50.47486877441406,48.4894736066936,48.4894736066936,9660157
2008-02-20,48.107666015625,50.01670163500254,46.962247803267374,49.63489451112703,10579862
2008-02-21,48.26039123535156,49.482172132211126,47.03860717922311,47.80222142448618,8012714
2008-02-22,49.02400588989258,50.322146326554666,48.10766626051172,48.26039163825447,8706831
2008-02-25,52.383907318115234,52.383907318115234,51.69665571410085,52.23118509047527,7449828
2008-02-26,52.383907318115234,54.75111290397651,51.77301524828628,53.45296923013318,8591868
2008-02-27,51.54392623901367,52.99479193649481,51.00939693779792,52.918429253777425,5107183
2008-02-29,51.77301025390625,53.07115380252175,51.2384809290962,51.543928514179655,4400051
2008-03-03,53.45296859741211,54.598386870788104,52.53662892388081,53.07115829392802,7274130
2008-03-04,54.216583251953125,55.8201713729234,53.45296895836659,54.98019754553966,7335949
2008-03-05,53.83477020263672,55.667443150149396,53.83477020263672,54.827469365568135,4496577
2008-03-06,53.7584114074707,55.28563993769422,53.452966965133584,54.674744734482054,4087698
2008-03-07,53.07115936279297,55.05655781640506,53.07115936279297,53.834773666602366,4857735
2008-03-10,53.45296859741211,55.132916240835314,53.07115829392802,53.682053515794934,6491079
2008-03-11,52.078453063964844,53.987488448440786,51.23847623108803,53.45295917264122,3438048
2008-03-12,50.78031539916992,53.45296524084669,50.551230495172426,53.45296524084669,5226484
2008-03-13,47.26769256591797,50.627594015577145,47.26769256591797,49.78761707352789,5554021
2008-03-14,46.5804443359375,47.26769594915482,45.43502287439586,45.816830028243075,4369683
2008-03-17,49.40581130981445,49.40581130981445,45.81682801266084,46.580442286762214,6177642
2008-03-18,49.558536529541016,51.08576191346677,48.87128178954198,49.558536529541016,6748119
2008-03-19,49.253089904785156,50.32214864257313,48.87128276139387,50.32214864257313,4115897
2008-03-20,49.6348991394043,50.016706298881964,48.718562588511745,48.87128482044897,3978158
2008-03-21,50.09306335449219,50.24578556923437,48.87127931801702,50.169422882228865,3599647
2008-03-24,53.529327392578125,53.529327392578125,51.543932165598065,53.529327392578125,7090839
2008-03-25,53.30023956298828,53.83476889643773,52.4602657987874,53.52932446568629,2921799
2008-03-26,52.30754089355469,54.14021054308918,51.162119598235535,53.605681237127314,2428325
2008-03-27,54.216583251953125,55.43836106686105,52.689354664780055,52.689354664780055,6866336
2008-03-28,57.95829391479492,57.95829391479492,55.667450834539366,56.50742473507145,9589661
2008-03-31,58.8746223449707,60.17276601477699,58.49281835669271,58.72190327707478,9962749
2008-04-01,54.82746505737305,59.409150225407146,54.82746505737305,58.87461460245289,7402107
2008-04-02,53.83477020263672,55.05655427382445,52.30754485255543,54.90382889547429,5892403
2008-04-03,55.20927047729492,55.20927047729492,52.68934925392339,52.68934925392339,4451025
2008-04-07,57.6528434753418,58.1110133077432,55.43836016442709,56.50741889433831,5216723
2008-04-08,58.950992584228516,59.33279660091803,56.583789988845304,58.03465283451184,6923817
2008-04-09,58.11100387573242,60.86000978687287,57.729193637856945,59.25642195228477,8587529
2008-04-10,57.57648849487305,58.950991782209506,57.57648849487305,58.41646237499318,4680952
2008-04-11,58.64554977416992,59.10371334351291,58.03465448414787,59.10371334351291,5563782
2008-04-14,58.79825210571289,59.561866261776984,58.340082348367034,59.561866261776984,2644152
2008-04-15,61.089107513427734,62.46361075806719,59.56187887781128,60.17276780464252,4946668
2008-04-16,59.714603424072266,62.005440026552655,59.714603424072266,61.852720956274375,2960843
2008-04-17,60.020050048828125,61.31819378572488,59.86732465450089,60.70730484549294,4050823
2008-04-18,60.32549285888672,61.47091116993622,60.24913332309364,60.32549285888672,3613747
2008-04-21,61.852725982666016,61.852725982666016,60.70730758834469,61.852725982666016,4272073
2008-04-22,63.37994384765625,65.1362509085076,62.99813356935798,62.99813356935798,8729606
2008-04-23,63.76174545288086,64.83080408297845,63.379941507219215,64.75444455755361,5683083
2008-04-24,64.98352813720703,66.43439068360321,64.90716861332758,65.21261302738272,5659223
2008-04-25,65.89987182617188,67.27438138512056,65.89987182617188,66.2816821431704,5294811
2008-04-28,64.1435546875,66.35803143757504,62.61632629229228,66.28167191337586,5172256
2008-04-29,61.089107513427734,65.51806802930008,60.096408268423204,64.90717910246886,4985712
2008-04-30,63.37994384765625,63.37994384765625,59.3327877540907,60.32548689542095,5496539
2008-05-02,64.1435546875,64.67808399396897,63.53265953829448,64.52535862703324,3353453
2008-05-05,64.52536010742188,65.59441874488694,63.914471262738275,64.90717037425227,3094243
2008-05-06,60.32549285888672,64.83081288582999,60.02004839717607,64.52536842411935,7188450
2008-05-07,61.47090530395508,62.23451954463148,60.86001643882905,61.08910134288574,4544297
2008-05-08,61.699989318847656,62.92177335003021,60.325486232853315,62.08179959295242,3009648
2008-05-09,62.7690544128418,63.83811318029317,61.69999564539042,62.158165493880524,5806723
2008-05-12,60.93638610839844,63.22722921167087,60.93638610839843,63.15086967045675,1683233
2008-05-13,61.241825103759766,61.54726952826956,60.401845038185876,61.47090368323894,2126818
2008-05-14,61.01274490356445,62.61633299461612,60.936379052653855,61.85271871527656,6312127
2008-05-15,65.21261596679688,65.21261596679688,62.081799524172055,62.46360347931618,10907399
2008-05-16,65.97622680664062,68.57251378757834,65.97622680664062,66.4343902655717,10092896
2008-05-19,65.97622680664062,67.27437029710948,63.53265887250081,67.19800445517322,4321963
2008-05-20,64.37265014648438,67.19801619105874,64.14356521774135,66.43440186809478,4829536
2008-05-21,62.6163330078125,64.75445046299868,62.6163330078125,63.914476651109545,3795952
2008-05-22,61.089107513427734,61.85272183123596,59.56187887781128,61.47091151306266,4042147
2008-05-23,56.812862396240234,60.02003817583108,56.812862396240234,59.86731281171555,7877144
2008-05-26,54.216583251953125,56.43106028037736,53.45296895836659,56.12561582665038,3584464
2008-05-27,55.743804931640625,56.27834061818805,54.29294221213166,54.3693017451221,2709225
2008-05-28,53.605690002441406,56.20197743265498,53.52933046582878,55.74380757590237,2281909
2008-05-29,54.369300842285156,55.66744447425673,53.83477148315204,55.66744447425673,2351321
2008-05-30,55.743804931640625,55.743804931640625,53.834772377112785,55.51472633266929,3927184
2008-06-02,51.8493766784668,55.743804445842684,51.8493766784668,55.743804445842684,4431503
2008-06-03,51.085758209228516,52.46026443029187,50.01669957021744,50.55122888972298,2954335
2008-06-04,54.59838104248047,54.59838104248047,51.54392737408842,51.84937179314701,4765547
2008-06-05,55.361995697021484,56.2783352801437,54.59838148393213,54.59838148393213,4897863
2008-06-06,56.507415771484375,57.42375538564612,55.438357100654144,56.2019713396097,4077937
2008-06-09,53.83477020263672,54.52202492740567,53.6056852943804,53.6056852943804,1867608
2008-06-10,52.689353942871094,55.591085691327365,52.689353942871094,53.83477220828817,3299225
2008-06-11,49.6348991394043,53.14752627030648,49.6348991394043,52.6893564152256,3117019
2008-06-12,46.19863510131836,48.10766762530305,46.19863510131836,48.10766762530305,3058453
2008-06-13,42.991455078125,43.52598442878958,42.991455078125,42.991455078125,3044354
2008-06-16,43.52598571777344,45.28229920134213,40.08972460194815,40.08972460194815,9970341
2008-06-17,43.22053909301758,43.52598352727985,41.23514395177506,43.52598352727985,2760199
2008-06-18,45.05321502685547,45.74046662949104,43.75507135561655,43.90779358295011,5350124
2008-06-19,44.28959655761719,45.35865520748641,43.67870454657672,43.67870454657672,3617000
2008-06-20,43.75506591796875,45.9695458372743,43.52598102580332,44.67140232736178,4545382
2008-06-23,40.700618743896484,41.922399764243295,40.700618743896484,40.92970051321393,4426080
2008-06-24,37.875244140625,40.85333855815068,37.875244140625,39.40247269510361,7388008
2008-06-25,39.47883224487305,40.013361607325145,37.569799710192406,37.87524415751674,9948650
2008-06-26,42.227840423583984,42.227840423583984,40.4715301676746,40.4715301676746,5508469
2008-06-27,41.235145568847656,42.22784159876392,39.70791701910693,41.235145568847656,5608249
2008-06-30,38.40977478027344,42.0751209055092,38.40977478027344,41.616954219489294,3760162
2008-07-01,37.49343490600586,38.944300687945024,36.653461143561174,38.18068645339413,5131043
2008-07-02,39.09702682495117,39.478833980526936,36.6916445881661,36.6916445881661,4095290
2008-07-03,39.631553649902344,41.23514486340375,37.34071402375155,38.18068781617742,3203784
2008-07-04,38.333412170410156,41.616950880917926,38.333412170410156,39.86063749389611,3612662
2008-07-07,41.00606155395508,41.00606155395508,38.333414692556275,39.63155519718635,2971688
2008-07-08,43.06781768798828,43.83143194731181,41.693311389352125,41.693311389352125,12496276
2008-07-09,45.05321502685547,46.04591108415816,44.289600730918565,46.04591108415816,7461758
2008-07-10,48.18403244018555,48.18403244018555,43.67870929282983,45.05321567721146,8792511
2008-07-11,48.87128448486328,51.00940519511015,47.420418552518534,48.48947732800738,12074383
2008-07-14,48.87128448486328,50.24579088139835,48.26039556130918,48.87128448486328,6598450
2008-07-15,45.511375427246094,48.56583218940886,45.511375427246094,48.489469506647325,4251467
2008-07-16,42.38056945800781,46.88589301519108,42.38056945800781,45.51138650577722,8153706
2008-07-17,43.296897888183594,44.671400878044466,41.61694733225584,44.0605089051793,7608174
2008-07-18,43.90779113769531,46.04590851983015,43.296902262381884,44.06051335652367,8485581
2008-07-21,45.2059326171875,45.816824623128554,43.90778907910574,45.435017514323995,5021503
2008-07-22,45.66410446166992,45.66410446166992,44.51868308382954,44.67140530235448,3345861
2008-07-23,48.794921875,48.794921875,46.580441768454506,46.73316398972161,7055049
2008-07-24,48.031307220458984,49.55853573930118,47.95494453080929,48.87128101026082,5137550
2008-07-25,48.87128448486328,49.32945433679803,46.58044470299706,46.58044470299706,4828451
2008-07-28,53.885475158691406,53.885475158691406,53.885475158691406,53.885475158691406,0
2008-07-29,47.34404754638672,48.87127590571165,46.73315873007164,48.10766172604918,2788398
2008-07-30,48.336753845214844,49.558537979217625,48.260394311382846,48.87128321911515,3964059
2008-07-31,45.2059326171875,49.176722757632426,44.97684772005101,48.871278334296285,4137588
2008-08-01,43.52598571777344,45.20593650929908,43.14417857609629,44.28960000112773,4454279
2008-08-04,44.442317962646484,45.740461487965625,43.52598154237819,43.52598154237819,4608286
2008-08-05,41.38786697387695,45.20593511349014,41.38786697387695,45.20593511349014,3562772
2008-08-06,41.00606155395508,41.464231392634346,38.6388591454964,41.38786869976477,7483449
2008-08-07,44.45552062988281,45.55006839813074,42.93999076358393,43.78195180041664,2736448
2008-08-08,39.70791244506836,39.78427512746662,38.10432454812268,39.70791244506836,8125508
2008-08-11,41.846031188964844,42.15147877058836,39.70791391394402,39.70791391394402,8543062
2008-08-12,40.700618743896484,42.5332918540513,40.08972665408848,41.998762460195245,5464002
2008-08-13,43.52598571777344,43.52598571777344,40.547891276399305,40.700616660485395,7720968
2008-08-14,45.28229904174805,46.27499507919471,44.21323715325843,44.21323715325843,8890121
2008-08-15,45.511375427246094,47.34404822083629,45.511375427246094,46.962244284834604,9996370
2008-08-18,43.8314323425293,46.580441805319815,43.8314323425293,45.969549760498936,4708066
2008-08-19,45.3586540222168,45.43501670632722,42.38055989020987,42.762366992224536,4969444
2008-08-20,45.66410446166992,46.42771871356351,43.75506883193596,44.36596086530461,3362129
2008-08-21,43.75506591796875,45.587738736754815,43.75506591796875,45.35865384458938,2511836
2008-08-22,42.76237106323242,44.51868453155593,41.69331233952369,43.602348031338586,2837203
2008-08-25,45.74046325683594,45.74046325683594,43.52598322561037,43.83143081702453,4902201
2008-08-26,45.435028076171875,46.35136471846111,45.35866537295214,45.740472570511784,4503084
2008-08-27,45.96955490112305,46.04591444072158,44.82413337372103,45.51138502645451,3553011
2008-08-28,45.435028076171875,47.34406090470058,45.435028076171875,45.81683527373151,3702680
2008-08-29,46.35136032104492,48.107670735780125,45.969553159707836,48.107670735780125,6815362
2008-09-01,45.28229904174805,46.580442687021325,44.747769677137754,46.19863554668983,2944574
2008-09-02,45.2059326171875,46.04590636099628,44.136873976242235,45.587739725992066,3095328
2008-09-03,42.76237106323242,45.053213893410295,42.38056392486945,45.053213893410295,4317625
2008-09-04,39.78428268432617,41.92240028638031,39.78428268432617,41.23514865132994,4126742
2008-09-05,37.79888153076172,38.7152180335725,37.03527041114359,37.03527041114359,3653875
2008-09-08,40.395164489746094,40.395164489746094,38.944298778927184,39.32610587748676,2623545
2008-09-09,37.56979751586914,40.08972195728732,37.56979751586914,39.70791484079743,3114850
2008-09-10,39.55519485473633,39.70791707808343,35.81348616602174,35.81348616602174,2914207
2008-09-11,38.0279655456543,39.86063850787212,37.79888063555983,39.32610915716433,2287332
2008-09-12,38.5625,39.70792154279668,36.72982679523306,38.94430718093223,2874078
2008-09-15,35.88984298706055,38.18068228110737,35.88984298706055,38.18068228110737,2299262
2008-09-16,33.40810012817383,33.98080918848385,33.40810012817383,33.40810012817383,2825273
2008-09-17,35.68936538696289,35.728454655054946,34.94664988604718,35.728454655054946,5100676
2008-09-18,34.16484069824219,34.86846684006055,33.22667897820574,33.22667897820574,4240621
2008-09-19,36.549339294433594,36.549339294433594,35.57208520171349,36.432068285782876,5186356
2008-09-22,36.74479675292969,37.52660142090035,36.51025470563302,37.52660142090035,6029057
2008-09-23,37.2138786315918,37.52660244805616,35.181188379946896,35.65027248737972,3887055
2008-09-24,35.80663299560547,36.86206900920577,35.65027270368829,36.35389563457934,4306779
2008-09-25,33.30485534667969,34.39938051700926,33.30485534667969,34.00847820838768,6487825
2008-09-26,30.998533248901367,32.405778938674416,30.998533248901367,32.405778938674416,4977036
2008-09-29,34.17898178100586,34.17898178100586,34.17898178100586,34.17898178100586,0
2008-09-30,28.848569869995117,28.848569869995117,28.848569869995117,28.848569869995117,634466
2008-10-01,28.457672119140625,29.864917917619284,26.972244560956565,26.972244560956565,5368561
2008-10-02,29.395835876464844,30.09945874730385,27.519506064542714,27.675866343115025,3780769
2008-10-03,31.428525924682617,31.428525924682617,28.809480749906076,29.004933523753937,4854481
2008-10-06,30.95944595336914,31.975792749053113,30.490365056187958,31.193988019223536,3723287
2008-10-07,29.708555221557617,30.568541570410332,29.317652923811302,29.7867369749177,2378435
2008-10-08,27.636777877807617,28.535850314115848,27.636777877807617,28.14495122369409,2192976
2008-10-09,26.034076690673828,27.754044589690075,25.721354519369246,26.42497900048866,4285088
2008-10-13,25.13500213623047,25.13500213623047,25.13500213623047,25.13500213623047,440330
2008-10-14,26.81588363647461,26.894063781766675,25.135004852272157,25.135004852272157,3960805
2008-10-15,25.877717971801758,26.112260018718327,25.877717971801758,26.112260018718327,671341
2008-10-16,24.978641510009766,24.978641510009766,24.978641510009766,24.978641510009766,133400
2008-10-17,24.1186580657959,24.978641221970438,24.1186580657959,24.1186580657959,1527057
2008-10-20,23.29776382446289,23.29776382446289,23.29776382446289,23.29776382446289,385018
2008-10-21,22.515958786010742,24.626828961949016,22.515958786010742,23.297761776194317,5354462
2008-10-22,21.734153747558594,21.734153747558594,21.734153747558594,21.734153747558594,266801
2008-10-23,20.99144172668457,20.99144172668457,20.99144172668457,20.99144172668457,54227
2008-10-24,20.287817001342773,20.287817001342773,20.287817001342773,20.287817001342773,460937
2008-10-27,18.88056755065918,18.88056755065918,18.88056755065918,18.88056755065918,1089980
2008-10-28,17.590595245361328,17.590595245361328,17.590595245361328,17.590595245361328,776543
2008-10-29,18.802391052246094,18.802391052246094,17.356054274235635,17.707865748101554,16998276
2008-10-30,20.092363357543945,20.092363357543945,17.512410929195113,18.91965814936632,12906239
2008-10-31,21.46052360534668,21.46052360534668,19.46692276020683,20.092365496671572,10967049
2008-11-03,22.94594955444336,22.94594955444336,21.890513694423788,22.633227398850728,8077787
2008-11-04,24.548648834228516,24.548648834228516,23.063221373310647,24.548648834228516,13494069
2008-11-05,24.548648834228516,26.190438187054905,23.923206118385085,25.721354128592893,10348851
2008-11-06,23.141401290893555,25.29136232453288,22.867770004231353,22.867770004231353,8521371
2008-11-07,24.744102478027344,24.744102478027344,22.672321352656287,22.985043550702546,5941208
2008-11-10,26.464069366455078,26.464069366455078,25.330453336826146,26.464069366455078,6793670
2008-11-11,27.28496551513672,28.30131223298946,25.799537936024723,26.73770289307058,16480942
2008-11-12,26.112260818481445,27.324055501364942,25.955898909993476,27.206784474314897,8971463
2008-11-13,25.09591293334961,27.3631449932866,24.314108328608977,24.744099890858198,9342382
2008-11-14,26.81588363647461,26.81588363647461,25.799538513150303,26.190440856874353,11018024
2008-11-17,26.81588363647461,28.30131286607875,26.034078949026505,26.97224554432246,14223977
2008-11-18,24.939550399780273,26.581338086738725,24.939550399780273,26.19043741169874,7139644
2008-11-19,24.6268310546875,25.52590675310605,24.314110478945125,24.470470766816312,5813230600
2008-11-20,22.906858444213867,24.31410560473714,22.906858444213867,23.14139882900273,5510638933
2008-11-21,22.281415939331055,22.906860249245643,21.304161833142683,21.304161833142683,8434607
2008-11-24,23.805932998657227,23.805932998657227,22.281414795256516,22.281414795256516,8212272
2008-11-25,23.84502601623535,24.861372723650113,23.68866573075477,24.235928347200467,8690562
2008-11-26,24.744102478027344,24.93955364964829,23.84502676511825,23.84502676511825,4620216
2008-11-27,26.22952651977539,26.464068540714482,25.017730390959386,25.643174701954642,8479074
2008-11-28,24.705007553100586,26.424976934936126,24.548647288302245,26.229525795306476,8750213
2008-12-01,25.056821823120117,25.799535543809323,23.962295063212185,23.962295063212185,7063725
2008-12-02,23.336851119995117,23.845022787632676,23.336851119995117,23.336851119995117,8147199
2008-12-03,22.43777847290039,24.157746331637746,22.20323644559866,23.454123484259632,9095102
2008-12-04,21.85142707824707,23.063223353973157,21.85142707824707,23.063223353973157,5824076180
2008-12-05,21.89051628112793,22.3595987613145,20.444177960026128,20.444177960026128,5963984
2008-12-08,23.4150333404541,23.4150333404541,22.242328019016597,22.242328019016597,5479186
2008-12-09,24.470470428466797,24.861372760003505,24.00138795407548,24.1577482397847,13631808
2008-12-10,26.151348114013672,26.151348114013672,24.470469449464506,24.665920607413348,15278167
2008-12-11,25.48681640625,27.36314798631673,25.017733915549247,26.385892123496944,16435391
2008-12-12,25.564992904663086,26.894060041584776,24.6268280571023,25.79953492518503,15779233
2008-12-15,26.346799850463867,27.245875520222427,25.838626505186102,27.245875520222427,14789032
2008-12-16,25.79953384399414,26.737698652238894,25.643173581707824,26.346796379259676,7602751
2008-12-17,26.034076690673828,27.011332465210906,25.643175998122572,26.346798861978407,17029728
2008-12-18,26.659523010253906,27.08951461257865,26.112260382835615,26.268620671451213,5484609
2008-12-19,25.79953384399414,25.79953384399414,25.79953384399414,25.79953384399414,9275139570
2008-12-22,24.157745361328125,27.01133074772324,24.001385094249628,26.190436919665927,7825085
2008-12-23,23.063222885131836,23.68866564197377,22.672320555631757,23.45412521463192,5030179
2008-12-24,23.454120635986328,24.626825778290804,22.594136002422594,23.063218382797054,5563782272
2008-12-25,23.493215560913086,23.76684686189574,23.180493380962787,23.61048496328878,2843710
2008-12-26,23.532304763793945,23.88411620456885,23.297762725101595,23.49321550218763,3090990
2008-12-29,23.21958351135254,23.84502627738844,23.141403367756013,23.610485846598856,1623583248
2008-12-30,24.470470428466797,24.626830714176016,23.454125336829552,23.454125336829552,4828451
2008-12-31,24.07956314086914,24.9004568977815,23.688660889788018,24.705005772240938,4057331
2009-01-02,24.07956314086914,24.07956314086914,24.07956314086914,24.07956314086914,0
2009-01-05,24.6268310546875,25.213184560099986,24.470470766816312,24.939553247693564,5214554
2009-01-06,26.346799850463867,26.346799850463867,24.31410970388009,24.70501041109725,15170796
2009-01-07,27.20677947998047,27.675863502071145,26.307705544588,26.307705544588,22508915
2009-01-08,25.408634185791016,26.894061682165102,25.408634185791016,26.894061682165102,9779459
2009-01-09,27.167694091796875,27.167694091796875,25.95589784153261,26.42498031315954,13404051
2009-01-12,26.385892868041992,27.519509053995314,26.346801985520663,27.1286066978371,7255692
2009-01-13,26.503158569335938,26.894060870748653,26.11225788518676,26.190438022016597,5102845
2009-01-14,26.346799850463867,27.011333478628494,26.346799850463867,26.77679143703456,5561613
2009-01-15,24.6268310546875,25.29136470403558,24.548650910751906,24.548650910751906,5280712
2009-01-16,24.6268310546875,25.174093679500345,23.063223324184563,25.174093679500345,7809901
2009-01-19,24.470470428466797,24.7831926171489,24.235928382639305,24.509561308525935,3322000
2009-01-20,23.923206329345703,24.431378035054813,23.845024574070244,24.27501775903102,1956542
2009-01-21,24.783191680908203,24.939551960710563,23.45412445079736,23.45412445079736,5251429
2009-02-02,25.13500213623047,26.15134714973042,25.13500213623047,26.15134714973042,6587604
2009-02-03,25.79953384399414,26.85496804032192,25.44772082795479,25.44772082795479,9894422
2009-02-04,25.838623046875,26.815878727278452,25.7213520417739,26.112255931198703,9360819
2009-02-05,26.659523010253906,27.2067840204085,26.464071840852558,26.58134124868241,15323719
2009-02-06,26.972240447998047,27.36314271786228,26.268616038789744,27.20677922229513,9864054
2009-02-09,26.620431900024414,27.36314730770622,26.581341019575596,27.36314730770622,7507310
2009-02-10,27.28496551513672,27.949499161149504,26.93315406056044,26.93315406056044,10021315
2009-02-11,27.675867080688477,27.832227363427858,26.854971553147642,26.97224419109763,15112230
2009-02-12,25.760446548461914,27.51950702123911,25.760446548461914,27.36314673723104,9957326
2009-02-13,26.581336975097656,26.894059119314996,25.79953404044946,25.79953404044946,6531207
2009-02-16,26.268619537353516,28.37948981158607,25.838626336329217,26.581340101083597,2967350
2009-02-17,26.190439224243164,26.737701824436687,26.112259083824608,26.268619364661724,4581172
2009-02-18,26.30770492553711,26.659517933826546,26.073164537274206,26.190435540037353,4752532
2009-02-19,27.128602981567383,27.51950528417701,26.268618239278908,26.542249527652938,10140616
2009-02-20,26.112260818481445,27.558597555465035,26.0340790556056,27.128605945966495,7538762
2009-02-23,26.112260818481445,26.424981400929937,25.64317832754498,26.112260818481445,3618085
2009-02-24,25.72135353088379,26.034075690170287,25.486813124366552,25.486813124366552,2787313
2009-02-25,25.838623046875,26.503156586096665,25.799533790016916,25.799533790016916,3880548
2009-02-26,26.073165893554688,26.190436902418064,25.799534617715786,25.916805626579162,1717939
2009-02-27,26.42498016357422,26.65952220669183,26.112259595768936,26.42498016357422,3812221
2009-03-02,25.564992904663086,26.73769977274581,25.486812770243603,26.424977617804387,4644077
2009-03-03,25.525907516479492,25.56499678098444,24.783193700984345,25.095915903342625,2369759
2009-03-04,27.28496551513672,27.28496551513672,25.64317764893831,25.64317764893831,9881407
2009-03-05,28.418582916259766,28.770392749354937,27.558596495802785,28.144951608506936,22816930
2009-03-06,28.418582916259766,29.669468432483086,28.379490419061277,28.418582916259766,18012338
2009-03-09,30.37308692932129,30.37308692932129,28.887659583392605,28.887659583392605,20631545
2009-03-10,30.37308692932129,31.272162482089943,29.864913650168276,30.568539683392537,16091586
2009-03-11,30.021282196044922,31.115807452429017,29.864918672680858,31.115807452429017,10988741
2009-03-12,30.138547897338867,30.80308150471964,29.943098358474955,30.021280114736822,7715545
2009-03-13,30.21673011779785,30.803081977924442,29.943098818468478,30.412179659664307,10950781
2009-03-16,31.663068771362305,32.24942063888619,30.216730499005823,30.216730499005823,16762927
2009-03-17,31.27216339111328,31.97578621026369,30.881261106134843,31.663065676091716,8104901
2009-03-18,30.724903106689453,31.350347455721042,30.33400079286061,31.2721656991444,7034442
2009-03-19,29.82582664489746,31.7412456660519,29.55219535616111,30.490360236761035,14226146
2009-03-20,29.82582664489746,30.568541991197318,29.55219535616111,29.864915904852054,7838100
2009-03-23,31.037622451782227,31.037622451782227,29.94309730961849,29.94309730961849,8207934
2009-03-24,32.210330963134766,33.109406618378365,31.350347803877217,31.584886607157408,22183548
2009-03-25,32.210330963134766,32.8357720845849,31.663068364602285,32.210330963134766,10231719
2009-03-26,31.663068771362305,32.71850472052711,31.506708488991087,32.679412224038856,9146077
2009-03-27,31.428525924682617,32.21033055101971,31.11580536795865,31.897609994295745,7914019
2009-03-30,30.138547897338867,31.115805295239937,30.138547897338867,31.115805295239937,5414113
2009-03-31,30.803083419799805,31.076717966465083,30.17764226892881,30.17764226892881,6809939
2009-04-02,31.62397575378418,32.05396728787168,30.998531464048895,31.936696281388386,6696060
2009-04-03,32.132144927978516,32.99213120727441,31.506703889792544,32.053966415468665,15459288
2009-04-06,33.422122955322266,34.24301674937905,32.44486890066326,32.44486890066326,15003774
2009-04-07,33.73484420776367,34.399377755622666,33.10940315179771,33.42212367978069,15014620
2009-04-08,32.44486999511719,34.43847066273045,32.44486999511719,33.57848434861832,10484421
2009-04-09,33.22667694091797,33.34394472283676,32.8357713964134,32.91395315221974,6309958
2009-04-10,33.61758041381836,34.24302483850083,33.38304158477406,33.93030424342338,9258871
2009-04-13,35.49390411376953,35.96298815713014,33.65666690267912,33.93029818313048,12982158
2009-04-14,34.47755813598633,35.25936265942993,34.39937638983127,35.103002401646556,6359847
2009-04-15,35.72844696044922,36.353891287863064,34.63392181337029,34.86846384046637,7212310
2009-04-16,36.3538932800293,37.135697923507145,35.72844891834156,36.822974125399654,5431466
2009-04-17,33.813026428222656,37.21387272964228,33.813026428222656,37.057512463471845,9293577
2009-04-20,32.83576583862305,34.28210381727924,32.05396458552324,33.61757032624946,10067951
2009-04-21,33.46121597290039,33.617576251077594,32.366690791132775,32.366690791132775,8541978
2009-04-22,33.53939437866211,34.712101199628336,33.461212630120286,33.85211490377569,11596093
2009-04-23,35.88480758666992,35.88480758666992,33.265765706757115,33.85211754573818,17953772
2009-04-24,35.10300827026367,36.66661434403207,34.55574242473834,36.197533492259744,14276036
2009-04-27,32.91394805908203,35.10300130312471,32.679406062483416,35.10300130312471,11115634
2009-04-28,30.646718978881836,32.95304342238275,30.646718978881836,32.21032811321596,12987581
2009-04-29,30.568540573120117,30.92035036544517,29.708554252324223,30.490358822310693,11790229
2009-04-30,32.679412841796875,32.679412841796875,31.272167039326657,31.272167039326657,13110136
2009-05-04,33.46121597290039,34.673012171932704,32.71850384292687,33.07031366019379,14684914
2009-05-05,32.132144927978516,34.24301651817314,31.741242661848887,33.93029599908016,10169899
2009-05-06,34.360294342041016,34.360294342041016,32.67941394057335,32.7575957031292,12211037
2009-05-07,36.15843963623047,36.510252687730954,35.142096211663244,36.510252687730954,26085787
2009-05-08,36.392982482910156,37.135697863369536,35.53299931719353,36.588435260726726,12610155
2009-05-11,35.650272369384766,36.666615874579605,35.5330013429147,36.3929845576586,9102694
2009-05-12,33.46121597290039,35.181185501904004,33.22667717289817,35.181185501904004,7688431
2009-05-13,34.98573684692383,35.57208871353759,33.85211914106936,33.85211914106936,11179623
2009-05-14,34.47755813598633,35.532993919182516,34.24301613204789,34.6339183937697,6359847
2009-05-15,35.72844696044922,36.51025156108476,35.33754466013145,35.49390493335314,10847748
2009-05-18,38.191131591796875,38.191131591796875,37.13569570947952,37.13569570947952,10262087
2009-05-19,37.13569641113281,40.18472986818449,36.82297262576119,40.18472986818449,19650020
2009-05-20,37.5265998840332,38.69930360343485,36.82297377095955,37.682960164318274,11828188
2009-05-21,37.13569641113281,38.30840009406325,36.94024364095966,37.60477723739956,6035564
2009-05-22,37.682960510253906,38.308401637135844,36.74479558540375,36.90115586712424,8995323
2009-05-25,37.60478210449219,38.62112887807071,37.52660357392617,38.62112887807071,7134222
2009-05-26,37.37023162841797,39.01202244945101,37.135692855007655,37.60477363635509,9327198
2009-05-27,39.01203155517578,39.95019657137279,38.699307726758406,39.71565450869165,20954744
2009-06-01,40.966529846191406,41.35743210779652,39.55928429203439,39.715644549771085,15500502
2009-06-02,39.55928421020508,42.37377854722401,39.168381949408555,42.29559680125401,13909455
2009-06-03,38.85566711425781,40.81017546941137,38.69930359946157,40.73199694654047,11635137
2009-06-04,37.64387130737305,39.48110866362331,37.565689549126816,39.09020634144666,8846739
2009-06-05,37.682960510253906,38.386583395259706,37.13569790696859,37.52660022853342,6658101
2009-06-08,37.17478942871094,39.168390419529175,37.135700164536296,39.09020865665245,5576796
2009-06-09,34.59483337402344,37.448417322934134,34.59483337402344,37.448417322934134,6342494
2009-06-10,34.59483337402344,35.337545498069744,33.81302875484943,35.18118522114037,5722127
2009-06-11,35.962989807128906,35.962989807128906,34.08666001665356,34.94664315623512,3849096
2009-06-12,35.33753967285156,36.70569914813535,35.33753967285156,35.96298391199482,5364223
2009-06-15,33.9302978515625,35.88480605439354,33.61757408086904,35.18118323075545,4557312
2009-06-16,34.47755813598633,34.6339183937697,33.461211608604295,33.93029561648115,3718949
2009-06-17,34.6339225769043,35.06391414637525,34.00847823570201,34.712104332502264,2353490
2009-06-18,34.32120132446289,35.10300592640905,33.85211726948437,34.90755315865897,1973895
2009-06-19,34.9466438293457,35.337546146101204,34.008478916037944,34.32120271015867,3286210
2009-06-22,34.712100982666016,35.25936351545764,34.047567445058064,35.18118176740448,1844833
2009-06-23,33.85211944580078,34.55574233897665,33.85211944580078,34.008479729336834,2164777
2009-06-24,34.39937973022461,34.790282029905455,33.578485871252965,33.85211715757685,2742847
2009-06-25,36.197532653808594,36.197532653808594,34.321202821126505,34.399381344014046,7359810
2009-06-26,35.962989807128906,36.4711631325758,35.4939057422465,36.19753183957011,6962862
2009-06-29,35.25936508178711,36.19752992746704,35.02482306173538,35.96298790741531,2422902
2009-06-30,35.41572952270508,36.11935243122839,35.103008948811905,35.49390804891469,2992295
2009-07-01,36.041168212890625,36.1975284751426,35.259363667103905,35.41572392935588,3419611
2009-07-02,36.432071685791016,37.448418365929456,36.197532881128275,36.666613724981005,6872843
2009-07-03,36.432071685791016,36.62752446329175,35.57208852146406,36.158440384911785,3766669
2009-07-06,38.15204620361328,38.5038593080867,36.11935581388694,36.432076417067094,11400873
2009-07-07,37.917503356933594,38.230223927028845,37.21387722242829,38.152042167241376,8905305
2009-07-08,37.917503356933594,37.99568188219375,37.37023750747591,37.44841926726339,5552936
2009-07-09,37.76113510131836,38.699299928465855,37.76113510131836,38.23021913215556,7929203
2009-07-10,37.448421478271484,38.07386588991645,36.940248095967924,37.91750559563708,4473801
2009-07-13,35.25936508178711,37.44841531019795,35.18118333026087,37.44841531019795,3768838
2009-07-14,35.88480758666992,36.041171095956834,35.572087037150304,35.572087037150304,2087774
2009-07-15,37.29205322265625,37.29205322265625,36.51024868363635,36.51024868363635,5096337
2009-07-16,36.74479675292969,38.26931359130334,36.66661499232168,37.91750375488568,5825160
2009-07-17,37.13569641113281,37.4875062222011,36.94024364095966,37.37023520700263,2866486
2009-07-20,37.37023162841797,37.87840490077279,36.97933259455851,37.2920531154568,2978196
2009-07-21,36.822967529296875,37.56568277791633,36.74478901966957,37.526593523102676,2560641
2009-07-22,36.822967529296875,37.29205152516741,36.822967529296875,37.13569127138612,2606192
2009-07-23,36.31480407714844,37.13569798377422,36.197533056983715,36.82297418515922,2622461
2009-07-24,36.23662185668945,36.82297371550728,36.19753259530886,36.66661343545768,2258049
2009-07-27,36.627525329589844,36.979338396695745,36.39298328485257,36.58843606697607,2202737
2009-07-28,37.64387130737305,37.83932085119775,36.97933768312547,36.97933768312547,6120160
2009-07-29,37.25296401977539,38.073857816571824,37.21387152859926,38.073857816571824,3176670
2009-07-30,36.822967529296875,37.252962270353756,36.5102470217343,37.252962270353756,2746100
2009-07-31,36.27570724487305,37.135693545115025,36.04116846710421,36.822969783878456,4523691
2009-08-03,36.901153564453125,37.018424577057466,36.23661998271323,36.27570924207233,3041100
2009-08-04,36.27570724487305,37.29205380846987,36.23661798766605,37.135693545115025,3631100
2009-08-05,35.2984504699707,36.82296696409661,35.25936121575703,36.11934421561747,3066045
2009-08-06,34.32120132446289,35.68935776060513,33.773938750005996,35.298455459632045,2953251
2009-08-07,37.842559814453125,37.842559814453125,37.842559814453125,37.842559814453125,0
2009-08-10,33.61758041381836,34.399385136039555,33.61758041381836,33.77394394588466,5065970
2009-08-11,34.528316497802734,34.70538337357448,33.908575788690484,34.08564266446223,3373782
2009-08-12,34.705379486083984,34.74964786104602,34.0856388463914,34.48404425518417,1252135
2009-08-13,35.50218200683594,35.50218200683594,34.92670982274563,34.97097819150439,1761645
2009-08-14,36.298988342285156,36.52032353577608,35.856317955303304,35.856317955303304,2699025
2009-08-17,35.32512664794922,36.299001179326396,35.236589881678356,36.299001179326396,1546234
2009-08-18,34.528316497802734,35.28085570276601,34.174179424303674,34.528316497802734,2040990
2009-08-19,34.61684799194336,35.01525010103719,34.57257961450832,34.70538142485806,881314
2009-08-20,34.08564376831055,34.70538449749282,33.642976564545606,34.70538449749282,1154758
2009-08-21,33.46590042114258,34.661109964056564,33.46590042114258,34.35124131544258,1036724
2009-08-24,33.9085693359375,34.12990454951019,33.642969072823234,33.642969072823234,763281
2009-08-25,34.74964904785156,34.79391410237019,33.64297285555618,33.90857314853388,1993777
2009-08-26,33.82003402709961,34.749643200997035,33.64296719490712,34.749643200997035,1345578
2009-08-27,33.244564056396484,34.17417329228325,33.11176226241909,33.642969438328656,1177381
2009-08-28,32.978965759277344,33.64297483569168,32.75763050779107,33.554438077532765,1945580
2009-08-31,32.270694732666016,33.15603573271186,32.00509110387007,33.11176735392737,1389840
2009-09-01,32.270694732666016,32.270694732666016,30.898414853812774,31.60668898263164,4348540
2009-09-02,32.13789367675781,32.18216205658708,31.341086093519923,32.049360239054835,6107234
2009-09-03,34.35123825073242,34.35123825073242,32.18215458199831,32.18215458199831,8605604
2009-09-04,34.35123825073242,35.23657906604509,34.08563467735671,34.88244207552906,6688548
2009-09-07,34.705379486083984,34.79391291405287,34.26270902428436,34.79391291405287,2881977
2009-09-08,35.10378646850586,35.63499038208712,34.61684760991575,34.970984659621706,4693787
2009-09-09,34.83818054199219,35.85632324669068,34.70537874190888,35.41365279438308,3053125
2009-09-10,34.8824462890625,35.67925378348312,34.43977582793495,35.59072035564865,3390503
2009-09-11,34.61684799194336,35.23658534430162,34.528314559028665,35.23658534430162,1386890
2009-09-14,33.997108459472656,34.92671784118773,33.90857502358443,34.616849154601205,1532464
2009-09-15,34.21844482421875,34.43978008212305,33.99710956631445,33.99710956631445,1150823
2009-09-16,34.61684799194336,34.661113047423015,34.26271093832919,34.26271093832919,1841318
2009-09-17,34.439781188964844,34.79391827738427,34.439781188964844,34.79391827738427,1699678
2009-09-18,34.970985412597656,34.970985412597656,34.08564110829235,34.08564110829235,1991810
2009-09-21,34.661109924316406,35.19231711785143,34.61684487282521,34.9709818945302,2250499
2009-09-22,34.08564376831055,34.79391793824581,34.08564376831055,34.661116116138494,2147220
2009-09-23,34.17417526245117,34.79391257413404,34.08563851339205,34.52831229282217,3252798
2009-09-24,33.46590042114258,34.2627078904036,33.42163204764554,34.174174465364615,2057712
2009-09-25,33.64297103881836,33.820037891241796,33.37736743822807,33.37736743822807,2141319
2009-09-28,33.28883361816406,34.174177924021976,33.2003001841649,33.73150743207073,2361647
2009-09-29,33.68723678588867,34.085638873037695,33.64297173284722,34.085638873037695,1849186
2009-09-30,34.17417526245117,34.35124211665909,33.46590120170918,33.73150480497622,2252467
2009-10-01,36.56460189819336,36.56460189819336,34.1741791618963,34.35124603630843,13578736
2009-10-02,37.1843376159668,38.069678592304655,36.298996639628946,36.298996639628946,20343023
2009-10-05,36.9630012512207,37.98114400753178,36.74166601384679,37.80407382445947,4680016
2009-10-06,36.608863830566406,37.36140296550798,36.56459877672,36.963000871113984,4788213
2009-10-07,39.13208770751953,39.13208770751953,37.27286909702328,37.361402525629,16272844
2009-10-08,39.176353454589844,40.63716667929597,38.33528088500873,39.13208840048073,23547624
2009-10-09,39.663291931152344,41.522507235164134,39.574758501809924,40.54863286848703,11965616
2009-10-12,40.01742935180664,40.54863325487829,39.44195707266432,40.28302964236482,7453796
2009-10-13,39.39768600463867,40.01742661750619,39.04354898613653,39.04354898613653,5166903
2009-10-14,39.39768600463867,39.840356447277586,38.82221376481707,39.663289599004045,4689852
2009-10-15,38.51234817504883,39.840359608334076,38.51234817504883,39.57475931485022,4340671
2009-10-16,40.63716506958008,40.99130209820129,39.13208685038387,39.176351902739555,11996108
2009-10-19,41.34543991088867,42.31931426659899,40.19449537653225,40.63716584021469,9962002
2009-10-20,40.28302764892578,41.65530737574481,40.28302764892578,41.65530737574481,4628868
2009-10-21,40.902767181396484,41.3011692478591,40.37156331879466,40.548630165676926,4018047
2009-10-22,40.7256965637207,42.40784487838337,40.54862971878989,41.25690374242312,7873798
2009-10-23,41.25690460205078,42.05371206475167,40.99130100716547,41.611038299291124,6194776
2009-10-26,40.415836334228516,41.78811629484193,40.23876945245193,41.699582853953636,3916735
2009-10-27,39.84035873413086,40.28302920217924,39.70756025128054,40.28302920217924,2338041
2009-10-28,39.043548583984375,40.28302647499761,38.689414891084894,39.75182261369337,2884928
2009-10-29,37.00726318359375,38.46807629141863,36.34325752748744,38.15820764962669,7106582
2009-10-30,37.05153274536133,37.89260859659839,37.00726437141802,37.449938144985765,2565255
2009-11-02,37.44993591308594,37.538469333741126,36.298991478703776,36.298991478703776,2513123
2009-11-03,38.689414978027344,39.176350467835874,37.715537354500235,38.069674370150544,4619032
2009-11-04,39.751827239990234,39.751827239990234,38.77795282726763,39.486223617449795,4342638
2009-11-05,39.30915451049805,40.283028867727815,39.30915451049805,39.92889183183829,3389520
2009-11-06,40.46010208129883,41.522509946696466,39.928894826644544,40.1059650188478,9350197
2009-11-09,40.94703674316406,41.96517952979071,40.769969876774816,40.902771687544444,5109854
2009-11-10,40.54862976074219,41.87664106496223,40.19449274855918,41.611037475336225,4507884
2009-11-11,41.34543991088867,42.05371398156265,41.079836303897125,41.16837305419778,6906909
2009-11-12,43.027587890625,44.22279746576966,41.611039763981516,41.965176795642385,26324355
2009-11-13,42.80625534057617,43.82439812459952,42.31931647631772,43.027590583974494,7687896
2009-11-16,44.09000015258789,44.62120405316159,43.248924264887215,43.381726070519456,11526926
2009-11-17,42.850521087646484,44.532666176650444,42.7619843381577,44.35559932158324,5988217
2009-11-18,43.29319381713867,44.17853478280361,43.027590198657045,43.38172724931409,7301337
2009-11-19,42.49638366699219,43.868660086103574,42.319313491588844,43.8243950337191,7034779
2009-11-20,41.69957733154297,42.40784808680639,41.65530895598359,42.31931465764286,4190178
2009-11-23,42.053714752197266,42.407848472068544,40.9913036267176,41.52250752847979,4022965
2009-11-24,41.78811264038086,42.71772199330078,41.78811264038086,42.45211837190783,3320667
2009-11-25,41.4339714050293,42.142245442639904,41.4339714050293,41.61103825345442,1985908
2009-11-26,41.301170349121094,42.2750479988063,41.21263692331929,41.61103900040497,3579356
2009-11-27,39.663291931152344,40.28302925850453,38.95501785250249,39.39768832116984,5199362
2009-11-30,40.68143081665039,41.12410124335009,39.92888843369695,40.19449201849874,2097056
2009-12-01,40.06169509887695,40.8585026282446,39.75182642688824,40.72570081969077,2649845
2009-12-02,41.69957733154297,42.142247799315825,40.194495747942135,40.283029177105654,6147562
2009-12-03,40.902767181396484,42.142245075437444,40.902767181396484,42.05371165199631,2079351
2009-12-04,40.902767181396484,41.61103789088058,40.902767181396484,41.25690419711605,2268204
2009-12-07,40.94703674316406,41.43397560866758,40.814238254349824,41.43397560866758,2903616
2009-12-08,40.68143081665039,41.301168085248,40.54862902424949,41.03556782240114,1548202
2009-12-09,40.7256965637207,41.12410194774751,40.37156287385908,40.37156287385908,1611153
2009-12-10,39.751827239990234,40.858503463983055,39.44195856166333,40.76997003045471,3858702
2009-12-11,40.415836334228516,40.725705038315375,40.105967630141656,40.725705038315375,2585910
2009-12-14,41.25690460205078,42.23077891337184,40.46009713934989,40.8142341585453,8061667
2009-12-15,41.389705657958984,41.56677583957357,40.902770132918235,41.52250746368111,3066896
2009-12-16,41.079833984375,41.61103784640911,40.81423371433546,41.43397099971608,1851154
2009-12-17,40.7256965637207,41.788107599170544,40.7256965637207,40.8142333081411,2779681
2009-12-18,40.37156677246094,40.63716706550564,39.973161349960904,40.41583182699073,1328857
2009-12-21,40.15022659301758,40.902769031187844,40.017428112827695,40.46009857200777,1601317
2009-12-22,40.592899322509766,41.07983482181967,40.283027351547446,40.54863094895655,1516726
2009-12-23,40.54862976074219,40.947031823226204,40.283026171116184,40.7256966058562,1182299
2009-12-24,41.61103820800781,42.053711972497254,40.460097050591436,40.725697322939034,7246255
2009-12-25,41.21263885498047,42.23078160430998,41.21263885498047,42.009446368453794,3677717
2009-12-28,42.230777740478516,42.407844584180935,41.5225037217589,41.61103714361011,6657072
2009-12-29,42.230777740478516,42.67344817168953,42.09797594672422,42.49638132798711,4313130
2009-12-30,43.29319381713867,43.69159592290575,42.319316097342956,42.319316097342956,8578063
2009-12-31,44.6212043762207,44.79827123704215,43.381726384604704,43.64732667583687,12498732
2010-01-04,43.735862731933594,44.798270523859465,43.38172569397322,44.798270523859465,6639367
2010-01-05,45.94921875,46.746026318793575,44.79827411485867,44.886810872912235,18593180
2010-01-06,46.56895446777344,46.83455808857327,45.50654662848489,46.48042103482529,11464958
2010-01-07,45.94921875,47.36576369343552,45.595081683652246,46.56895612464194,10090855
2010-01-08,46.214813232421875,46.83455048439212,44.97533540652654,45.683606077070415,6192808
2010-01-11,46.126285552978516,47.36576362235793,45.68361505119697,45.86068524508289,4099686
2010-01-12,45.860679626464844,46.92308737179753,45.59507602915413,46.2148166488941,4348540
2010-01-13,46.303348541259766,47.10015598486058,45.152404086952494,45.152404086952494,5136411
2010-01-14,45.94921875,46.65749288269551,45.77215187780387,46.48042268854388,2731485
2010-01-15,49.13644790649414,49.13644790649414,46.39188819625054,46.48042163033298,13599392
2010-01-18,49.313514709472656,50.110322259072184,48.33964029194231,48.9593776516556,7193140
2010-01-19,49.13644790649414,50.19885575939426,47.808433107435846,49.31351477465902,4111490
2010-01-20,48.074031829833984,49.13644289636221,47.80842823271316,49.13644289636221,3441651
2010-01-21,45.59507751464844,47.71989639649582,45.418010658642494,47.36575936252872,5211166
2010-01-22,44.267066955566406,45.1524078960431,44.001463344641294,45.1524078960431,3064928
2010-01-25,44.975341796875,45.506545705748046,43.9129306571736,44.267067703740736,2293778
2010-01-26,41.87664031982422,45.32947031374889,41.83237527031085,44.97533662982221,4357392
2010-01-27,40.54862976074219,42.407844922259244,38.99928323915214,41.87664106496223,4047555
2010-01-28,41.832374572753906,41.87663962152916,40.81423194355492,40.9027653630603,2206237
2010-01-29,41.832374572753906,41.832374572753906,39.84035436313119,39.84035436313119,2724599
2010-02-01,40.10596466064453,41.38970776336398,39.884629413833906,41.168375838508794,2276073
2010-02-02,39.08781814575195,40.725698152084206,38.99928471983361,40.46009787432918,2842633
2010-02-03,39.44195556640625,39.840357648006496,38.95501673604581,39.796092595581555,3466241
2010-02-04,40.19449234008789,40.637162770329326,39.48621832291961,39.751821909846456,1868859
2010-02-05,37.44993591308594,39.309151034664495,37.405667541780886,38.95501403008884,4643623
2010-02-08,36.56460189819336,37.007269084223694,35.85632775663374,35.85632775663374,3010830
2010-02-09,37.89261245727539,38.0696793271788,36.25472896186933,36.56460096713348,3241978
2010-02-10,38.91075134277344,39.132086568824775,38.06967549060529,38.51234594270796,5069526
2010-02-22,38.86648178100586,39.75182265815483,38.86648178100586,39.75182265815483,1960334
2010-02-23,40.19449234008789,40.19449234008789,38.55661241258558,39.132084636290436,3489848
2010-02-24,39.22062301635742,39.84036036826283,39.04355282870203,39.486223314907434,1601317
2010-02-25,38.379547119140625,39.75182695586557,38.158211875924046,39.75182695586557,1434103
2010-02-26,38.379547119140625,38.7779525501037,37.627007956595335,38.379547119140625,1158692
2010-03-01,41.03557586669922,41.03557586669922,38.51235128231345,38.77795491918214,5733462
2010-03-02,42.053714752197266,42.85052226581819,40.81423676678196,41.168373808608514,9331508
2010-03-03,41.96517562866211,42.939053269136416,41.611038606849185,42.053712375581654,5146247
2010-03-04,42.09798049926758,43.824397360861006,42.053715444532564,42.850522971271424,6991500
2010-03-05,42.4078483581543,43.47025948078016,42.31931492842429,43.38172605105015,3718045
2010-03-08,42.71772003173828,43.29319230369419,42.58491822713996,43.29319230369419,1927875
2010-03-09,42.00944519042969,42.850521056271006,41.78810996078016,42.850521056271006,1983941
2010-03-10,41.61103820800781,42.27504719376445,41.43397135977608,41.876641802310466,1545251
2010-03-11,41.69957733154297,42.27504960403873,41.69957733154297,41.876644189870014,1376070
2010-03-12,42.540645599365234,42.67344739068902,41.78810654447032,42.23077696757967,3393454
2010-03-15,43.33745574951172,43.60305934885493,42.76198349890484,42.98331872437248,4327884
2010-03-16,43.33745574951172,43.86865962624302,42.93905367245202,43.5145259230589,2827878
2010-03-17,43.38172912597656,43.78013124897823,42.98332368101939,43.38172912597656,3392471
2010-03-18,43.42599105834961,43.91292654507081,43.02758567253589,43.47025610880335,2754108
2010-03-19,42.80625534057617,43.691596314169445,42.76198696311435,43.425996015264694,2112794
2010-03-22,45.50654220581055,45.59507563015434,42.80625117061701,42.80625117061701,5360674
2010-03-23,44.886810302734375,45.683614539450986,44.532669918929614,45.15241060765476,4151818
2010-03-24,43.912925720214844,45.4180071684259,43.868657348637626,44.97533674047352,2792468
2010-03-25,44.22279739379883,44.70973622678445,43.16038962250042,43.8686603627143,1948531
2010-03-26,43.868656158447266,44.621198523113215,43.647320950476065,44.22279315559215,1756727
2010-03-29,45.152408599853516,45.506545645955335,43.86866222297883,43.86866222297883,3642308
2010-03-30,45.50654220581055,46.923086961176395,45.50654220581055,45.50654220581055,6304940
2010-03-31,44.975341796875,45.772149321162225,44.70973818146082,45.506545705748046,2112794
2010-04-01,45.94921875,46.391889252445814,44.886810872912235,45.595081683652246,5162969
2010-04-02,47.98550796508789,49.04791592132803,45.59508508061396,45.94922217334593,16151860
2010-04-06,48.251094818115234,48.87083538781052,47.71989098834415,48.78230196984114,5655757
2010-04-07,47.98550796508789,49.13645268597783,47.80843775774404,48.25110829317005,3650176
2010-04-08,45.94921875,48.42817489247878,45.506548247554186,47.985504390032965,5246575
2010-04-09,45.3294792175293,45.94921993004258,44.26707131315736,45.77215305329912,5270182
2010-04-12,45.3294792175293,46.037753368414315,45.24094577915756,45.94921993004258,3005912
2010-04-13,46.03775405883789,46.48042457929082,45.15241301793205,45.418016658986055,3826243
2010-04-14,47.63136291503906,48.42817041008202,46.74602199209249,46.74602199209249,8024290
2010-04-15,48.251094818115234,48.87083538781052,47.01162032263431,47.9854945642071,6749532
2010-04-16,49.93325424194336,50.9071320238057,48.516709270992095,48.516709270992095,11889878
2010-04-19,46.92308807373047,49.49057737230638,46.92308807373047,49.49057737230638,5877070
2010-04-20,47.01162338256836,47.80842751811067,46.30334934880293,47.365757077496035,2680337
2010-04-21,48.42817306518555,48.693776685413475,46.480420934743286,46.480420934743286,4333785
2010-04-22,48.959373474121094,49.2249770753097,47.71989553849948,48.25109941892156,3416077
2010-04-23,49.13644790649414,49.756185267026645,48.69377741412652,49.22498134057658,5396084
2010-04-26,49.313514709472656,50.19885569303759,49.313514709472656,49.75618520125512,3746570
2010-04-27,49.313514709472656,49.84471863522053,48.78231078372478,49.5791183333243,2389188
2010-04-28,48.69377517700195,49.13644564903209,46.923089966926135,46.923089966926135,4258047
2010-04-29,49.84471130371094,50.19884830943904,48.51670002369674,49.04790387131143,5563298
2010-04-30,48.51670837402344,50.90713108264331,48.42817493784244,50.37592714360184,5395101
2010-05-03,47.71989822387695,49.1364464139905,47.36576117634857,47.89696840861881,2766895
2010-05-04,48.339637756347656,48.959375083553404,47.365760067945416,48.16256757574941,4247228
2010-05-05,46.74602127075195,47.985499208141746,45.94921378800458,47.36575857846928,4341654
2010-05-06,46.65748977661133,47.365760540200306,46.48041959424762,46.74602320681554,2922305
2010-05-07,46.03775405883789,46.03775405883789,44.2670719770262,44.2670719770262,4254113
2010-05-10,45.772151947021484,46.568956195064494,45.418014880138195,46.48042275883255,2874108
2010-05-11,46.03775405883789,47.10016530109829,46.03775405883789,46.03775405883789,3808538
2010-05-12,46.126285552978516,47.54283381624384,46.126285552978516,46.92309312057639,3545914
2010-05-13,47.45428466796875,47.45428466796875,46.657480630372596,46.74601404322165,3650176
2010-05-14,47.36576461791992,47.719901691179714,47.01163086661569,47.277231180093864,1565907
2010-05-17,46.391883850097656,47.18869132610277,45.68360979988086,47.18869132610277,1887547
2010-05-18,46.48042297363281,46.65749316887051,45.683615399952004,46.39188953699173,1093774
2010-05-19,46.303348541259766,46.746018974154104,45.683607942034705,46.03774495274117,1344594
2010-05-20,43.82439041137695,46.303346029916746,43.73585699399084,45.86067562103141,1965252
2010-05-21,40.991302490234375,42.0094452115245,40.85850068798694,41.61103980478219,2975420
2010-05-24,43.735862731933594,43.824396160934874,41.345440217167535,41.611040504171385,2476730
2010-05-25,42.319313049316406,43.558790976365636,41.16837187002114,42.939053673818584,1903285
2010-05-26,41.96517562866211,43.514525514338025,41.96517562866211,42.850519844171956,4778377
2010-05-27,42.319313049316406,42.58491664866807,41.611038999015385,41.7881091725682,1847219
2010-05-28,43.514530181884766,44.35560279219665,42.67345424961744,43.11612474387747,4525589
2010-05-31,43.38172912597656,44.04573487894968,42.85052518798917,43.51453094096228,1593448
2010-06-01,42.36358642578125,43.5587961200922,42.097982795065256,43.20465905312271,1828531
2010-06-02,42.053714752197266,42.67345208392728,41.78811114033853,41.87664457030635,1354431
2010-06-03,42.71772003173828,42.850521836336604,42.05371433070191,42.76198508530089,1740006
2010-06-04,43.027587890625,43.38172492228587,42.49638400411128,42.717719233654925,1275742
2010-06-07,41.832374572753906,42.14224320200015,41.1683689435313,42.05370978249478,1307217
2010-06-08,44.6212043762207,44.70973780663142,41.78811134939052,41.78811134939052,8279045
2010-06-09,44.04573059082031,44.709736279148295,43.293191475106305,44.53266610242106,5093132
2010-06-10,45.3294792175293,45.860686491670855,43.86866585755119,44.04573605625024,3535094
2010-06-11,45.063873291015625,46.12628106309548,44.70973625967061,46.037747635748026,2438369
2010-06-14,45.50654220581055,45.86067922514078,44.88680491344895,45.772145800796984,1527546
2010-06-15,45.3294792175293,45.94921993004258,45.15241234078584,45.3294792175293,2046892
2010-06-17,45.24094772338867,45.59508481405023,44.9753473968593,45.506551371873776,1715415
2010-06-18,44.6212043762207,45.59507875464924,44.6212043762207,45.59507875464924,755412
2010-06-21,47.71989822387695,47.71989822387695,46.03774973958362,46.03774973958362,6526252
2010-06-22,48.251094818115234,49.13643896367348,47.01162032263431,47.36575399451182,6065923
2010-06-23,48.339637756347656,49.40204555211615,47.80843053650816,47.80843053650816,4372146
2010-06-24,48.959373474121094,49.31351050172086,48.51670302011017,48.51670302011017,3070830
2010-06-25,48.251094818115234,49.49057263555098,47.36575399451182,48.69376855187177,3955096
2010-06-28,49.13644790649414,50.375925949514574,48.78231084820896,49.04791115045627,5850512
2010-06-29,48.251094818115234,49.667642793444564,47.542824152405394,49.579109375475184,3026568
2010-06-30,47.01162338256836,47.54282724691491,46.03774575565213,46.746019789417566,3238044
2010-07-01,47.54282760620117,47.71989445500312,46.74602014268226,46.92308699148421,593116
2010-07-02,47.45428466796875,48.16255861467048,47.10015101657252,47.89695837612331,1574759
2010-07-05,46.65748977661133,47.98550119554036,46.03774912127128,47.63136415276823,4144932
2010-07-06,47.71989822387695,48.251102134191875,46.214819924325475,46.657490403247124,3916735
2010-07-07,46.74602127075195,47.80842903311169,46.56895109572191,47.71989560657424,2580992
2010-07-08,46.48042297363281,47.719901052474576,46.48042297363281,46.92309347879377,1898367
2010-07-09,47.80842971801758,48.16256675119592,46.480418335065174,46.480418335065174,5419691
2010-07-12,47.27722930908203,48.16257029621608,47.18869587475971,48.16257029621608,1442955
2010-07-13,46.65748977661133,47.719897582972436,46.65748977661133,47.63136415276823,1325906
2010-07-14,47.71989822387695,48.07403527140534,47.18869431356204,47.18869431356204,2295745
2010-07-15,47.98550796508789,48.69378215055182,47.71990431504999,47.89697452239384,3393454
2010-07-16,47.188697814941406,48.42817591228179,46.56895710529343,48.251105714401405,2340991
2010-07-19,46.834556579589844,47.18869362192772,46.48041953725197,47.01162676173642,2119679
2010-07-20,47.45428466796875,47.54282140277244,46.74601404322165,46.92308086891977,1873777
2010-07-21,47.71989822387695,47.98550184001208,47.277227744955304,47.80843165527022,2249516
2010-07-22,47.63136291503906,48.07403337651235,47.54282948713544,47.71989634294268,2278040
2010-07-23,47.71989822387695,48.07403527140534,47.631364792483694,47.80843165527022,1958367
2010-07-26,48.074031829833984,48.42816885201006,47.98549840477874,48.16256525488923,2552468
2010-07-27,47.89696502685547,48.870839347331675,47.89696502685547,48.25109872742493,2560336
2010-07-28,47.98550796508789,48.605245385902016,47.89697452239384,48.162574850476,1320988
2010-07-29,48.87084197998047,49.7561829230072,48.16256789677698,48.4281715084671,6262645
2010-07-30,48.251094818115234,49.31350579961223,48.251094818115234,49.22497238164286,2280991
2010-08-02,50.19884490966797,50.28737832461524,47.896959511265365,48.60523015279825,7628879
2010-08-03,50.19884490966797,50.99565228810283,49.844707927924176,50.37591506151722,4759689
2010-08-04,53.65168380737305,53.65168380737305,49.93324984859058,50.198853460630495,13537425
2010-08-05,54.00582504272461,55.42237332098506,53.120484029789594,53.82875816891982,13844311
2010-08-06,56.219173431396484,56.48477702878839,54.27142146841772,54.35995489356332,9548886
2010-08-09,56.57331466674805,57.37012556504776,55.24530314682626,56.484784551766566,6478055
2010-08-10,56.396244049072266,59.052266912598725,56.21917718695263,57.19304825056595,10434135
2010-08-11,54.62556076049805,57.19304680616808,54.53702733167412,56.130639016370495,7471501
2010-08-12,55.59943771362305,55.77650790148147,54.53702987429399,54.625563307245514,5048870
2010-08-13,55.59943771362305,56.21917838819448,54.625563307245514,55.59943771362305,4087883
2010-08-16,58.43252944946289,59.140803540351925,55.59943640786205,55.59943640786205,5700020
2010-08-17,58.07838821411133,60.380277314122495,57.635724388320504,58.43252857621871,6783958
2010-08-18,58.16692352294922,59.58347164842422,57.812789813535645,58.43252712696457,4276736
2010-08-19,55.59943771362305,58.43253082175949,54.97969703905161,58.43253082175949,3681652
2010-08-20,56.219173431396484,56.5733071319789,54.891158766392046,54.891158766392046,3055092
2010-08-23,55.59943771362305,56.39624525409753,55.333837414768475,56.21917838819448,2564271
2010-08-24,57.458648681640625,57.54718542974951,54.7140925391434,55.59943344459122,4441982
2010-08-25,54.979698181152344,57.19305066069563,54.979698181152344,57.104520547860446,2947879
2010-08-26,54.71409606933594,56.13064094505792,54.09435540236328,55.06823311875527,2069515
2010-08-27,55.33383560180664,55.59943589195907,54.53702808743882,54.53702808743882,981642
2010-08-30,55.77650833129883,56.30770893310144,55.77650833129883,56.21917882142308,1948531
2010-08-31,54.09435272216797,55.68796770461896,54.005819294688514,55.33383399470112,1886564
2010-09-01,55.24530029296875,55.51090391201479,54.09435570637639,54.09435570637639,1166561
2010-09-02,57.104515075683594,58.34398968788785,55.422366688035495,55.95357056783091,4304277
2010-09-03,58.25545883178711,58.875196129891926,57.10451433878663,57.90131848721994,4758705
2010-09-06,62.32802963256836,62.32802963256836,58.52106245146388,59.140799749804096,8064618
2010-09-07,60.46881866455078,62.85923805395798,60.20321503374753,62.3280374362625,5571167
2010-09-08,59.40640640258789,61.0885515337245,59.229332899175176,59.76054012159228,2754108
2010-09-09,57.9898567199707,60.291745764943336,57.9898567199707,59.760538556438775,2367549
2010-09-10,60.02613830566406,60.557345480053186,58.43252342640662,58.43252342640662,3473127
2010-09-13,60.91147994995117,62.150954514243864,60.02613907719639,60.55734625841327,4201982
2010-09-14,60.91147994995117,60.91147994995117,59.9376023323569,60.91147994995117,1739022
2010-09-15,60.82295227050781,61.442696288934314,60.55735528422331,61.08855590070331,1772465
2010-09-16,60.82295227050781,61.708293275218814,60.55735528422331,61.00001914266781,1702628
2010-09-17,61.973899841308594,62.32804024631632,60.645888271330094,61.17709555688602,2776731
2010-09-20,63.124839782714844,63.30190664994471,61.88536506819494,61.97389517985447,2913452
2010-09-21,61.973899841308594,63.12484453073889,61.88536972299015,63.12484453073889,1803940
2010-09-23,60.91147994995117,61.97388766847491,60.203205922965346,61.97388766847491,1883613
2010-09-24,59.760536193847656,61.08854751869671,59.40640249811862,61.08854751869671,2316401
2010-09-27,61.119232177734375,61.9281601367628,60.04065931736284,60.49006523793439,4260015
2010-09-28,62.287696838378906,62.557341773999916,60.5799500761137,61.11923994735571,2697058
2010-09-29,62.647212982177734,63.36626382731769,62.01804602205571,62.91685789223036,2289844
2010-09-30,60.66982650756836,62.018044274847576,58.60255791540671,58.60255791540671,4821656
2010-10-01,59.681129455566406,60.669825160960094,59.41149130409612,60.669825160960094,2233778
2010-10-04,60.22042465209961,60.66983060487643,59.68113481076686,59.68113481076686,1586563
2010-10-05,60.04066467285156,60.40018674337698,58.69244679087899,58.69244679087899,737707
2010-10-06,61.20912170410156,62.10793362812645,60.57994796128292,60.93947677789379,2296729
2010-10-07,61.478759765625,62.55733260502171,61.298992004891566,61.928158932456256,2476730
2010-10-08,62.107933044433594,63.00674496001141,61.74840423120159,62.107933044433594,3576406
2010-10-11,61.02935791015625,62.73710472436632,61.02935791015625,62.557343676818405,1153774
2010-10-12,60.22042465209961,60.84959163698688,58.872206793769145,60.84959163698688,3178044
2010-10-13,59.77102279663086,60.2204287802145,58.87221082946359,60.2204287802145,2525910
2010-10-14,60.04066467285156,60.490070633509085,59.321613786799226,59.321613786799226,1213774
2010-10-15,58.96208572387695,60.40018751433787,57.43410678713823,60.40018751433787,4203949
2010-10-18,55.906124114990234,59.05196566955536,55.27695378057687,58.60255973318891,3283290
2010-10-19,54.19838333129883,55.726362234987576,53.92873840829459,55.726362234987576,2919354
2010-10-20,56.08588790893555,56.17577179864596,52.13111479920314,52.13111479920314,4071161
2010-10-21,56.26565170288086,56.44541273534184,55.27695590684335,55.72636186049651,2829846
2010-10-22,55.45671844482422,56.62517523398598,54.82754810739074,56.35553032187154,2982305
2010-10-25,55.54660415649414,55.99601013707656,55.276959219144324,55.63648467811044,1838367
2010-10-26,56.5352897644043,56.89481855215148,55.54659740185129,55.54659740185129,2171810
2010-10-27,55.63648223876953,56.89482297623037,55.54660172109397,56.71505519587774,2448205
2010-10-28,55.54660415649414,56.175774552810076,55.276959219144324,56.175774552810076,1106561
2010-10-29,54.827552795410156,55.27695877236019,54.73767227452032,55.27695877236019,671805
2010-11-01,57.3442268371582,57.79363278157947,54.82754882689826,54.82754882689826,2434434
2010-11-02,56.44541549682617,57.52399186186146,56.44541549682617,57.344230820606015,1156725
2010-11-03,56.44541549682617,57.25434692747742,54.827552635523666,56.44541549682617,1472464
2010-11-04,56.1757698059082,56.89482066308001,55.72636049080035,56.80493677655807,924593
2010-11-05,59.86090087890625,60.0406619058847,56.175769473342804,56.98469746724639,6412153
2010-11-08,62.01805114746094,62.6472181595797,59.411499206539624,60.13054336610296,7549207
2010-11-09,61.478759765625,62.01804281282297,60.57994119696017,62.01804281282297,1548202
2010-11-10,60.490074157714844,61.92816926860272,60.40019026234602,61.47877002676431,1696727
2010-11-11,59.681129455566406,60.84958617694055,59.14184640762504,60.490064144979634,1936728
2010-11-12,59.32161331176758,59.68113537941404,59.051968388532,59.32161331176758,1058364
2010-11-15,58.602561950683594,59.68113488977556,58.51268480701008,58.872206871706936,463280
2010-11-16,58.602561950683594,59.59125774610204,58.15315599731183,58.42280091833517,774101
2010-11-17,58.42279815673828,59.860899837550626,58.06326936403465,58.60255918058955,1237381
2010-11-18,57.52398681640625,58.782320739827085,57.16445802042806,58.51268257409487,1696727
2010-11-19,57.79363250732422,58.512683363986284,57.52398759295078,58.243038449612854,631477
2010-11-22,58.063270568847656,58.69244428288409,57.88350954126634,57.97339342755761,427870
2010-11-23,59.681129455566406,60.400180264489016,58.42279559870243,58.42279559870243,2491484
2010-11-24,59.591251373291016,60.13053441266426,59.051961588917095,59.321606481104055,983610
2010-11-25,59.681129455566406,60.400180264489016,59.32160742360549,60.0406582325281,944265
2010-11-26,60.22042465209961,60.75971449343235,59.77101869932279,60.130540763543685,1970170
2010-11-29,61.65852737426758,61.83828840922139,60.31030949461172,60.66983156451935,2080335
2010-11-30,63.81566619873047,64.71447801871254,62.01804255876631,62.82697724375063,8001667
2010-12-01,63.90556335449219,64.53473041018287,62.737106396779694,64.26508545917196,2816075
2010-12-02,64.08531951904297,64.98413145719215,63.90555848041347,64.53472548811756,3298044
2010-12-03,64.26508331298828,64.53472825499418,62.916865347960716,64.53472825499418,2233778
2010-12-06,63.81566619873047,65.07400679370582,63.54602130373569,64.71447801871254,551805
2010-12-07,63.546024322509766,64.26507516165432,63.3662632989739,64.26507516165432,509510
2010-12-08,62.9168701171875,64.17521102693252,62.9168701171875,64.08532712444986,981642
2010-12-09,62.3775749206543,63.63590884298682,62.19780715032011,63.00674188182056,822298
2010-12-10,61.65852737426758,62.82698421896961,61.56864348428992,62.82698421896961,1152790
2010-12-13,62.73710250854492,63.45615341834226,61.65852951634977,62.19781263994648,1268856
2010-12-14,62.287696838378906,63.366269835861175,61.928168009216975,63.366269835861175,852789
2010-12-15,62.01805114746094,63.366269064144724,61.02935531055882,63.366269064144724,1986892
2010-12-16,62.19779968261719,62.64720556449302,61.74839380074135,61.92815480449162,1603284
2010-12-17,61.29900360107422,63.006750436097825,61.209126448705845,62.73710548898862,1394759
2010-12-20,61.56864929199219,62.018055294269445,60.93948223780446,62.018055294269445,1257053
2010-12-21,63.006744384765625,63.7257952596633,62.55733843107975,62.55733843107975,2748206
2010-12-22,63.18650817871094,64.17520401802989,62.826986098050426,63.81567519236768,1722301
2010-12-23,62.3775749206543,63.09661902198652,62.19780715032011,63.09661902198652,1085905
2010-12-24,61.388885498046875,62.377581356895966,61.299001603605376,61.74840758580918,1309184
2010-12-27,60.84959411621094,61.56864501895077,60.579949184558295,61.56864501895077,1546234
2010-12-28,60.490074157714844,61.29900223602666,60.40019026234602,60.84959624918634,921642
2010-12-29,60.66982650756836,61.11923242999477,60.1305367026563,60.49006548759799,1246233
2010-12-30,60.759708404541016,62.37757102140755,60.40017963134805,60.93946941863714,1673120
2010-12-31,61.119232177734375,61.47876096119216,60.220420336591275,61.119232177734375,1785252
2011-01-03,61.388885498046875,62.19781356801298,60.75971847196192,62.19781356801298,1022954
2011-01-04,62.55733108520508,62.647208218387476,61.11922950428064,61.74839641655985,1556071
2011-01-05,61.92816162109375,63.006741252318236,61.56863957401964,62.55733532097506,1491152
2011-01-06,61.478759765625,62.28768770892234,60.13053528512814,62.28768770892234,2079351
2011-01-07,60.04066467285156,61.47876644495624,59.23172989666711,61.47876644495624,3015748
2011-01-10,59.77102279663086,60.04066773578141,59.411500707764695,60.04066773578141,424919
2011-01-11,60.13054656982422,60.220430467059444,59.50137952418379,59.86090836812264,702297
2011-01-12,59.32161331176758,60.400186259708406,58.96208449911966,59.77101926882638,1739022
2011-01-13,58.2430419921875,59.5013760091321,58.06327420833686,59.5013760091321,1360332
2011-01-14,55.63648223876953,58.24304085886601,55.27695679556654,58.24304085886601,3691488
2011-01-17,55.09719467163086,56.89482185212913,54.91743026733069,55.63648113953,3161322
2011-01-18,55.906124114990234,55.906124114990234,54.82754784421042,54.9174283569836,2145253
2011-01-19,57.164459228515625,57.34422700280443,55.636480362069825,55.90612527850174,1998695
2011-01-20,58.42279815673828,58.78232020444082,56.80493545207466,57.07458036035211,3166240
2011-01-21,57.3442268371582,58.33291586788422,56.894820892736945,58.33291586788422,1578694
2011-01-24,57.164459228515625,57.97339397781137,56.894821057085,56.894821057085,591149
2011-01-25,56.1757698059082,57.70374866177252,55.99600540536494,57.34422660568724,1170495
2011-01-26,57.164459228515625,57.703749061379455,56.175770194933655,56.98469819922811,944265
2011-01-27,56.44541549682617,57.434107968732874,56.265654455570726,57.164463034348834,653117
2011-01-28,54.827552795410156,56.625180075711164,54.64779175363049,56.44541566143062,2976404
2011-02-08,52.85015869140625,55.36683660849758,52.85015869140625,55.276952724940365,1931810
2011-02-09,51.232303619384766,52.85016306994364,51.0525392098777,52.85016306994364,2525910
2011-02-10,50.87277603149414,51.232301462874055,49.34479379125466,51.232301462874055,3990505
2011-02-11,50.063846588134766,51.77158992378926,49.88408555175041,50.87277799686592,2155089
2011-02-14,49.973968505859375,50.782899954020856,49.43468199791871,50.33349396865347,1816727
2011-02-15,49.88408660888672,50.96265959505137,49.79420271628896,50.333492581872136,1722301
2011-02-16,51.68170928955078,52.58052121445592,49.8840854397405,49.8840854397405,3296077
2011-02-17,53.479331970214844,54.64778879604744,51.951349707779855,51.951349707779855,5007558
2011-02-18,56.625179290771484,57.07458526149184,54.198385025381064,54.46802658431278,6660023
2011-02-21,56.1757698059082,56.62517574851543,55.27695454819313,56.62517574851543,1778366
2011-02-22,54.19838333129883,55.546601201318566,53.83885789146009,55.546601201318566,1611153
2011-02-23,53.479331970214844,54.4680243914959,51.77158867572901,53.479331970214844,2795419
2011-02-24,53.479331970214844,54.64778879604744,52.760281097010065,53.299570938163995,2256401
2011-02-25,55.187076568603516,55.45672149555137,53.4793332337689,54.37814516026072,3011813
2011-03-01,55.45671844482422,55.72635998443806,54.4680226820717,55.72635998443806,1788203
2011-03-02,55.45671844482422,55.72635998443806,54.82754810739074,54.91742862059536,1485251
2011-03-03,54.378143310546875,56.085886587291306,54.378143310546875,55.546600124240605,1447873
2011-03-04,54.827552795410156,55.81624527020005,54.37814681846012,54.827552795410156,1913121
2011-03-07,56.26565170288086,56.62517714030353,54.82754995319019,54.82754995319019,1897383
2011-03-08,56.80493927001953,57.07458419642022,55.546601900984264,56.085888381284875,1665251
2011-03-09,56.80493927001953,58.06327326655403,56.4454138256522,56.98470030595281,3533127
2011-03-10,58.42279815673828,59.32161002099572,56.71505156764848,57.34422526862956,5461986
2011-03-11,58.8722038269043,60.04066059423993,57.97339196664628,57.97339196664628,4462638
2011-03-14,57.61386489868164,59.501372559676255,56.44541146889995,59.14185050282074,1718366
2011-03-15,55.36684036254883,57.88351170527761,53.74897756382974,57.61386678132419,3140666
2011-03-16,58.96208572387695,59.23173065271358,55.72636344034148,56.35553381679333,3131814
2011-03-17,59.141849517822266,60.57994446629434,57.1644580030463,57.2543418882638,3781980
2011-03-18,59.141849517822266,60.22042241542661,58.692443581737024,59.321610543256135,1936728
2011-03-21,59.141849517822266,59.77101647934137,58.60255969651952,58.692443581737024,526231
2011-03-22,58.96208572387695,60.040665439223446,58.78232468631974,59.41149843527239,877380
2011-03-23,59.141849517822266,59.77101647934137,58.87220460717089,58.96208174738726,953118
2011-03-24,58.96208572387695,60.13054258550125,58.51268650248471,59.321614543992986,1339676
2011-03-25,58.15315628051758,59.59125803631134,57.88351135818107,59.59125803631134,1114430
2011-03-28,57.973392486572266,58.69244333022759,57.43410266758049,58.51268230556404,712133
2011-03-29,58.063270568847656,58.60256039659282,57.434103599812445,58.063270568847656,454427
2011-03-30,58.78232192993164,59.95077873676531,58.15315495548314,58.15315495548314,1589513
2011-03-31,58.602561950683594,59.3216128250787,58.51268480701008,58.96208401538045,1044593
2011-04-01,57.52398681640625,59.41149444653864,57.344225790917726,59.14184953580528,1411480
2011-04-06,59.141849517822266,59.141849517822266,57.1644580030463,57.1644580030463,3070830
2011-04-07,60.490074157714844,61.74840822286698,59.14185619719389,59.14185619719389,7459698
2011-04-08,62.55733108520508,64.26507081067732,59.86089567972222,60.49006259200143,6796745
2011-04-11,62.9168701171875,64.26508818441273,62.46746409477909,62.55734799726174,2954764
2011-04-12,63.18650817871094,63.45615311170717,62.37758012472394,62.826986098050426,2620337
2011-04-13,63.006744384765625,63.456150338451494,62.107932477393874,62.826983352291556,2342959
2011-04-14,63.36626052856445,63.905550320595076,62.5573325855193,62.91685461687253,2286893
2011-04-15,60.84959411621094,63.3662689032995,60.84959411621094,63.3662689032995,3254765
2011-04-18,61.748409271240234,62.19781526571063,60.220430239041285,60.310314135936174,1122299
2011-04-19,61.119232177734375,61.9281601367628,60.759710139277495,61.47876096119216,889183
2011-04-20,62.467464447021484,62.91687047196401,61.20913027518339,61.4787752391494,1558038
2011-04-21,64.7144775390625,65.61328935238276,62.287686992097896,62.55733188509412,4571819
2011-04-22,65.07402038574219,65.16389753951262,64.0853244792523,64.71449153565398,2186565
2011-04-25,64.44483184814453,65.61328853999382,63.81566493561049,65.07400550567918,1681973
2011-04-26,63.006744384765625,63.81567240339963,61.928164699918405,63.81567240339963,2438369
2011-04-27,63.36626052856445,64.2650723519483,62.4674487051806,62.82697748153461,3240011
2011-04-28,62.55733108520508,63.815664909763505,62.55733108520508,63.815664909763505,849839
2011-04-29,62.467464447021484,62.647225507997994,61.568652397136425,62.557348350010976,1252135
2011-05-03,61.119232177734375,63.096616879249005,60.49006523793439,63.096616879249005,936396
2011-05-04,61.20912170410156,61.83828870191868,60.75971574208912,60.75971574208912,692461
2011-05-05,62.467464447021484,63.63592146087255,61.20913027518339,61.38889133615991,1724268
2011-05-06,61.748409271240234,63.366272200334066,61.568648222452474,62.46746021139327,597051
2011-05-09,62.107933044433594,62.64721614677941,61.74840423120159,61.74840423120159,578362
2011-05-10,60.22042465209961,62.377577272429185,59.14185171443552,62.10793235176281,2657714
2011-05-11,59.231727600097656,60.40018440150339,58.69244451521895,60.22042337321049,1519677
2011-05-12,59.591251373291016,60.22041829172681,58.87220057579268,58.87220057579268,1214758
2011-05-13,59.231727600097656,60.130539486563414,58.60256062857188,59.50137251503763,1778366
2011-05-16,57.074581146240234,59.77101677614113,56.175769269606604,59.77101677614113,3501651
2011-05-17,56.355533599853516,56.9847006013826,55.54660218895842,56.9847006013826,2174761
2011-05-18,57.3442268371582,58.51268364165374,56.35553106143092,56.35553106143092,1875744
2011-05-19,57.70375061035156,58.87220744958783,57.52398957623863,57.52398957623863,2799354
2011-05-20,56.89482116699219,58.78232209565921,56.44541184790396,58.422800036389674,1957383
2011-05-23,56.26565170288086,56.80493817276451,55.54660082803552,55.72636186049651,733773
2011-05-24,56.5352897644043,56.625173647591346,55.45671689116474,56.26564823234466,625575
2011-05-25,57.074581146240234,57.703748110883545,56.175769269606604,56.71505234858608,716068
2011-05-26,57.3442268371582,57.79363278157947,57.07458192150519,57.61386500780995,1111479
2011-05-27,57.79363250732422,59.051966447731914,57.07458165066215,57.703748620865994,1380988
2011-05-30,56.80493927001953,58.15315715702144,56.62517823408625,58.15315715702144,1001315
2011-05-31,57.52398681640625,57.61386395664994,56.804935969451,56.804935969451,942298
2011-06-01,59.32161331176758,59.32161331176758,57.34422844970914,57.34422844970914,2593779
2011-06-02,60.84959411621094,61.65852891116887,58.51268711355859,58.51268711355859,4808869
2011-06-03,62.826988220214844,62.826988220214844,60.939480370486855,61.56864740539554,3600996
2011-06-07,61.83828353881836,62.73709538779821,61.29899373143005,62.73709538779821,1343611
2011-06-08,60.66982650756836,62.46745019727398,60.40018160511233,61.838283254877204,1523611
2011-06-09,61.478759765625,61.83828179709032,60.57994119696017,60.669825077326884,1156725
2011-06-10,59.681129455566406,62.19780391429514,59.59125232007657,61.92815901782407,1302299
2011-06-13,59.141849517822266,59.681132594123866,58.60255969651952,59.321610543256135,711150
2011-06-14,59.501365661621094,60.13053256067891,59.14184364644534,59.14184364644534,675740
2011-06-15,60.40019226074219,61.11924321247754,59.59126415566624,59.771025207349545,1585579
2011-06-16,59.681129455566406,60.57994128046947,59.681129455566406,60.220419248508556,658035
2011-06-17,59.77102279663086,60.13054488549703,59.14185576861414,59.86090669134833,702297
2011-06-20,58.78232192993164,60.49006856915047,58.60256090080368,60.310307540022514,1029839
2011-06-21,58.42279815673828,59.77101595312445,57.434102408054656,58.9620812282921,1134102
2011-06-22,59.05196762084961,59.41149642882361,58.422800638146825,58.422800638146825,935413
2011-06-23,58.42279815673828,59.23172613656955,58.243037132887004,58.51268204116445,1242299
2011-06-24,59.41149139404297,60.04065832342749,58.42279568715243,58.42279568715243,1786235
2011-06-27,59.41149139404297,60.04065832342749,58.87220160028435,58.87220160028435,1096725
2011-06-28,58.602561950683594,59.95077981079889,57.973394964963404,59.411496713753614,2386237
2011-06-29,58.692440032958984,59.14184594187136,58.24303412404661,58.60255615317622,1455742
2011-06-30,59.86090087890625,59.95077801989488,58.7823212270332,59.23172716697991,2455090
2011-07-01,61.748409271240234,62.64722126018103,60.310314135936174,60.66983623351168,3085584
2011-07-04,62.19779968261719,62.82697331324362,61.65851667136638,62.82697331324362,2577058
2011-07-05,62.55733108520508,62.55733108520508,61.20911338246365,62.55733108520508,3709193
2011-07-06,62.107933044433594,63.995434020146135,62.107933044433594,62.73710003633777,3382634
2011-07-07,62.01805114746094,62.6472181595797,61.74840621512384,62.28769607979803,978691
2011-07-08,62.19779968261719,63.456140198869726,61.74839380074135,62.91685044261859,2603615
2011-07-11,62.647212982177734,63.36626382731769,62.01804602205571,62.01804602205571,2007548
2011-07-12,61.29900360107422,63.006750436097825,60.84959760422622,62.55734443924983,2364598
2011-07-13,61.478759765625,61.83828179709032,60.22041916549486,60.759708957693604,979675
2011-07-14,61.119232177734375,62.28768892022058,58.872202574876624,61.74839911753436,2489517
2011-07-15,60.84959411621094,61.83828995060341,60.6698330767764,61.209122940081684,740658
2011-07-18,62.9168701171875,63.006754019670154,60.66984000514544,60.66984000514544,2933125
2011-07-19,62.9168701171875,63.36627613959591,62.19781913233355,63.18651507963303,1889514
2011-07-20,62.647212982177734,63.36626382731769,62.287690932108326,63.18650280228298,2371483
2011-07-21,63.725791931152344,64.26507500040684,62.19780637242864,62.64721230264124,3781980
2011-07-22,68.12995910644531,68.12995910644531,64.17519009704759,64.26506722521557,11697090
2011-07-25,68.12995910644531,69.65794448030375,67.41090835610021,68.7591259836222,9553804
2011-07-26,69.20855712890625,69.56807922780878,67.41092639938742,68.57938333832374,5248543
2011-07-27,68.12995910644531,69.65794448030375,67.68055323060466,69.65794448030375,3308864
2011-07-28,69.65795135498047,71.54545217279218,66.87163195178107,67.86032092920598,5759036
2011-07-29,66.87164306640625,70.37700712853513,66.51211422349431,70.28712997655865,4087883
2011-08-01,68.21985626220703,68.93890715255331,67.0513994085195,67.41092148119186,2051810
2011-08-02,66.33233642578125,67.9501989478735,66.24245929649854,67.41090919217598,2322303
2011-08-03,63.81566619873047,65.43352882369835,63.096615393744656,64.71447801871254,2991158
2011-08-04,61.56864929199219,64.62461415447879,60.49007623552721,63.90556320183476,3218372
2011-08-05,58.15315628051758,58.15315628051758,57.34422825850948,57.34422825850948,5426576
2011-08-08,55.00731658935547,57.52399138089465,54.108504645591594,56.80494047688322,2628206
2011-08-09,57.973392486572266,58.15315351123582,51.2323001016801,51.2323001016801,2957715
2011-08-10,60.04066467285156,60.40018674337698,58.15315694008936,59.23172989666711,4444933
2011-08-11,59.315250396728516,59.86277142333382,55.93884334051829,56.668874800010045,2911485
2011-08-12,58.493961334228516,62.144135923351,57.58141939895699,60.04528810261921,4305261
2011-08-15,62.144134521484375,62.32664153481436,59.58901579075599,59.95402981741595,3460340
2011-08-16,62.41790008544922,62.87416420659763,61.14033726290992,62.3266431523977,1128200
2011-08-17,61.596595764160156,62.965408394649494,61.596595764160156,62.23537362211485,1005249
2011-08-18,59.95402145385742,61.14032714706753,59.680257548034284,61.14032714706753,1141971
2011-08-19,56.1213493347168,58.40270744843358,55.84758882636372,57.94643651049382,2464926
2011-08-22,56.57762145996094,58.12894473592206,56.12135051244614,56.12135051244614,2102958
2011-08-23,58.76772689819336,58.76772689819336,56.57762550859734,57.21640693523942,1388857
2011-08-24,57.94643783569336,59.58901461944842,57.581416968172185,59.31525068081657,906888
2011-08-25,56.85138702392578,58.85898130481534,56.577623077980526,58.85898130481534,1222627
2011-08-26,55.02629852294922,57.49016355580248,53.65748233312995,57.125146133451864,2884928
2011-08-29,56.303863525390625,57.033898444467624,55.02630412901497,55.02630412901497,1061315
2011-08-30,57.76393127441406,57.85518135597573,56.76013244098273,57.39891040405897,1318037
2011-08-31,57.94643783569336,58.1289448454359,57.30765645355837,57.581416968172185,862626
2011-09-01,60.045284271240234,60.684062215563785,58.402707522954,58.402707522954,2819026
2011-09-02,59.315250396728516,60.592806306843606,58.58521551321873,60.50155622642741,995413
2011-09-05,57.76393127441406,58.22020222633083,57.49016733365678,57.49016733365678,795740
2011-09-06,56.1213493347168,57.490165572554055,55.93884232914808,57.490165572554055,1028856
2011-09-07,56.85138702392578,57.30765798448912,56.12135211741719,57.30765798448912,702297
2011-09-08,57.581417083740234,58.12894496210286,56.851385619286816,57.307656568576974,606887
2011-09-09,57.85518264770508,58.40271054144427,56.76013370826298,56.94264072349728,874429
2011-09-13,56.7601318359375,57.39890979220457,56.57762140270546,57.39890979220457,513444
2011-09-14,54.2962646484375,57.39890765783035,54.2962646484375,57.39890765783035,1472464
2011-09-15,54.387516021728516,56.12134617302493,53.018703285023626,56.12134617302493,2209188
2011-09-16,54.752540588378906,56.030099994321745,54.296269616543476,55.11755805065089,2419680
2011-09-19,55.02629852294922,56.303857789167445,53.93124625589737,55.208805522115604,2293778
2011-09-20,54.387516021728516,55.66507526078997,54.022502031154765,55.391314767859654,1350496
2011-09-21,53.839996337890625,55.02630218344181,53.839996337890625,54.7525382424629,1625907
2011-09-22,50.09857177734375,51.37613112822759,50.09857177734375,50.09857177734375,2166892
2011-09-23,46.63091278076172,46.63091278076172,46.63091278076172,46.63091278076172,1803940
2011-09-26,43.391387939453125,43.391387939453125,43.391387939453125,43.391387939453125,1973121
2011-09-27,41.15565490722656,43.3913845504678,40.37999499998693,42.296335672484545,10657414
2011-09-28,40.24311447143555,42.43321915365309,38.28114868963148,41.33816681254432,8891834
2011-09-29,41.338165283203125,42.15945365264591,38.4180292389641,39.33057111078543,6259694
2011-09-30,40.83626937866211,42.70698174558942,40.74501586847454,41.97694681605236,3801652
2011-10-03,39.51308059692383,40.83626490989127,38.37240328435953,39.01118120978839,2446238
2011-10-04,37.41423416137695,39.74121732257639,36.77545279162712,38.78304697996062,4858050
2011-10-05,34.8134880065918,37.77925261759746,34.8134880065918,37.32298166575321,6481006
2011-10-06,35.31538772583008,36.50169358039729,34.7678632637291,35.13287728911769,9900035
2011-10-07,37.77925491333008,37.77925491333008,37.77925491333008,37.77925491333008,3410176
2011-10-11,40.3799934387207,40.3799934387207,38.41802780284238,39.69558706043881,10134134
2011-10-12,39.741214752197266,40.65375657223174,39.2393153815712,40.3799926566143,5542642
2011-10-13,42.478843688964844,42.478843688964844,40.24311399248731,40.47124946616759,9320688
2011-10-14,41.429420471191406,42.5244728163414,41.292538500045396,42.43321931025009,4277720
2011-10-17,41.794437408447266,43.07199675015589,41.42941996452794,42.06820134739127,4529524
2011-10-18,39.87810134887695,40.88189678287911,39.69559090922865,40.24311538013726,3977719
2011-10-19,39.649959564208984,40.836265351718204,39.421827523245724,40.2431124579636,2183614
2011-10-20,38.41802978515625,40.060606547394464,38.41802978515625,39.786842612348764,2268204
2011-10-21,38.691795349121094,38.691795349121094,37.96176044094352,38.32677789503231,1357381
2011-10-24,40.197486877441406,40.33436883938826,39.51308049172498,39.51308049172498,2824928
2011-10-25,40.197486877441406,40.790639763199216,39.604333991683596,40.197486877441406,2040990
2011-10-26,42.980743408203125,42.980743408203125,39.78684332980833,40.19748923978189,7139041
2011-10-27,45.90087890625,45.90087890625,44.2583054387963,44.2583054387963,6351170
2011-10-28,44.8970832824707,47.452202121637185,44.3951838384857,47.178441590023944,10169544
2011-10-31,46.53965377807617,47.72595952423545,44.80582361985022,44.85145208086319,10093806
2011-11-01,46.357154846191406,46.722168901720586,45.53586637321398,46.722168901720586,4674114
2011-11-02,45.35334777832031,45.99212910884113,43.80202804880276,44.258298960310015,5140346
2011-11-03,45.90087890625,46.99593130857073,44.80582992794753,45.353354417098764,9808559
2011-11-04,47.81721878051758,48.54725370053104,46.17464192249639,47.452201320510845,6909860
2011-11-07,47.634708404541016,47.90846891223382,46.72216310684447,47.81721540966955,4609196
2011-11-08,47.634708404541016,49.27728172275171,47.634708404541016,47.634708404541016,4640672
2011-11-09,47.08718490600586,48.36474433238664,46.99593139498258,47.817219842228674,2141319
2011-11-10,44.6689453125,45.992133125850536,44.07579239093031,45.7183691854282,2979354
2011-11-11,45.53586196899414,45.62711547405041,44.668945110914414,45.53586196899414,3417061
2011-11-14,46.26589584350586,47.45219823127423,46.17463891643155,46.90467378891822,2010498
2011-11-15,44.8970832824707,46.3571531471477,44.623322750857454,45.99213568097845,1770498
2011-11-16,43.20887756347656,46.0833851494025,42.88948516858194,44.98833284694512,3095420
2011-11-17,42.980743408203125,43.208878883515744,42.068201506952626,42.068201506952626,1532464
2011-11-18,41.06439971923828,42.570094432677315,41.06439971923828,42.570094432677315,2341975
2011-11-21,38.18989181518555,40.973145751308685,38.18989181518555,40.60812833647024,3525258
2011-11-22,36.273555755615234,38.46365688633735,35.54352090403523,37.50548657164084,6603957
2011-11-23,35.589149475097656,36.091045441078066,35.132875123451456,35.589149475097656,2931157
2011-11-24,36.95796203613281,37.23172253665575,33.76406213788897,34.90473945011253,4861984
2011-11-25,37.41423416137695,38.78304697996062,36.410438779219184,37.41423416137695,3771160
2011-11-28,37.41423416137695,38.78304697996062,37.23172373115501,38.69179347685864,1760661
2011-11-29,37.14046859741211,38.00738539886417,36.3648087190734,37.96175693730749,2362631
2011-11-30,36.41043472290039,37.6879938960551,36.36480626442366,37.1404660904048,2136401
2011-12-01,38.91992950439453,38.91992950439453,38.18989462108039,38.737419071556985,9095442
2011-12-02,37.870506286621094,39.51308308995737,37.59674234472568,38.78304819424834,3777062
2011-12-05,37.551116943359375,38.144266438409886,37.27735300409141,38.144266438409886,1323939
2011-12-06,36.22793197631836,37.41423790747693,35.954168015583825,37.32298439523819,3446569
2011-12-07,35.08725357055664,37.04921943905747,34.03782964796148,36.95796592927054,4702639
2011-12-08,33.034034729003906,34.67661162792989,32.669017259907214,34.67661162792989,6720023
2011-12-09,30.752676010131836,31.57396444909868,30.752676010131836,31.482710938995304,8497407
2011-12-12,30.47891616821289,31.39145813789361,29.74888122286099,31.02644066521766,5016411
2011-12-13,28.562572479248047,30.387656238838264,28.380065472896217,30.387656238838264,6696417
2011-12-14,29.794509887695312,29.93138844483662,27.741287018337275,28.471321968509837,7111500
2011-12-15,29.38386344909668,29.52074542794986,28.836338957702246,29.475116960326037,5012476
2011-12-16,29.74888038635254,30.57016882077505,29.429491390748847,29.84013389595099,6161333
2011-12-19,28.836336135864258,29.657624504596217,28.745082633564696,29.38386057367958,4091817
2011-12-20,29.611995697021484,29.931384663364128,29.246978268050793,29.475113733155236,3486897
2011-12-21,31.66522216796875,31.66522216796875,30.843933708648194,31.026440733377953,5748217
2011-12-22,30.250778198242188,31.16332009318537,30.113896229197103,30.752674186050115,4831492
2011-12-23,32.34962463378906,32.34962463378906,30.570165955331834,30.66141945637679,8352816
2011-12-26,32.25836944580078,32.80589390557196,31.756473451018064,32.760268864601585,4314113
2011-12-27,32.48650360107422,32.48650360107422,31.802097198199093,32.395250098827795,3579356
2011-12-28,32.66901397705078,34.03782678059988,32.12148611641679,32.48650354883347,7434124
2011-12-29,32.76026916503906,33.03403310944433,31.938980755841385,32.76026916503906,3807554
2011-12-30,32.21274185180664,33.399044183287366,31.93897793160919,33.03403018838118,3041322
2012-01-02,32.21274185180664,32.21274185180664,32.21274185180664,32.21274185180664,0
2012-01-03,32.21274185180664,32.21274185180664,32.21274185180664,32.21274185180664,0
2012-01-04,32.21274185180664,32.21274185180664,32.21274185180664,32.21274185180664,0
2012-01-05,32.21274185180664,32.21274185180664,32.21274185180664,32.21274185180664,0
2012-01-06,31.619592666625977,32.30399912302748,31.482710690542035,31.98461012817709,2517058
2012-01-09,31.98461151123047,32.577764483897404,31.391458538563537,31.756476015898446,3772144
2012-01-10,33.535926818847656,34.03782620797935,32.21274250061738,32.21274250061738,8110848
2012-01-11,32.577762603759766,33.99220053877683,32.577762603759766,33.85532198869188,5110837
2012-01-12,32.21274185180664,32.39524884925973,31.93897793160919,32.39524884925973,2940994
2012-01-13,31.30020523071289,32.577764697762774,31.254576761739603,32.395254245888,3620668
2012-01-16,31.847726821899414,32.66901522008186,31.66521981075579,32.66901522008186,3701324
2012-01-17,32.942771911621094,33.1709107850872,31.98460507834827,32.212740527796704,4578704
2012-01-18,33.76406478881836,34.5397281612446,33.21654032076665,33.49030426680157,7087894
2012-01-30,35.452266693115234,35.81728411159014,33.85531848330308,34.494096397620815,7078057
2012-01-31,35.6347770690918,37.04921841578711,35.543523561825225,35.81728750764307,5871168
2012-02-01,36.45606231689453,36.8667081999632,35.63477397477504,35.63477397477504,4867886
2012-02-02,36.8667106628418,37.59674213037052,35.771658325521614,36.95796416828063,4878705
2012-02-03,38.78305435180664,39.23932537806209,36.957970246784825,37.231730808126926,9422984
2012-02-06,36.638572692871094,38.05301404712573,36.31918370372209,38.05301404712573,5221002
2012-02-07,36.59294891357422,37.277355381372594,36.091049467581435,36.50169540267142,3892144
2012-02-08,37.59674072265625,37.82487618972041,36.8667092824617,36.957962784483776,5864283
2012-02-09,38.509281158447266,39.42182641677705,37.59673932413529,37.59673932413529,9985609
2012-02-10,39.51308059692383,40.06060502215112,38.50928182265295,39.23931667230125,8710850
2012-02-13,40.33436965942383,41.429418529226346,39.96935222815035,39.96935222815035,7520682
2012-02-14,39.19369125366211,40.97315005385177,38.691795251571286,40.97315005385177,4100670
2012-02-15,39.46745681762695,39.604338796179285,39.056814305988226,39.19369286052228,3252798
2012-02-16,39.239315032958984,40.836263203831614,39.056808040180634,39.558703982329966,7953470
2012-02-17,38.78305435180664,40.151867430573,38.41803684599855,39.69559640431755,3485914
2012-02-20,39.83246994018555,40.2431124070247,39.42182747334639,39.87809840273118,2926239
2012-02-21,39.649959564208984,40.10623391818922,39.239317096850044,40.10623391818922,1829514
2012-02-22,39.96935272216797,40.24311323099329,39.33057135353962,39.69558878932468,3155421
2012-02-23,42.75260925292969,42.75260925292969,39.786844558275895,39.969354998572065,9930527
2012-02-24,41.97694396972656,43.208878257788996,41.338166017708865,42.75260731377121,6798712
2012-02-29,42.29633331298828,43.16324667436286,42.250704852276876,42.79822926072491,5208215
2012-03-01,43.25450134277344,43.3457582666668,41.88568857258734,42.61572341962707,5860348
2012-03-02,43.89328384399414,45.62711408328652,43.80203034171937,43.80203034171937,7820683
2012-03-05,42.250709533691406,44.76020324649966,41.65755659881012,44.714574780732576,5565265
2012-03-06,40.33436965942383,42.25070689358719,39.87809872633646,42.25070689358719,4623950
2012-03-07,40.33436965942383,40.97314759613897,39.148063863789496,39.239317365603384,2787550
2012-03-08,40.15186309814453,41.0644050521912,40.06060958754352,41.0644050521912,3702308
2012-03-09,40.33436965942383,40.881894094325084,39.87809872633646,40.4712482001357,3278372
2012-03-12,39.28494644165039,40.51687729540979,39.23931797802235,40.33437028893358,2331155
2012-03-13,39.69559097290039,40.471250926599936,39.55870899894914,39.878101412841445,5495429
2012-03-14,40.516876220703125,40.881893647991475,40.06060529259715,40.79064014717386,5051821
2012-03-15,40.69938278198242,41.2469106289998,40.24311185881318,40.69938278198242,3080666
2012-03-16,40.79064178466797,41.3381662355713,40.79064178466797,40.88189528914885,2557386
2012-03-19,40.15186309814453,41.15565856279221,40.15186309814453,40.79064452038815,1441972
2012-03-20,41.018775939941406,41.383789946137,40.33436954229778,40.60813004694448,4127227
2012-03-21,40.973148345947266,41.70318322185386,40.88189484246344,41.338165783900564,3546897
2012-03-22,41.018775939941406,41.383789946137,40.92752243839251,41.15565448025579,2051810
2012-03-23,42.980743408203125,43.208878883515744,41.38379165699669,41.38379165699669,8119700
2012-03-26,42.433223724365234,42.88949130228501,42.11383128379372,42.88949130228501,3673783
2012-03-27,42.06820297241211,42.88948797293284,41.9313209976526,42.88948797293284,2236729
2012-03-28,41.74880599975586,42.61572279593012,41.61192746395481,42.15945187921245,1320004
2012-03-29,38.874298095703125,41.33816307225295,38.82867305896306,41.246909574755044,4347556
2012-03-30,40.01498031616211,40.01498031616211,38.144267978349745,38.60054237022283,2639025
2012-04-02,39.92372512817383,40.60813155116955,39.239318705178114,39.78684315877108,2173778
2012-04-03,39.14806365966797,40.79064037982512,39.05681015832988,40.15185902242271,3563619
2012-04-05,38.28114700317383,38.69179289700559,36.50169173528998,36.684198738758816,1913121
2012-04-06,39.28494644165039,39.69558891823087,38.78304703781383,39.14806447478424,1938695
2012-04-09,38.78305435180664,39.23932537806209,38.23552980510382,39.148071857614724,978691
2012-04-10,39.10243606567383,39.741217437267146,38.965554098616835,39.23931803273082,1623940
2012-04-11,39.42182922363281,39.46745426418626,38.73741937515067,38.783047839722165,1023938
2012-04-12,39.69559097290039,39.69559097290039,38.919931019200845,39.42183044901605,1225578
2012-04-13,40.42562484741211,40.927524264349884,39.96935389529344,40.33437134179199,1720333
2012-04-16,39.96935272216797,40.42562366089481,39.467453319961265,40.33437015795303,839019
2012-04-17,38.41802978515625,40.334370482440164,38.372404745327295,40.334370482440164,1667219
2012-04-18,38.18989181518555,38.919926644862436,37.5967389440753,38.87429818400096,1929842
2012-04-19,37.77925491333008,38.41803291512143,37.505490955980484,38.41803291512143,1684924
2012-04-20,37.77925491333008,38.28115093644663,37.36860897730569,37.77925491333008,1049511
2012-04-23,37.41423416137695,38.144265610210795,37.140470228053026,37.77925159780286,991478
2012-04-24,37.14046859741211,37.96175693730749,36.95796159922106,37.04921509831658,831150
2012-04-25,38.18989181518555,38.50928076916252,37.23172152923685,37.5967389440753,2268204
2012-04-26,38.14426803588867,39.0568133969932,37.87050750917369,38.96555646407001,1879678
2012-04-27,37.186100006103516,38.55491287307332,37.14047154093062,38.23552388891732,1073118
2012-04-30,39.78683853149414,39.78683853149414,38.098636902582356,38.098636902582356,5153133
2012-05-02,41.97694396972656,42.57009688175329,40.97314857769103,41.79443696172665,9137737
2012-05-03,41.97694396972656,42.79823235376218,41.520673025708774,42.15945440174448,5987234
2012-05-04,42.06820297241211,42.66135248967304,41.61193200589251,41.97694603989365,3122961
2012-05-07,41.70318603515625,41.976946564075654,41.201286596110016,41.56630405868744,2245581
2012-05-08,42.250709533691406,42.706980495289606,41.70318506457719,41.97694558712523,3127879
2012-05-09,40.92752456665039,42.15945546166653,40.69938566488789,41.93131998392214,3462307
2012-05-10,40.60813522338867,41.24691666369424,40.42562819702614,40.927527655550634,1527546
2012-05-11,41.15565490722656,41.976943277722974,40.60813046823493,40.653758931491716,4685918
2012-05-14,41.47504806518555,42.433218419065994,41.15565566454672,41.52067310526394,4497065
2012-05-15,40.973148345947266,41.4750477511353,40.51687740451015,41.4750477511353,2669517
2012-05-16,39.83246994018555,41.110029227266544,39.7868414776399,40.973147263647526,1733120
2012-05-17,40.92752456665039,41.11003157923867,39.83247221906641,39.83247221906641,3356077
2012-05-18,39.01118469238281,40.47125109800414,39.01118469238281,40.151862106777315,3362962
2012-05-21,38.0986442565918,39.64996423146472,37.916137232730854,39.239321715768455,2631156
2012-05-22,38.37240219116211,38.64616268396762,37.9617563159272,38.32677373035231,3833128
2012-05-23,36.77545166015625,38.14426443662564,36.50169115927309,38.14426443662564,3179027
2012-05-24,35.406639099121094,37.68799716446904,35.13287517255433,36.957962309636265,5520019
2012-05-25,34.22032928466797,35.8172807694867,33.76405841015333,35.58914533222938,6513465
2012-05-28,34.22032928466797,34.35721123182586,33.49029793985504,34.35721123182586,3172142
2012-05-29,36.59294891357422,36.59294891357422,34.494101042718555,34.67661148854242,4960345
2012-05-30,36.319183349609375,36.59294729422112,35.86291239126855,36.50169378735658,2339024
2012-05-31,36.821083068847656,37.09484701565611,35.178506236033236,35.589152156245916,2589845
2012-06-01,35.497894287109375,36.54731815680164,35.36101574133834,36.54731815680164,2447221
2012-06-04,33.12528991699219,34.0834603938689,33.03403640110356,33.490307404565144,3636406
2012-06-05,33.946571350097656,34.67660617345994,33.627178974865565,33.946571350097656,3877390
2012-06-06,33.5815544128418,34.26596078540627,33.5815544128418,33.94657182967974,2760009
2012-06-07,31.938980102539062,34.03782783599982,31.482709153875252,33.946574331070664,6155431
2012-06-08,32.1671142578125,33.03403107913541,31.938978792835616,32.03023229402279,5130510
2012-06-11,32.48650360107422,33.30779196932796,32.34962505971355,32.53213206420641,3454438
2012-06-12,32.121482849121094,32.2583648003564,31.84772237066809,31.984604321903387,863609
2012-06-13,32.21274185180664,32.76026626818373,32.21274185180664,32.303995350533185,1846236
2012-06-14,31.756473541259766,32.44087997392313,31.756473541259766,32.30399800258684,1422300
2012-06-15,31.482707977294922,32.30399633899998,31.482707977294922,31.802096944619688,3209519
2012-06-18,32.76026916503906,32.988404644037416,32.0302342626371,32.30399820704237,4738049
2012-06-19,32.121482849121094,32.760264146879955,32.121482849121094,32.71463568846233,1406562
2012-06-20,31.938980102539062,32.44087951567648,31.756473092680757,32.30399754627372,1924924
2012-06-21,31.756473541259766,31.8020985823598,31.39145609236902,31.756473541259766,1924924
2012-06-22,32.21274185180664,32.25836688916101,31.300200016505556,31.48270701395865,1594431
2012-06-25,32.121482849121094,32.66901065406229,32.03022935630343,32.21273976595636,1513775
2012-06-26,31.71084213256836,32.21274150620636,31.482706676190684,32.21274150620636,1143938
2012-06-27,31.11768913269043,32.03023095443304,31.11768913269043,31.756470462320912,1629841
2012-06-28,30.20515251159668,31.482711966806928,29.97701701688122,31.3002049406419,2669517
2012-06-29,30.66141700744629,30.66141700744629,30.11389262088947,30.11389262088947,1903285
2012-07-02,30.843929290771484,31.072064751016256,30.66141886816497,31.02643628936017,1643612
2012-07-03,30.707048416137695,30.980808923705485,30.524537987074545,30.84393038193057,2348860
2012-07-04,31.71084213256836,32.21274150620636,30.707046809310132,30.707046809310132,5401986
2012-07-05,31.30020523071289,31.89335478325535,31.254576761739603,31.75647622437225,2558369
2012-07-06,31.11768913269043,31.84772395969162,31.11768913269043,31.34582458812608,2443287
2012-07-09,30.524538040161133,31.072065904284855,30.524538040161133,30.935183938253925,1715415
2012-07-10,30.022642135620117,30.524538113583485,30.022642135620117,30.113895638520912,2550500
2012-07-11,30.113895416259766,30.524537888291515,29.931384987787254,30.02264191403248,1878695
2012-07-12,29.1101016998291,30.29640414430972,29.1101016998291,30.29640414430972,2826895
2012-07-13,28.10630226135254,29.38385982086004,28.015047049381977,29.01884239699565,2538697
2012-07-16,27.65003204345703,28.380066955025885,27.604405289486248,28.334438489046022,2656730
2012-07-17,28.38006591796875,28.425692670272255,27.604404280773142,27.650031033076644,2429516
2012-07-18,28.0606746673584,28.562572356690342,28.0606746673584,28.562572356690342,1311152
2012-07-19,28.51694679260254,28.790709024362705,28.334438067426078,28.334438067426078,1717383
2012-07-20,28.10630226135254,28.380064473246364,28.10630226135254,28.380064473246364,1181315
2012-07-23,27.01125144958496,27.83253984166198,26.73748922289563,27.83253984166198,2021318
2012-07-24,26.874370574951172,26.874370574951172,26.189962455934893,26.73748860874612,3375749
2012-07-25,27.33064079284668,27.650029756231213,26.372470478675208,26.463725691077173,2890829
2012-07-26,27.4675235748291,27.60440382950192,27.148132889907885,27.4675235748291,2036072
2012-07-27,27.923791885375977,28.060673847562477,27.65002967301191,27.741283173130288,1892465
2012-07-30,28.836336135864258,29.1557251059217,28.0150477671323,28.0150477671323,4059358
2012-07-31,28.836336135864258,28.836336135864258,28.28880998603996,28.836336135864258,1573776
2012-08-01,29.657625198364258,30.11389614455337,28.56257287309958,28.790708346194133,3590176
2012-08-02,29.657625198364258,29.657625198364258,29.657625198364258,29.657625198364258,0
2012-08-03,29.018844604492188,29.520744028488014,28.927591097588795,29.47511556302726,1808858
2012-08-06,29.657625198364258,30.02264264011915,29.292607756609364,29.56637169393004,2486566
2012-08-07,29.931385040283203,30.478912902643092,29.65762453312121,30.022641966688486,3161322
2012-08-08,29.840129852294922,30.387654259708455,29.7032478944371,30.113893768010566,1917055
2012-08-09,30.20515251159668,30.296406024679197,29.840135035248274,29.840135035248274,1415414
2012-08-10,29.931385040283203,30.25077743466579,29.65762453312121,30.205148971463146,1517710
2012-08-13,29.33823585510254,30.022642265854337,29.33823585510254,29.93138533853971,963937
2012-08-14,29.42949104309082,29.74888003492149,29.292609068301054,29.383862576821507,832134
2012-08-15,28.92759132385254,29.611997767008386,28.83633781623539,29.292608778339286,655084
2012-08-16,28.28881072998047,28.562572956087543,27.193760113543153,28.28881072998047,2958699
2012-08-17,28.10630226135254,28.2888092612758,27.832538337449783,28.151929011333355,1795088
2012-08-20,28.059925079345703,28.570106706054272,28.059925079345703,28.19906409914428,1097708
2012-08-21,28.38458251953125,28.66286401991393,28.1063027594086,28.1063027594086,916724
2012-08-22,28.38458251953125,28.43096392976838,28.1063027594086,28.38458251953125,693445
2012-08-23,28.802001953125,28.894763029871502,28.384581458415656,28.384581458415656,1256070
2012-08-24,29.59046745300293,29.59046745300293,28.755624654527928,28.755624654527928,2317385
2012-08-27,29.59046745300293,29.86874548539442,29.35856387189637,29.86874548539442,1205905
2012-08-28,29.033903121948242,29.59046612275112,28.894764112007547,29.497703302270605,1089839
2012-08-29,28.894765853881836,29.31218638938749,28.84838618110568,29.219427043835182,760330
2012-08-30,28.477344512939453,28.89476503663903,28.477344512939453,28.70924461052143,788855
2012-08-31,27.82802391052246,28.70924462998337,27.82802391052246,28.384583448992466,1580661
2012-09-03,27.271461486816406,27.5033615748194,26.85404272061902,27.36422256617361,3469192
2012-09-04,27.456981658935547,27.735263154250497,27.271461242145577,27.271461242145577,1206889
2012-09-05,26.993181228637695,27.41060172735343,26.946801559949275,27.41060172735343,1106561
2012-09-06,26.993181228637695,27.317842389976594,26.993181228637695,26.993181228637695,855740
2012-09-07,27.178701400756836,27.456981150660365,27.178701400756836,27.271460737304693,816396
2012-09-10,28.059925079345703,28.33820485920301,27.225083999513636,27.225083999513636,1751809
2012-09-11,27.920785903930664,28.19906394197684,27.735265471639742,28.106304595961447,722953
2012-09-12,28.19906234741211,28.616484601657927,27.967163995486725,27.967163995486725,1542300
2012-09-13,28.29182243347168,28.755622601531545,28.29182243347168,28.29182243347168,1230496
2012-09-14,28.8483829498291,29.312183106161154,28.57010320408186,28.75562187440673,2408861
2012-09-17,29.497703552246094,29.63684430362595,29.033903367993297,29.033903367993297,2223942
2012-09-18,29.497703552246094,30.0078851471322,29.219425530006465,29.63684430362595,1870826
2012-09-19,30.100645065307617,30.193404407833587,29.126665007744627,29.126665007744627,2854436
2012-09-20,30.4716854095459,31.07462634672511,30.23978531682467,30.23978531682467,4986902
2012-09-21,29.59046745300293,30.61082719947882,29.59046745300293,30.51806785534832,2291811
2012-09-24,30.14702606201172,30.239785403261333,29.03390352545604,29.49770371222421,2293778
2012-09-25,29.775983810424805,30.378924720855643,29.68322447355543,30.19340256659696,976724
2012-09-26,28.941143035888672,29.683224697481702,28.941143035888672,29.404943204254323,1198037
2012-09-27,29.126665115356445,29.40494488422257,28.941144689359003,28.941144689359003,509510
2012-09-28,29.219423294067383,29.77598277647748,29.219423294067383,29.497701295012522,950167
2012-10-01,29.358562469482422,29.775984718910347,29.2658031297829,29.49770321929173,514428
2012-10-02,29.59046745300293,29.915126897719773,29.265804527765873,29.265804527765873,2229843
2012-10-03,29.126665115356445,29.68322639334877,28.941144689359003,29.59046705048009,1356398
2012-10-04,28.755624771118164,29.45132681595805,28.57010608210498,29.45132681595805,1144922
2012-10-05,28.477344512939453,28.84838536517465,28.477344512939453,28.80200395345019,1705579
2012-10-08,27.36422348022461,28.52372395897055,26.900423288726234,28.477344287872725,2058695
2012-10-09,27.22508430480957,27.549745501833897,26.9468045218317,27.36422506642859,1951482
2012-10-11,26.714902877807617,27.085943727301075,26.622141795304216,26.900423302554344,1944597
2012-10-12,26.761280059814453,27.08594120798893,26.529379985515504,26.714900393006644,978691
2012-10-15,26.575761795043945,27.085943391843916,26.343861702047615,26.761282217493022,902954
2012-10-16,26.668521881103516,26.993183064523578,26.57576253741784,26.71490329320645,1064266
2012-10-17,26.807662963867188,27.225083496064233,26.807662963867188,27.132324151247165,1355414
2012-10-18,26.622140884399414,27.132322470061535,26.622140884399414,27.085942800526798,595084
2012-10-19,26.065582275390625,26.6221418096711,26.019202604243933,26.6221418096711,1626891
2012-10-22,25.880062103271484,25.9728214464707,25.23074148009671,25.9728214464707,1304266
2012-10-23,25.369882583618164,25.88006245874149,25.27712149888476,25.88006245874149,1232463
2012-10-24,24.90608024597168,25.184359995799642,24.81331916918905,25.04521925075568,2043941
2012-10-25,24.72056007385254,25.277119578938535,24.72056007385254,24.859699079994048,2346893
2012-10-26,23.004497528076172,24.906079534835143,23.004497528076172,24.766938793764027,3979686
2012-10-29,21.61309814453125,23.00449866283747,21.427577727371755,23.00449866283747,4855099
2012-10-30,21.52033805847168,22.308799432703218,21.056537864309625,21.705858484188518,4330835
2012-10-31,20.917396545410156,21.752237568474072,20.82463720518529,21.70585789836164,2793452
2012-11-01,21.33481788635254,21.56671972645016,20.036178371418476,20.91739735859298,2320336
2012-11-02,21.89137840270996,22.262419245547093,21.520337559872832,21.659478311001767,2554435
2012-11-05,21.427576065063477,22.21603560149923,21.427576065063477,22.076896604618728,1237381
2012-11-06,21.427576065063477,21.56671680220384,21.149294590782752,21.427576065063477,884265
2012-11-07,21.798616409301758,21.98413682295377,21.427577322257704,21.427577322257704,1577710
2012-11-08,21.56671905517578,21.75223773706336,21.28843755182432,21.42757830350005,668854
2012-11-09,22.818979263305664,22.911738605892076,21.334817600102514,21.427578682949,3028535
2012-11-12,22.494319915771484,23.00449978259848,22.447940244289043,22.865359027891078,1316070
2012-11-13,21.56671905517578,22.540699096125763,21.56671905517578,22.540699096125763,1104594
2012-11-14,21.84499740600586,21.891377073479347,21.38119725075112,21.566717660905002,708199
2012-11-15,21.89137840270996,22.030517413578856,21.520337559872832,21.798617321870662,458362
2012-11-16,21.75223731994629,22.123278157126528,21.70585765036376,21.89137806895388,622625
2012-11-19,21.61309814453125,22.07689831729999,21.520337065821504,21.79861682143075,763281
2012-11-20,21.38119888305664,21.984138086762048,21.38119888305664,21.798617662444972,665904
2012-11-21,20.917396545410156,21.56671888802434,20.731877864960424,21.42757813742701,1028856
2012-11-22,20.824636459350586,21.195675547221306,20.824636459350586,21.056536541867274,457378
2012-11-23,21.52033805847168,21.52033805847168,21.010158192945436,21.149297207038007,1250168
2012-11-26,22.63345718383789,22.679836851741708,21.79861620052937,21.79861620052937,2515090
2012-11-27,22.587078094482422,23.004498596828544,22.30879833967167,22.633457763574214,1886564
2012-11-28,22.587078094482422,22.7262171017578,22.30879833967167,22.633457763574214,687543
2012-11-29,23.190021514892578,23.65382173635921,22.72621955316577,22.72621955316577,2664599
2012-11-30,23.097259521484375,23.653819027400154,23.05087811244141,23.468298612008233,1619022
2012-12-03,23.653820037841797,24.303140649321143,23.28277919120787,23.28277919120787,3493782
2012-12-04,23.561058044433594,23.607439453663297,23.19001895241589,23.375539368554737,1557054
2012-12-05,24.117618560791016,24.720559459875773,23.468297994144336,23.561057329268174,6313792
2012-12-06,23.932100296020508,24.581420920884867,23.746579868879248,24.164000394882056,3006895
2012-12-07,23.746580123901367,24.39590075573899,23.746580123901367,24.210380326605367,1537382
2012-12-10,23.329160690307617,24.024862767334287,23.282781015908558,23.932101678275973,1191151
2012-12-11,23.004497528076172,23.607438419037784,22.726216045933942,23.190017936084352,1899351
2012-12-12,23.561058044433594,23.746578460572437,23.28277829035532,23.375539368554737,1617054
2012-12-13,23.653820037841797,24.117620226004178,23.561058956053287,24.117620226004178,1328857
2012-12-14,23.653820037841797,23.932099802687215,23.468299614524835,23.653820037841797,1647546
2012-12-17,23.932100296020508,24.210380066602347,23.56105944173799,23.653820525438665,1838367
2012-12-18,25.13797950744629,25.60178142781683,24.02486046738906,24.117619807307157,8679375
2012-12-19,25.648160934448242,25.92644069269046,24.998840338376386,25.137979347367487,12059059
2012-12-20,24.95246124267578,25.880061618326764,24.95246124267578,25.648161524414018,3202634
2012-12-21,24.395898818969727,25.230739813663664,24.21037840456441,25.04521939925835,1886564
2012-12-24,24.30314064025879,24.766940828248227,24.21037955850487,24.58142040500044,1032790
2012-12-25,24.5814208984375,24.62780231037553,24.30314112810978,24.30314112810978,1431152
2012-12-26,24.998842239379883,25.462642451805987,24.62780311359509,24.766942133166832,3057060
2012-12-27,25.538000106811523,25.779837090605337,25.19942902560422,25.247796074310966,3344566
2012-12-28,25.538000106811523,25.538000106811523,25.19942902560422,25.538000106811523,2359871
2013-01-02,25.538000106811523,25.538000106811523,25.054326139223896,25.538000106811523,2560772
2013-01-03,26.505346298217773,26.505346298217773,25.344528504324874,25.537998426683686,13922489
2013-01-04,26.021671295166016,26.50534521109506,25.97330425162509,26.50534521109506,4622594
2013-01-07,25.828203201293945,26.311878891575727,25.828203201293945,26.021673129354653,3165359
2013-01-08,24.28044319152832,25.828200727512343,24.03860623968018,25.828200727512343,6284502
2013-01-09,24.086978912353516,24.280447112869645,23.700039030800973,24.18371301261158,3340793
2013-01-10,24.377182006835938,24.570651940099882,24.086977977070056,24.086977977070056,4503752
2013-01-11,24.473915100097656,24.957590783560615,24.42554805382936,24.473915100097656,3843516
2013-01-14,24.183712005615234,24.473916034565637,23.990242072894944,24.473916034565637,2076913
2013-01-15,23.89350700378418,24.18371102091824,23.796771171232827,24.18371102091824,2498521
2013-01-16,23.89350700378418,23.89350700378418,23.748404125087152,23.89350700378418,1426109
2013-01-17,22.6843204498291,23.893507047229672,22.49085052463461,23.893507047229672,4104781
2013-01-18,22.926156997680664,23.409832671860652,22.635952985380644,22.684320030720652,8033184
2013-01-21,23.071260452270508,23.264730378740072,22.781056432696165,23.02289340571812,1367631
2013-01-22,22.926156997680664,23.16799570490064,22.926156997680664,23.071259873960656,1399700
2013-01-23,22.732688903808594,22.9261570859132,22.539218981444016,22.9261570859132,7250333
2013-01-24,22.587587356567383,22.926158435440087,22.587587356567383,22.684321453313846,3204973
2013-01-25,22.103914260864258,22.73269113520362,21.76534142842762,22.635955294395945,5745938
2013-01-28,22.24901580810547,22.442485752907803,22.10391465469885,22.10391465469885,2115584
2013-01-29,22.53921890258789,22.635952993301757,22.345748980900186,22.345748980900186,1643987
2013-01-30,22.926156997680664,23.264729795580656,22.635952985380644,22.635952985380644,3735992
2013-01-31,22.926156997680664,23.45819971720066,22.926156997680664,23.119626919300664,2115584
2013-02-01,22.78105926513672,23.11963037335906,22.78105926513672,23.022896268227026,1512883
2013-02-04,22.829421997070312,23.071258954391237,22.829421997070312,22.87778904048252,1790182
2013-02-05,22.587587356567383,22.732690241947157,22.53922030819415,22.732690241947157,1245016
2013-02-06,22.587587356567383,22.877791387066853,22.587587356567383,22.732690241947157,1560043
2013-02-18,22.34575080871582,22.781057733054965,22.297382019142493,22.587587795542,1265766
2013-02-19,22.394115447998047,22.635952408797987,22.345748403890045,22.345748403890045,1055434
2013-02-20,23.36146354675293,23.50656642092417,22.539218567142417,22.539218567142417,6191126
2013-02-21,22.926156997680664,23.313096840920664,22.877789952340656,23.313096840920664,2444759
2013-02-22,22.635955810546875,22.926159859066907,22.490852916156765,22.926159859066907,1874126
2013-02-25,22.732688903808594,23.022892917225477,22.732688903808594,23.022892917225477,1042229
2013-02-26,22.394115447998047,22.684319452905992,22.394115447998047,22.684319452905992,1804330
2013-02-27,22.44248390197754,22.635953830823556,22.44248390197754,22.490850949124034,1234641
2013-03-01,22.4908504486084,22.6843203731489,22.442483402538272,22.635953327078774,1339335
2013-03-04,22.200647354125977,22.63595426735943,22.15228030604672,22.587587219280174,1661908
2013-03-05,22.055545806884766,22.345749830317715,21.765340043191785,22.249013995666708,2683387
2013-03-06,22.103914260864258,22.34575125249322,22.103914260864258,22.152281311138022,1713783
2013-03-07,22.394115447998047,22.442482492106052,22.0555443989821,22.200645531306108,1036570
2013-03-08,22.394115447998047,22.829422325489926,22.394115447998047,22.442482492106052,1546838
2013-03-11,22.587587356567383,22.732690241947157,22.44248447118761,22.684321453313846,1302551
2013-03-12,22.24901580810547,22.82942564251247,22.24901580810547,22.684322748845673,2093891
2013-03-13,22.200647354125977,22.539220171200917,22.15228030604672,22.442484334782332,1398756
2013-03-14,22.34575080871582,22.635954844855213,22.24901496982928,22.34575080871582,1411018
2013-03-15,22.152278900146484,22.442482910464225,22.103911855136854,22.345748820444964,1617578
2013-03-18,21.76534080505371,22.152280676681894,21.76534080505371,22.152280676681894,1702465
2013-03-19,21.71697425842285,22.007178298725613,21.66860720841575,22.007178298725613,1312926
2013-03-20,21.571870803833008,21.81370778780234,21.52350375509116,21.620239592834945,1627009
2013-03-21,21.571870803833008,21.81370778780234,21.571870803833008,21.620239592834945,1308210
2013-03-22,21.620237350463867,21.765338481640057,21.571868566478557,21.668604394189263,828124
2013-03-25,21.66860580444336,21.862073991936406,21.66860580444336,21.862073991936406,752668
2013-03-26,21.571870803833008,21.716973690318643,21.571870803833008,21.668606641576794,1597770
2013-03-27,21.620237350463867,21.765338481640057,21.620237350463867,21.620237350463867,1017706
2013-03-28,21.86207389831543,22.103912612166148,21.668605711650883,21.668605711650883,1835455
2013-03-29,22.055545806884766,22.20064694847122,21.910442925038275,21.95880997223376,1138435
2013-04-01,21.86207389831543,22.152279658832285,21.86207389831543,22.103912612166148,811146
2013-04-02,22.200647354125977,22.539220171200917,21.81370748897178,21.862074537051036,2356099
2013-04-03,22.055545806884766,22.29738104286219,22.055545806884766,22.29738104286219,1078070
2013-04-08,21.08819580078125,21.813706717077576,21.039828754413495,21.76533967070982,2606045
2013-04-09,20.89472770690918,21.28166759229458,20.89472770690918,21.08819764960188,1868467
2013-04-10,21.08819580078125,21.28166572651227,20.94309466167799,21.136562847149,912068
2013-04-11,21.184932708740234,21.475138506031637,21.184932708740234,21.330035607385938,825294
2013-04-12,21.13656234741211,21.281665223344675,21.08819530218791,21.08819530218791,549882
2013-04-15,20.89472770690918,21.28166759229458,20.89472770690918,21.136564700210016,717770
2013-04-16,20.701257705688477,20.79799179849926,20.314317853925324,20.41105194673611,871511
2013-04-17,20.797990798950195,20.894724887111952,20.701256710788442,20.701256710788442,597041
2013-04-18,20.797990798950195,20.894724887111952,20.604520882366764,20.797990798950195,436698
2013-04-19,21.66860580444336,21.66860580444336,20.797991999684562,20.797991999684562,2282529
2013-04-22,21.66860580444336,21.95880982594295,21.57186997043681,21.862073991936406,1187481
2013-04-23,21.571870803833008,21.76534073906049,21.47513670634931,21.52350375509116,610246
2013-04-24,21.66860580444336,21.91044277906969,21.6202387575701,21.66860580444336,913955
2013-04-25,21.475133895874023,21.66860380578188,21.475133895874023,21.57186798069802,881886
2013-04-26,21.330032348632812,21.620238101587255,21.281665303227065,21.571869315921532,941307
2013-04-29,21.184932708740234,21.475138506031637,21.088198603149923,21.330035607385938,787567
2013-04-30,21.233299255371094,21.37840213866531,21.136563419754932,21.233299255371094,730032
2013-05-02,21.233299255371094,21.330033350727202,21.039829324398823,21.136563419754932,1272368
2013-05-03,21.13656234741211,21.281665223344675,21.13656234741211,21.233298178120474,1449689
2013-05-06,20.94309425354004,21.281665311776266,20.94309425354004,21.184929480665936,873397
2013-05-07,20.94309425354004,21.088195389815578,20.894725467854887,21.088195389815578,734748
2013-05-08,21.378402709960938,21.475136807902075,20.94309578870562,20.94309578870562,1643044
2013-05-09,21.233299255371094,21.571870329377532,21.184930467432988,21.47513623402142,1195027
2013-05-10,21.08819580078125,21.378401559507786,21.039828754413495,21.233298680144518,1254448
2013-05-13,21.184932708740234,21.523505558826795,21.136565655945077,21.136565655945077,1562872
2013-05-14,21.13656234741211,21.281665223344675,20.991461211739512,21.233298178120474,697963
2013-05-15,21.08819580078125,21.28166572651227,20.94309466167799,21.233298680144518,930932
2013-05-16,20.797990798950195,21.23329767619794,20.314316877621575,21.18492889185714,4421694
2013-05-17,20.556156158447266,20.797993146407578,20.507787368647108,20.7012590473275,1508167
2013-05-20,20.507787704467773,20.74962643664838,20.507787704467773,20.556156495059984,844158
2013-05-21,20.411052703857422,20.652889685115017,20.314318607458414,20.50778680025643,2710740
2013-05-22,20.604520797729492,20.65288784161169,20.362683838058576,20.459417925822976,1183708
2013-05-23,20.362686157226562,20.652890193831894,20.362686157226562,20.604523144441025,930932
2013-05-24,20.362686157226562,20.797993082264618,20.314319107835694,20.362686157226562,1311039
2013-05-27,19.879011154174805,20.45941919735274,19.830642367026623,20.362685103576425,2204244
2013-05-28,19.4920711517334,19.73390812461267,19.443704105209548,19.73390812461267,2001458
2013-05-29,20.84636116027832,20.84636116027832,19.87901316368858,19.975747267243474,8907525
2013-05-30,20.94309425354004,21.088195389815578,20.79799137700453,20.84635842242971,4430183
2013-05-31,20.701257705688477,21.233298696667802,20.701257705688477,20.991461724380834,1911854
2013-06-03,20.362686157226562,20.556156095050156,20.265952058444825,20.314319107835694,1838285
2013-06-04,20.362686157226562,20.556156095050156,20.1208491700121,20.362686157226562,1238413
2013-06-05,20.120845794677734,20.411049782600447,20.072477013140762,20.362682741323297,933762
2013-06-06,20.120845794677734,20.507783865154742,19.879008848032168,19.927375889309317,1610032
2013-06-07,19.927377700805664,20.411051638065125,19.927377700805664,20.217581715109343,1245959
2013-06-10,19.879011154174805,20.265951009800112,19.879011154174805,20.265951009800112,754555
2013-06-11,19.73390769958496,19.97574466725556,19.73390769958496,19.87901057629131,880000
2013-06-13,19.4920711517334,19.782275171136522,19.443704105209548,19.637174031564967,830010
2013-06-14,19.54043960571289,19.927379486294175,19.492072555705263,19.588808395980653,1017706
2013-06-17,19.73390769958496,19.87901057629131,19.540437777396484,19.63717360862071,861136
2013-06-18,19.73390769958496,20.02411171273769,19.63717360862071,19.87901057629131,1013933
2013-06-19,20.265949249267578,20.314316291954018,19.637172473564213,19.733906558937097,2023151
2013-06-20,20.072481155395508,20.41105399472473,19.975747052878692,20.0241141041371,1556270
2013-06-21,19.637176513671875,19.87901351711895,19.49207361549954,19.685543566309242,1492133
2013-06-24,19.73390769958496,20.16921458944404,19.63717360862071,19.782274745067088,988467
2013-06-25,19.4920711517334,20.12084797732351,19.4920711517334,19.637174031564967,816806
2013-06-26,19.6855411529541,19.8790110800453,19.5404382725707,19.830642293077485,804544
2013-06-27,19.782276153564453,19.87901199167627,19.637175006786883,19.83064320249031,807374
2013-06-28,19.879011154174805,20.024112294839277,19.782275320138467,19.97574524795112,630996
2013-07-01,20.072481155395508,20.1208499469141,19.83064415884329,19.83064415884329,682872
2013-07-02,19.879011154174805,20.120848128875615,19.879011154174805,20.024112294839277,471597
2013-07-03,19.443706512451172,19.879013465579344,19.443706512451172,19.879013465579344,856420
2013-07-04,19.346967697143555,19.733907538359215,19.346967697143555,19.44370352757745,1212947
2013-07-05,19.443706512451172,19.54044061747511,19.395337719678977,19.443706512451172,566859
2013-07-08,19.298603057861328,19.637175896197228,19.298603057861328,19.443705951471024,805487
2013-07-09,18.76656150817871,19.443705426300827,18.718192718108458,19.34696958642045,1505337
2013-07-10,18.524723052978516,18.96002994734339,18.379620174770228,18.766560023152334,2079743
2013-07-11,18.76656150817871,18.91166439786921,18.573091568678088,18.573091568678088,1365745
2013-07-12,18.718191146850586,18.86329402436074,18.621457055350472,18.766559932860627,691361
2013-07-15,19.105133056640625,19.29860300079473,18.66982611735893,18.76656195956607,1226152
2013-07-16,19.008398056030273,19.105132153403925,18.91166395865662,18.96003100734345,607417
2013-07-17,19.0567626953125,19.298599648430535,19.008395652740866,19.0567626953125,706452
2013-07-18,18.911663055419922,19.1534982873038,18.718191389392803,19.1534982873038,684758
2013-07-19,18.573091506958008,18.960031384673417,18.573091506958008,18.91166433502402,979978
2013-07-22,18.76656150817871,18.814928557988836,18.621458618488212,18.621458618488212,757384
2013-07-23,18.814926147460938,18.96002901856117,18.71819031997415,18.766559103847495,922443
2013-07-24,19.782276153564453,19.87901199167627,18.863295262932766,18.863295262932766,3012562
2013-07-25,19.4920711517334,19.73390812461267,19.4920711517334,19.73390812461267,877170
2013-07-26,19.73390769958496,19.927377621773438,19.49207073191436,19.49207073191436,1675112
2013-07-29,19.346967697143555,19.83064162853315,19.346967697143555,19.63717344818528,819635
2013-07-30,19.395334243774414,19.588805899670025,19.298600156086525,19.34696719993047,664008
2013-07-31,19.298603057861328,19.588808845080724,19.298603057861328,19.346970108977835,480085
2013-08-01,19.0567626953125,19.298599648430535,18.863292784766095,19.298599648430535,979035
2013-08-02,18.960031509399414,19.25023554946498,18.960031509399414,19.1534997092697,492347
2013-08-05,19.105133056640625,19.25023594982125,18.960031903720175,18.960031903720175,342379
2013-08-06,18.960031509399414,19.201868499497404,18.863295669204135,19.201868499497404,411232
2013-08-07,18.669824600219727,18.911663315955295,18.621457553176626,18.863294528652162,620621
2013-08-08,18.6214599609375,18.814929914385665,18.573092907640522,18.669827014234478,735691
2013-08-09,18.476356506347656,18.66982469550749,18.427987718797656,18.621457648217532,693247
2013-08-12,18.476356506347656,18.573090600927575,18.3796206715077,18.573090600927575,492347
2013-08-13,18.524723052978516,18.621457144944046,18.427987220752993,18.524723052978516,668724
2013-08-14,18.573091506958008,18.6214585566074,18.427988617749698,18.52472445730861,553654
2013-08-15,18.331253051757812,18.42798714331686,18.23451721993878,18.28288600597829,1061093
2013-08-16,18.041048049926758,18.28288676944315,17.89594690652899,18.234517981383835,1758113
2013-08-19,17.60573959350586,17.99267942244838,17.509005506400182,17.94431237889554,2081629
2013-08-20,17.60573959350586,17.847578291789862,17.60573959350586,17.60573959350586,1424223
2013-08-22,17.904516220092773,18.100730333415033,17.85546136805425,17.85546136805425,1345938
2013-08-23,18.149782180786133,18.34599628070596,17.904514997122305,18.002621164610307,990353
2013-08-26,18.149782180786133,18.640316548113788,18.149782180786133,18.640316548113788,531018
2013-08-27,17.904516220092773,18.198836507604188,17.85546136805425,18.198836507604188,559314
2013-08-28,17.757354736328125,17.904515758764045,17.70830165049745,17.85546090798947,912068
2013-08-29,17.757354736328125,17.95356884459472,17.757354736328125,17.85546090798947,1638328
2013-08-30,17.904516220092773,17.904516220092773,17.75735519386509,17.85546136805425,730032
2013-09-02,17.953569412231445,18.14978352670173,17.904516324849865,17.953569412231445,712111
2013-09-03,18.051677703857422,18.14978388053317,18.002622850575555,18.100730792195296,582894
2013-09-04,18.29694366455078,18.29694366455078,18.002623361230963,18.100731305633595,571575
2013-09-05,18.836532592773438,19.081799801759384,18.296943321049152,18.296943321049152,2094834
2013-09-06,19.032745361328125,19.37611872354596,18.93463742573454,19.081798446652975,1909025
2013-09-09,18.983692169189453,19.42517350556205,18.88558598997067,19.081800113352273,1088446
2013-09-10,19.81760025024414,20.11192053053643,19.425172033225156,19.425172033225156,4815949
2013-09-11,19.866655349731445,20.01381460924749,19.47422712780081,19.81760049828217,2180664
2013-09-12,20.062868118286133,20.25908223338381,19.817600915650026,20.013815030747704,2265552
2013-09-13,19.670438766479492,20.11192005903995,19.572332596996663,20.11192005903995,1229925
2013-09-16,19.523279190063477,19.817599458598675,19.523279190063477,19.621385357927263,827181
2013-09-17,19.57233238220215,19.621385466405236,19.474226213795973,19.52327929799906,638542
2013-09-18,20.357189178466797,20.60245815532411,19.719495486458673,19.768548575852524,4356613
2013-09-23,21.191097259521484,21.43636445409199,20.55340361260451,20.79866904223111,6104352
2013-09-24,20.84772491455078,21.289206239397192,20.798670061278077,21.191098297795772,2482487
2013-09-25,21.289207458496094,21.730688808623363,21.092993329001295,21.092993329001295,3784095
2013-09-26,21.191097259521484,21.583525476811854,20.896776979025656,21.38731136816667,1763773
2013-09-27,20.65151023864746,21.191097725581038,20.3081350997305,20.700563325651615,2484373
2013-09-30,20.504348754882812,20.79866903528028,20.35718773221213,20.35718773221213,1165788
2013-10-01,20.749616622924805,21.092991765321404,20.651510447922323,20.896777650372485,1551554
2013-10-02,20.553403854370117,20.994885162778864,20.35718797847298,20.896777224830295,1233697
2013-10-03,20.749616622924805,20.896777650372485,20.602457360421084,20.602457360421084,1593054
2013-10-04,20.45529556274414,20.798668927267304,20.357187626491886,20.749615841613124,1210118
2013-10-07,20.798669815063477,20.994885695943513,20.455296435883337,20.60245746407138,1878842
2013-10-08,20.60245704650879,20.945830418729567,20.553403959754952,20.79866939352413,758328
2013-10-09,20.013813018798828,20.700561470131262,19.96475993619161,20.602455304916823,1693976
2013-10-11,19.474225997924805,20.40624164722746,19.474225997924805,20.2100275476463,1923172
2013-10-14,18.738426208496094,19.47422782733899,18.640318267017314,19.47422782733899,1874126
2013-10-15,19.179906845092773,19.228959931601363,18.787478623136195,18.787478623136195,748896
2013-10-16,19.13085174560547,19.22895968229459,18.93463763717113,19.22895968229459,440471
2013-10-17,19.13085174560547,19.32706585403981,19.03274557386025,19.13085174560547,641372
2013-10-18,19.13085174560547,19.22895968229459,18.98369072304374,19.13085174560547,548939
2013-10-21,19.179906845092773,19.228959931601363,19.081798907131667,19.228959931601363,538563
2013-10-22,18.983692169189453,19.179908057515092,18.983692169189453,19.179908057515092,722486
2013-10-23,18.983692169189453,19.032747023742882,18.68937186658907,18.983692169189453,973376
2013-10-24,18.88558578491211,18.98369196306566,18.836532695835334,18.88558578491211,422550
2013-10-25,18.738426208496094,18.88558547329828,18.68937135528471,18.78747929676349,923387
2013-10-28,20.013813018798828,20.013813018798828,19.032744306879287,19.032744306879287,3783151
2013-10-29,19.91571044921875,20.259083854406608,19.91571044921875,20.210030762943212,2490975
2013-10-30,20.111921310424805,20.553404395398665,19.964762047044154,20.160976163162324,2124073
2013-10-31,19.91571044921875,20.259083854406608,19.866657357755358,20.06286972360893,953569
2013-11-01,19.670438766479492,20.160974908725226,19.47422642751383,20.11192005903995,1344994
2013-11-04,19.523279190063477,19.817599458598675,19.47422610613158,19.670438441859158,657406
2013-11-05,19.32706642150879,19.719494649899698,19.278013334195915,19.52328053570424,660235
2013-11-06,19.179906845092773,19.474227129088245,19.032745820623074,19.327066104618545,795112
2013-11-07,19.13085174560547,19.52327996247415,19.081798659732858,19.081798659732858,565916
2013-11-08,19.425172805786133,20.01381515472558,19.425172805786133,19.572333834256987,1507224
2013-11-11,19.719493865966797,19.866654886999104,19.621385930297297,19.621385930297297,650803
2013-11-12,19.32706642150879,19.817600824525446,19.130852307313337,19.817600824525446,1082786
2013-11-13,19.32706642150879,19.474227448391368,19.130852307313337,19.22896024688304,376334
2013-11-14,19.474225997924805,19.52327908158414,19.327064982002977,19.37611806566231,565916
2013-11-15,20.111921310424805,20.455296454867593,19.670439990394915,19.719494843132438,2907867
2013-11-18,19.866655349731445,20.406242831178126,19.719494325271473,20.308134893223503,1173333
2013-11-19,19.76854705810547,20.111920422443674,19.71949397247771,19.71949397247771,909239
2013-11-20,19.81760025024414,20.21002846726313,19.768547164352743,19.81760025024414,1028081
2013-11-21,19.474225997924805,19.768546264824636,19.425171149321645,19.7194931811653,1008274
2013-11-22,19.425172805786133,19.621386922099283,19.425172805786133,19.4742276585724,670611
2013-11-25,19.76854705810547,20.111920422443674,19.523279865022783,19.523279865022783,1161072
2013-11-26,19.76854705810547,20.111920422443674,19.76854705810547,20.013814251188155,2145766
2013-11-27,19.523279190063477,19.915707391406293,19.523279190063477,19.8666543074744,1455348
2013-11-28,19.670438766479492,19.91570772007429,19.572332596996663,19.817599785647598,1297835
2013-11-29,20.062868118286133,20.11192120582456,19.817600915650026,19.915708855670847,1726045
2013-12-02,19.91571044921875,20.40624489374089,19.81760250134786,20.357190037333392,1177106
2013-12-03,19.76854705810547,19.91570807993264,19.76854705810547,19.817600143733227,720600
2013-12-04,19.76854705810547,19.964761165560397,19.76854705810547,19.817600143733227,731918
2013-12-05,19.719493865966797,19.91570797236191,19.572332844934486,19.768546951329604,666838
2013-12-06,19.96476173400879,20.55340407313374,19.817600707991563,19.817600707991563,3748253
2013-12-09,19.91571044921875,20.357190037333392,19.866657357755358,20.210030762943212,1861865
2013-12-10,19.76854705810547,20.062867336815913,19.670439121906057,20.013814251188155,763987
2013-12-11,19.62138557434082,19.964760695538992,19.572332489867897,19.817599677176368,1251618
2013-12-12,19.670438766479492,19.817599785647598,19.572332596996663,19.621385681738076,593269
2013-12-13,19.719493865966797,19.81760003669241,19.572332844934486,19.621385930297297,644201
2013-12-16,19.37611961364746,19.81760093173968,19.37611961364746,19.81760093173968,1050718
2013-12-17,19.32706642150879,19.621386710329993,19.32706642150879,19.42517259613454,533847
2013-12-18,19.228958129882812,19.474225304388604,19.179905047970408,19.327064293707625,731918
2013-12-19,19.37611961364746,19.474227553747934,19.27801343849095,19.425172701225716,522529
2013-12-20,19.37611961364746,19.425172701225716,19.27801343849095,19.425172701225716,414062
2013-12-23,19.62138557434082,19.91570761106607,19.474226320922046,19.474226320922046,1216720
2013-12-24,19.57233238220215,19.817599568161423,19.52327929799906,19.67043855060832,827181
2013-12-25,19.670438766479492,19.817599785647598,19.621385681738076,19.817599785647598,676270
2013-12-26,19.670438766479492,19.817599785647598,19.621385681738076,19.670438766479492,853590
2013-12-27,19.57233238220215,19.71949339975525,19.57233238220215,19.67043855060832,850761
2013-12-30,19.57233238220215,19.817599568161423,19.57233238220215,19.67043855060832,813976
2013-12-31,19.57233238220215,19.76854648395834,19.57233238220215,19.57233238220215,626280
2014-01-02,19.81760025024414,19.81760025024414,19.62138614173465,19.719494078461345,898864
2014-01-03,19.62138557434082,19.768546592703444,19.62138557434082,19.62138557434082,818692
2014-01-06,19.37611961364746,19.768547844161425,19.327066526069206,19.71949475658317,1162015
2014-01-07,19.425172805786133,19.523280746414695,19.327066630101545,19.523280746414695,953569
2014-01-08,19.474225997924805,19.621385248902808,19.425171149321645,19.425171149321645,891318
2014-01-09,19.228958129882812,19.474225304388604,19.228958129882812,19.474225304388604,1154469
2014-01-10,19.32706642150879,19.474227448391368,19.278013334195915,19.376119508821663,759271
2014-01-13,19.278013229370117,19.42517249050855,19.17990705527783,19.278013229370117,780021
2014-01-14,19.179906845092773,19.278013018109956,19.179906845092773,19.278013018109956,556484
2014-01-15,19.081796646118164,19.27801073384693,19.081796646118164,19.228957653150665,1360086
2014-01-16,18.93463706970215,19.228959106004808,18.885583985299654,19.08179808785348,999785
2014-01-17,19.032745361328125,19.179906382246557,18.88558434040969,18.983690511059393,647974
2014-01-20,18.88558578491211,19.08179990616323,18.88558578491211,19.032746817086455,487631
2014-01-21,18.88558578491211,19.08179990616323,18.88558578491211,18.98369196306566,520643
2014-01-22,18.88558578491211,18.934638873988884,18.836532695835334,18.88558578491211,878113
2014-01-23,18.88558578491211,19.032746817086455,18.836532695835334,18.88558578491211,309367
2014-01-24,18.689369201660156,18.885583297063466,18.591263036430394,18.885583297063466,839442
2014-01-27,18.395050048828125,18.640317241616987,18.395050048828125,18.591264156047995,885659
2014-02-05,18.10072898864746,18.345996170842525,18.002621056803147,18.345996170842525,895091
2014-02-06,18.29694366455078,18.345998519224118,18.002623361230963,18.002623361230963,655519
2014-02-07,18.29694366455078,18.493157788412006,18.247890574821483,18.44410469868271,502722
2014-02-10,18.247888565063477,18.542210600911744,18.247888565063477,18.542210600911744,410289
2014-02-11,18.44410514831543,18.54221309510975,18.345998966465192,18.44410514831543,635712
2014-02-12,18.49315643310547,18.591264370318076,18.444103346971122,18.54221128418373,461221
2014-02-13,18.542211532592773,18.542211532592773,18.247889481955852,18.49315668085733,493290
2014-02-14,18.395050048828125,18.73842517769887,18.395050048828125,18.640317241616987,502722
2014-02-17,18.345996856689453,18.64031713333764,18.19883583589342,18.64031713333764,382936
2014-02-18,18.345996856689453,18.444103027257555,18.24788892117747,18.345996856689453,500836
2014-02-19,18.44410514831543,18.493158239240547,18.345998966465192,18.345998966465192,245230
2014-02-20,18.395050048828125,18.542211070479,18.34599696325913,18.44410313439712,531961
2014-02-21,18.29694366455078,18.542212643085342,18.29694366455078,18.395051608953413,642315
2014-02-24,18.345996856689453,18.493156112541605,18.24788892117747,18.29694200646152,517813
2014-02-25,18.198835372924805,18.493155642085643,18.149782288888638,18.34599638997714,773419
2014-02-26,18.198835372924805,18.29694154099714,18.198835372924805,18.198835372924805,547052
2014-02-27,18.542211532592773,18.542211532592773,18.247889481955852,18.345997420482806,1068639
2014-03-03,18.395050048828125,18.542211070479,18.296942112746244,18.542211070479,830954
2014-03-04,18.198835372924805,18.493155642085643,18.198835372924805,18.29694154099714,615905
2014-03-05,18.198835372924805,18.39504947401331,18.10072920485247,18.29694154099714,912068
2014-03-06,18.198835372924805,18.39504947401331,18.149782288888638,18.29694154099714,735691
2014-03-07,18.051677703857422,18.39505108716654,18.051677703857422,18.39505108716654,1193140
2014-03-10,18.051677703857422,18.19883696887105,18.002622850575555,18.14978388053317,637599
2014-03-11,17.708301544189453,18.14978284390298,17.65924845865326,18.14978284390298,1656248
2014-03-12,17.266820907592773,17.708302224260994,17.266820907592773,17.708302224260994,2190096
2014-03-13,17.36492919921875,17.51208846446054,17.266821257446896,17.266821257446896,766816
2014-03-14,17.315872192382812,17.463033204267006,17.26681911006934,17.463033204267006,693247
2014-03-17,17.2177677154541,17.364928741763126,17.168712863388464,17.364928741763126,765873
2014-03-18,17.36492919921875,17.46303537604661,17.217768169032965,17.217768169032965,770589
2014-03-19,17.266820907592773,17.413981934796833,17.21776782017274,17.413981934796833,614019
2014-03-20,17.266820907592773,17.3649288473768,17.168712967808748,17.266820907592773,547052
2014-03-21,17.904516220092773,17.95356930718735,17.364928732164522,17.364928732164522,2218392
2014-03-24,17.757354736328125,17.95356884459472,17.56114062806153,17.659248564666775,1183708
2014-03-25,18.345996856689453,18.689370218621693,17.7573545384492,17.8554607090173,2810718
2014-03-26,18.345996856689453,18.542210962769538,18.29694200646152,18.444103027257555,1055434
2014-03-27,18.198835372924805,18.444102558049476,18.149782288888638,18.34599638997714,1043172
2014-03-28,18.051677703857422,18.444104175504414,17.95356976223768,18.2969431455468,1354426
2014-03-31,18.10072898864746,18.24788823899821,18.05167590519721,18.10072898864746,562143
2014-04-01,17.85546112060547,18.198836255396767,17.85546112060547,18.198836255396767,858306
2014-04-02,17.85546112060547,18.100730082567207,17.85546112060547,17.95356905837895,767760
2014-04-03,17.85546112060547,18.00262214479373,17.757354947775912,17.85546112060547,798885
2014-04-07,17.65924835205078,17.806407607771018,17.65924835205078,17.806407607771018,718713
2014-04-08,17.757354736328125,17.806407822158796,17.659248564666775,17.659248564666775,533847
2014-04-09,17.708301544189453,17.855460800798035,17.610193608173173,17.80640771526184,989410
2014-04-10,17.561141967773438,17.7573560910089,17.561141967773438,17.659249911863185,634769
2014-04-11,17.610193252563477,17.855460440235557,17.46303399892654,17.512087083472185,740407
2014-04-14,18.002622604370117,18.002622604370117,17.659249225757,17.659249225757,903580
2014-04-15,18.002622604370117,18.198836719982168,17.855461576425085,18.051677456981103,1344051
2014-04-16,17.85546112060547,18.00262214479373,17.659248774946352,17.95356905837895,992240
2014-04-17,17.757354736328125,17.95356884459472,17.70830165049745,17.904515758764045,1094105
2014-04-18,18.44410514831543,18.44410514831543,17.757356580531514,17.757356580531514,3632240
2014-04-21,18.44410514831543,18.64031927695999,18.19883792874575,18.493158239240547,1998628
2014-04-22,18.640316009521484,18.83653010377191,18.395048832944394,18.44410191527106,4174577
2014-04-23,18.395050048828125,18.787478263267865,18.002621834388385,18.73842517769887,2758842
2014-04-24,18.002622604370117,18.39505083559422,17.953569516703094,18.39505083559422,1844887
2014-04-25,17.36492919921875,18.051677731845754,17.070607138847183,18.051677731845754,2634341
2014-04-28,16.923444747924805,17.217766784631287,16.923444747924805,17.119658850747843,2314598
2014-04-29,17.168712615966797,17.217767467325498,16.97250027030768,16.97250027030768,891318
2014-04-30,17.266820907592773,17.413981934796833,17.119659880388713,17.3649288473768,1093162
2014-05-02,17.46303367614746,17.561139843425398,17.26681957664776,17.31587266028673,1006388
2014-05-05,17.36492919921875,17.56114155287447,17.266821257446896,17.46303537604661,627224
2014-05-06,17.85546112060547,17.85546112060547,17.217767467325498,17.36492849151376,1156356
2014-05-07,17.806407928466797,17.806407928466797,17.561140732905233,17.75735484234327,609303
2014-05-08,17.65924835205078,17.904515543195053,17.561140416626746,17.904515543195053,424437
2014-05-09,17.708301544189453,17.80640771526184,17.46303435156459,17.65924845865326,697020
2014-05-12,17.561141967773438,17.953570214244362,17.561141967773438,17.708303001436043,780964
2014-05-13,17.36492919921875,17.659249494646325,17.315874345860827,17.610194641288402,454619
2014-05-14,17.266820907592773,17.413981934796833,17.168712967808748,17.266820907592773,689474
2014-05-15,17.36492919921875,17.41398228763268,17.266821257446896,17.41398228763268,256548
2014-05-16,18.542211532592773,18.542211532592773,18.247889481955852,18.444103594065822,7499336
2014-05-19,18.689369201660156,19.081797392466775,18.640316119045274,18.73842404921882,9400816
2014-05-20,18.542211532592773,18.885584905077266,18.542211532592773,18.73842564470274,3026710
2014-05-21,19.670438766479492,19.817599785647598,18.640316927134332,18.689370011875745,9233871
2014-05-22,20.308134078979492,20.50434818207771,19.523279431530483,19.719493534628697,10793914
2014-05-23,20.259082794189453,20.994886187410017,20.210029705293152,20.553404857455284,8787740
2014-05-26,21.289207458496094,21.58352777026624,20.259083719884433,20.30813681102211,9835628
2014-05-27,21.09299087524414,21.485417323638497,20.7005626619059,21.28920498191326,5229068
2014-05-28,20.89677619934082,21.289204401989203,20.798668266206803,21.09299030066501,4225509
2014-05-29,20.798669815063477,21.240152899627603,20.50434952363136,21.240152899627603,3478500
2014-05-30,20.45529556274414,20.945829949173746,20.45529556274414,20.945829949173746,3704866
2014-06-03,20.40624237060547,20.847723669077137,20.40624237060547,20.50434854140189,2974834
2014-06-04,20.60245704650879,20.79866939352413,20.455296021303347,20.455296021303347,2590954
2014-06-05,20.45529556274414,20.798668927267304,20.40624247708996,20.70056275595894,1860922
2014-06-06,19.91571044921875,20.602459024538565,19.91571044921875,20.504351076667675,3240815
2014-06-09,19.96476173400879,20.210028934074867,19.768547620967137,20.06286790805764,1652476
2014-06-10,20.749616622924805,20.994885590318923,20.160976043022007,20.210029130523246,4632969
2014-06-11,20.700563430786133,21.043938571447036,20.65151034353285,20.896777544743227,2465509
2014-06-12,20.798669815063477,20.94583084325152,20.700563639567427,20.700563639567427,2473055
2014-06-13,20.45529556274414,20.798668927267304,20.308134540837703,20.749615841613124,1942036
2014-06-16,19.96476173400879,20.455296134140944,19.62138659494991,20.455296134140944,4155713
2014-06-17,19.866655349731445,20.16097563370746,19.866655349731445,19.96476152274214,1593054
2014-06-18,20.062868118286133,20.210029145845382,19.817600915650026,20.013815030747704,3429454
2014-06-19,20.062868118286133,20.160976058306954,19.915708855670847,20.062868118286133,1230868
2014-06-20,19.670438766479492,20.062866974298533,19.670438766479492,20.062866974298533,1843001
2014-06-23,19.228958129882812,19.817598642719208,19.228958129882812,19.719492478894395,1943923
2014-06-24,19.474225997924805,19.621385248902808,19.228958814684304,19.327064982002977,1300664
2014-06-25,19.76854705810547,19.91570807993264,19.376118843195613,19.474226779395025,1070525
2014-06-26,19.670438766479492,19.91570772007429,19.621385681738076,19.817599785647598,787567
2014-06-27,19.57233238220215,19.817599568161423,19.57233238220215,19.71949339975525,1042229
2014-06-30,19.719493865966797,19.81760003669241,19.52327975957168,19.621385930297297,1068639
2014-07-01,19.81760025024414,19.91570818697084,19.719494078461345,19.768547164352743,1463837
2014-07-02,19.425172805786133,20.01381515472558,19.425172805786133,20.01381515472558,1813762
2014-07-03,19.37611961364746,19.621386816482698,19.327066526069206,19.474227553747934,958285
2014-07-04,19.32706642150879,19.52328053570424,19.32706642150879,19.474227448391368,974319
2014-07-07,19.228958129882812,19.572331468213417,19.228958129882812,19.327064293707625,1091275
2014-07-08,19.719493865966797,19.81760003669241,19.130851546781447,19.228959482450946,2969175
2014-07-09,19.719493865966797,19.91570797236191,19.621385930297297,19.719493865966797,1311983
2014-07-10,19.670438766479492,19.964760804815704,19.670438766479492,19.71949361616477,1407245
2014-07-11,19.32706642150879,19.76854773721257,19.32706642150879,19.76854773721257,1079957
2014-07-14,20.062868118286133,20.11192120582456,19.37611959791624,19.57233371301392,2405145
2014-07-15,20.111921310424805,20.602457483192214,20.062868222631256,20.357188514336524,2696592
2014-07-16,20.259082794189453,20.74961721304049,20.111921762556538,20.210029705293152,3370975
2014-07-17,20.259082794189453,20.504350003614974,20.16097661639685,20.40624382582237,1553440
2014-07-18,20.013813018798828,20.160974031564272,19.91570685358439,20.062866101406048,1493076
2014-07-21,21.24015235900879,21.24015235900879,20.357187977298317,20.504349001740717,11147611
2014-07-22,20.99488639831543,21.240153610204796,20.896778454593267,21.240153610204796,3889732
2014-07-23,20.99488639831543,20.99488639831543,20.99488639831543,20.99488639831543,0
2014-07-24,20.84772491455078,21.14204520946706,20.798670061278077,21.092992121138344,2756013
2014-07-25,20.84772491455078,21.04393903280963,20.700563884620646,21.04393903280963,2039185
2014-07-28,21.09299087524414,21.534472174013693,20.847723683143712,20.847723683143712,7815306
2014-07-29,20.308134078979492,21.240151509931984,20.308134078979492,21.142043575910947,5318671
2014-07-30,20.553403854370117,20.79866928688173,20.308134891970656,20.455295916421548,3127631
2014-07-31,20.700563430786133,20.896777544743227,20.50434931682904,20.749616518039417,1700579
2014-08-01,20.40624237060547,20.553403391743988,20.357187520263373,20.553403391743988,1666624
2014-08-04,20.700563430786133,20.94583063199651,20.406243142322467,20.406243142322467,1598714
2014-08-05,20.504348754882812,20.749615949371353,20.35718773221213,20.700562863462423,1428939
2014-08-06,19.91571044921875,20.602459024538565,19.621388370550186,20.504351076667675,2758842
2014-08-07,19.81760025024414,20.11192053053643,19.768547164352743,20.11192053053643,975262
2014-08-08,19.719493865966797,20.01381414308753,19.670439015660104,19.81760003669241,1425166
2014-08-11,19.96476173400879,20.16097584705044,19.817600707991563,19.866655559959934,1114855
2014-08-12,19.719493865966797,20.01381414308753,19.719493865966797,19.964761057724722,812090
2014-08-13,19.76854705810547,19.86665499430488,19.670439121906057,19.71949397247771,913011
2014-08-14,20.160974502563477,20.45529477002647,19.915707318853677,20.013813486360068,1770375
2014-08-15,19.81760025024414,20.21002846726313,19.719494078461345,20.21002846726313,2056163
2014-08-18,19.425172805786133,19.964762066883285,19.425172805786133,19.915708979040993,2205187
2014-08-19,19.76854705810547,19.86665499430488,19.57233295065054,19.6213860362783,1292176
2014-08-20,20.553403854370117,20.700563113877084,19.915708435008156,19.915708435008156,3961415
2014-08-21,20.40624237060547,20.94582983987356,20.40624237060547,20.602456477142198,3371919
2014-08-22,20.65151023864746,20.896777438612173,20.504349212691057,20.504349212691057,2739035
2014-08-25,22.074060440063477,22.074060440063477,20.700563408768645,20.700563408768645,23232758
2014-08-26,22.074060440063477,22.466488667560274,21.87784632631508,22.221221466610764,12480345
2014-08-27,22.17216682434082,22.662702995827058,21.926901386013654,22.17216682434082,7964331
2014-08-28,21.77973747253418,22.27027181408687,21.681631310201137,22.221218732920345,5984567
2014-08-29,21.877845764160156,22.270273981573443,21.681633420397418,21.779739592278787,5188511
2014-09-01,21.730688095092773,22.12311457625289,21.485419117569656,22.074061486725878,4199100
2014-09-02,21.387310028076172,21.681632055074214,21.387310028076172,21.583524124426937,2443816
2014-09-03,21.3382568359375,21.632577096484344,21.24015067073648,21.38730991853801,2740922
2014-09-04,21.877845764160156,22.123112958807482,21.3873113748655,21.3873113748655,4946110
2014-09-05,22.074060440063477,22.760808955710893,21.779740151912858,21.87784632631508,7056035
2014-09-09,22.80986213684082,22.9570231639941,22.172166705768547,22.221221558115612,7047546
2014-09-10,22.80986213684082,23.055131103744273,22.46648876007511,23.055131103744273,4851790
2014-09-11,22.564594268798828,23.05513042318168,22.564594268798828,23.05513042318168,3300236
2014-09-12,21.975954055786133,22.613647713198375,21.975954055786133,22.56459462646573,4539593
2014-09-15,22.12311363220215,22.319327746881257,21.828793342655466,21.975954369900787,2534362
2014-09-16,21.6816349029541,22.2212224150856,21.583526959420357,22.2212224150856,2813548
2014-09-17,21.77973747253418,22.025004643310524,21.681631310201137,21.77973747253418,1809989
2014-09-18,22.17216682434082,22.36838270489049,21.828793445738818,21.828793445738818,2413633
2014-09-19,22.074060440063477,22.466488667560274,21.975954265661255,22.368382493158048,1530804
2014-09-22,21.6816349029541,22.123114471551858,21.387312837296896,22.074061382257,2363644
2014-09-23,20.84772491455078,21.632579622642186,20.84772491455078,21.58352653431347,4468854
2014-09-24,20.89677619934082,21.1420433847601,20.749615182111715,20.798668266206803,2588124
2014-09-25,20.259082794189453,21.240153396835538,20.062868673660237,21.092992365202623,4006688
2014-09-26,20.308134078979492,20.455295097539118,19.621385600607663,19.670438685146255,1897706
2014-09-29,20.308134078979492,20.553403031560155,20.11191997588128,20.553403031560155,998842
2014-09-30,20.40624237060547,20.50434854140189,19.866654901337377,20.40624237060547,2162744
2014-10-01,20.308134078979492,20.553403031560155,20.210027909902312,20.357187163518084,1185595
2014-10-02,20.21002960205078,20.406243721577646,20.062868571169634,20.308135779342212,764930
2014-10-03,20.45529556274414,20.60245658465058,20.21002836952934,20.40624247708996,982808
2014-10-06,20.40624237060547,20.700562647938618,20.357187520263373,20.602456477142198,1077127
2014-10-07,20.21002960205078,20.406243721577646,20.160976513405068,20.406243721577646,805487
2014-10-08,19.866655349731445,20.259081806718157,19.866655349731445,20.111920782258185,1260107
2014-10-09,19.81760025024414,20.16097538137173,19.768547164352743,20.11192053053643,1111082
2014-10-13,18.738426208496094,19.621387092141177,18.640318267017314,19.42517297412761,3621865
2014-10-14,19.081796646118164,19.130849726814425,18.73842331630061,18.73842331630061,1132776
2014-10-15,18.738426208496094,19.17990753279063,18.68937135528471,19.130852679579245,1411018
2014-10-16,18.49315643310547,18.49315643310547,17.659248673989843,17.659248673989843,1685487
2014-10-17,18.198835372924805,18.83653076022648,18.0026212718363,18.83653076022648,1120514
2014-10-20,18.640316009521484,18.78747702144525,18.44410191527106,18.640316009521484,1011104
2014-10-21,18.689369201660156,18.885583297063466,18.54220995381551,18.640316119045274,609303
2014-10-22,19.228958129882812,19.327064293707625,18.934636108520856,19.03274403728943,1576077
2014-10-23,19.523279190063477,19.670438441859158,19.03274482085687,19.179905837596383,2058992
2014-10-24,18.93463706970215,19.62138554616861,18.93463706970215,19.572332461766116,1289346
2014-10-27,18.49315643310547,19.179906698761968,18.444103346971122,18.93463773820241,1029968
2014-10-28,18.983692169189453,19.081800113352273,18.64031877697968,18.64031877697968,1079014
2014-10-29,19.37611961364746,19.425172701225716,19.228960350912697,19.27801343849095,876227
2014-10-30,19.57233238220215,19.71949339975525,19.32706519624287,19.425171364649046,1430825
2014-10-31,19.425172805786133,19.670440009941576,19.425172805786133,19.670440009941576,1256334
2014-11-03,19.37611961364746,19.768547844161425,19.37611961364746,19.474227553747934,1279914
2014-11-04,19.179906845092773,19.474227129088245,19.179906845092773,19.425172277635728,1259164
2014-11-05,19.76854705810547,19.964761165560397,19.179906500684577,19.228959586312335,2336291
2014-11-06,19.278013229370117,19.866655568755686,19.278013229370117,19.817600716765597,1286516
2014-11-07,19.523279190063477,19.670438441859158,19.278012005460173,19.37611817332396,740407
2014-11-10,19.523279190063477,19.96476047533819,19.523279190063477,19.523279190063477,1386495
2014-11-11,19.474225997924805,19.768546264824636,19.474225997924805,19.621385248902808,830954
2014-11-12,19.278013229370117,19.42517249050855,19.228960142323974,19.42517249050855,841329
2014-11-13,19.37611961364746,19.52328064132619,19.27801343849095,19.327066526069206,418778
2014-11-14,19.425172805786133,19.866655891198697,19.425172805786133,19.425172805786133,1865638
2014-11-17,18.10072898864746,18.29694132244846,18.10072898864746,18.10072898864746,2376849
2014-11-18,16.97249984741211,17.806407590517043,16.874391912083137,17.659248334939402,9879959
2014-11-19,16.82533836364746,17.16871171548525,16.776285279805464,17.16871171548525,2876742
2014-11-20,16.923444747924805,16.923444747924805,16.28575111992975,16.776285494515417,3520943
2014-11-21,16.678180694580078,17.02155407899781,16.629125841139835,16.92344613706132,1955241
2014-11-24,16.727231979370117,16.874391228990604,16.727231979370117,16.727231979370117,1149753
2014-11-25,16.5800724029541,16.82533960520642,16.5800724029541,16.82533960520642,963001
2014-11-26,16.33480453491211,16.62912481262991,16.187643513581264,16.580071727167592,2163687
2014-11-27,15.79521656036377,16.383858927713586,15.746163470987291,16.334805838337108,4409432
2014-11-28,16.236698150634766,16.383857405088026,15.844269942205006,15.844269942205006,3348339
2014-12-01,16.432910919189453,16.629125028530115,15.844270356111378,15.942376528309754,2529646
2014-12-02,16.5800724029541,16.5800724029541,16.18764417337281,16.383858288163456,1126173
2014-12-03,16.82533836364746,16.874391447489455,16.481963246865842,16.580071179493657,1657192
2014-12-04,16.678180694580078,16.87439304856507,16.629125841139835,16.82533996006882,1567588
2014-12-05,16.923444747924805,17.02155268180825,16.678179325575822,16.72723241004562,1988253
2014-12-08,16.82533836364746,16.972499380117274,16.72723219596347,16.972499380117274,1054491
2014-12-09,16.82533836364746,16.972499380117274,16.678179112121477,16.776285279805464,976205
2014-12-10,16.923444747924805,17.31587295357088,16.678179325575822,16.678179325575822,4980065
2014-12-11,16.874391555786133,17.119658741514012,16.825338471629326,16.92344463994294,1160128
2014-12-12,16.82533836364746,17.07060554780126,16.82533836364746,16.972499380117274,1029968
2014-12-15,16.874391555786133,17.021552573200395,16.6781792191589,16.776285387472516,711168
2014-12-16,16.82533836364746,17.021552463959267,16.776285279805464,16.82533836364746,1029968
2014-12-17,16.82533836364746,17.315872731955064,16.82533836364746,16.82533836364746,3536978
2014-12-18,16.97249984741211,17.021552932604656,16.82533882689059,16.97249984741211,822465
2014-12-19,16.97249984741211,17.217767038318723,16.97249984741211,17.168712188182297,2136334
2014-12-22,17.561141967773438,17.561141967773438,17.0706075421568,17.0706075421568,3470011
2014-12-23,17.413982391357422,17.61019474618186,17.315874449001196,17.56114165747575,1261993
2014-12-24,17.413982391357422,17.56114165747575,17.364929302651312,17.364929302651312,1101650
2014-12-25,17.413982391357422,17.56114165747575,17.315874449001196,17.51208856876964,702679
2014-12-26,17.561141967773438,17.610195057346296,17.413982699054866,17.413982699054866,649860
2014-12-29,17.610193252563477,17.855460440235557,17.610193252563477,17.70830118659862,1109196
2014-12-30,17.413982391357422,17.757355777244197,17.413982391357422,17.46303548006353,1065809
2014-12-31,17.610193252563477,17.610193252563477,17.413980914380897,17.413980914380897,567802
2015-01-05,17.65924835205078,17.75735452253094,17.561140416626746,17.610193501866824,872454
2015-01-06,17.610193252563477,17.659248102052977,17.512087083472185,17.561140168017833,986581
2015-01-07,17.953569412231445,18.14978352670173,17.610194270672462,17.610194270672462,2832412
2015-01-08,17.757354736328125,18.05167678119997,17.757354736328125,17.95356884459472,1390268
2015-01-09,17.65924835205078,17.953568628435132,17.610193501866824,17.953568628435132,977149
2015-01-12,17.561141967773438,17.7573560910089,17.561141967773438,17.659249911863185,711168
2015-01-13,17.757354736328125,17.904515758764045,17.56114062806153,17.659248564666775,984694
2015-01-14,17.512088775634766,17.806409076292148,17.463035686349205,17.806409076292148,1339335
2015-01-15,17.36492919921875,17.610194641288402,17.168713315675042,17.56114155287447,1193140
2015-01-16,17.266820907592773,17.463035022216868,17.21776782017274,17.413981934796833,889432
2015-01-19,16.97249984741211,17.41398114403279,16.923444997275684,17.364928058840242,1009217
2015-01-20,17.02155303955078,17.16871229605302,16.972499954050033,17.16871229605302,561200
2015-01-21,17.315872192382812,17.463033204267006,17.070605015871674,17.16871118049862,946966
2015-01-22,17.36492919921875,17.41398228763268,17.168713315675042,17.41398228763268,630996
2015-01-23,17.168712615966797,17.463034664343315,17.168712615966797,17.36492849151376,965830
2015-01-26,17.266820907592773,17.315873995012808,17.168712967808748,17.168712967808748,514040
2015-01-27,17.2177677154541,17.41398182888482,17.2177677154541,17.266820802575793,598928
2015-01-28,17.119661331176758,17.266822370851827,17.02155514802278,17.21776927927484,655519
2015-01-29,17.02155303955078,17.119659210552275,16.9234451036054,17.119659210552275,569689
2015-01-30,17.168712615966797,17.266820553740278,17.168712615966797,17.168712615966797,498006
2015-02-02,16.97249984741211,17.168712188182297,16.923444997275684,17.168712188182297,647974
2015-02-03,17.02155303955078,17.119659210552275,16.9234451036054,16.972499954050033,584780
2015-02-04,16.727231979370117,17.11965840996855,16.727231979370117,17.11965840996855,1128060
2015-02-05,16.678180694580078,16.87439304856507,16.629125841139835,16.776286871572573,679099
2015-02-06,16.77628517150879,17.021552354079308,16.67817900445811,16.67817900445811,648917
2015-02-09,16.531017303466797,16.825337557358438,16.481962457031738,16.776284475867122,713997
2015-02-10,16.38385581970215,16.629122985001473,16.285749659559894,16.629122985001473,918671
2015-02-11,16.187644958496094,16.432912172644212,16.187644958496094,16.432912172644212,1153526
2015-02-12,16.285751342773438,16.38385751305545,16.23669825763243,16.285751342773438,395198
2015-02-13,16.481964111328125,16.531018962686826,16.28575176566901,16.38385793849857,756441
2015-02-24,16.33480453491211,16.531018641705273,16.28575144944979,16.531018641705273,770589
2015-02-25,16.33480453491211,16.432910705836747,16.236698363987472,16.33480453491211,386709
2015-02-26,16.531017303466797,16.62912346644943,16.285750131066475,16.432909375540422,617792
2015-03-02,16.38385581970215,16.629122985001473,16.33480273963102,16.53101682485922,482915
2015-03-03,16.33480453491211,16.531018641705273,16.187643513581264,16.383857620374428,570632
2015-03-04,16.236698150634766,16.383857405088026,16.08953713123764,16.334804320270273,442358
2015-03-05,16.727231979370117,16.874391228990604,16.187642769263586,16.28575070062105,2289132
2015-03-06,16.629125595092773,16.7762866233481,16.629125595092773,16.7762866233481,575348
2015-03-09,16.629125595092773,16.678180447807197,16.53101941955187,16.629125595092773,299935
2015-03-10,16.481964111328125,16.629125135516386,16.481964111328125,16.629125135516386,411232
2015-03-11,16.531017303466797,16.67817831288449,16.481962457031738,16.481962457031738,571575
2015-03-12,16.33480453491211,16.580071727167592,16.28575144944979,16.580071727167592,979978
2015-03-13,16.38385581970215,16.580069904930347,16.33480273963102,16.33480273963102,371618
2015-03-16,16.33480453491211,16.531018641705273,16.33480453491211,16.531018641705273,378220
2015-03-17,16.531017303466797,16.67817831288449,16.383856294049107,16.383856294049107,714941
2015-03-18,16.432910919189453,16.629125028530115,16.383857833090264,16.629125028530115,504608
2015-03-19,16.531017303466797,16.825337557358438,16.481962457031738,16.481962457031738,1006388
2015-03-20,16.5800724029541,16.727233430283075,16.4819644630868,16.629125490415774,597985
2015-03-23,16.531017303466797,16.727231394375806,16.531017303466797,16.67817831288449,830954
2015-03-24,16.531017303466797,16.67817831288449,16.481962457031738,16.531017303466797,569689
2015-03-25,16.531017303466797,16.67817831288449,16.383856294049107,16.67817831288449,674383
2015-03-26,16.38385581970215,16.53101682485922,16.285749659559894,16.432908899773274,728145
2015-03-27,16.33480453491211,16.62912481262991,16.33480453491211,16.432910705836747,807374
2015-03-30,16.236698150634766,16.481963574723537,16.236698150634766,16.28575123545252,806431
2015-03-31,16.236698150634766,16.481963574723537,16.236698150634766,16.383857405088026,742293
2015-04-01,16.187644958496094,16.334805992962583,16.089538778814465,16.236699813280953,816806
2015-04-02,16.236698150634766,16.28575123545252,16.187643300873148,16.236698150634766,694190
2015-04-07,16.629125595092773,16.629125595092773,16.236699127985194,16.236699127985194,1038456
2015-04-08,16.38385581970215,16.629122985001473,16.38385581970215,16.4819619798444,727202
2015-04-09,16.481964111328125,16.580072049101606,16.33480485208379,16.481964111328125,730975
2015-04-10,16.33480453491211,16.531018641705273,16.28575144944979,16.481963791299066,568746
2015-04-13,16.33480453491211,16.383857620374428,16.28575144944979,16.383857620374428,451790
2015-04-14,16.481964111328125,16.531018962686826,16.28575176566901,16.33480485208379,812090
2015-04-15,16.33480453491211,16.481963791299066,16.33480453491211,16.432910705836747,403687
2015-04-16,16.285751342773438,16.481963683337465,16.285751342773438,16.334804427914445,647974
2015-04-17,16.38385581970215,16.432908899773274,16.285749659559894,16.285749659559894,267867
2015-04-20,16.285751342773438,16.432910598196457,16.23669825763243,16.38385751305545,523472
2015-04-21,16.97249984741211,17.41398114403279,16.334804445077364,16.38385753026991,4111383
2015-04-22,16.97249984741211,17.168712188182297,16.776285741698043,17.11965910298975,1588338
2015-04-23,16.874391555786133,17.070605657357206,16.776285387472516,16.97249948904359,637599
2015-04-24,16.727231979370117,17.021552243554893,16.67817889616329,16.972499160348065,1232754
2015-04-27,16.727231979370117,16.825338145783775,16.580070964805827,16.825338145783775,1191254
2015-04-28,16.82533836364746,16.82533836364746,16.678179112121477,16.776285279805464,633826
2015-04-29,16.678180694580078,16.92344613706132,16.678180694580078,16.678180694580078,828124
2015-04-30,16.77628517150879,16.92344442208481,16.72723208798345,16.87439133855947,564030
2015-05-04,16.77628517150879,16.92344442208481,16.77628517150879,16.87439133855947,510268
2015-05-05,16.678180694580078,16.82533996006882,16.580072752643584,16.82533996006882,639485
2015-05-06,16.629125595092773,16.7762866233481,16.580072507322324,16.678180447807197,487631
2015-05-07,16.481964111328125,16.678179986875087,16.432911024913345,16.629125135516386,551768
2015-05-08,16.285751342773438,16.580071618563355,16.187643407547547,16.481963683337465,719657
2015-05-11,15.157522201538086,16.33480511948451,15.157522201538086,16.33480511948451,3330418
2015-05-12,14.71604061126709,15.010360894009256,14.12739828083884,14.863201635110132,3997256
2015-05-13,14.765094757080078,14.863202701663438,14.51982754303774,14.863202701663438,816806
2015-05-14,14.519826889038086,14.863202032197538,14.519826889038086,14.814147179643355,713997
2015-05-15,14.71604061126709,14.961307807709549,14.666986642495424,14.666986642495424,788510
2015-05-18,14.568879127502441,14.863201165897141,14.519826042751278,14.765093231450953,703622
2015-05-19,14.666986465454102,14.716040433633651,14.51982632585935,14.6179333797465,554598
2015-05-20,14.519826889038086,14.765094092033138,14.274558803571052,14.716041004422921,1355370
2015-05-21,14.029292106628418,14.421718561924937,14.029292106628418,14.421718561924937,1777921
2015-05-22,14.274558067321777,14.372665119954055,13.931184706816708,14.029291759448986,1054491
2015-05-25,14.127397537231445,14.323611637046302,14.127397537231445,14.323611637046302,498006
2015-05-26,14.225505828857422,14.274558916856934,14.078345682386892,14.127398770386407,423494
2015-05-27,14.42171859741211,14.51982653518559,14.127398313979514,14.225505369281032,757384
2015-05-28,14.470772743225098,14.568879799726117,14.323612599709552,14.519826712711593,558370
2015-05-29,14.42171859741211,14.568879621600368,14.42171859741211,14.568879621600368,660235
2015-06-01,14.666986465454102,14.814146605048855,14.4707723576798,14.568879411566952,857363
2015-06-02,14.71604061126709,14.7650936975668,14.617933556195716,14.71604061126709,606473
2015-06-03,14.32361125946045,14.716039448745331,14.32361125946045,14.716039448745331,914898
2015-06-04,14.078346252441406,14.519827592201258,14.078346252441406,14.372666557299958,1314812
2015-06-05,14.078346252441406,14.274559494856433,14.029293162455657,14.078346252441406,708338
2015-06-08,13.440649032592773,14.078344413963634,13.14632788369732,14.078344413963634,1409132
2015-06-09,12.116206169128418,13.391596059965115,12.116206169128418,13.342542975978747,5439400
2015-06-10,12.459580421447754,12.606740566502433,12.165260131338394,12.165260131338394,1390268
2015-06-11,12.36147403717041,12.459580210565061,12.214313894606466,12.263366981303793,1025252
2015-06-12,12.60673999786377,12.655794848122632,12.263366635715016,12.263366635715016,627224
2015-06-15,12.753900527954102,12.901060660707937,12.557686429301048,12.557686429301048,800771
2015-06-16,12.508633613586426,12.85200785234229,12.361473477683035,12.655794631961744,697963
2015-06-17,12.753900527954102,12.852007577280627,12.410526296547213,12.459579379974523,796999
2015-06-18,12.999168395996094,12.999168395996094,12.852008255476667,12.852008255476667,702679
2015-06-22,13.097275733947754,13.244435877651984,12.950115590243524,12.999168677320943,647031
2015-06-23,12.950115203857422,13.293489450570188,12.950115203857422,13.097275343170908,680986
2015-06-24,13.048222541809082,13.146328715173992,12.950115485972207,12.950115485972207,361243
2015-06-25,13.195382118225098,13.195382118225098,12.901060963341326,13.146328151175172,644201
2015-06-26,13.293489456176758,13.342543424283239,13.097275348694724,13.244435488070275,531018
2015-06-29,12.753900527954102,13.244434892114826,12.655794361099481,13.244434892114826,654576
2015-06-30,12.557686805725098,12.753900910259784,12.459579753457755,12.459579753457755,915841
2015-07-01,12.655795097351074,12.80295523866596,12.606740246126183,12.606740246126183,652690
2015-07-02,12.557686805725098,12.802954877629421,12.508633720827392,12.753900910259784,606473
2015-07-03,12.508633613586426,12.606739782540735,12.459579646637344,12.508633613586426,528188
2015-07-06,12.459580421447754,12.704848506501527,12.459580421447754,12.459580421447754,359356
2015-07-07,12.557686805725098,12.753900910259784,12.557686805725098,12.557686805725098,608360
2015-07-08,12.16525936126709,12.557686684062578,11.969045258633383,12.557686684062578,817749
2015-07-09,11.919992446899414,12.067153479371958,11.576619057722175,11.969046418547599,958285
2015-07-10,11.919992446899414,11.919992446899414,11.919992446899414,11.919992446899414,0
2015-07-13,12.214314460754395,12.26336754972539,12.018099457454396,12.018099457454396,439528
2015-07-14,12.067152976989746,12.263367090469638,12.067152976989746,12.263367090469638,337663
2015-07-15,11.969045639038086,12.214313716361383,11.870938584603158,12.116206661926455,476313
2015-07-16,12.116206169128418,12.165259253114789,11.919991185767188,12.116206169128418,658349
2015-07-17,12.116206169128418,12.214313219573075,12.116206169128418,12.165259253114789,267867
2015-07-20,12.116206169128418,12.263366303559444,12.018098236211845,12.263366303559444,297106
2015-07-21,11.969045639038086,12.116206661926455,11.919991670584645,12.116206661926455,432926
2015-07-22,11.821885108947754,12.018098328878063,11.821885108947754,12.018098328878063,561200
2015-07-23,11.478510856628418,11.870938178470315,11.233242787696321,11.821885094167047,1776977
2015-07-24,11.331350326538086,11.527565319613085,11.184190184821789,11.380404295424826,731918
2015-07-27,10.203121185302734,11.282297006310861,10.203121185302734,11.233243038440706,3250247
2015-07-28,10.64460277557373,10.987977941128793,9.859748027788568,10.20312231087159,2458907
2015-07-29,10.938922882080078,11.037029936433399,10.69365568743275,10.889869796139394,806431
2015-07-30,11.037030220031738,11.18419036410705,10.69365596220803,10.987977132830627,651747
2015-07-31,11.037030220031738,11.23324345130816,10.93892316315754,10.93892316315754,494233
2015-08-03,10.987977027893066,11.135137170562967,10.987977027893066,11.037030114625711,614019
2015-08-04,10.693655014038086,11.184189372443095,10.693655014038086,11.135136289591353,832840
2015-08-05,11.08608341217041,11.08608341217041,10.840817091371258,10.840817091371258,330117
2015-08-06,10.938922882080078,11.184190076727406,10.889869796139394,11.135136990786721,315026
2015-08-07,10.987977027893066,11.037030114625711,10.889869971955813,11.037030114625711,282958
2015-08-10,12.067152976989746,12.067152976989746,11.18419034880221,11.18419034880221,2018435
2015-08-11,11.772831916809082,12.26336720509378,11.674725741624124,12.26336720509378,1844887
2015-08-12,11.674725532531738,11.723778619245685,11.380404364832161,11.674725532531738,928103
2015-08-13,12.214314460754395,12.508634759524375,11.870939308069405,11.870939308069405,2728660
2015-08-14,12.067152976989746,12.361474147209583,12.067152976989746,12.263367090469638,865852
2015-08-17,11.821885108947754,12.116206262551103,11.821885108947754,12.067152295714582,491404
2015-08-18,11.772831916809082,12.01809911971544,11.674725741624124,11.821885886873543,637599
2015-08-19,11.037030220031738,11.919991966955577,11.037030220031738,11.919991966955577,1031854
2015-08-20,11.037030220031738,11.282297420981248,10.791762136610254,10.791762136610254,645144
2015-08-21,10.399334907531738,10.84081710962388,10.399334907531738,10.84081710962388,1347824
2015-08-24,9.35940170288086,10.497441989457787,9.35940170288086,10.399334931265848,2824866
2015-08-25,9.27110481262207,9.300537017459723,8.633410276870139,8.829623505001216,1871297
2015-08-26,9.957854270935059,9.957854270935059,8.927731415321087,9.065082011874996,1268596
2015-08-27,9.957854270935059,10.154068400329733,9.859748088709766,9.957854270935059,1066752
2015-08-28,10.203121185302734,10.252174270700944,10.006907078766005,10.055960164164215,993183
2015-08-31,10.105013847351074,10.154067818123144,10.006907670750923,10.154067818123144,525359
2015-09-01,10.350281715393066,10.399334802646353,10.10501363171071,10.154067601435973,684758
2015-09-02,10.203121185302734,10.252174270700944,10.006907078766005,10.15406721743258,726259
2015-09-03,10.399334907531738,10.399334907531738,10.154067703847648,10.30122873203569,612133
2015-09-04,10.301228523254395,10.546495721967505,10.301228523254395,10.399334696762065,830010
2015-09-07,10.203121185302734,10.301228238571099,10.15406721743258,10.15406721743258,557427
2015-09-08,10.404168128967285,10.454430326191845,10.25338334570914,10.25338334570914,499892
2015-09-09,10.705738067626953,10.9067841339101,10.55495329186266,10.55495329186266,1469496
2015-09-10,10.957046508789062,11.0073078001343,10.655476048094426,10.705738243647401,490460
2015-09-11,10.806262016296387,10.957046798527049,10.755999819414324,10.957046798527049,562143
2015-09-14,11.007308006286621,11.158093691561826,10.806261932932609,10.906784517505738,687588
2015-09-15,10.856523513793945,11.057569592491918,10.806262220171396,11.057569592491918,447074
2015-09-16,10.957046508789062,11.208354773930724,10.755999534992638,11.0073078001343,1006388
2015-09-17,11.25861644744873,11.409401218700653,11.007307289751932,11.057568578766674,1056377
2015-09-18,11.459663391113281,11.7109725681829,11.20835511825143,11.25861731534846,1056377
2015-09-21,11.359139442443848,11.61044770515785,11.208354665656993,11.308878151584139,933762
2015-09-22,11.308877944946289,11.509924008919302,11.308877944946289,11.459662718977977,303708
2015-09-23,11.05756950378418,11.208355191857727,11.007308210564846,11.208355191857727,608360
2015-09-24,11.007308006286621,11.308878472629274,10.906784517505738,11.107832399275262,467824
2015-09-25,10.906785011291504,11.007308504623415,10.80626242216739,11.007308504623415,289560
2015-09-29,10.906785011291504,10.906785011291504,10.906785011291504,10.906785011291504,0
2015-09-30,10.856523513793945,11.00730829886937,10.70573872871852,10.75600002234107,412175
2015-10-01,11.158093452453613,11.158093452453613,10.856522992573352,10.856522992573352,308424
2015-10-02,11.05756950378418,11.208355191857727,10.95704691734551,11.208355191857727,265037
2015-10-05,11.359139442443848,11.459662928370994,11.158093374797286,11.25861686072443,572518
2015-10-06,11.25861644744873,11.509923796730137,11.25861644744873,11.459662507715395,605530
2015-10-07,11.409401893615723,11.56018667378721,11.35913969742006,11.409401893615723,695134
2015-10-08,11.208354949951172,11.560186707516351,11.208354949951172,11.560186707516351,399914
2015-10-12,11.25861644744873,11.409401218700653,11.25861644744873,11.409401218700653,670611
2015-10-13,12.364373207092285,12.364373207092285,11.40940146180286,11.40940146180286,3847289
2015-10-14,11.912018775939941,12.4648975248869,11.861757482493752,12.364374033786746,3372862
2015-10-15,11.861757278442383,11.962280767813285,11.761233789071479,11.912018571023953,1162015
2015-10-16,11.76123332977295,12.213587657965075,11.76123332977295,11.811495524599447,2988982
2015-10-19,11.861757278442383,12.062803352976427,11.81149598586081,11.81149598586081,1942980
2015-10-20,11.9622802734375,11.9622802734375,11.86175678822102,11.9120180787254,680986
2015-10-21,12.515159606933594,12.766466976050893,11.962280863093785,11.962280863093785,5167760
2015-10-22,12.16332721710205,12.71620597357245,12.16332721710205,12.364374202038158,2712626
2015-10-23,12.16332721710205,12.364374202038158,12.113065922971918,12.263850709570104,949796
2015-10-26,12.062803268432617,12.41463593086879,12.012541976203309,12.213588049328296,2556999
2015-10-27,11.9622802734375,12.062802854446256,11.710972012500163,12.062802854446256,1486474
2015-10-28,11.811495780944824,11.962280560281354,11.811495780944824,11.962280560281354,713997
2015-10-29,11.71097183227539,11.962280089345246,11.610447444398197,11.861756605675762,1128060
2015-10-30,11.71097183227539,11.861756605675762,11.610447444398197,11.660709638336794,1008274
2015-11-02,11.76123332977295,11.811495524599447,11.660709844327679,11.660709844327679,757384
2015-11-03,11.76123332977295,12.012541591282261,11.660709844327679,11.86175681521822,4218907
2015-11-04,11.76123332977295,11.962280300663489,11.710972039154177,11.811495524599447,3453977
2015-11-05,11.811495780944824,12.01254185199095,11.761233585027483,11.811495780944824,2202358
2015-11-06,11.71097183227539,11.962280089345246,11.660709638336794,11.912017895406649,1053547
2015-11-09,11.660709381103516,11.912017632629553,11.660709381103516,11.710971573933337,1578907
2015-11-10,11.409401893615723,11.71097235816645,11.308878405432147,11.71097235816645,1065809
2015-11-11,10.755999565124512,11.509924362661542,10.755999565124512,11.258617001023607,2255177
2015-11-12,10.705738067626953,10.95704632863668,10.50469109713608,10.755999358145809,1373290
2015-11-13,10.504692077636719,10.655476867475159,10.454430782426508,10.454430782426508,1072411
2015-11-16,9.549718856811523,9.59998014476827,9.459247453440165,9.459247453440165,7922831
2015-11-17,9.730661392211914,9.87139409269303,9.610032846537965,9.610032846537965,2863537
2015-11-18,9.82113265991211,9.881446931879754,9.730661251960642,9.851289795895932,1608146
2015-11-19,9.58992862701416,9.821132735190481,9.449195927482764,9.821132735190481,1844887
2015-11-20,9.499457359313965,9.700504334258273,9.489405281829074,9.700504334258273,1114855
2015-11-23,9.499457359313965,9.579875787608591,9.44919606768176,9.499457359313965,639485
2015-11-24,9.398935317993164,9.509510889326009,9.398935317993164,9.509510889326009,942250
2015-11-25,9.037050247192383,9.4491962840011,8.94657883513397,9.419039146648295,1897706
2015-11-26,9.187835693359375,9.449196036559965,9.047102087995684,9.07725922455878,1332733
2015-11-27,9.11746883392334,9.318515816923234,9.097363773940238,9.207940247535626,1032797
2015-11-30,8.84605598449707,9.037049976398027,8.594747719697816,9.037049976398027,4202873
2015-12-01,9.077259063720703,9.147625413051871,8.936526365058366,8.94657844233204,1067695
2015-12-02,9.167729377746582,9.248149611101468,9.037049663271864,9.037049663271864,590439
2015-12-03,9.167729377746582,9.177783263227502,9.047101740337371,9.147625223615567,450846
2015-12-04,9.167729377746582,9.207939494424025,9.037049663271864,9.097363029872616,696077
2015-12-07,9.057153701782227,9.248149493042625,9.057153701782227,9.217992358023372,657406
2015-12-08,8.946578025817871,9.097362794733993,8.926473872206486,9.057153583303538,855477
2015-12-09,8.765637397766113,8.946578404763335,8.75558441632693,8.886265037166833,687588
2015-12-10,8.675166130065918,8.785741694019725,8.655061975278537,8.765637539232342,686645
2015-12-11,8.64500904083252,8.785741741942779,8.64500904083252,8.745532527940954,472540
2015-12-14,8.45401382446289,8.56459028904728,8.45401382446289,8.56459028904728,713997
2015-12-15,8.45401382446289,8.574642366115786,8.423856689049668,8.474118882807609,772476
2015-12-16,9.197887420654297,9.288358826899403,8.454013824970652,8.454013824970652,1908081
2015-12-17,9.187835693359375,9.33862047196711,9.087311302010564,9.33862047196711,822465
2015-12-18,9.348672866821289,9.398935064202176,9.097363688332395,9.137573807920212,638542
2015-12-21,9.419039726257324,9.489406083008003,9.157678455921765,9.258202856088813,805487
2015-12-22,9.449196815490723,9.650242902138064,9.449196815490723,9.479353954539778,800771
2015-12-23,9.499457359313965,9.620085905963647,9.459248145166653,9.459248145166653,713997
2015-12-24,9.65024185180664,9.73066118192056,9.539666290133685,9.539666290133685,1230868
2015-12-25,9.871394157409668,10.04228399542962,9.559771617985959,9.740713533475397,958285
2015-12-28,9.77087116241455,10.04228450142823,9.760818180230785,9.871394654797683,469710
2015-12-29,9.539666175842285,9.831184548623193,9.529614098776369,9.770870277812287,423494
2015-12-30,9.660295486450195,9.801027289198771,9.539666935226018,9.549719917299885,697020
2015-12-31,9.670347213745117,9.76081771967572,9.569823726105092,9.76081771967572,264094
2016-01-04,9.368778228759766,9.71055702261647,9.258202656846613,9.70050494449922,633826
2016-01-05,9.29841136932373,9.439144072165304,9.26825423239943,9.439144072165304,236741
2016-01-06,9.026997566223145,9.358725150727608,8.95663121850495,9.31851503413918,563086
2016-01-07,8.55453872680664,9.037050209833529,8.524380685370744,9.02699813216007,802658
2016-01-08,8.82595157623291,8.846056636750678,8.464066816367719,8.464066816367719,365016
2016-01-11,8.574642181396484,8.775689143681783,8.504275835017399,8.755584085770177,252776
2016-01-12,8.484170913696289,8.715375014467408,8.484170913696289,8.584695300665013,388596
2016-01-13,8.464065551757812,8.62490420345356,8.464065551757812,8.504275666785583,400857
2016-01-14,8.544486045837402,8.594747334863683,8.443961659369446,8.48417087143201,887545
2016-01-15,8.64500904083252,8.836003033393126,8.64500904083252,8.665114099937302,515927
2016-01-18,8.926474571228027,8.926474571228027,8.443962187862255,8.464066343047973,1039399
2016-01-19,8.886265754699707,9.026998464134717,8.775690183601883,9.006893403840662,300878
2016-01-20,8.574642181396484,8.876212624824431,8.544485950840608,8.876212624824431,514040
2016-01-21,8.594747543334961,8.705323105241021,8.574642484712168,8.594747543334961,568746
2016-01-22,8.634957313537598,8.685218607026076,8.504276684576666,8.675166529169935,415005
2016-01-25,8.695271492004395,8.7053235697483,8.624905139381523,8.665114354564912,330117
2016-01-26,8.574642181396484,8.705322797302696,8.554538027692566,8.705322797302696,291447
2016-01-27,8.534432411193848,8.64500887787418,8.514328256675768,8.64500887787418,360300
2016-01-28,8.584695816040039,8.634957108334094,8.474119345419158,8.514328560095953,414062
2016-01-29,8.665114402770996,8.665114402770996,8.54448675654975,8.634957265163742,448017
2016-02-01,8.795794486999512,8.866160842895507,8.755585269945772,8.846056686472542,293333
2016-02-02,9.077259063720703,9.087311140994377,8.79579366639603,8.84605586117985,469710
2016-02-03,8.856108665466309,9.037050592284892,8.795794388457514,9.037050592284892,327288
2016-02-15,8.715375900268555,8.785742254932297,8.695271744197653,8.725427978304007,368788
2016-02-16,9.047101974487305,9.127520401508106,8.765637479914506,8.815898770750573,1258221
2016-02-17,8.986788749694824,9.328568426297343,8.896317339697307,9.037050041332728,2806945
2016-02-18,8.956631660461426,9.037050089191046,8.9063694643496,9.0068929523655,440471
2016-02-19,9.047101974487305,9.097363265323372,8.876213043120037,8.946578488607441,765873
2016-02-22,9.228045463562012,9.348673112877055,9.057154711335391,9.097363927773738,1382722
2016-02-23,9.207940101623535,9.348672806651807,9.197888023895162,9.298411513802181,1049775
2016-02-24,9.207940101623535,9.368777866316318,9.207940101623535,9.207940101623535,905466
2016-02-25,9.197887420654297,9.36877725186769,9.147625226893338,9.248149614415258,837556
2016-02-26,9.15767765045166,9.258202041777015,9.14762557300222,9.217992827771516,444244
2016-03-01,9.328568458557129,9.54971958926107,9.167729792977951,9.25820210749608,4156656
2016-03-02,9.368778228759766,9.398935367319316,9.308463951640665,9.368778228759766,1616634
2016-03-03,9.268254280090332,9.620086039004656,9.268254280090332,9.368777768952675,2064652
2016-03-04,9.338621139526367,9.368778278245205,9.298411922637182,9.348673217696712,714941
2016-03-07,9.38888168334961,9.49945724699929,9.358725451251479,9.398934664923386,2437213
2016-03-08,10.303644180297852,10.303644180297852,9.408986694107982,9.408986694107982,12508641
2016-03-09,9.841238021850586,10.203120952183074,9.790974921385287,10.152859660133277,6815521
2016-03-10,9.790974617004395,9.992022491576678,9.760817481028939,9.85128979316303,2785252
2016-03-11,9.710556030273438,9.851289630572065,9.579875411272525,9.80102653249891,1891104
2016-03-14,9.660295486450195,9.811081175480416,9.63013834864415,9.750765995660549,1708124
2016-03-15,9.167729377746582,9.730661064946014,9.147625223615567,9.670346794137556,2933333
2016-03-16,9.278306007385254,9.318515220570427,9.19788758101491,9.19788758101491,701736
2016-03-17,9.248149871826172,9.630137853161566,9.248149871826172,9.308463240127285,8625510
2016-03-18,9.197887420654297,9.338620116452656,9.177783266516078,9.258201691484366,3590740
2016-03-21,9.167729377746582,9.238096629828254,9.167729377746582,9.217992475697239,868681
2016-03-22,9.15767765045166,9.248149964327574,9.127520513895602,9.238096982670395,737577
2016-03-23,9.197887420654297,9.238096633138442,9.107416014409193,9.107416014409193,465937
2016-03-24,9.127520561218262,9.21799287556324,9.117468483716706,9.197887816352385,604587
2016-03-25,9.11746883392334,9.23809738540639,9.10741675603568,9.127520911811,529131
2016-03-28,8.97673511505127,9.12751988320494,8.966683038296406,9.117467806450076,797942
2016-03-29,8.886265754699707,8.966684187460343,8.745533045264697,8.846056538319388,1936377
2016-03-30,8.946578025817871,9.006892295067393,8.886264660776034,8.926473872206486,648917
2016-03-31,8.906370162963867,9.03705079805588,8.906370162963867,9.03705079805588,329174
2016-04-01,8.886265754699707,8.996841325797531,8.86616069440565,8.996841325797531,252776
2016-04-06,8.80584716796875,8.88626559932327,8.76563795229149,8.88626559932327,451790
2016-04-07,8.84605598449707,8.90636935318763,8.785741711598774,8.825950925461726,504608
2016-04-08,9.147625923156738,9.197888120743361,8.785742079047266,8.79579415688148,1544952
2016-04-11,9.238097190856934,9.288359387652303,9.167729934501866,9.207940053621265,721543
2016-04-12,9.077259063720703,9.248149802619512,8.926474287784693,9.248149802619512,883772
2016-04-13,9.248149871826172,9.368777512636129,9.187835599317328,9.368777512636129,1099764
2016-04-14,9.217992782592773,9.298411210209625,9.18783564618452,9.238096937393118,358413
2016-04-15,9.177783966064453,9.278306552832987,9.177783966064453,9.278306552832987,333890
2016-04-18,9.15767765045166,9.238096982670395,9.15767765045166,9.17778361376602,281071
2016-04-19,9.1375732421875,9.187835436456515,9.077258970747769,9.16772947369965,538563
2016-04-20,8.956631660461426,9.18783577331877,8.956631660461426,9.137573577206947,594212
2016-04-21,8.785741806030273,9.09736344286948,8.765637650986582,9.09736344286948,1063923
2016-04-22,8.705323219299316,8.836002937332633,8.645008946848414,8.795793723767941,669667
2016-04-25,8.735480308532715,8.795793676451435,8.675166036406269,8.725427327039824,274469
2016-04-26,8.735480308532715,8.815898735229492,8.675166036406269,8.675166036406269,303708
2016-04-27,8.655061721801758,8.79579351381509,8.655061721801758,8.79579351381509,632883
2016-04-28,8.564590454101562,8.725427307128081,8.564590454101562,8.675166016609225,558370
2016-04-29,8.584695816040039,8.61485204889182,8.504276482478694,8.564590756597763,459335
2016-05-03,8.504276275634766,8.624904820938937,8.504276275634766,8.584695607240125,473483
2016-05-04,8.363544464111328,8.544487301290593,8.363544464111328,8.544487301290593,568746
2016-05-05,8.12228775024414,8.343438887522298,8.021765163632448,8.343438887522298,1361029
2016-05-06,8.082077980041504,8.142392251235046,8.06197382578213,8.122287192767962,285787
2016-05-09,8.10218334197998,8.132339574498557,8.072026205253659,8.10218334197998,277299
2016-05-10,8.072026252746582,8.132339622346342,8.001659901373737,8.021764960712158,429153
2016-05-11,8.06197452545166,8.122287897671868,8.001660249023661,8.0519215432418,531961
2016-05-12,7.991607666015625,8.082078170732817,7.991607666015625,8.082078170732817,581007
2016-05-13,7.629723072052002,7.921241458815213,7.569408798348199,7.850874203355611,1179935
2016-05-16,7.549304485321045,7.559356562658807,7.26783863409801,7.51914734910003,1087502
2016-05-17,7.790560245513916,7.840822443707508,7.488990673183504,7.488990673183504,584780
2016-05-18,7.760403156280518,7.760403156280518,7.66993264569512,7.66993264569512,233912
2016-05-19,7.549304485321045,7.8006127482192,7.549304485321045,7.780507689335946,448017
2016-05-20,7.6498284339904785,7.7302468659718135,7.549304941909918,7.549304941909918,455562
2016-05-23,7.901134967803955,7.991607276527248,7.700088909226537,7.750350197818969,475369
2016-05-24,7.911189079284668,7.961450369314118,7.820716767974685,7.901135193704891,267867
2016-05-25,8.001659393310547,8.142392087120454,7.881030853354801,7.911188892551431,639485
2016-05-26,8.041869163513184,8.132339670552987,7.961450734098301,8.041869163513184,633826
2016-05-27,8.06197452545166,8.132339975673938,8.0519215432418,8.112235819669799,255605
2016-05-30,8.021764755249023,8.072026045996095,7.991607619117689,8.05192098717263,294276
2016-05-31,8.051920890808105,8.082078026578522,8.021764659245406,8.041868813620539,552711
2016-06-01,8.041869163513184,8.092130455845547,8.02176500826334,8.02176500826334,405573
2016-06-02,8.06197452545166,8.0820786814558,8.03181738723766,8.04186946523973,221650
2016-06-03,8.041869163513184,8.082078378220626,8.041869163513184,8.082078378220626,330117
2016-06-06,8.041869163513184,8.182601867093107,8.041869163513184,8.182601867093107,230139
2016-06-07,8.06197452545166,8.112235819669799,8.04186946523973,8.0820786814558,257492
2016-06-08,8.031816482543945,8.092129847970533,8.031816482543945,8.061973617361083,237684
2016-06-13,7.911189079284668,8.00165958217922,7.850873903675441,8.00165958217922,494233
2016-06-14,7.8207173347473145,7.931293808399542,7.800613178961659,7.860926550526406,412175
2016-06-15,7.790560245513916,7.881031659737711,7.770456089602708,7.820717383588514,322572
2016-06-16,7.700089454650879,7.790559961367138,7.700089454650879,7.770455806189193,288617
2016-06-17,7.720193862915039,7.820717354723421,7.720193862915039,7.720193862915039,112240
2016-06-20,7.901134967803955,7.981554295442611,7.750350197818969,7.750350197818969,305594
2016-06-21,7.921241283416748,7.991607633110493,7.891083243024881,7.901135320350351,144308
2016-06-22,8.182601928710938,8.504276553000546,7.89108353752318,7.921241579040557,2407974
2016-06-23,8.06197452545166,8.192654252101937,8.02176530923559,8.182602174099866,505552
2016-06-24,7.860925674438477,8.061973539343024,7.820716463140639,8.061973539343024,807374
2016-06-27,7.9815545082092285,7.9815545082092285,7.790559617209664,7.790559617209664,155627
2016-06-28,7.911189079284668,7.95139829214977,7.860925980839788,7.881031039376197,513097
2016-06-29,8.19265365600586,8.252967928045402,7.951398376263138,7.96145045353382,851704
2016-06-30,8.1423921585083,8.23286266006061,8.1423921585083,8.23286266006061,342379
2016-07-01,8.10218334197998,8.182601770445007,8.092130360266044,8.142392556212494,373504
2016-07-04,8.152444839477539,8.192654054724889,8.102183546470293,8.162496917237435,315026
2016-07-05,8.12228775024414,8.162496965730371,8.102183594604911,8.132339828063754,183922
2016-07-06,8.011712074279785,8.092130504174959,7.941345722069569,8.092130504174959,442358
2016-07-07,7.991607666015625,8.07202609336596,7.971502607074175,8.011711820749342,230139
2016-07-08,7.991607666015625,7.991607666015625,7.991607666015625,7.991607666015625,0
2016-07-11,8.021764755249023,8.142392395566633,8.021764755249023,8.04186890986476,566859
2016-07-12,7.921241283416748,8.02176476929463,7.921241283416748,8.02176476929463,378220
2016-07-13,7.94134521484375,7.971502350180199,7.8408217317914914,7.921241060757921,326345
2016-07-14,8.001659393310547,8.031816528299483,7.951398104467448,7.951398104467448,298992
2016-07-15,8.001659393310547,8.0720257402155,8.001659393310547,8.031816528299483,325401
2016-07-18,8.041869163513184,8.061974222970782,7.95139865647338,8.051921241138105,418778
2016-07-19,8.172550201416016,8.2630207130161,8.021765412610671,8.04186956887389,1183708
2016-07-20,8.132339477539062,8.232862964025708,8.072026109013263,8.172549595499909,498006
2016-07-21,8.132339477539062,8.182601672886252,8.112235322766374,8.142392459133141,300878
2016-07-22,8.112235069274902,8.16249635884379,8.082077933850487,8.16249635884379,360300
2016-07-25,8.112235069274902,8.343438267182576,8.112235069274902,8.132339223419375,1551554
2016-07-26,8.152444839477539,8.343438837954396,8.092130564502629,8.112235624230188,683815
2016-07-27,8.112235069274902,8.192653494268205,8.112235069274902,8.182601417195968,531018
2016-07-28,8.082077980041504,8.142392251235046,8.041868767315046,8.102183038508588,398027
2016-07-29,8.082077980041504,8.112235115638274,8.041868767315046,8.072025902911818,181093
2016-08-01,8.072026252746582,8.172549741023182,8.051921193408162,8.142392604119427,252776
2016-08-02,8.021764755249023,8.10218318212743,8.021764755249023,8.072026045996095,447074
2016-08-03,8.06197452545166,8.06197452545166,8.001660249023661,8.02176530923559,388596
2016-08-04,8.021764755249023,8.061973968688227,7.981554637602092,8.04186890986476,366902
2016-08-05,8.001659393310547,8.082077817142581,7.941345123332674,8.041868605226563,575348
2016-08-08,7.9815545082092285,8.041868779494113,7.9815545082092285,8.001659566706762,253719
2016-08-09,7.9513983726501465,8.01171174045456,7.921241236644079,7.971502527182376,458392
2016-08-10,7.921241283416748,7.991607633110493,7.921241283416748,7.941345438067687,363129
2016-08-11,7.840822696685791,7.9212420355486515,7.820717635918122,7.9212420355486515,511211
2016-08-12,7.770456314086914,7.84082267022456,7.760403331633099,7.84082267022456,528188
2016-08-15,7.790560245513916,7.8609265996187165,7.780508167558311,7.780508167558311,332947
2016-08-16,7.8207173347473145,7.931293808399542,7.800613178961659,7.800613178961659,465937
2016-08-17,7.840822696685791,7.911189957268725,7.800613479358268,7.830769714198048,526302
2016-08-18,7.8006134033203125,7.881031837191464,7.76040328217693,7.840822620255888,323515
2016-08-19,7.780508041381836,7.820717256759965,7.750350903796296,7.770455963589247,369732
2016-08-22,7.700089454650879,7.840822157727507,7.700089454650879,7.840822157727507,372561
2016-08-23,7.760403156280518,7.83076951082818,7.7302469222239125,7.7302469222239125,220707
2016-08-24,7.760403156280518,7.84082249305484,7.760403156280518,7.84082249305484,146195
2016-08-25,7.760403156280518,7.800613276771575,7.720193939997253,7.780508216526046,286731
2016-08-26,7.7302470207214355,7.800613376165694,7.7302470207214355,7.7302470207214355,298992
2016-08-29,7.720193862915039,7.760403078796836,7.659880491196236,7.740298922959829,448017
2016-08-30,7.700089454650879,7.740298669214522,7.690037377061906,7.740298669214522,259378
2016-08-31,7.6699323654174805,7.7201936578829455,7.659880287765938,7.6699323654174805,424437
2016-09-01,7.911189079284668,8.00165958217922,7.679984070842967,7.690037052215029,1505337
2016-09-02,7.911189079284668,8.102183066445836,7.891083116540544,7.95139829214977,1410075
2016-09-05,7.911189079284668,7.971502446478465,7.850873903675441,7.9413453107777086,301822
2016-09-06,7.8307695388793945,7.891083815624244,7.810665382769641,7.860926677251819,271639
2016-09-07,7.860925674438477,7.891082808963775,7.80061230959556,7.881030732191235,514984
2016-09-08,7.840822696685791,7.870978931525571,7.820717635918122,7.820717635918122,298992
2016-09-09,7.760403156280518,7.83076951082818,7.740299000242781,7.83076951082818,444244
2016-09-12,7.720193862915039,7.760403078796836,7.700089707078032,7.750351000878332,233912
2016-09-13,7.6799845695495605,7.740298844867634,7.659880413915386,7.6799845695495605,279185
2016-09-14,7.690037727355957,7.75035109984492,7.66993266705444,7.690037727355957,508381
2016-09-19,7.7302470207214355,7.760403255162287,7.710141960219732,7.750351177015337,454619
2016-09-20,7.720193862915039,7.770456060923122,7.7101417849965355,7.750351000878332,270696
2016-09-21,7.760403156280518,7.760403156280518,7.6799847237139875,7.760403156280518,291447
2016-09-22,7.7302470207214355,7.77045623751704,7.710141960219732,7.740299098868387,341436
2016-09-23,7.840822696685791,7.860926853245645,7.770456340310672,7.770456340310672,1260107
2016-09-26,7.870977878570557,7.901135013583825,7.810664512751715,7.810664512751715,581950
2016-09-27,7.870977878570557,7.870977878570557,7.870977878570557,7.870977878570557,0
2016-09-28,7.870977878570557,7.870977878570557,7.870977878570557,7.870977878570557,0
2016-09-29,7.881031036376953,7.911189076273947,7.870978055008718,7.911189076273947,316913
2016-09-30,7.8307695388793945,7.870978755306695,7.810665382769641,7.820717460824517,279185
2016-10-03,7.760403156280518,7.84082249305484,7.760403156280518,7.83076951082818,381993
2016-10-04,7.7503509521484375,7.780508089922119,7.7503509521484375,7.760403030003739,166945
2016-10-05,7.7503509521484375,7.820717305551102,7.730246796437834,7.7503509521484375,455562
2016-10-06,7.7503509521484375,7.760403030003739,7.730246796437834,7.7503509521484375,409346
2016-10-07,7.740298748016357,7.79056004068067,7.720193688425975,7.79056004068067,232025
2016-10-11,7.539252281188965,7.760402499939094,7.519147222643836,7.730246268432972,556484
2016-10-12,7.478938102722168,7.5895136655755095,7.418623378440945,7.539252374899528,601757
2016-10-13,7.308047771453857,7.509095193462964,7.308047771453857,7.509095193462964,766816
2016-10-14,7.13715934753418,7.358310487580184,7.13715934753418,7.318101271590709,879056
2016-10-17,7.117053508758545,7.167316156698768,7.046687157953849,7.137159020038506,450846
2016-10-18,7.127105712890625,7.177368361724009,7.096949479902233,7.117053635227828,207502
2016-10-19,7.13715934753418,7.187420641469077,7.12710591327708,7.12710591327708,278242
2016-10-20,7.277890682220459,7.287943663725596,7.117053376527128,7.137158887433538,532904
2016-10-21,7.2979960441589355,7.378414474294,7.287943966443994,7.287943966443994,591382
2016-10-24,7.227629661560059,7.297996013686368,7.207525506214119,7.297996013686368,508381
2016-10-25,7.257786750793457,7.277890906006455,7.217577536159707,7.227629613766206,248060
2016-10-26,7.257786750793457,7.297995965427207,7.247734673186958,7.257786750793457,298992
2016-10-27,7.2376813888549805,7.287943583202145,7.207525157295942,7.287943583202145,236741
2016-10-28,7.2175774574279785,7.257786671623113,7.207525379931131,7.207525379931131,213161
2016-10-31,7.197472095489502,7.237681307993373,7.187420018415461,7.187420018415461,187695
2016-11-01,7.1773681640625,7.217577377814104,7.127105516613326,7.197472318834435,386709
2016-11-02,7.0567402839660645,7.177368380970256,7.04668730206855,7.177368380970256,354641
2016-11-03,6.905954360961914,7.107001333115044,6.905954360961914,7.076844196871301,575348
2016-11-04,6.916007041931152,6.96626833068111,6.875797830089647,6.905954060815007,365959
2016-11-07,6.9863739013671875,7.0265831161592525,6.916007549429135,6.916007549429135,397084
2016-11-08,7.036634922027588,7.06679205800881,6.8858501463292034,6.966268572807312,559314
2016-11-09,7.0165300369262695,7.046687173653721,6.926059530951661,7.036635096147152,863965
2016-11-10,7.0567402839660645,7.12710573200209,7.036635224378799,7.04668730206855,1084673
2016-11-11,7.0868964195251465,7.488990372075871,7.076844341973704,7.0868964195251465,1946752
2016-11-14,7.5995659828186035,7.780507900856034,7.157263265336065,7.157263265336065,9109369
2016-11-15,7.207525253295898,7.6297228991346,7.1974722717679365,7.5995657629661695,3719014
2016-11-16,7.18742036819458,7.4387290888334645,7.18742036819458,7.3583102078082465,2117470
2016-11-17,7.308047771453857,7.368362043266976,7.237681422407793,7.287943616987966,1534576
2016-11-18,8.031816482543945,8.031816482543945,7.408570988773094,7.408570988773094,14046047
2016-11-21,8.021764755249023,8.122287336743167,7.850874015768886,8.031816832556892,6544824
2016-11-22,7.740298748016357,8.011712079343823,7.730246670325047,7.94134572708913,2691876
2016-11-23,7.740298748016357,7.840822237552744,7.669932395761664,7.710141610734666,2003344
2016-11-24,7.901134967803955,8.1122349116737,7.820716544372988,7.820716544372988,3153098
2016-11-25,7.961450576782227,8.031816927181767,7.770455680436192,7.981554731634816,1570418
2016-11-28,8.021764755249023,8.142392395566633,7.860926093076754,7.991607619117689,4200986
2016-11-29,8.041869163513184,8.112235515303144,8.011712026430663,8.051921241138105,2188210
2016-11-30,7.911189079284668,8.112235143610183,7.911189079284668,8.102183066445836,1344994
2016-12-01,7.539252281188965,7.9614503727672385,7.509095145475129,7.921241159884695,3820879
2016-12-02,7.378414630889893,7.5392528508852195,7.348257492897262,7.468886496971677,1690203
2016-12-05,7.257786750793457,7.448781198459585,7.247734673186958,7.3784143946947065,1412904
2016-12-06,7.207525253295898,7.318100816441657,7.187420194447703,7.267838621425031,954512
2016-12-07,7.308047771453857,7.308047771453857,7.187420132035342,7.217577267941902,1036570
2016-12-08,7.398519515991211,7.468886320344585,7.297996026462255,7.297996026462255,1140321
2016-12-09,7.348257064819336,7.448781002973308,7.328152910133953,7.438728925630617,544223
2016-12-12,7.197472095489502,7.348256868430947,7.187420018415461,7.348256868430947,1250675
2016-12-13,7.197472095489502,7.227629230919332,7.107001141303865,7.137158728837548,1148810
2016-12-14,7.096949577331543,7.217577675668291,7.056740361920589,7.197472615858928,1206345
2016-12-15,7.1773681640625,7.1773681640625,7.046687089110117,7.046687089110117,400857
2016-12-16,7.127105712890625,7.187420439386806,7.096949479902233,7.157263302190656,501779
2016-12-19,7.13715934753418,7.197472719414499,7.107001757386235,7.107001757386235,365016
2016-12-20,7.117053508758545,7.207525370843203,7.117053508758545,7.137159020038506,597041
2016-12-21,7.0868964195251465,7.297995925455827,7.0868964195251465,7.117053556387226,2568317
2016-12-22,7.0868964195251465,7.117053556387226,7.0667922644222605,7.0969494012843395,760214
2016-12-23,7.046687126159668,7.0768442626838635,7.016529989635473,7.0768442626838635,743237
2016-12-26,7.0567402839660645,7.117053654312339,7.036635224378799,7.036635224378799,233912
2016-12-27,6.996425628662109,7.056739899933804,6.976320570168973,7.056739899933804,648917
2016-12-28,6.996425628662109,7.0366348414406685,6.936111357390414,6.996425628662109,717770
2016-12-29,7.0064778327941895,7.036634968976622,6.996425755469288,7.0165299101190906,229196
2016-12-30,7.036634922027588,7.046686999285421,7.006477786046367,7.006477786046367,330117
2017-01-03,7.096949577331543,7.096949577331543,7.036635302111226,7.046687379912021,302765
2017-01-04,7.127105712890625,7.157263302190656,7.096949479902233,7.096949479902233,354641
2017-01-05,7.1773681640625,7.197472318834435,7.127105516613326,7.137158950310895,581950
2017-01-06,7.167316436767578,7.197472670398477,7.117053786863301,7.157263454682833,298992
2017-01-09,7.14721155166626,7.187420768365643,7.09694980474008,7.167316612119851,248060
2017-01-10,7.117053508758545,7.147211097522679,7.096949353790199,7.096949353790199,316913
2017-01-11,7.107001781463623,7.257787020090828,7.107001781463623,7.1170538594431,622508
2017-01-12,7.117053508758545,7.227629525811548,7.117053508758545,7.127105586242718,486688
2017-01-13,7.0567402839660645,7.12710573200209,7.00647808710178,7.117053654312339,815862
2017-01-16,7.046687126159668,7.086896340122681,7.046687126159668,7.056740107806226,254662
2017-01-17,7.13715934753418,7.157263503425025,7.086896697287605,7.12710591327708,443301
2017-01-18,7.18742036819458,7.207525427528791,7.096949409606132,7.127105642295823,600814
2017-01-19,7.2979960441589355,7.398519533931648,7.157263339318692,7.1974725543862235,1447803
2017-01-20,7.267838478088379,7.328152749235718,7.257786400966393,7.2979956136620485,464994
2017-01-23,7.247734546661377,7.318100897093974,7.227629487591604,7.267838701523411,456505
2017-01-24,7.45883321762085,7.609617997367844,7.2879438307145135,7.297995908242247,2260836
2017-02-02,7.569408893585205,7.609618108491062,7.388466522301087,7.458833326542157,948853
2017-02-03,7.770456314086914,7.87097890496257,7.539253089181968,7.559357245673975,2134448
2017-02-06,7.881031036376953,8.021764637662828,7.7805075521485945,7.840821823527153,1625123
2017-02-07,7.760403156280518,7.93129390784803,7.760403156280518,7.881031709338105,842272
2017-02-08,7.770456314086914,7.881031887416385,7.770456314086914,7.820717609524742,776248
2017-02-09,7.609618186950684,7.810665167760642,7.58951403139435,7.790560107996538,1405359
2017-02-10,7.639775276184082,7.740298765953417,7.609618138832505,7.669932413535659,1186538
2017-02-13,7.690037727355957,7.79056031624016,7.659880589007579,7.659880589007579,669667
2017-02-14,7.8307695388793945,7.850874599196942,7.720193967652366,7.720193967652366,1166731
2017-02-15,8.6048002243042,8.6048002243042,7.860926566182267,7.860926566182267,6970204
2017-02-16,8.474119186401367,8.986788698377653,8.443962049907734,8.645009023726796,11460752
2017-02-17,8.41380500793457,8.574642769638215,8.41380500793457,8.544486537013546,1843001
2017-02-20,9.15767765045166,9.569823676371554,9.057154163334046,9.30846333323195,9532863
2017-02-21,8.996840476989746,9.298410927702129,8.95663126440297,9.167729404431618,3229496
2017-02-22,9.097363471984863,9.459248210214724,9.057154257561045,9.147625668170448,9327247
2017-02-23,9.006892204284668,9.207939163618216,9.006892204284668,9.107415683951443,2442872
2017-02-24,9.047101974487305,9.248149850454762,9.016944838302573,9.067207033346369,4700879
2017-03-01,9.006892204284668,9.187835010209465,8.94657793564307,9.147624894976616,3727503
2017-03-02,8.82595157623291,9.117469076389817,8.815899498077929,9.047102720889336,2906924
2017-03-03,8.856108665466309,8.946579176771701,8.785742310358648,8.80584737076418,1162958
2017-03-06,8.856108665466309,9.026998514186026,8.856108665466309,8.856108665466309,1212004
2017-03-07,8.84605598449707,8.946578567050583,8.836003002875529,8.836003002875529,848874
2017-03-08,8.926474571228027,9.449196169172989,8.906369511834557,9.047102214965594,10912756
2017-03-09,8.856108665466309,9.037050592284892,8.825951526961912,8.956632159078366,1674169
2017-03-10,8.946578025817871,8.946578025817871,8.69527068042946,8.896316737581726,1675112
2017-03-13,8.82595157623291,8.976736365388854,8.82595157623291,8.976736365388854,1313869
2017-03-14,8.765637397766113,8.856107901264723,8.735480261864003,8.805846610899687,1348767
2017-03-15,8.634957313537598,8.815899235987008,8.61485225361754,8.805847158130867,1840171
2017-03-16,8.43390941619873,8.715374799297543,8.423856435225431,8.675165588027381,2643773
2017-03-17,8.43390941619873,8.514327838739055,8.38364722395527,8.41380435845981,3241758
2017-03-20,8.41380500793457,8.504276418431823,8.41380500793457,8.443962144766989,1124287
2017-03-21,8.313282012939453,8.443962645561081,8.293177856664004,8.42385758507783,2711683
2017-03-22,8.403752326965332,8.43390946163233,8.252967557838025,8.252967557838025,1599657
2017-03-23,8.44852066040039,8.604397041648014,8.375778047748902,8.531654428996525,2661426
2017-03-24,8.573221206665039,8.625180599833147,8.448520109793952,8.458911265061387,1660540
2017-03-27,8.510870933532715,8.614787914814892,8.510870933532715,8.552438268570244,902348
2017-03-28,8.542044639587402,8.791447726189785,8.5212623299981,8.57322081659443,2220744
2017-03-29,8.573221206665039,8.687530244060957,8.56282914718987,8.583613266140206,1422407
2017-03-30,8.552437782287598,8.614787424987112,8.542044818859447,8.542044818859447,676077
2017-03-31,8.625181198120117,8.895366625346345,8.573221801347838,8.573221801347838,5287269
2017-04-05,8.60439682006836,8.729098826062934,8.60439682006836,8.729098826062934,1095774
2017-04-06,8.44852066040039,8.677139654299502,8.396561263845989,8.635572317897537,2049216
2017-04-07,8.313426971435547,8.531653891432128,8.178332910589255,8.417344853788878,8948669
2017-04-10,8.282251358032227,8.354993971063486,8.251076081619942,8.313427538652306,1373139
2017-04-11,8.115983009338379,8.282250530791705,8.084807736039917,8.282250530791705,1567477
2017-04-12,8.147157669067383,8.199117062556867,8.126374454196231,8.126374454196231,973514
2017-04-13,8.178333282470703,8.23029267811391,8.147158006767889,8.178333282470703,588488
2017-04-14,8.012065887451172,8.157550208523693,8.00167292309256,8.105590811977384,1180625
2017-04-17,7.928930282592773,8.0744155073619,7.908147970779739,8.001672894977336,1579338
2017-04-18,8.001672744750977,8.001672744750977,7.92893013373211,7.949714253570512,925158
2017-04-19,8.012065887451172,8.053632319638869,7.970498551055684,8.00167292309256,713484
2017-04-20,7.980890274047852,8.022456704479543,7.960106154624252,8.001672585055944,847605
2017-04-21,8.064023971557617,8.095199246224073,7.991281362599972,8.022456637266428,1126795
2017-04-24,8.053631782531738,8.0640238419895,8.00167238945067,8.053631782531738,609473
2017-04-25,8.157549858093262,8.19911719270311,8.074415188873568,8.074415188873568,1667839
2017-04-26,8.115983009338379,8.209507925026058,8.115983009338379,8.209507925026058,874064
2017-04-27,8.147157669067383,8.167941788146273,8.115983298864526,8.115983298864526,746330
2017-04-28,8.157549858093262,8.219900407904156,8.136766642892216,8.157549858093262,1365839
2017-05-02,8.199116706848145,8.365385131227214,8.147157315612855,8.16794143379005,5130339
2017-05-03,8.126374244689941,8.271859457660454,8.11598308962613,8.199116851175198,1595760
2017-05-04,8.07441520690918,8.157549876314569,8.05363199166171,8.1367666610671,824795
2017-05-05,8.043240547180176,8.126374309391146,7.991281154616564,8.064023761680987,1681525
2017-05-08,8.001672744750977,8.126374751158078,8.001672744750977,8.064024200058412,2162351
2017-05-09,8.043240547180176,8.126374309391146,8.001672309763109,8.001672309763109,1587549
2017-05-10,8.531654357910156,8.801841590167802,8.095199589845592,8.095199589845592,7508926
2017-05-11,8.521263122558594,8.729098896690049,8.500479002620782,8.531654278319722,5222490
2017-05-12,8.60439682006836,8.656356215284708,8.31342728116322,8.50047893384343,6236149
2017-05-15,9.009675979614258,9.123985921594635,8.58361329442874,8.58361329442874,7747059
2017-05-16,8.718705177307129,9.321429231764057,8.708314022446071,9.300645113626548,8476054
2017-05-17,8.936933517456055,9.009676126794812,8.729098653326718,8.801841262665473,5441462
2017-05-18,8.905757904052734,9.030459902838794,8.791447964550773,8.833015297479461,3389509
2017-05-19,9.103201866149902,9.25907914304881,8.916150218920503,8.916150218920503,6670445
2017-05-22,9.040851593017578,9.36299731202215,9.040851593017578,9.15516063507745,6535412
2017-05-23,8.739489555358887,9.061635258201694,8.739489555358887,9.04085113944606,4795494
2017-05-24,8.895365715026855,8.99928359372904,8.749881408209962,8.81223195458973,18192039
2017-05-25,8.978501319885254,9.030460716781299,8.81223287739195,8.874584334508762,6562783
2017-05-26,9.508481979370117,9.612399869561516,8.957718155984285,9.030460769539044,23878934
2017-05-31,9.892976760864258,10.14237984028358,9.550047865740563,9.602007255048102,19404599
2017-06-01,9.87219524383545,10.183948920620962,9.778669412062142,9.976113136097288,15922026
2017-06-02,9.79945182800293,10.080030204601314,9.778668612932131,9.903369711772415,7752533
2017-06-05,9.685142517089844,9.93454563526562,9.674751360979716,9.872195081773627,5229789
2017-06-06,10.235906600952148,10.267081875731662,9.73710130027218,9.73710130027218,15382807
2017-06-07,10.28786563873291,10.703536256132121,10.28786563873291,10.443742007231648,18998588
2017-06-08,10.121596336364746,10.381391490233739,10.111205181239546,10.287865668860608,7044522
2017-06-09,9.986503601074219,10.26708198117926,9.986503601074219,10.142380880780467,3810118
2017-06-12,10.183948516845703,10.371000172976055,10.080030628704023,10.121597060594468,7630273
2017-06-13,10.121596336364746,10.339824157109772,10.111205181239546,10.246298335736642,3567424
2017-06-14,9.550048828125,10.204731412445078,9.22790311373622,10.183948197152281,13596357
2017-06-15,9.643575668334961,9.768275865733191,9.487699291327464,9.664358883866704,3244440
2017-06-16,9.643575668334961,9.70592621913796,9.539657782260708,9.643575668334961,2021844
2017-06-19,9.477306365966797,9.716317414493215,9.446131090437941,9.716317414493215,4592944
2017-06-20,9.602007865905762,9.674750473039435,9.487698829730896,9.487698829730896,3373086
2017-06-21,9.976112365722656,10.00728764057301,9.612399318788936,9.68514192817568,7126637
2017-06-22,10.194339752197266,10.547660755475293,9.976112818343724,10.01767925055825,11564476
2017-06-23,10.028072357177734,10.319041907845964,10.028072357177734,10.215124017419923,5120303
2017-06-26,10.298256874084473,10.35021626679413,10.028071467983612,10.028071467983612,6311877
2017-06-27,10.142380714416504,10.651578071636294,10.142380714416504,10.370999696133538,7961469
2017-06-28,10.391783714294434,10.495701596647764,10.038462733451562,10.131988556307238,7392141
2017-06-29,11.067249298095703,11.379003869217478,10.54766075744686,10.599619249828626,27672630
2017-06-30,11.17116641998291,11.534879458511575,11.01529004933329,11.223126717212335,20534131
2017-07-03,10.911372184753418,11.275085223857277,10.755495813857287,11.275085223857277,9566354
2017-07-04,10.96333122253418,11.3790027370622,10.911371831114325,10.911371831114325,14715853
2017-07-05,10.859414100646973,11.119208363227054,10.599618933859126,11.015290477353469,7301815
2017-07-06,10.547660827636719,10.963332386288132,10.547660827636719,10.911372989352806,4975234
2017-07-07,10.599618911743164,10.703536797399925,10.381391984809397,10.547660421018664,6453297
2017-07-10,10.35021686553955,10.703536958731844,10.35021686553955,10.651578467224185,8182266
2017-07-11,10.163164138793945,10.44374252007735,10.028071882266405,10.391784029428893,10484213
2017-07-12,10.443741798400879,10.495701189666637,10.14238022252413,10.21512282777157,4902243
2017-07-13,10.391783714294434,10.651577968073894,10.391783714294434,10.599618574793361,4236202
2017-07-14,10.25669002532959,10.495701051916711,10.246297966371289,10.495701051916711,4340214
2017-07-17,10.651577949523926,10.703536438506237,10.29825696929637,10.29825696929637,5968821
2017-07-18,10.443741798400879,10.703536042106562,10.360608038266449,10.651577555048506,5067385
2017-07-19,10.371000289916992,10.599619284723428,10.360609133931105,10.547660792170609,4080184
2017-07-20,10.183948516845703,10.44374278509601,10.183948516845703,10.391784293129064,4934176
2017-07-21,10.131988525390625,10.287865800548847,10.059245917544485,10.194339073770822,3671436
2017-07-24,9.809844017028809,10.142380887794046,9.809844017028809,10.142380887794046,5102055
2017-07-25,9.924153327941895,9.996895029105891,9.799451331215684,9.799451331215684,2762701
2017-07-26,9.841018676757812,10.028072141390536,9.809844304929406,9.976112745191692,3854825
2017-07-27,9.820236206054688,9.934545248267858,9.79945208622846,9.872194697204716,3037328
2017-07-28,9.768275260925293,9.84101786709415,9.768275260925293,9.830626712075537,2881311
2017-07-31,9.550048828125,9.820236052177908,9.550048828125,9.778668717384555,5139463
2017-08-01,9.778668403625488,9.841018047503324,9.612399069787012,9.633183188620684,4168686
2017-08-02,9.664359092712402,9.841018689069235,9.63318381663721,9.841018689069235,3783659
2017-08-03,9.477306365966797,9.66435892334771,9.394172599292435,9.66435892334771,5933238
2017-08-04,9.404562950134277,9.602007550529668,9.35260446343549,9.550048159623188,6404941
2017-08-07,9.404562950134277,9.539657004808047,9.394171795319135,9.404562950134277,3609394
2017-08-08,9.79945182800293,9.820235947281475,9.373388233285716,9.466914961623676,10324546
2017-08-09,9.674751281738281,9.768276207002444,9.591616608291337,9.768276207002444,2980761
2017-08-10,9.508481979370117,9.861802986862434,9.508481979370117,9.664359266761117,5031802
2017-08-11,9.612399101257324,9.664358494303892,9.466914789983944,9.466914789983944,2430593
2017-08-14,9.612399101257324,9.882586317525558,9.612399101257324,9.622791160708184,9745181
2017-08-15,9.238295555114746,9.456522468071901,9.238295555114746,9.446130408909466,12528867
2017-08-16,9.269471168518066,9.498090149026346,9.217511775007067,9.217511775007067,5412266
2017-08-17,9.466915130615234,9.518873621323602,9.342214029548943,9.373388400607752,5332888
2017-08-18,9.518874168395996,9.622792059992902,9.435739493435344,9.46691567470145,5396755
2017-08-21,9.653966903686523,9.7163174550042,9.581224292413308,9.581224292413308,4190384
2017-08-22,9.612399101257324,9.768275471981564,9.612399101257324,9.768275471981564,2925922
2017-08-23,9.518874168395996,9.653967337051192,9.518874168395996,9.643576180836973,2795002
2017-08-24,9.550048828125,9.622791437961427,9.53965767258248,9.560440887875277,2080523
2017-08-25,9.695534706115723,9.809844658507041,9.602008874636182,9.61240003088425,5486824
2017-08-28,9.820236206054688,10.059246350394142,9.778668870610003,9.841018517465374,5542353
2017-08-29,9.695534706115723,9.872195212826735,9.674751489411763,9.872195212826735,2849992
2017-08-30,9.737100601196289,9.8202352641115,9.705925328655006,9.716316483363645,2169662
2017-08-31,9.72670841217041,9.82023513275088,9.72670841217041,9.768274838864317,3193662
2017-09-01,9.78905963897705,9.955328974176764,9.705925875584928,9.726709090381025,6251393
2017-09-04,9.529266357421875,9.820236819503181,9.529266357421875,9.820236819503181,6022242
2017-09-05,9.435738563537598,9.612399052263122,9.425347408347433,9.570832623087009,5046570
2017-09-06,9.311038970947266,9.425348014848714,9.238296358896644,9.394172738856703,6297831
2017-09-07,9.22790241241455,9.383779679990988,9.22790241241455,9.342213252564449,3957443
2017-09-08,9.435738563537598,9.529265289703169,9.279862193607856,9.279862193607856,4990160
2017-09-11,9.290254592895508,9.466915088084267,9.290254592895508,9.466915088084267,2930625
2017-09-12,9.279862403869629,9.383780287579922,9.279862403869629,9.30064561892859,1832233
2017-09-13,9.311038970947266,9.36299746286469,9.259079574822056,9.300646006672883,2084815
2017-09-14,9.352605819702148,9.41495727867335,9.26947204808692,9.311039385998447,2556289
2017-09-15,9.456522941589355,9.664358709998764,9.35260505738465,9.35260505738465,13473328
2017-09-18,9.487699508666992,9.570833276906122,9.477306544351393,9.550049156690498,3145993
2017-09-19,9.33182144165039,9.518874004997045,9.33182144165039,9.49809078871755,2282658
2017-09-20,9.217511177062988,9.394171656807963,9.207120022401059,9.342213170875272,2879908
2017-09-21,9.259078979492188,9.321429527467265,9.227902801296922,9.227902801296922,1751843
2017-09-22,9.16555404663086,9.352605708700972,9.16555404663086,9.279863094271102,3277224
2017-09-25,8.251075744628906,9.217511986561824,8.251075744628906,9.196728771205063,14679776
2017-09-26,8.157549858093262,8.344602411733696,7.814620929925593,7.897755599145286,16090320
2017-09-27,8.35499382019043,8.396561156058791,8.15755010507544,8.292643268491778,5940401
2017-09-28,8.396560668945312,8.46930327644295,8.354993335488416,8.365385394904573,3104264
2017-09-29,8.251075744628906,8.417345084314029,8.209508409707626,8.417345084314029,1869669
2017-10-02,8.334210395812988,8.35499361112322,8.251075726156548,8.303035120743763,1880471
2017-10-03,8.365385055541992,8.469302932864682,8.334209782765955,8.354992996547416,2657016
2017-10-05,8.365385055541992,8.47969499185926,8.354992996547416,8.375777114536568,1387081
2017-10-06,8.583613395690918,8.656356004699518,8.365385568665117,8.417344962617436,11207211
2017-10-11,8.41734504699707,8.58361348173731,8.386168867788506,8.58361348173731,2361853
2017-10-12,8.344602584838867,8.417345195863176,8.313427309286702,8.417345195863176,1608548
2017-10-13,8.396560668945312,8.438128002402209,8.375777454320728,8.375777454320728,930837
2017-10-16,8.396560668945312,8.427735942986054,8.354993335488416,8.354993335488416,1305539
2017-10-17,8.303034782409668,8.42773587760522,8.261468353482964,8.406952663141869,2056110
2017-10-18,8.334210395812988,8.469303555848887,8.303035120743763,8.35499361112322,3916786
2017-10-19,8.32381820678711,8.375777600567408,8.313427051397245,8.334210266384718,962653
2017-10-20,8.282251358032227,8.334210754857896,8.261469046034433,8.334210754857896,1366326
2017-10-23,8.261468887329102,8.365385870568572,8.240684767314985,8.365385870568572,1803229
2017-10-24,8.44852066040039,8.500479152747001,8.282251314792536,8.292643374944975,4800603
2017-10-25,8.44852066040039,8.542045584941173,8.417345384150865,8.490087092594562,2695768
2017-10-26,8.396560668945312,8.448520061818366,8.375777454320728,8.417344787777624,1182893
2017-10-27,8.313426971435547,8.469303342861677,8.303034911937894,8.417344853788878,2049892
2017-10-30,8.292642593383789,8.354993140006453,8.292642593383789,8.313426711729814,1568345
2017-10-31,8.303034782409668,8.344602115544093,8.282250663738596,8.313426841745205,1497784
2017-11-01,8.292642593383789,8.344601985041146,8.282250534210776,8.313426711729814,1214999
2017-11-02,8.375777244567871,8.50047833760797,8.292642579736002,8.334209912151938,5346283
2017-11-03,8.375777244567871,8.458911005192034,8.334209912151938,8.396560458671987,1134898
2017-11-06,8.313426971435547,8.396560734793571,8.303034911937894,8.396560734793571,1143073
2017-11-07,8.271860122680664,8.344602735014098,8.271860122680664,8.334210674907096,1245285
2017-11-08,8.271860122680664,8.323818614800095,8.271860122680664,8.313427458900883,796916
2017-11-09,8.240684509277344,8.354993548944554,8.230292449595689,8.303035058951776,1574251
2017-11-10,8.178333282470703,8.28225116954934,8.167942126708283,8.2614688580245,1018610
2017-11-13,8.053631782531738,8.219900212817244,8.053631782531738,8.178332879193935,1569866
2017-11-14,7.949713706970215,8.10559007400175,7.897755219362273,8.05363158639381,1852619
2017-11-15,8.157549858093262,8.157549858093262,8.012065543270428,8.022456698767074,1888173
2017-11-16,8.115983009338379,8.147157378429133,8.095198891000933,8.095198891000933,532261
2017-11-17,8.313426971435547,8.365385460508346,8.074415028235924,8.14715763630403,4129239
2017-11-20,8.292642593383789,8.365385199179466,8.230292046761125,8.313426711729814,1617842
2017-11-21,8.313426971435547,8.365385460508346,8.29264285244024,8.313426971435547,1920340
2017-11-22,8.292642593383789,8.354993140006453,8.292642593383789,8.323817866695121,1373294
2017-11-23,8.44852066040039,8.500479152747001,8.303035435097414,8.3238186511945,4150268
2017-11-24,8.479695320129395,8.531653808698337,8.469303260732516,8.490086475318547,3182245
2017-11-27,8.386168479919434,8.47969520480391,8.386168479919434,8.47969520480391,1530167
2017-11-28,8.375777244567871,8.42773573193201,8.344601971307847,8.396560458671987,1384093
2017-11-29,8.313426971435547,8.417344853788878,8.313426971435547,8.396560734793571,1198587
2017-11-30,8.303034782409668,8.354993270671908,8.292642723074133,8.334210056208557,1532351
2017-12-01,8.406952857971191,8.542045111425294,8.323818189775714,8.334210249352084,7491577
2017-12-04,8.666747093200684,8.822623465438502,8.396560778516639,8.406952838068408,11550711
2017-12-05,8.999283790588379,9.477305862233615,8.739489540253773,8.833015361869304,20839900
2017-12-06,8.947325706481934,9.217512028384538,8.708314659859802,9.134378262372532,10221721
2017-12-07,9.082418441772461,9.31103832205834,8.884974739513702,9.31103832205834,6621942
2017-12-08,9.040851593017578,9.15516063507745,8.926542550957706,9.040851593017578,3834141
2017-12-11,9.352605819702148,9.394173157613674,9.072027419059127,9.144770034352343,6452549
2017-12-12,9.435738563537598,9.664358445044854,9.425347408347433,9.435738563537598,8187202
2017-12-13,9.404562950134277,9.591615491506834,9.404562950134277,9.477305554878733,3544047
2017-12-14,9.373388290405273,9.52926556911326,9.373388290405273,9.456522959610567,2137417
2017-12-15,9.269471168518066,9.394172266212085,9.155160321952318,9.373388147124588,2574362
2017-12-18,9.394171714782715,9.44613020103606,9.300644992794396,9.311037955935825,2275034
2017-12-19,9.498090744018555,9.508481900005501,9.404564010681474,9.404564010681474,2974341
2017-12-20,9.643575668334961,9.757884710071203,9.508481602651441,9.518873662521196,5807548
2017-12-21,9.529266357421875,9.768276516691765,9.498091079942855,9.75788536033731,3253140
2017-12-22,9.550048828125,9.820236052177908,9.550048828125,9.664358772754778,4529212
2017-12-25,9.414956092834473,9.64357506624096,9.394171974392613,9.57083246010987,2040150
2017-12-26,9.248686790466309,9.477305764573233,9.227902671960772,9.425347276724814,3072759
2017-12-27,9.446130752563477,9.518873360931503,9.279862320954164,9.279862320954164,2466042
2017-12-28,9.394171714782715,9.529264864090635,9.383779655848972,9.487698436771034,1431826
2017-12-29,9.352605819702148,9.446131651847214,9.300646421260785,9.41495727867335,2203929
2018-01-02,9.425347328186035,9.539657267967472,9.373387935846212,9.373387935846212,2908720
2018-01-03,9.435738563537598,9.518873230305278,9.383780074963592,9.45652268233338,1736494
2018-01-04,9.456522941589355,9.477306156747195,9.425347666748719,9.435738822223763,1544817
2018-01-05,9.612399101257324,9.695533768448739,9.466914789983944,9.466914789983944,5933510
2018-01-08,9.539657592773438,9.70592602634808,9.539657592773438,9.685141907021407,2702104
2018-01-09,9.570832252502441,9.768275043963271,9.49808964794926,9.550048134511423,6516475
2018-01-10,9.518874168395996,9.612399999570867,9.518874168395996,9.560441505876321,1579331
2018-01-11,9.404562950134277,9.602007550529668,9.394171795319135,9.518872886762377,2285293
2018-01-12,9.404562950134277,9.518872886762377,9.394171795319135,9.414955913364805,2182779
2018-01-15,9.290254592895508,9.466915088084267,9.248687257990902,9.446130968528085,3557906
2018-01-16,9.269471168518066,9.331820813157337,9.269471168518066,9.290254383397823,1314897
2018-01-17,9.425347328186035,9.487698779835368,9.300645329095092,9.300645329095092,4880303
2018-01-18,9.269471168518066,9.498090149026346,9.25907910897432,9.498090149026346,2604470
2018-01-19,9.144769668579102,9.300646049252787,9.144769668579102,9.279862833232226,2798741
2018-01-22,8.791448593139648,9.196728987912264,8.770665377293163,9.196728987912264,6429085
2018-01-23,8.84340763092041,8.916150239748797,8.801841200910827,8.822623511707874,2045577
2018-01-24,8.884974479675293,8.957717084529126,8.781056601913773,8.843407147729145,1741474
2018-01-25,8.791448593139648,8.968109092562013,8.791448593139648,8.905758540814773,1748845
2018-01-26,8.687530517578125,8.843407797782337,8.677139361983535,8.801841366988459,1906533
2018-01-29,8.718705177307129,8.749881354513395,8.708314022446071,8.718705177307129,1096233
2018-01-30,8.770665168762207,8.916150388851902,8.718705774069706,8.718705774069706,2408111
2018-01-31,8.656355857849121,8.729098465623682,8.604396464778263,8.729098465623682,2219421
2018-02-01,8.708313941955566,8.760272428403695,8.656355455507436,8.66674661027245,1765511
2018-02-02,8.749881744384766,8.801841137836014,8.666747076545862,8.68753029140172,1198519
2018-02-05,8.645963668823242,8.687530097607727,8.479695241062148,8.666746883215485,1792852
2018-02-06,8.230292320251465,8.583613301797593,8.115983282380693,8.427736025853468,4550734
2018-02-07,8.458911895751953,8.645964459212824,8.282251392541076,8.282251392541076,1853958
2018-02-08,8.44852066040039,8.552438549301403,8.438128600247952,8.479695936649915,1478375
2018-02-09,8.41734504699707,8.41734504699707,8.178333098311269,8.313427162258453,2783148
2018-02-12,8.469303131103516,8.531653678115015,8.427735798359945,8.500478404609265,1813100
2018-02-21,8.677139282226562,8.729098676552963,8.531654063161946,8.542045218661023,2085437
2018-02-22,8.947325706481934,9.092810927262647,8.625180893847796,8.666747324749918,5429611
2018-02-23,8.916150093078613,9.009675915373297,8.884974818980385,8.884974818980385,1998582
2018-02-26,8.947325706481934,9.040851532323352,8.936933646652522,8.978500981762407,1214552
2018-02-27,8.916150093078613,9.009675915373297,8.864190700109747,8.968108581839749,1280048
2018-03-01,8.988893508911133,9.009676725442683,8.80184184750376,8.80184184750376,1249560
2018-03-02,8.926542282104492,8.968108712033748,8.853799673416681,8.968108712033748,725137
2018-03-05,8.801841735839844,8.936933997892792,8.801841735839844,8.905758721387066,838686
2018-03-06,8.812232971191406,8.895366741219055,8.812232971191406,8.853800308309134,699651
2018-03-07,8.801841735839844,8.864191384643497,8.78105761536416,8.812232891869886,438833
2018-03-08,8.916150093078613,9.09281058244039,8.812232211348611,8.8226233665762,1918390
2018-03-09,8.84340763092041,8.988892848577184,8.84340763092041,8.947325514359855,750875
2018-03-12,8.822623252868652,8.936933192560726,8.812232097774986,8.92654203746706,1222199
2018-03-13,8.916150093078613,9.040851189471523,8.895365974207975,8.988892700710387,2385383
2018-03-14,9.082418441772461,9.144768989411258,8.926542072675472,8.926542072675472,4314461
2018-03-15,9.009675979614258,9.123985921594635,8.999283920104842,9.123985921594635,1752737
2018-03-16,8.947325706481934,9.02006831687229,8.936933646652522,9.009676257042878,1087390
2018-03-19,8.988893508911133,9.030460846182043,8.978501448541452,9.020068785812363,652214
2018-03-20,8.936933517456055,8.968108792285843,8.905758242626266,8.968108792285843,657892
2018-03-21,8.947325706481934,9.072026807603823,8.936933646652522,8.968108921932995,1338608
2018-03-22,8.833015441894531,8.999283872119962,8.833015441894531,8.999283872119962,1429979
2018-03-23,8.739489555358887,8.801841007418064,8.718705436603253,8.749881614736704,1604859
2018-03-26,8.739489555358887,8.760272769906797,8.70831428143316,8.729098400188795,787561
2018-03-27,8.812232971191406,8.86419146443271,8.770665634073678,8.770665634073678,938863
2018-03-28,8.739489555358887,8.833015377136066,8.729098400188795,8.801841007418064,821841
2018-03-29,8.812232971191406,8.947326138668167,8.760273573742294,8.760273573742294,865867
2018-03-30,8.791448593139648,8.874584169148935,8.791448593139648,8.874584169148935,1234469
2018-04-02,9.05124282836914,9.144768646318438,8.85379913351806,9.061634887321624,7303827
2018-04-03,9.05124282836914,9.05124282836914,8.936932892514873,9.040850769416656,2545761
2018-04-09,9.321430206298828,9.373388698659353,9.13437854875159,9.13437854875159,7794790
2018-04-10,9.217511177062988,9.425346929209113,9.217511177062988,9.352604325537202,4008575
2018-04-11,9.425347328186035,9.529265208657964,9.259078900272495,9.259078900272495,10464578
2018-04-12,9.581223487854004,9.633182879060758,9.373387731442387,9.477305609648196,9063279
2018-04-13,9.9137601852417,10.131987997408167,9.622790673227426,9.737100608772865,18666361
2018-04-16,9.768275260925293,10.090420959071988,9.716316773209087,10.090420959071988,8777625
2018-04-17,9.560440063476562,9.830626360023492,9.539656849975906,9.820235205377005,4462587
2018-04-18,9.664359092712402,9.913761301313949,9.581224420373362,9.612399696448556,7184562
2018-04-19,9.72670841217041,9.97611149337221,9.72670841217041,9.72670841217041,9648871
2018-04-20,9.79945182800293,9.851411221991546,9.685141884594172,9.789059768363657,4929537
2018-04-23,10.703536987304688,10.703536987304688,9.79945217983735,9.85141157569149,32994542
2018-04-24,10.75549602508545,11.275085445289704,10.651578141044599,10.91137239904285,41263085
2018-04-25,11.534879684448242,11.638797568319365,10.599618729608128,10.755496007518689,29958154
2018-04-26,11.638797760009766,12.47013994046317,11.430961988844475,11.742715645592412,44917138
2018-04-27,12.729936599731445,12.781895092822948,11.638798298524025,11.89859257239715,39019574
2018-04-30,12.833852767944336,13.30148279279452,12.470139722653974,12.885812161931995,33412986
2018-05-02,12.262304306030273,12.62601643070157,12.15838642695166,12.314262793465728,25321418
2018-05-03,12.67797565460205,13.093648099270675,12.47013988437162,12.47013988437162,28971033
2018-05-04,12.574057579040527,12.78189425033083,12.262304832624435,12.677975462581806,18815754
2018-05-07,13.82107162475586,13.82107162475586,12.626016464277662,12.626016464277662,63232914
2018-05-08,13.769113540649414,13.821072937365416,13.457360777184578,13.665195651425202,25608479
2018-05-09,13.665194511413574,14.54849694823422,13.613236023239976,13.873030272523406,35119934
2018-05-10,13.717154502868652,14.080866648591517,13.561278127332498,13.821072387962008,21694314
2018-05-11,14.600456237792969,15.01612778282788,13.717154656697668,13.821072542956395,49202797
2018-05-14,13.976948738098145,14.496539066828442,13.769112968289129,14.392621181923934,26544072
2018-05-15,13.9249906539917,14.340662205736361,13.76911336998356,13.76911336998356,20449530
2018-05-16,13.093647956848145,14.288703170570368,12.78189430489351,13.924990124519422,43999236
2018-05-17,12.729936599731445,13.249525147477696,12.677976298224332,12.98973087360457,13668314
2018-05-18,13.197565078735352,13.353442358495014,12.885812327631545,12.9897302127354,16180020
2018-05-21,12.885812759399414,13.249524917346015,12.781894870813558,13.197565520949194,11281865
2018-05-22,13.041688919067383,13.353442579539523,12.989730427759246,13.041688919067383,14249373
2018-05-23,13.14560604095459,13.3014824100164,12.88581179111567,13.197564529239287,8240838
2018-05-24,13.9249906539917,14.392621601808337,13.041689058638184,13.249524834510515,34328186
2018-05-25,13.301482200622559,13.873030083795431,13.197564321481336,13.71715371718745,17161012
2018-05-28,13.405401229858398,13.717154894028466,13.093648469896117,13.30148334180171,14126966
2018-05-29,13.24952507019043,13.613237232332757,13.24952507019043,13.405401452763485,9310147
2018-05-30,13.561278343200684,13.769113212487948,12.937771022715571,13.093648304940736,17168158
2018-05-31,13.613236427307129,14.080866451580553,13.613236427307129,13.613236427307129,36462624
2018-06-01,13.9249906539917,14.028908541927866,13.40540121431087,13.613236990183204,19822111
2018-06-04,13.665194511413574,14.080866033633239,13.665194511413574,13.976948153078322,23783168
2018-06-05,13.509318351745605,13.976948369375576,13.509318351745605,13.717154116071754,9100570
2018-06-06,13.561278343200684,13.717154721218076,13.40540106097552,13.613236834470557,15697150
2018-06-07,13.717154502868652,13.873030878404807,13.50931873268194,13.665195108218095,19897921
2018-06-08,13.509318351745605,13.717154116071754,13.40540046958253,13.717154116071754,11718138
2018-06-11,13.9249906539917,14.392621601808337,13.613236990183204,13.665195482047393,45128619
2018-06-12,13.769113540649414,14.184785097546255,13.717155048141207,13.924990826589626,14070434
2018-06-13,13.561278343200684,13.924990494713114,13.561278343200684,13.821072607965595,9538331
2018-06-14,13.873030662536621,13.924990056378677,13.457360032838906,13.613236405949582,17364890
2018-06-15,13.613236427307129,13.924990078225328,13.561277937591301,13.821072194585927,7972456
2018-06-19,13.561278343200684,13.821072607965595,13.509318947723038,13.66519532574043,5596952
2018-06-20,12.989729881286621,13.613236271792472,12.781894116382093,13.613236271792472,14196479
2018-06-21,12.937769889831543,13.249523522775677,12.833852012183499,13.093647158407457,5564134
2018-06-22,12.885812759399414,13.301483409535049,12.418181808659167,12.833853363002591,16019389
2018-06-25,12.885812759399414,13.093648536571127,12.781894870813558,12.885812759399414,3733883
2018-06-26,12.67797565460205,12.885812329040242,12.47013988437162,12.781894443925026,5404073
2018-06-27,12.937769889831543,13.301482009495853,12.626016256887409,12.729935038743148,10621179
2018-06-28,12.885812759399414,13.093648536571127,12.781894870813558,12.885812759399414,5321452
2018-06-29,13.041688919067383,13.093648314583293,12.781894654111152,12.937771032243335,4999106
2018-07-02,12.574057579040527,13.145606390621433,12.574057579040527,13.041688507080154,7326259
2018-07-03,12.574057579040527,12.78189425033083,12.262304832624435,12.729935760664063,11938197
2018-07-04,12.366222381591797,12.781894839112065,12.366222381591797,12.626017554515991,8257670
2018-07-05,11.742715835571289,12.522099537946469,11.742715835571289,12.522099537946469,9563888
2018-07-06,11.79467487335205,12.054469131523389,11.534879710972962,11.898591853254386,5619469
2018-07-09,11.95055103302002,12.106427404284844,11.898591639793255,11.95055103302002,4352059
2018-07-10,12.781893730163574,13.041687976340407,12.05446857497765,12.05446857497765,12498213
2018-07-11,12.522099494934082,12.677975873190585,12.470140099376732,12.626017381841008,4333750
2018-07-12,12.366222381591797,12.574058158248038,12.314263889531631,12.41818177785975,4294121
2018-07-13,12.937769889831543,12.989729280759413,12.314262623943275,12.470138988311495,9998232
2018-07-16,12.833852767944336,13.145606419247041,12.833852767944336,12.989730045699563,14697547
2018-07-17,12.626016616821289,12.937770258652684,12.626016616821289,12.833852378042218,3262446
2018-07-18,12.522099494934082,12.833853155654861,12.470140099376732,12.729936172955709,2790282
2018-07-19,12.418181419372559,12.677975680589244,12.366222024604566,12.574057795261018,2758481
2018-07-20,12.158387184143066,12.52209933146537,12.158387184143066,12.47013993658632,3257742
2018-07-23,12.158387184143066,12.47013993658632,12.158387184143066,12.210345674814354,3322103
2018-07-24,12.470139503479004,12.833852542376754,12.210345250730096,12.262304643804518,8086702
2018-07-25,12.418181419372559,12.677975680589244,12.418181419372559,12.522099304700784,4305225
2018-07-26,12.574057579040527,12.626016972915039,12.366221811957969,12.470139695499247,3817935
2018-07-27,12.418181419372559,12.574057795261018,12.418181419372559,12.574057795261018,2237044
2018-07-30,12.314263343811035,12.574057601014363,12.262304854053468,12.470139717291483,2812334
2018-07-31,12.470139503479004,12.574057385420113,12.262304643804518,12.314263132671206,2824299
2018-08-01,12.418181419372559,12.574057795261018,12.366222024604566,12.522099304700784,2377659
2018-08-02,12.314263343811035,12.574057601014363,12.314263343811035,12.418181227533916,4815550
2018-08-03,12.314263343811035,12.470139717291483,12.262304854053468,12.470139717291483,1982749
2018-08-06,12.418181419372559,12.522099304700784,12.314263534044333,12.366222024604566,2476189
2018-08-07,12.366222381591797,12.677976046576157,12.366222381591797,12.470140269919918,5903872
2018-08-08,12.314263343811035,12.574057601014363,12.314263343811035,12.418181227533916,2915178
2018-08-09,12.366222381591797,12.470140269919918,12.210346001203511,12.366222381591797,2628155
2018-08-10,12.262304306030273,12.470139159979796,12.262304306030273,12.418180672544342,2660318
2018-08-13,11.327044486999512,12.314262998360975,11.119207821176412,12.262304510060993,10004971
2018-08-14,11.690756797790527,11.742715286890807,11.327044661465367,11.430961639665925,6557413
2018-08-15,11.223127365112305,11.586839520429981,11.11920857306979,11.586839520429981,4465778
2018-08-16,10.859414100646973,11.171166854059964,10.755496214773387,11.119208363227054,4914083
2018-08-17,10.651577949523926,11.11920796719566,10.651577949523926,11.067248574005616,3415869
2018-08-20,10.547660827636719,10.859414496625279,10.495702334909192,10.651578717299572,2587691
2018-08-21,10.651577949523926,10.755495831696281,10.599618556333882,10.599618556333882,2087251
2018-08-22,10.651577949523926,10.755495831696281,10.599618556333882,10.599618556333882,1350897
2018-08-23,11.119208335876465,11.327045011320173,10.599618907786603,10.703536793404576,7547312
2018-08-24,10.703536987304688,11.067249141452542,10.703536987304688,11.015290649806182,3632138
2018-08-27,10.807454109191895,10.963331381503995,10.703536229053066,10.755495621226338,1973502
2018-08-28,10.75549602508545,10.91137239904285,10.75549602508545,10.8594139091263,2228172
2018-08-29,10.859414100646973,11.067248968186378,10.755496214773387,10.755496214773387,4492551
2018-08-30,10.651577949523926,10.911372202850949,10.599618556333882,10.859413713868637,3265105
2018-08-31,10.859414100646973,10.911372591479882,10.599618933859126,10.651578328899802,2828412
2018-09-03,10.599618911743164,10.91137256871345,10.599618911743164,10.807454683056688,2379126
2018-09-04,10.599618911743164,10.703536797399925,10.599618911743164,10.651578306675427,1492923
2018-09-05,10.599618911743164,10.859414077988951,10.599618911743164,10.651578306675427,2798566
2018-09-06,10.35021686553955,10.651578467224185,10.319041589793402,10.651578467224185,4136279
2018-09-07,9.695534706115723,10.287866780568454,9.674751489411763,10.287866780568454,7870241
2018-09-10,9.466915130615234,9.789059943105743,9.404563675874325,9.747493512222155,3789942
2018-09-11,10.090420722961426,10.183947445394459,9.50848079143537,9.50848079143537,3372081
2018-09-12,10.111205101013184,10.287865587232549,10.028071339632591,10.131988315306403,3314440
2018-09-13,10.163164138793945,10.267082024298622,10.131988863563318,10.131988863563318,1762909
2018-09-14,10.651577949523926,10.911372202850949,10.235906420834503,10.277473754544992,6527255
2018-09-17,10.599618911743164,10.651578306675427,10.391784044637403,10.651578306675427,2128428
2018-09-18,10.599618911743164,10.703536797399925,10.443742535361903,10.547660421018664,1658787
2018-09-19,10.911372184753418,11.015290066753415,10.703536420753421,10.755495813857287,4949911
2018-09-20,10.807454109191895,11.067248357435108,10.807454109191895,10.963331381503995,2680817
2018-09-21,11.17116641998291,11.32704459904799,10.807454285661974,10.85941367868367,7531024
2018-09-25,11.27508544921875,11.482921217372876,11.015290286922216,11.067248776856873,6868598
2018-09-26,11.379003524780273,11.430962015589282,11.223127148145485,11.275085638954494,4910302
2018-09-27,11.327044486999512,11.430961463599479,11.275085094491805,11.327044486999512,2146094
2018-09-28,11.482921600341797,11.534880092009331,11.327045221131417,11.37900371279895,6069915
2018-10-01,11.430961608886719,11.690756766311791,11.430961608886719,11.586838884183308,4049964
2018-10-02,11.379003524780273,11.482921410606055,11.327045033971267,11.482921410606055,2027184
2018-10-03,11.586838722229004,11.898591460049216,11.430961449111178,11.482920841553026,6780198
2018-10-04,11.586838722229004,11.74271509113911,11.482920841553026,11.638797210463132,2875578
2018-10-05,11.17116641998291,11.586838851533269,10.911372167497632,11.534879458511575,6877723
2018-10-08,11.430961608886719,11.430961608886719,11.171166451461644,11.223126748837485,3811745
2018-10-09,11.482921600341797,11.638797979552177,11.430962204466484,11.534880092009331,3737765
2018-10-11,10.443741798400879,11.067248164136059,10.339823920077066,11.067248164136059,9945961
2018-10-12,10.911372184753418,10.963331577857282,10.308649011678067,10.329432226394974,5705401
2018-10-15,11.015290260314941,11.275085421983944,10.807454492662838,10.85941388667974,5648941
2018-10-16,10.911372184753418,11.223126734961143,10.859413695857285,11.015290066753415,3274784
2018-10-17,10.911372184753418,11.223126734961143,10.911372184753418,11.119207948753415,2878744
2018-10-18,11.379003524780273,11.379003524780273,10.96333198147715,10.96333198147715,6742300
2018-10-19,11.534879684448242,11.638797568319365,11.06724875492431,11.327044820913743,8070658
2018-10-22,11.534879684448242,11.794674846229926,11.37900331074543,11.37900331074543,6856196
2018-10-23,11.379003524780273,11.690757182257617,11.379003524780273,11.534879901415062,5082166
2018-10-24,11.482921600341797,11.794675262970337,11.22312733358857,11.430962204466484,6881120
2018-10-25,11.27508544921875,11.482921217372876,10.96333179698756,11.067248776856873,4850002
2018-10-26,11.17116641998291,11.534879458511575,11.119207931168946,11.430961576675918,7367813
2018-10-29,11.17116641998291,11.379003087861955,11.17116641998291,11.223126717212335,4657088
2018-10-30,11.015290260314941,11.275085421983944,11.015290260314941,11.223126932174791,2955133
2018-10-31,11.067249298095703,11.223127487864382,11.015290805713935,11.119208694685263,4381025
2018-11-01,11.015290260314941,11.171166633950145,11.015290260314941,11.119208144140993,3973340
2018-11-02,11.015290260314941,11.119208144140993,10.963331770505789,11.015290260314941,4013611
2018-11-05,11.015290260314941,11.223126932174791,11.015290260314941,11.067248750124094,2274667
2018-11-06,10.859414100646973,11.119208363227054,10.859414100646973,11.119208363227054,2522014
2018-11-07,11.430961608886719,11.430961608886719,10.911372198244305,10.963331591412413,8854430
2018-11-08,11.379003524780273,11.690757182257617,11.275085638954494,11.638797787240843,8917004
2018-11-09,11.119208335876465,11.275085616407306,11.015290450258492,11.275085616407306,3199870
2018-11-12,11.119208335876465,11.2231271257022,10.963331959553388,11.015290450258492,3252785
2018-11-13,11.17116641998291,11.17116641998291,10.85941367868367,10.963331560519325,2347473
2018-11-14,11.067249298095703,11.27508598024615,11.067249298095703,11.223127487864382,1771541
2018-11-15,10.859414100646973,11.119208363227054,10.859414100646973,11.119208363227054,3851010
2018-11-16,10.96333122253418,11.067248196958483,10.911371831114325,10.96333122253418,2491727
2018-11-19,11.17116641998291,11.223126717212335,10.963331560519325,10.963331560519325,1958893
2018-11-20,11.015290260314941,11.223126932174791,10.963331770505789,11.067248750124094,1871032
2018-11-21,11.067249298095703,11.171167187067029,10.963332313332169,10.963332313332169,1826800
2018-11-22,10.96333122253418,11.119207588378336,10.911371831114325,11.067248196958483,1686166
2018-11-23,10.859414100646973,11.015290477353469,10.807454705606297,10.963331986520558,2271870
2018-11-26,10.96333122253418,11.119207588378336,10.911371831114325,10.96333122253418,1407664
2018-11-27,11.119208335876465,11.119208335876465,10.911372564640521,10.963331959553388,1451695
2018-11-28,11.119208335876465,11.379003502025277,11.067248940963598,11.119208335876465,6942926
2018-11-29,10.96333122253418,11.275084858430194,10.911371831114325,11.275084858430194,3012704
2018-11-30,10.911372184753418,11.119207948753415,10.911372184753418,11.015290066753415,2530522
2018-12-03,11.327044486999512,11.430961463599479,11.171166309476396,11.275085094491805,11372654
2018-12-04,11.119208335876465,11.430961992730383,11.119208335876465,11.379003502025277,3712684
2018-12-05,11.17116641998291,11.17116641998291,10.963331560519325,10.963331560519325,1878616
2018-12-06,10.96333122253418,11.275084858430194,10.911371831114325,11.275084858430194,3691052
2018-12-07,11.067249298095703,11.27508598024615,11.015290805713935,11.015290805713935,5601439
2018-12-10,11.119208335876465,11.171166826581569,10.963331959553388,10.963331959553388,1793312
2018-12-11,12.210345268249512,12.210345268249512,11.275085233645347,11.275085233645347,16160702
2018-12-12,12.262304306030273,12.574057039058411,12.054468547873045,12.314262793465728,20638949
2018-12-13,12.418181419372559,12.937770846013688,12.366222024604566,12.418181419372559,18943200
2018-12-14,12.366222381591797,12.574058158248038,12.210346001203511,12.314263889531631,5142060
2018-12-17,12.418181419372559,12.937770846013688,12.366222024604566,12.366222024604566,10182797
2018-12-18,12.262304306030273,12.470139159979796,12.15838642695166,12.366221280901181,3967640
2018-12-19,12.158387184143066,12.47013993658632,12.158387184143066,12.418181445915032,3786403
2018-12-20,11.586838722229004,12.262304494518997,11.430961449111178,12.054468733167042,7323623
2018-12-21,11.79467487335205,11.898591853254386,11.534879710972962,11.586839105131881,4767575
2018-12-24,11.898591995239258,11.898591995239258,11.742715619317945,11.846633504668073,1354543
2018-12-25,11.482921600341797,11.742715867095024,11.37900371279895,11.742715867095024,4005652
2018-12-26,11.327044486999512,11.690756617722563,11.327044486999512,11.638797225214857,2147916
2018-12-27,11.327044486999512,11.586838736914874,11.327044486999512,11.534879344407168,3256208
2018-12-28,11.27508544921875,11.43096182323047,11.27508544921875,11.379003333295813,2085249
2019-01-02,11.27508544921875,11.379003333295813,11.223126959284093,11.379003333295813,1642313
2019-01-03,11.223127365112305,11.534880124408723,11.223127365112305,11.27508585692578,2270108
2019-01-04,11.119208335876465,11.275085616407306,10.807454679022548,11.2231271257022,3361681
2019-01-07,11.119208335876465,11.327045011320173,11.119208335876465,11.327045011320173,1466660
2019-01-08,11.327044486999512,11.327044486999512,11.119207821176412,11.171166309476396,1590919
2019-01-09,11.327044486999512,11.586838736914874,11.275085094491805,11.327044486999512,4494288
2019-01-10,11.379003524780273,11.430962015589282,11.327045033971267,11.430962015589282,1135915
2019-01-11,11.27508544921875,11.43096182323047,11.27508544921875,11.379003333295813,1935964
2019-01-14,11.17116641998291,11.32704459904799,11.119207931168946,11.275085206026297,1520652
2019-01-15,11.223127365112305,11.27508585692578,11.11920857306979,11.171167064883264,1181225
2019-01-16,11.119208335876465,11.2231271257022,11.119208335876465,11.2231271257022,1077438
2019-01-17,11.119208335876465,11.2231271257022,11.119208335876465,11.171166826581569,1172927
2019-01-18,11.27508544921875,11.379003333295813,11.171166660933936,11.171166660933936,1314173
2019-01-21,11.223127365112305,11.379003744760514,11.223127365112305,11.27508585692578,1074560
2019-01-22,11.067249298095703,11.223127487864382,11.067249298095703,11.223127487864382,984184
2019-01-23,11.015290260314941,11.171166633950145,10.85941388667974,11.067248750124094,2017375
2019-01-24,10.911372184753418,11.119207948753415,10.911372184753418,11.067248555649549,1346685
2019-01-25,11.015290260314941,11.015290260314941,10.91137237648889,11.015290260314941,980573
2019-01-28,11.015290260314941,11.171166633950145,11.015290260314941,11.067248750124094,889132
2019-01-29,11.015290260314941,11.119208144140993,10.963331770505789,11.015290260314941,863671
2019-01-30,11.067249298095703,11.171167187067029,11.015290805713935,11.015290805713935,1137431
2019-02-11,11.067249298095703,11.223127487864382,11.015290805713935,11.171167187067029,1395767
2019-02-12,11.742715835571289,11.794675231307115,11.171167003516084,11.22312730345969,7585038
2019-02-13,11.638797760009766,11.8985920218625,11.586839269322324,11.846633531175058,4350274
2019-02-14,11.638797760009766,11.69075715490497,11.48292138373968,11.69075715490497,2796258
2019-02-15,11.742715835571289,11.794675231307115,11.482921569515488,11.586839456779364,2943318
2019-02-18,12.366222381591797,12.626017554515991,11.950551732487103,11.950551732487103,13579548
2019-02-19,12.885812759399414,12.885812759399414,12.418181808659167,12.418181808659167,15823570
2019-02-20,12.626016616821289,13.093647531672241,12.574057224412197,12.88581177045131,6608400
2019-02-21,12.937769889831543,12.937769889831543,12.626016256887409,12.885811403111369,4942609
2019-02-22,13.041688919067383,13.301483184023613,12.885812540935198,12.937771032243335,9443181
2019-02-25,13.093647956848145,13.301482820610152,12.989730072863267,13.145606446736709,4643599
2019-02-26,12.626016616821289,13.145606019873613,12.574057224412197,13.093647531672241,9337362
2019-02-27,13.457359313964844,13.5093178008236,12.574056899496698,12.677974777421909,16346534
2019-03-04,13.353442192077637,13.613236449495709,13.249524308268859,13.301482798069374,12602331
2019-03-05,13.353442192077637,13.613236449495709,13.249524308268859,13.405400681878152,6742995
2019-03-06,13.405401229858398,13.561278514047325,13.30148334180171,13.509319117915089,5249131
2019-03-07,13.301482200622559,13.71715371718745,13.301482200622559,13.56127735057947,9427319
2019-03-08,13.457359313964844,13.5093178008236,13.14560568018921,13.353441436039631,5628078
2019-03-11,13.353442192077637,13.924990100922043,13.353442192077637,13.50931856568693,11907051
2019-03-12,12.989729881286621,13.405400506887942,12.937770487956621,13.405400506887942,8876704
2019-03-13,13.301482200622559,13.301482200622559,13.041687954873355,13.09364734654782,2875211
2019-03-14,13.093647956848145,13.40540070459503,13.093647956848145,13.301482820610152,2402170
2019-03-15,12.989729881286621,13.14560625286115,12.989729881286621,13.14560625286115,2584162
2019-03-18,12.989729881286621,13.197564741983413,12.989729881286621,13.14560625286115,2259540
2019-03-19,13.041688919067383,13.197565297199567,12.989730427759246,13.041688919067383,2261128
2019-03-20,13.093647956848145,13.353442214706465,13.041688562751832,13.041688562751832,5071175
2019-03-21,12.574057579040527,13.145606390621433,12.574057579040527,13.093647900954666,10145767
2019-03-22,12.522099494934082,12.833853155654861,12.366222212469806,12.677975873190585,6163917
2019-03-25,12.729936599731445,12.885812983213759,12.522099914742018,12.522099914742018,8132753
2019-03-26,12.937769889831543,12.937769889831543,12.677974743607585,12.781893525463323,2889986
2019-03-27,12.729936599731445,12.937771476305263,12.729936599731445,12.937771476305263,3341392
2019-03-28,12.626016616821289,12.781893889840847,12.626016616821289,12.729935401639473,975071
2019-03-29,12.67797565460205,12.98973021415546,12.67797565460205,12.781894443925026,1955601
2019-04-01,12.470139503479004,12.781894053510063,12.470139503479004,12.626016778494535,3280507
2019-04-02,12.574057579040527,12.78189425033083,12.470139695499247,12.52209908937376,4504905
2019-04-03,12.729936599731445,12.781895092822948,12.522099914742018,12.57405840783352,2500999
2019-04-08,12.729936599731445,12.729936599731445,12.729936599731445,12.729936599731445,0
2019-04-09,12.937769889831543,13.301482009495853,12.729935038743148,12.781893525463323,10101106
2019-04-10,12.937769889831543,13.301482009495853,12.885811403111369,13.041687767479587,7517666
2019-04-11,12.67797565460205,12.98973021415546,12.522099279033107,12.937770819493972,4889428
2019-04-12,12.729936599731445,12.98973087360457,12.677976298224332,12.83385358591445,2950441
2019-04-15,12.67797565460205,12.781894443925026,12.574057769486835,12.729935953471298,2178491
2019-04-16,12.574057579040527,12.729935760664063,12.574057579040527,12.677975462581806,1882158
2019-04-17,12.937769889831543,12.989729280759413,12.57405686595954,12.626016256887409,10292731
2019-04-18,12.574057579040527,12.937770623538876,12.52209908937376,12.88581213387211,2677370
2019-04-19,12.67797565460205,12.833852934378754,12.626017164148323,12.67797565460205,1972965
2019-04-22,13.301482200622559,13.405400079763782,12.833852196590911,12.833852196590911,12810937
2019-04-23,13.873030662536621,13.873030662536621,13.353442149362541,13.509318522473217,19235603
2019-04-24,12.989729881286621,13.821072036697,12.937770487956621,13.717154154244735,16129456
2019-04-25,12.937769889831543,13.197564131847807,12.937769889831543,12.989729280759413,3285891
2019-04-26,12.729936599731445,12.98973087360457,12.677976298224332,12.937771476305263,3056495
2019-04-29,12.833852767944336,13.145606419247041,12.729935788384516,12.833852767944336,3560856
2019-04-30,12.729936599731445,12.937771476305263,12.626017805132829,12.937771476305263,2394736
2019-05-02,12.626016616821289,12.833852378042218,12.626016616821289,12.729935401639473,1958898
2019-05-03,12.574057579040527,12.833852739997596,12.574057579040527,12.78189425033083,3235336
2019-05-06,12.054469108581543,12.522099134083067,12.002509714521514,12.522099134083067,5974616
2019-05-07,12.106427192687988,12.262304465436115,12.054468704577092,12.054468704577092,2537300
2019-05-08,11.898591995239258,12.002509880589386,11.742715619317945,12.002509880589386,3254091
2019-05-09,11.742715835571289,12.054469497362916,11.742715835571289,12.00251010162709,2959466
2019-05-10,11.638797760009766,11.950551416757703,11.586839269322324,11.794675040487617,2386444
2019-05-13,11.327044486999512,11.638797225214857,11.223126606191823,11.586838736914874,3298119
2019-05-14,11.327044486999512,11.430961463599479,10.85941357126105,11.119207821176412,2843806
2019-05-15,11.742715835571289,11.794675231307115,11.327045190723563,11.327045190723563,2255780
2019-05-16,11.690756797790527,11.846633169299102,11.48292103297394,11.742715286890807,2130100
2019-05-17,11.79467487335205,11.950551247413303,11.534879710972962,11.690756989241965,3298207
2019-05-20,11.690756797790527,11.950551051707395,11.690756797790527,11.846633169299102,1060404
2019-05-21,11.79467487335205,11.898591853254386,11.690756989241965,11.690756989241965,1537951
2019-05-22,12.002510070800781,12.106427957797763,11.8985921838038,11.950551579406179,2622059
2019-05-23,11.846633911132812,12.00251029240233,11.794675418778903,12.00251029240233,1083343
2019-05-24,11.742715835571289,11.95055161009904,11.742715835571289,11.846633722835165,784840
2019-05-27,11.95055103302002,12.106427404284844,11.794674661755193,11.846633150774224,2178137
2019-05-28,11.846633911132812,12.054469688964033,11.846633911132812,12.054469688964033,1037227
2019-05-29,11.846633911132812,11.950551800048423,11.742716022217202,11.794675418778903,780195
2019-05-30,12.106427192687988,12.262304465436115,11.846632943718067,11.846632943718067,4954548
2019-05-31,12.106427192687988,12.2103450731175,12.002509312258477,12.106427192687988,1432553
2019-06-03,12.054469108581543,12.262304876406164,12.054469108581543,12.106427598433823,2829030
2019-06-04,12.054469108581543,12.158386992493854,12.054469108581543,12.106427598433823,860672
2019-06-05,12.366222381591797,12.41818177785975,12.10642811287539,12.210346001203511,3643196
2019-06-06,12.67797565460205,12.937770819493972,12.522099279033107,12.522099279033107,12794765
2019-06-10,12.67797565460205,12.833852934378754,12.574057769486835,12.729935953471298,3560344
2019-06-11,12.781893730163574,12.989729488788123,12.72993524261129,12.833852217715856,3697012
2019-06-12,12.67797565460205,12.937770819493972,12.67797565460205,12.729935953471298,1873386
2019-06-13,12.574057579040527,12.78189425033083,12.574057579040527,12.677975462581806,1196630
2019-06-14,12.522099494934082,12.677975873190585,12.522099494934082,12.626017381841008,1239208
2019-06-17,12.522099494934082,12.677975873190585,12.522099494934082,12.574057986283657,1096129
2019-06-18,12.729936599731445,12.729936599731445,12.57405840783352,12.57405840783352,1454821
2019-06-19,12.67797565460205,12.885812329040242,12.626017164148323,12.885812329040242,2235157
2019-06-20,12.729936599731445,12.781895092822948,12.677976298224332,12.677976298224332,1825589
2019-06-21,12.781893730163574,12.989729488788123,12.72993524261129,12.72993524261129,4185462
2019-06-24,12.67797565460205,12.885812329040242,12.626017164148323,12.833852934378754,2795589
2019-06-25,12.574057579040527,12.729935760664063,12.574057579040527,12.677975462581806,1414342
2019-06-26,12.626016616821289,12.67797510502266,12.522098736210824,12.574057224412197,1176662
2019-06-27,12.574057579040527,12.78189425033083,12.574057579040527,12.677975462581806,2032981
2019-06-28,12.470139503479004,12.677975267361223,12.418181014612315,12.626016778494535,2960379
2019-07-01,12.67797565460205,12.729935953471298,12.574057769486835,12.574057769486835,3413533
2019-07-02,12.67797565460205,12.781894443925026,12.626017164148323,12.67797565460205,2387094
2019-07-03,12.574057579040527,12.729935760664063,12.52209908937376,12.677975462581806,1820797
2019-07-04,12.729936599731445,12.781895092822948,12.57405840783352,12.57405840783352,3569303
2019-07-05,13.14560604095459,13.3014824100164,12.88581179111567,12.88581179111567,13486167
2019-07-08,13.14560604095459,13.353441802508817,13.093647552669895,13.14560604095459,4657795
2019-07-09,13.14560604095459,13.197564529239287,13.041688160177477,13.14560604095459,2226997
2019-07-10,13.197565078735352,13.24952447339116,13.093648097839255,13.24952447339116,2415481
2019-07-11,13.041688919067383,13.249524692715477,13.041688919067383,13.249524692715477,2538737
2019-07-12,12.833852767944336,13.093647929467132,12.833852767944336,13.041688535479473,3475321
2019-07-15,12.833852767944336,12.989730045699563,12.781894278164426,12.833852767944336,2199440
2019-07-16,12.885812759399414,12.937771251588448,12.781894870813558,12.833853363002591,1512577
2019-07-17,12.937769889831543,13.093647158407457,12.833852012183499,12.937769889831543,4061387
2019-07-18,12.989729881286621,13.14560625286115,12.885811998834356,12.937770487956621,4451981
2019-07-19,13.509318351745605,13.509318351745605,12.989729845137964,13.041688334115634,10600140
2019-07-22,13.457359313964844,13.821071434599235,13.353441436039631,13.66519416560757,10336608
2019-07-23,13.197565078735352,13.45736024359887,13.145606588287304,13.45736024359887,4799262
2019-07-24,13.14560604095459,13.3014824100164,13.14560604095459,13.249523921731704,1716203
2019-07-25,13.24952507019043,13.353442959975066,13.145607180405793,13.301483562978849,2297556
2019-07-26,13.14560604095459,13.249523921731704,13.093647552669895,13.197564529239287,2319366
2019-07-29,13.14560604095459,13.249523921731704,13.14560604095459,13.14560604095459,2211551
2019-07-30,12.989729881286621,13.353442017765678,12.885811998834356,13.197564741983413,4110703
2019-07-31,13.041688919067383,13.093648314583293,12.937771032243335,13.041688919067383,1664491
2019-08-01,12.885812759399414,13.041689140174304,12.885812759399414,12.937771251588448,1382825
2019-08-02,12.574057579040527,12.88581213387211,12.470139695499247,12.88581213387211,4209106
2019-08-05,12.574057579040527,12.78189425033083,12.41818120583248,12.52209908937376,3391523
2019-08-06,12.470139503479004,12.574057385420113,12.054468879922299,12.314263132671206,2266966
2019-08-07,12.626016616821289,12.67797510502266,12.470139343801732,12.522098736210824,787492
2019-08-08,12.574057579040527,12.729935760664063,12.52209908937376,12.677975462581806,880624
2019-08-12,12.729936599731445,12.885812983213759,12.626017805132829,12.885812983213759,1209436
2019-08-13,12.522099494934082,12.677975873190585,12.470140099376732,12.677975873190585,1603545
2019-08-14,12.626016616821289,12.989729651061776,12.574057224412197,12.989729651061776,4075028
2019-08-15,12.418181419372559,12.574057795261018,12.314263534044333,12.470139909932792,2528771
2019-08-16,12.574057579040527,12.677975462581806,12.52209908937376,12.574057579040527,2262571
2019-08-19,12.781893730163574,12.885811609475848,12.72993524261129,12.833852217715856,2835238
2019-08-20,12.67797565460205,12.885812329040242,12.626017164148323,12.885812329040242,2122781
2019-08-21,12.626016616821289,12.781893889840847,12.626016616821289,12.626016616821289,1444841
2019-08-22,12.626016616821289,12.781893889840847,12.626016616821289,12.729935401639473,1356840
2019-08-23,12.833852767944336,12.989730045699563,12.67797549018911,12.67797549018911,8437233
2019-08-26,12.522099494934082,12.677975873190585,12.470140099376732,12.574057986283657,2567882
2019-08-27,12.574057579040527,12.78189425033083,12.574057579040527,12.729935760664063,2784941
2019-08-28,12.522099494934082,12.677975873190585,12.522099494934082,12.574057986283657,2118704
2019-08-29,12.626016616821289,12.67797510502266,12.574057224412197,12.574057224412197,1893658
2019-08-30,12.574057579040527,12.729935760664063,12.574057579040527,12.729935760664063,2042214
2019-09-02,12.67797565460205,12.781894443925026,12.574057769486835,12.626017164148323,2246706
2019-09-03,12.781893730163574,12.833852217715856,12.677974946643591,12.72993524261129,2699456
2019-09-04,13.197565078735352,13.353442358495014,12.833852932975738,12.885812327631545,14676716
2019-09-05,13.14560604095459,13.3014824100164,13.041688160177477,13.249523921731704,6317785
2019-09-06,12.833852767944336,13.197564909026951,12.833852767944336,13.145606419247041,4811487
2019-09-10,12.885812759399414,13.14560702876016,12.885812759399414,12.98973064798527,4107766
2019-09-11,12.937769889831543,12.989729280759413,12.885811403111369,12.937769889831543,2147099
2019-09-12,12.937769889831543,13.249523522775677,12.937769889831543,12.989729280759413,3078944
2019-09-16,12.833852767944336,13.041688535479473,12.729935788384516,12.937770651711904,5107116
2019-09-17,12.833852767944336,12.937770651711904,12.833852767944336,12.885812161931995,2009624
2019-09-18,12.886236190795898,12.991002383156307,12.886236190795898,12.938618831181588,1950136
2019-09-19,13.095768928527832,13.095768928527832,12.938619179956559,12.938619179956559,2435712
2019-09-20,12.991002082824707,13.20053446270146,12.991002082824707,13.095768272763083,3526148
2019-09-23,12.991002082824707,13.095768272763083,12.991002082824707,12.991002082824707,1304572
2019-09-24,13.095768928527832,13.20053512371233,13.043385375141057,13.095768928527832,3098086
2019-09-25,12.991002082824707,13.148150911937767,12.938618532061014,13.148150911937767,2003596
2019-09-26,13.04338550567627,13.095769059587287,12.938619309443295,13.04338550567627,1984929
2019-09-27,12.938618659973145,13.148151041921352,12.886236020280602,13.095768402228808,2350473
2019-10-01,12.676703453063965,13.095769152560058,12.676703453063965,13.043385598277144,3727342
2019-10-02,12.676703453063965,12.78146965004072,12.62432081037012,12.78146965004072,1914294
2019-10-03,12.414788246154785,12.624320637234678,12.310022050614839,12.571937083670177,4525766
2019-10-04,12.414788246154785,12.571937083670177,12.414788246154785,12.519554441694732,1591272
2019-10-07,12.414788246154785,12.571937083670177,12.36240560417934,12.46717088813023,1351257
2019-10-08,12.414788246154785,12.519554441694732,12.310022050614839,12.519554441694732,1303250
2019-10-09,12.467170715332031,12.624320462258343,12.362405432833215,12.362405432833215,3203407
2019-10-14,12.467170715332031,12.624320462258343,12.467170715332031,12.624320462258343,1460528
2019-10-15,12.362405776977539,12.519554616689513,12.362405776977539,12.519554616689513,1581047
2019-10-16,12.414788246154785,12.624320637234678,12.36240560417934,12.36240560417934,1625436
2019-10-17,12.467170715332031,12.676703103507752,12.414788074082624,12.414788074082624,3996625
2019-10-18,12.467170715332031,12.571936909419891,12.414788074082624,12.467170715332031,920899
2019-10-21,12.519554138183594,12.624320331183696,12.467170585889026,12.519554138183594,1324128
2019-10-22,12.519554138183594,12.676702971889231,12.519554138183594,12.571936778889128,4594865
2019-10-23,12.414788246154785,12.624320637234678,12.414788246154785,12.571937083670177,1251818
2019-10-24,12.519554138183594,12.571936778889128,12.414787945183491,12.519554138183594,861561
2019-10-25,12.414788246154785,12.571937083670177,12.414788246154785,12.571937083670177,1250497
2019-10-28,12.31002140045166,12.519553780464939,12.31002140045166,12.519553780464939,1806523
2019-10-29,12.048107147216797,12.41478837975817,11.995723593088563,12.310022183090767,4352530
2019-10-30,12.100489616394043,12.205255811560475,12.048106974605354,12.152873169771786,1385535
2019-10-31,11.995723724365234,12.20525611999308,11.995723724365234,12.152873476880657,2010188
2019-11-01,11.943340301513672,12.048106492487776,11.838574110539568,12.048106492487776,2388766
2019-11-04,12.048107147216797,12.205255986423365,11.943340950549395,11.995723593088563,2365277
2019-11-05,12.048107147216797,12.152873343884199,11.995723593088563,12.152873343884199,1314838
2019-11-06,11.995723724365234,12.100489922179158,11.995723724365234,12.048107279066734,769268
2019-11-07,11.995723724365234,12.048107279066734,11.943341081252811,11.995723724365234,740693
2019-11-08,11.995723724365234,12.100489922179158,11.995723724365234,12.048107279066734,1020085
2019-11-11,11.786191940307617,11.995723419012739,11.733808386939545,11.995723419012739,2441176
2019-11-12,11.733808517456055,11.89095826771921,11.733808517456055,11.83857471376847,1575793
2019-11-13,11.733808517456055,11.83857471376847,11.68142587509438,11.733808517456055,954693
2019-11-14,11.681426048278809,11.838574889282729,11.681426048278809,11.786192246144447,1313297
2019-11-15,11.419510841369629,11.733808518752538,11.419510841369629,11.681425876385074,3874269
2019-11-18,11.367127418518066,11.471893616050398,11.314744775546439,11.367127418518066,2134570
2019-11-19,11.314743995666504,11.52427546469993,11.314743995666504,11.367126635027608,1921381
2019-11-20,11.157593727111816,11.314744385374826,11.105211085946523,11.314744385374826,2580100
2019-11-21,11.471893310546875,11.524275952123523,11.105211173154148,11.157593814730793,2632681
2019-11-22,11.471893310546875,11.524275952123523,11.367127115804532,11.524275952123523,1200528
2019-11-25,11.62904167175293,11.62904167175293,11.419510202417852,11.524275481290886,1820396
2019-11-26,11.62904167175293,11.733807862214976,11.62904167175293,11.62904167175293,1250968
2019-11-27,11.681426048278809,11.786192246144447,11.62904249355145,11.62904249355145,1268014
2019-11-28,11.733808517456055,11.83857471376847,11.68142587509438,11.733808517456055,1126057
2019-11-29,11.681426048278809,11.786192246144447,11.576659850413169,11.733808691417089,1580798
2019-12-02,11.367127418518066,11.681426011115061,11.367127418518066,11.629042456554359,1734202
2019-12-03,11.524275779724121,11.524275779724121,11.41951049813808,11.41951049813808,891403
2019-12-04,11.524275779724121,11.524275779724121,11.41951049813808,11.471893138931101,635566
2019-12-05,11.524275779724121,11.629041972899197,11.41951049813808,11.576659332106177,834317
2019-12-06,11.471893310546875,11.524275952123523,11.41951066897023,11.524275952123523,1905146
2019-12-09,11.471893310546875,11.524275952123523,11.41951066897023,11.471893310546875,684850
2019-12-10,11.681426048278809,11.786192246144447,11.41951100940925,11.524276295685812,4892312
2019-12-11,11.62904167175293,11.89095760370255,11.62904167175293,11.733807862214976,2344039
2019-12-12,11.576659202575684,11.681425394578538,11.524275650779744,11.681425394578538,1083008
2019-12-13,11.524275779724121,11.681425525281252,11.471893138931101,11.629041972899197,1213968
2019-12-16,11.524275779724121,11.629041972899197,11.471893138931101,11.629041972899197,7063
2019-12-17,11.681426048278809,11.838574889282729,11.576659850413169,11.576659850413169,3288917
2019-12-18,11.733808517456055,11.83857471376847,11.62904232114364,11.733808517456055,1877346
2019-12-19,11.681426048278809,11.786192246144447,11.62904249355145,11.733808691417089,912954
2019-12-20,11.733808517456055,11.786192071406795,11.68142587509438,11.733808517456055,1226961
2019-12-23,11.524275779724121,11.786191718456328,11.524275779724121,11.733808166074272,1409384
2019-12-24,11.62904167175293,11.733807862214976,11.576659032316414,11.576659032316414,1472736
2019-12-25,11.576659202575684,11.73380803478545,11.576659202575684,11.629041842782597,1869901
2019-12-26,11.62904167175293,11.733807862214976,11.576659032316414,11.62904167175293,2724883
2019-12-27,11.786191940307617,11.995723419012739,11.629042191792458,11.681425745160528,9181522
2019-12-30,11.786191940307617,11.890958135454705,11.733808386939545,11.838574582086634,1687260
2019-12-31,11.62904167175293,11.733807862214976,11.576659032316414,11.733807862214976,1805853
2020-01-02,11.890957832336426,12.100489305700279,11.83857428030369,11.83857428030369,4637326
2020-01-03,11.681426048278809,11.943341087148367,11.62904249355145,11.890958444010085,2589533
2020-01-06,11.733808517456055,11.83857471376847,11.62904232114364,11.786192071406795,3049089
2020-01-07,11.681426048278809,11.943341087148367,11.62904249355145,11.733808691417089,3173504
2020-01-08,11.62904167175293,11.733807862214976,11.576659032316414,11.62904167175293,2078639
2020-01-09,11.681426048278809,11.786192246144447,11.62904249355145,11.733808691417089,762172
2020-01-10,11.733808517456055,11.943340910080884,11.68142587509438,11.733808517456055,6849339
2020-01-13,11.681426048278809,11.838574889282729,11.62904249355145,11.733808691417089,2130822
2020-01-14,11.62904167175293,11.733807862214976,11.62904167175293,11.733807862214976,1535647
2020-01-15,11.576659202575684,11.73380803478545,11.576659202575684,11.629041842782597,1725693
2020-01-16,11.838574409484863,11.9433406031045,11.576659381230288,11.629042022245587,16270977
2020-01-17,11.733808517456055,11.83857471376847,11.68142587509438,11.786192071406795,1727423
2020-01-20,11.681426048278809,11.838574889282729,11.681426048278809,11.786192246144447,2247976
2020-01-30,10.528997421264648,10.633763614647776,10.528997421264648,10.528997421264648,5527713
2020-01-31,10.099455833435059,10.267082473422503,9.502289346938708,10.151839386328396,7052270
2020-02-03,9.502289772033691,9.827065262052233,9.229896925662835,9.554672415681377,6796691
2020-02-04,9.711821556091309,11.629041871775515,9.711821556091309,11.629041871775515,3192261
2020-02-05,9.816587448120117,9.827064340502801,9.565149323647722,9.722298151442969,4085683
2020-02-06,9.963260650634766,10.00516731007183,9.753728265038484,9.848016653491067,5302481
2020-02-07,9.931831359863281,9.931831359863281,9.753728732413295,9.910877573346179,3568966
2020-02-10,9.879446983337402,9.963260299255644,9.70134437070289,9.806110559806191,2694295
2020-02-11,10.141362190246582,10.151839082829843,9.837540509633198,9.858494294799717,3123045
2020-02-12,10.204221725463867,10.340418594317846,10.047072894615457,10.05754978720169,3650750
2020-02-13,10.120409965515137,10.214699270042559,10.026119749398637,10.214699270042559,1854809
2020-02-14,9.973736763000488,10.109933635859786,9.973736763000488,10.109933635859786,1339927
2020-02-17,10.005167007446289,10.036596773176175,9.879447032937742,9.921352779518253,1174728
2020-02-18,10.214698791503906,10.267082343735568,10.005167317344354,10.047073065222843,1665173
2020-02-19,10.151839256286621,10.235652575206721,10.13088547076208,10.193745915746671,653485
2020-02-20,10.130885124206543,10.214698440259573,10.057549612146396,10.172791782233059,757684
2020-02-21,9.973736763000488,10.141362491364719,9.963260781695192,10.109933635859786,1086785
2020-02-24,9.952783584594727,9.952783584594727,9.77468096877985,9.900400944902184,2071429
2020-02-25,9.879446983337402,9.889923875724433,9.816587452193222,9.848016306176312,1587902
2020-02-26,9.931831359863281,10.026119752833933,9.827065162045,9.848017125383949,1300080
2020-02-27,9.638484954833984,9.952783525902866,9.628008062321651,9.931830652467212,2562196
2020-03-02,9.722298622131348,9.827064816263254,9.387047165544864,9.481335555197822,3023743
2020-03-03,9.74325180053711,9.848017086351074,9.74325180053711,9.848017086351074,818667
2020-03-04,9.816587448120117,9.837540321296483,9.680391493501237,9.795633663354751,940988
2020-03-05,9.86897087097168,9.963261086729439,9.827065121289424,9.827065121289424,1338370
2020-03-06,9.764204025268555,9.8480164306572,9.711821385849278,9.795633791237924,1090742
2020-03-09,9.533719062805176,9.690867897462585,9.397523102239074,9.690867897462585,3199477
2020-03-10,9.481335639953613,9.586101835022047,9.376569444885178,9.470859658559107,1848366
2020-03-11,9.439430236816406,9.544196435720792,9.376569788202506,9.439430236816406,1873601
2020-03-12,8.863215446472168,9.324186891457064,8.548917769879127,9.324186891457064,4391103
2020-03-13,8.433674812316895,8.433674812316895,7.98318025338622,8.087946451081471,4655170
2020-03-16,8.318431854248047,8.569870915050773,8.119376348924222,8.486058502509257,2167794
2020-03-17,7.941273212432861,8.171758471710618,7.752694612548071,7.752694612548071,3048025
2020-03-18,7.930797100067139,8.066992145560219,7.815554016540358,7.878413548795323,2284589
2020-03-19,7.186956882476807,7.909843327760155,7.145050679503654,7.658404286743202,5150981
2020-03-20,7.888889789581299,7.899367594087545,7.260293534741227,7.260293534741227,2486303
2020-03-23,7.689835071563721,7.742217712060772,7.4488724639869,7.490779579132475,1716743
2020-03-24,8.046040534973145,8.066992497854438,7.773647697324246,7.773647697324246,1237045
2020-03-25,8.507010459899902,8.590823774987632,8.224141660965055,8.224141660965055,2033462
2020-03-26,8.527963638305664,8.527963638305664,8.381291699032582,8.423197446488306,1660477
2020-03-27,8.538440704345703,8.737496199363997,8.44415140327215,8.737496199363997,1743978
2020-03-30,8.527963638305664,8.527963638305664,8.203189081784169,8.412721465418887,1121588
2020-03-31,9.0413179397583,9.303232970315529,8.821309569335163,9.06227172561987,4797317
2020-04-01,9.14608383178711,9.25085002286261,8.894644790888107,9.04131764071161,3077404
2020-04-06,9.208944320678711,9.334663385947696,9.009887918550788,9.334663385947696,2762527
2020-04-07,9.250850677490234,9.345140894242853,9.208944927365827,9.27180446414152,2796123
2020-04-08,9.449905395507812,9.533718711966817,9.240373927538316,9.271803693313192,3074904
2020-04-09,9.565149307250977,9.638484819037044,9.43942933364129,9.481335079922186,2437389
2020-04-10,9.806111335754395,9.806111335754395,9.596578940967694,9.617532727399807,2438613
2020-04-13,9.806111335754395,9.848017085440476,9.669915370301947,9.848017085440476,2474590
2020-04-14,9.921353340148926,9.921353340148926,9.795634270125316,9.795634270125316,2186958
2020-04-15,10.130885124206543,10.214698440259573,10.005166973305004,10.005166973305004,3060526
2020-04-16,9.952783584594727,10.10993332685039,9.931830711035513,10.10993332685039,1834234
2020-04-17,9.774681091308594,10.109933453581629,9.764204198603148,10.078502775465289,2574300
2020-04-20,9.74325180053711,9.868970872785125,9.732774907320083,9.774681568599114,1949989
2020-04-21,9.5756254196167,9.85849422463948,9.544195653679614,9.743251141810825,1833047
2020-04-22,9.533719062805176,9.638485256439795,9.43942976201073,9.533719062805176,1150166
2020-04-23,9.74325180053711,9.764204675382087,9.607055835072067,9.638485603134072,1508736
2020-04-24,9.753727912902832,9.952783398556155,9.62800793913047,9.753727912902832,6557958
2020-04-27,10.088979721069336,10.099455702240682,9.743251375867157,9.848016657114815,4881432
2020-04-28,10.026119232177734,10.151839209984482,9.963260610657905,10.109933462304594,3194811
2020-04-29,10.790912628173828,11.000445018420589,10.633763791283284,11.000445018420589,26909373
2020-04-30,10.790912628173828,10.895678823297208,10.633763791283284,10.895678823297208,8748221
2020-05-04,10.476614952087402,10.633763788943366,10.455661166113906,10.455661166113906,5213978
2020-05-05,10.528997421264648,10.79091244892795,10.455660994737555,10.581380973750731,12162549
2020-05-06,10.528997421264648,10.581380973750731,10.455660994737555,10.581380973750731,5092808
2020-05-07,10.476614952087402,10.581381147187729,10.476614952087402,10.476614952087402,1412982
2020-05-08,10.476614952087402,10.633763788943366,10.455661166113906,10.52899759384304,2146934
2020-05-11,10.528997421264648,10.581380973750731,10.476614780367603,10.581380973750731,1766899
2020-05-12,10.476614952087402,10.581381147187729,10.466138059100654,10.52899759384304,1523965
2020-05-13,10.466137886047363,10.528997419750391,10.455660993233845,10.476614778860881,2691046
2020-05-14,10.16231632232666,10.466138013311683,10.130885643503923,10.466138013311683,2527446
2020-05-15,10.172792434692383,10.424231487389187,10.162316453205602,10.246128863045161,2670623
2020-05-18,10.120409965515137,10.288035699649136,10.088980197339328,10.246129038218367,1474557
2020-05-19,9.963260650634766,10.246128550759618,9.963260650634766,10.235652569592126,2079295
2020-05-20,9.848016738891602,9.973736718293015,9.827064776374927,9.9527838441873,1889464
2020-05-21,9.889924049377441,10.01564311387325,9.827064517129536,9.827064517129536,2126060
2020-05-22,9.837540626525879,9.921353033420791,9.827064645407157,9.91087705230207,1760590
2020-05-25,9.848016738891602,9.889924310281113,9.743251456773985,9.827064776374927,962811
2020-05-26,9.879446983337402,9.994689153238733,9.858494110152343,9.921352729707522,1970365
2020-05-27,10.267082214355469,10.329941746970116,9.78515791552447,9.900400999710673,5436726
2020-05-28,10.057550430297852,10.267082825886252,10.047073537041708,10.267082825886252,2588338
2020-05-29,10.047073364257812,10.078503131896653,9.994689810467037,10.05755025733378,1006355
2020-06-01,10.026119232177734,10.162316102698968,10.00516726992682,10.09945565800108,1174701
2020-06-02,10.026119232177734,10.120409443430052,10.00516726992682,10.078502784161136,1671855
2020-06-03,10.193745613098145,10.256605144627427,10.057549657588364,10.057549657588364,2363425
2020-06-04,10.267082214355469,10.308987961705885,10.225175555416028,10.267082214355469,2132651
2020-06-05,10.528997421264648,10.581380973750731,10.308988141683368,10.329941927313417,4335683
2020-06-08,10.528997421264648,10.633763614647776,10.476614780367603,10.633763614647776,2890463
2020-06-09,10.455660820007324,10.581380796919527,10.455660820007324,10.581380796919527,2276583
2020-06-10,10.466137886047363,10.528997419750391,10.455660993233845,10.455660993233845,1599485
2020-06-11,10.16231632232666,10.476614906252596,10.16231632232666,10.476614906252596,2471684
2020-06-12,10.026119232177734,10.047073017606706,9.848016613976615,9.931830844103477,2269631
2020-06-15,9.984213829040527,10.088980025033653,9.973736935964498,10.088980025033653,1091971
2020-06-16,10.16231632232666,10.225175856794037,10.08897989491837,10.08897989491837,1075375
2020-06-17,10.581380844116211,10.633763484371505,10.151839183031072,10.225175608659706,4763874
2020-06-18,10.528997421264648,10.528997421264648,10.371848586984475,10.528997421264648,2367650
2020-06-19,10.528997421264648,10.843296001414032,10.528997421264648,10.581380973750731,8791289
2020-06-22,10.528997421264648,10.686146255544822,10.476614780367603,10.476614780367603,1817873
2020-06-23,10.42423152923584,10.581381279648097,10.382324868353301,10.581381279648097,1717891
2020-06-24,10.445184707641602,10.528997112940374,10.434707815133375,10.434707815133375,1213601
2020-06-29,10.455660820007324,10.466137712647264,10.37184841365488,10.413754161036591,1130276
2020-06-30,10.476614952087402,10.52899759384304,10.44518518471621,10.476614952087402,992048
2020-07-01,10.455660820007324,10.528997245308853,10.445184838956408,10.476614605287203,1324465
2020-07-02,10.581380844116211,10.6861461246268,10.445184885545611,10.476614652016593,4027268
2020-07-03,10.581380844116211,10.790912316726418,10.581380844116211,10.6861461246268,2125991
2020-07-06,10.68614673614502,10.68614673614502,10.581381449639203,10.68614673614502,2664567
2020-07-07,10.528997421264648,10.738529808030904,10.528997421264648,10.686146255544822,2514597
2020-07-08,10.476614952087402,10.581381147187729,10.466138059100654,10.581381147187729,2914673
2020-07-09,10.476614952087402,10.52899759384304,10.466138059100654,10.52899759384304,2642663
2020-07-10,10.267082214355469,10.476614597463643,10.267082214355469,10.476614597463643,3861410
2020-07-13,10.319464683532715,10.392801107565631,10.288034917745609,10.298511810204314,1553324
2020-07-14,10.371849060058594,10.476615258220251,10.288035736893637,10.329942398476115,5575129
2020-07-15,10.308988571166992,10.4347085554178,10.298512589504565,10.392801894000863,1342255
2020-07-16,10.29851245880127,10.42423152986744,10.277558672564197,10.319465333449276,1218993
2020-07-17,10.151839256286621,10.36137164199784,10.141362363524351,10.308988089775518,1818713
2020-07-20,10.193745613098145,10.267082037078643,10.130885169979855,10.204221593960353,858249
2020-07-21,10.267082214355469,10.340418639602232,10.225175555416028,10.225175555416028,998083
2020-07-22,10.308988571166992,10.350895232583929,10.27755880300156,10.298512589504565,779931
2020-07-23,10.29851245880127,10.37184888745289,10.267082691034727,10.35089510121582,1111047
2020-07-24,10.130885124206543,10.298511756312601,10.057549612146396,10.298511756312601,1347839
2020-07-27,9.942306518554688,10.214698428017062,9.921352733772043,10.130885112064485,1550501
2020-07-28,9.837540626525879,10.005167263493762,9.816587752699407,10.005167263493762,1186646
2020-07-29,9.848016738891602,9.984213611140394,9.565149747902803,9.565149747902803,1012132
2020-07-30,9.90040111541748,9.952783756012213,9.858494455988275,9.858494455988275,536973
2020-07-31,9.910877227783203,9.942306994873917,9.868970567799236,9.942306994873917,602623
2020-08-03,9.90040111541748,9.931830882092127,9.868970437153802,9.879447329908361,782505
2020-08-04,9.931831359863281,9.994689984647358,9.910877573346179,9.931831359863281,566127
2020-08-05,10.141362190246582,10.235652400317889,9.98421335944277,9.994689340437011,996700
2020-08-06,10.16231632232666,10.298512284202328,10.141362536444836,10.16231632232666,912647
2020-08-07,10.130885124206543,10.246128205882208,10.08897937776903,10.246128205882208,691720
2020-08-10,10.4137544631958,10.466138016326404,10.151839432309936,10.151839432309936,2692348
2020-08-11,10.42423152923584,10.738530118471289,10.42423152923584,10.47661508323628,5941271
2020-08-12,10.434708595275879,10.581381455000871,10.403278826990391,10.528997900132339,1237566
2020-08-13,10.29851245880127,10.581381280289218,10.267082691034727,10.528997726285604,2358167
2020-08-14,10.581380844116211,10.6861461246268,10.371848459916976,10.39280133370129,6515142
2020-08-17,10.528997421264648,10.581380973750731,10.42423122788152,10.528997421264648,4413103
2020-08-18,10.434708595275879,10.476615256852888,10.39280193369887,10.455661470269844,2459154
2020-08-19,10.38232421875,10.581380617590195,10.350894452951865,10.434707769472896,3208401
2020-08-20,10.057550430297852,10.434708560039157,10.047073537041708,10.413754773526872,4153362
2020-08-21,10.225175857543945,10.288035392015933,10.099455877010922,10.099455877010922,1196054
2020-08-24,10.277558326721191,10.319464986196099,10.214698793303349,10.26708234554424,1216254
2020-08-25,10.455660820007324,10.581380796919527,10.288035095713413,10.319464862044207,2866529
2020-08-26,10.581380844116211,10.6861461246268,10.476614652016593,10.528997292271889,3288302
2020-08-27,10.476614952087402,10.633763788943366,10.44518518471621,10.633763788943366,1939114
2020-08-28,10.466137886047363,10.528997419750391,10.413754333568814,10.476614778860881,992924
2020-08-31,10.528997421264648,10.738529808030904,10.528997421264648,10.581380973750731,4179691
2020-09-01,10.581380844116211,10.6861461246268,10.466137759329923,10.633763484371505,4748619
2020-09-02,10.476614952087402,10.633763788943366,10.476614952087402,10.633763788943366,1350516
2020-09-03,10.528997421264648,10.633763614647776,10.476614780367603,10.528997421264648,1554403
2020-09-04,10.476614952087402,10.581381147187729,10.39280163137152,10.424231398742712,1659772
2020-09-07,10.68614673614502,10.948062687176803,10.528997894797214,10.528997894797214,8857915
2020-09-08,10.633763313293457,10.895678333534248,10.633763313293457,10.790912143120128,4167249
2020-09-09,10.68614673614502,10.738530290987008,10.476615251544306,10.581381449639203,1854885
2020-09-10,10.633763313293457,10.790912143120128,10.633763313293457,10.738529503707575,2444685
2020-09-11,10.476614952087402,10.738529984043693,10.476614952087402,10.738529984043693,1968619
2020-09-14,10.528997421264648,10.686146255544822,10.476614780367603,10.581380973750731,2276700
2020-09-15,10.445184707641602,10.58138066389249,10.424230922625151,10.58138066389249,1731887
2020-09-16,10.42423152923584,10.445185315471642,10.382324868353301,10.445185315471642,1312117
2020-09-17,10.42423152923584,10.528997725647656,10.392801761471201,10.403278654589103,1100903
2020-09-18,10.466137886047363,10.686146254007964,10.403278352344334,10.42423122638233,4692499
2020-09-21,10.445184707641602,10.528997112940374,10.434707815133375,10.466137581069042,1015457
2020-09-22,10.350894927978516,10.445185141289123,10.298512286440666,10.424231355402744,1218798
2020-09-23,10.28803539276123,10.455661121895023,10.25660562552296,10.445185140541632,1489958
2020-09-24,10.057550430297852,10.267082825886252,10.057550430297852,10.267082825886252,2407458
2020-09-25,9.99468994140625,10.214699229349513,9.952784191731501,10.183270372887987,1360365
2020-09-28,10.225175857543945,10.26708251772162,10.08897989565829,10.204222071660583,1196056
2020-09-29,10.214698791503906,10.298512110438955,10.183269936389555,10.225175684268045,691929
2020-09-30,10.214698791503906,10.298512110438955,10.214698791503906,10.25660545097143,634515
2020-10-05,10.528997421264648,10.581380973750731,10.308988141683368,10.308988141683368,3140709
2020-10-06,10.466137886047363,10.58138097222894,10.466137886047363,10.528997419750391,3632147
2020-10-07,10.466137886047363,10.528997419750391,10.434708119195848,10.476614778860881,1634487
2020-10-08,10.455660820007324,10.528997245308853,10.413754161036591,10.476614605287203,1158479
2020-10-12,10.403278350830078,10.528997418217836,10.403278350830078,10.528997418217836,2950520
2020-10-13,10.466137886047363,10.528997419750391,10.403278352344334,10.445185012009366,3580456
2020-10-14,10.466137886047363,10.58138097222894,10.445185012009366,10.476614778860881,4535484
2020-10-15,10.361371994018555,10.466138190433526,10.32994222625297,10.43470842266794,2724076
2020-10-16,10.319464683532715,10.466137531598548,10.267082044417208,10.466137531598548,2381184
2020-10-19,10.445184707641602,10.476614473577268,10.350894498245593,10.361371390753819,2110238
2020-10-20,10.434708595275879,10.476615256852888,10.382325040407348,10.476615256852888,638990
2020-10-21,10.581380844116211,10.738529676471122,10.455660866643253,10.466137759329923,30454627
2020-10-22,10.466137886047363,10.58138097222894,10.434708119195848,10.528997419750391,5034754
2020-10-23,10.434708595275879,10.528997900132339,10.413754808692834,10.466138363561365,5033072
2020-10-26,10.528997421264648,10.633763614647776,10.466137887552579,10.476614780367603,7376468
2020-10-27,10.528997421264648,10.633763614647776,10.476614780367603,10.528997421264648,3352951
2020-10-28,10.466137886047363,10.58138097222894,10.455660993233845,10.58138097222894,4667535
2020-10-29,10.350894927978516,10.455661122643264,10.340418946624375,10.434708248345935,7941851
2020-10-30,10.489213943481445,10.859562873840332,10.489213943481445,10.489213943481445,17303146
2020-11-02,10.7281494140625,10.79982852935791,10.572840690612793,10.620628356933594,3918018
2020-11-03,10.704255104064941,10.871508598327637,10.644521713256836,10.847616195678711,2267736
2020-11-04,10.608681678771973,10.740095138549805,10.596735000610352,10.740095138549805,1777776
2020-11-05,10.7281494140625,10.7281494140625,10.596735000610352,10.644521713256836,1703224
2020-11-06,10.58478832244873,10.7281494140625,10.560894966125488,10.7281494140625,1865282
2020-11-09,10.644521713256836,10.716201782226562,10.608681678771973,10.608681678771973,1701836
2020-11-10,10.871508598327637,10.990976333618164,10.644521713256836,10.704255104064941,4489859
2020-11-11,11.122389793395996,11.277697563171387,10.895402908325195,10.979029655456543,4366537
2020-11-12,10.979029655456543,11.217964172363281,10.931242942810059,11.182124137878418,1733314
2020-11-13,10.883456230163574,11.05070972442627,10.847616195678711,10.931242942810059,1345419
2020-11-16,10.859562873840332,10.979029655456543,10.79982852935791,10.967082977294922,1247973
2020-11-17,10.979029655456543,11.170177459716797,10.823721885681152,10.895402908325195,21019344
2020-11-18,11.09849739074707,11.206016540527344,10.967082977294922,10.979029655456543,3033917
2020-11-19,11.05070972442627,11.134337425231934,11.026817321777344,11.09849739074707,1293670
2020-11-20,11.038763046264648,11.086549758911133,10.919296264648438,11.038763046264648,1917908
2020-11-23,11.038763046264648,11.146284103393555,11.038763046264648,11.122389793395996,1429607
2020-11-24,11.038763046264648,11.110444068908691,11.002923011779785,11.062657356262207,1695349
2020-11-25,11.217964172363281,11.253804206848145,11.05070972442627,11.05070972442627,3175443
2020-11-26,11.277697563171387,11.349377632141113,11.253804206848145,11.337430953979492,2260446
2020-11-27,11.31353759765625,11.349377632141113,11.265750885009766,11.31353759765625,1485971
2020-11-30,11.206016540527344,11.433005332946777,11.194070816040039,11.325484275817871,4362247
2020-12-01,11.170177459716797,11.289644241333008,11.09849739074707,11.206016540527344,2795869
2020-12-02,11.289644241333008,11.349377632141113,11.122389793395996,11.170177459716797,3229924
2020-12-03,11.31353759765625,11.600258827209473,11.301590919494629,11.325484275817871,4256416
2020-12-04,11.695833206176758,11.755565643310547,11.349377632141113,11.36132526397705,8383910
2020-12-07,11.839193344116211,12.185647964477539,11.827245712280273,12.066181182861328,11373251
2020-12-08,11.946714401245117,12.30511474609375,11.93476676940918,11.93476676940918,15330699
2020-12-09,12.066181182861328,12.245381355285645,11.946714401245117,12.066181182861328,6095187
2020-12-10,11.93476676940918,12.185647964477539,11.922820091247559,12.066181182861328,5944913
2020-12-11,11.875033378601074,12.066181182861328,11.707778930664062,11.946714401245117,5600408
2020-12-14,12.066181182861328,12.185647964477539,11.910873413085938,11.946714401245117,5081571
2020-12-15,12.125913619995117,12.364849090576172,12.066181182861328,12.245381355285645,7461923
2020-12-16,12.842717170715332,13.141385078430176,12.245381355285645,12.30511474609375,22616027
2020-12-17,12.364849090576172,12.782983779907227,12.30511474609375,12.782983779907227,10448765
2020-12-18,13.141385078430176,13.499786376953125,12.364849090576172,12.424581527709961,39628540
2020-12-21,14.216588973999023,14.395790100097656,13.201119422912598,13.201119422912598,65047830
2020-12-22,12.902450561523438,14.276323318481445,12.842717170715332,14.276323318481445,51947234
2020-12-23,12.603782653808594,12.902450561523438,12.185647964477539,12.902450561523438,21175287
2020-12-24,12.842717170715332,13.320586204528809,12.424581527709961,12.782983779907227,23819203
2020-12-25,12.842717170715332,13.320586204528809,12.782983779907227,12.902450561523438,23170038
2020-12-28,14.097122192382812,14.097122192382812,12.962183952331543,13.021918296813965,59347304
2020-12-29,14.336055755615234,15.351527214050293,13.678986549377441,14.574991226196289,98612160
2020-12-30,13.738720893859863,14.336055755615234,13.55951976776123,14.336055755615234,23440177
2020-12-31,13.738720893859863,14.216588973999023,13.55951976776123,13.858187675476074,24159880
2021-01-04,13.858187675476074,14.395790100097656,13.798454284667969,14.037388801574707,34034510
2021-01-05,13.380318641662598,13.858187675476074,13.320586204528809,13.798454284667969,16735036
2021-01-06,12.6635160446167,13.678986549377441,12.544049263000488,13.619254112243652,17647054
2021-01-07,12.544049263000488,12.962183952331543,12.185647964477539,12.962183952331543,16508396
2021-01-08,12.603782653808594,12.902450561523438,12.484315872192383,12.484315872192383,8155665
2021-01-11,12.782983779907227,13.141385078430176,12.6635160446167,12.6635160446167,10587173
2021-01-12,12.066181182861328,12.902450561523438,11.946714401245117,12.842717170715332,15677870
2021-01-13,12.125913619995117,12.364849090576172,12.066181182861328,12.245381355285645,6995670
2021-01-14,12.245381355285645,12.6635160446167,12.125913619995117,12.245381355285645,11032503
2021-01-15,11.827245712280273,12.30511474609375,11.731673240661621,12.30511474609375,16836124
2021-01-18,11.839193344116211,12.006446838378906,11.122389793395996,11.827245712280273,8934843
2021-01-19,11.731673240661621,12.424581527709961,11.707778930664062,12.006446838378906,9756753
2021-01-20,11.134337425231934,11.779459953308105,11.134337425231934,11.743618965148926,7987170
2021-01-21,11.122389793395996,11.636098861694336,11.086549758911133,11.217964172363281,7051272
2021-01-22,11.15822982788086,11.277697563171387,10.967082977294922,11.122389793395996,6092879
2021-01-25,11.229910850524902,11.397165298461914,11.170177459716797,11.277697563171387,4488988
2021-01-26,11.038763046264648,11.289644241333008,11.038763046264648,11.277697563171387,3197629
2021-01-27,10.990976333618164,11.170177459716797,10.9551362991333,11.05070972442627,2800955
2021-01-28,10.967082977294922,11.086549758911133,10.847616195678711,10.871508598327637,3304367
2021-01-29,10.763989448547363,11.05070972442627,10.752041816711426,11.002923011779785,4213339
2021-02-01,10.79982852935791,10.919296264648438,10.572840690612793,10.763989448547363,3983607
2021-02-02,11.086549758911133,11.253804206848145,10.704255104064941,10.811776161193848,6029385
2021-02-03,11.09849739074707,11.301590919494629,11.086549758911133,11.122389793395996,3971777
2021-02-04,11.170177459716797,11.229910850524902,11.062657356262207,11.217964172363281,2517289
2021-02-05,11.062657356262207,11.206016540527344,11.05070972442627,11.15822982788086,2683209
2021-02-17,11.36132526397705,11.397165298461914,11.110444068908691,11.229910850524902,3773034
2021-02-18,11.815299987792969,11.898926734924316,11.46884536743164,11.46884536743164,9284390
2021-02-19,11.767513275146484,11.815299987792969,11.552472114562988,11.815299987792969,3388617
2021-02-22,12.006446838378906,12.066181182861328,11.851140022277832,11.851140022277832,6036323
2021-02-23,12.006446838378906,12.185647964477539,11.946714401245117,12.006446838378906,3664874
2021-02-24,11.910873413085938,12.185647964477539,11.851140022277832,12.066181182861328,4161941
2021-02-25,12.006446838378906,12.125913619995117,11.898926734924316,11.946714401245117,4893076
2021-02-26,12.066181182861328,12.125913619995117,11.886980056762695,12.006446838378906,4257672
2021-03-02,11.946714401245117,12.364849090576172,11.946714401245117,12.125913619995117,5416040
2021-03-03,12.066181182861328,12.185647964477539,11.851140022277832,12.006446838378906,4320689
2021-03-04,12.066181182861328,12.125913619995117,11.93476676940918,12.006446838378906,3523967
2021-03-05,12.006446838378906,12.185647964477539,11.946714401245117,12.066181182861328,2573463
2021-03-08,12.006446838378906,12.245381355285645,12.006446838378906,12.125913619995117,3025719
2021-03-09,12.424581527709961,12.484315872192383,12.006446838378906,12.125913619995117,8472107
2021-03-10,12.424581527709961,12.6635160446167,12.364849090576172,12.603782653808594,6021723
2021-03-11,12.245381355285645,12.603782653808594,12.245381355285645,12.603782653808594,3879643
2021-03-12,12.30511474609375,12.424581527709961,12.185647964477539,12.364849090576172,3202722
2021-03-15,12.723250389099121,12.842717170715332,12.484315872192383,12.484315872192383,10378816
2021-03-16,12.544049263000488,12.902450561523438,12.544049263000488,12.782983779907227,6899299
2021-03-17,12.484315872192383,12.6635160446167,12.364849090576172,12.6635160446167,3651379
2021-03-18,12.544049263000488,12.782983779907227,12.364849090576172,12.603782653808594,5983996
2021-03-19,13.499786376953125,13.619254112243652,12.484315872192383,12.603782653808594,44572144
2021-03-22,14.097122192382812,14.515256881713867,13.619254112243652,13.798454284667969,56182960
2021-03-23,13.320586204528809,14.037388801574707,13.021918296813965,14.037388801574707,27092657
2021-03-24,13.021918296813965,13.201119422912598,12.842717170715332,13.141385078430176,8933294
2021-03-25,12.842717170715332,13.141385078430176,12.782983779907227,13.141385078430176,5983229
2021-03-26,12.902450561523438,13.081650733947754,12.842717170715332,12.902450561523438,4223871
2021-03-29,12.902450561523438,13.320586204528809,12.902450561523438,13.081650733947754,6947179
2021-03-30,12.902450561523438,13.141385078430176,12.842717170715332,13.081650733947754,3838228
2021-03-31,12.902450561523438,13.141385078430176,12.902450561523438,12.902450561523438,6918807
2021-04-01,12.842717170715332,13.081650733947754,12.842717170715332,13.081650733947754,5010418
2021-04-07,12.603782653808594,12.842717170715332,12.544049263000488,12.782983779907227,6336466
2021-04-08,12.544049263000488,12.6635160446167,12.544049263000488,12.603782653808594,7058345
2021-04-09,12.424581527709961,12.603782653808594,12.30511474609375,12.544049263000488,7066934
2021-04-12,13.141385078430176,13.260851860046387,12.544049263000488,12.544049263000488,18194873
2021-04-13,13.320586204528809,13.858187675476074,13.141385078430176,13.44005298614502,26768914
2021-04-14,13.738720893859863,14.037388801574707,13.141385078430176,13.678986549377441,41234712
2021-04-15,13.678986549377441,13.91792106628418,13.55951976776123,13.619254112243652,12310068
2021-04-16,13.858187675476074,14.037388801574707,13.499786376953125,13.619254112243652,28410476
2021-04-19,15.232060432434082,15.232060432434082,14.216588973999023,14.276323318481445,108739244
2021-04-20,16.725399017333984,16.725399017333984,15.889128684997559,16.725399017333984,120558695
2021-04-21,18.397939682006836,18.397939682006836,16.665666580200195,17.26300048828125,163676697
2021-04-22,18.875808715820312,20.189945220947266,18.03953742980957,19.114742279052734,224609329
2021-04-23,17.97980308532715,19.59261131286621,17.442201614379883,19.114742279052734,94695444
2021-04-26,19.77181053161621,19.77181053161621,17.92007064819336,18.03953742980957,85608363
2021-04-27,18.9355411529541,19.951011657714844,18.7563419342041,19.951011657714844,50717057
2021-04-28,18.517406463623047,19.413410186767578,18.517406463623047,18.995275497436523,19318756
2021-04-29,18.7563419342041,18.81607437133789,17.92007064819336,18.81607437133789,15778973
2021-05-03,18.7563419342041,19.47314453125,18.7563419342041,19.293943405151367,24350874
2021-05-04,16.904600143432617,19.114742279052734,16.904600143432617,19.114742279052734,20955497
2021-05-05,17.621402740478516,18.099271774291992,16.36699867248535,16.725399017333984,12937087
2021-05-06,17.442201614379883,18.278472900390625,17.322734832763672,18.278472900390625,8562622
2021-05-07,18.15900421142578,18.338205337524414,17.08380126953125,17.97980308532715,15371792
2021-05-10,19.293943405151367,19.53287696838379,18.338205337524414,18.517406463623047,25007316
2021-05-11,17.80060386657715,19.47314453125,17.382469177246094,18.9355411529541,22444956
2021-05-12,16.068330764770508,18.875808715820312,16.068330764770508,18.278472900390625,42579590
2021-05-13,14.6944580078125,16.068330764770508,14.515256881713867,14.634723663330078,34858186
2021-05-14,14.515256881713867,15.530728340148926,13.55951976776123,15.05285930633545,30629714
2021-05-17,13.081650733947754,13.798454284667969,13.081650733947754,13.141385078430176,20292933
2021-05-18,13.977655410766602,14.336055755615234,12.782983779907227,13.44005298614502,46013792
2021-05-19,14.455524444580078,14.754191398620605,13.55951976776123,13.738720893859863,41329763
2021-05-20,13.798454284667969,14.754191398620605,13.738720893859863,14.037388801574707,23114406
2021-05-21,14.455524444580078,14.6944580078125,13.858187675476074,14.097122192382812,30901268
2021-05-24,14.754191398620605,15.530728340148926,14.037388801574707,14.455524444580078,46241013
2021-05-25,14.515256881713867,15.291793823242188,14.156855583190918,14.993125915527344,27198472
2021-05-26,14.933391571044922,15.351527214050293,14.336055755615234,14.754191398620605,18476869
2021-05-27,14.993125915527344,15.470993995666504,14.813924789428711,15.232060432434082,19914778
2021-05-28,15.411260604858398,15.650195121765137,15.05285930633545,15.232060432434082,19334644
2021-05-31,14.993125915527344,15.889128684997559,14.933391571044922,15.769661903381348,23096576
2021-06-01,16.486465454101562,16.486465454101562,14.873659133911133,15.17232608795166,26056667
2021-06-02,17.20326805114746,17.80060386657715,16.844865798950195,17.80060386657715,73997013
2021-06-03,17.20326805114746,17.681135177612305,16.96433448791504,17.08380126953125,30193542
2021-06-04,16.486465454101562,17.20326805114746,16.36699867248535,17.08380126953125,17703463
2021-06-07,16.18779754638672,16.605932235717773,15.411260604858398,16.605932235717773,20972342
2021-06-08,16.546199798583984,17.322734832763672,16.36699867248535,16.546199798583984,25757906
2021-06-09,16.30726432800293,16.844865798950195,16.128063201904297,16.546199798583984,14816326
2021-06-10,16.30726432800293,16.605932235717773,15.709929466247559,16.486465454101562,11244912
2021-06-11,16.36699867248535,17.024066925048828,16.30726432800293,16.42673110961914,23229443
2021-06-15,17.561668395996094,17.561668395996094,16.665666580200195,16.725399017333984,52844275
2021-06-16,16.904600143432617,18.278472900390625,16.725399017333984,17.621402740478516,58150827
2021-06-17,17.26300048828125,17.442201614379883,16.486465454101562,16.725399017333984,32184371
2021-06-18,18.9355411529541,18.9355411529541,17.322734832763672,17.561668395996094,123422006
2021-06-21,20.787282943725586,20.787282943725586,19.353675842285156,19.59261131286621,49217247
2021-06-22,22.81822395324707,22.81822395324707,22.81822395324707,22.81822395324707,74601198
2021-06-23,22.698755264282227,24.669963836669922,20.667814254760742,24.49076271057129,302188536
2021-06-24,24.968631744384766,24.968631744384766,22.400087356567383,24.012895584106445,136826731
2021-06-25,27.417707443237305,27.417707443237305,26.82037353515625,27.417707443237305,58311919
2021-06-28,30.1057186126709,30.1057186126709,26.521705627441406,27.477441787719727,300534274
2021-06-29,30.643320083618164,31.65879249572754,29.50838279724121,31.12118911743164,85104150
2021-06-30,31.00172233581543,31.65879249572754,27.89557647705078,30.643320083618164,63176560
2021-07-01,30.1057186126709,31.65879249572754,29.866785049438477,31.00172233581543,44295088
2021-07-02,28.911048889160156,30.583587646484375,28.6721134185791,30.464120864868164,32189745
2021-07-05,27.357975006103516,28.6721134185791,26.04383659362793,28.6721134185791,40264038
2021-07-06,28.253978729248047,28.6721134185791,26.88010597229004,26.99957275390625,25614580
2021-07-07,27.417707443237305,29.687583923339844,26.88010597229004,28.43317985534668,25668679
2021-07-08,27.71637535095215,28.194244384765625,26.28277015686035,28.194244384765625,22622598
2021-07-09,27.119041442871094,28.134511947631836,26.93984031677246,27.119041442871094,15395650
2021-07-12,26.223037719726562,27.89557647705078,25.625701904296875,27.357975006103516,28770338
2021-07-13,23.65449333190918,26.88010597229004,23.65449333190918,26.521705627441406,68218728
2021-07-14,22.04168701171875,23.833694458007812,21.444351196289062,23.296091079711914,84817018
2021-07-15,24.192096710205078,24.192096710205078,22.93769073486328,23.296091079711914,32589737
2021-07-16,24.729698181152344,26.521705627441406,24.49076271057129,26.28277015686035,136371948
2021-07-19,24.012895584106445,25.26729965209961,23.833694458007812,24.610231399536133,43787956
2021-07-20,23.057157516479492,23.7142276763916,22.75848960876465,23.296091079711914,26430093
2021-07-21,22.16115379333496,24.251829147338867,21.683286666870117,23.77396011352539,47245916
2021-07-22,22.639022827148438,23.176624298095703,21.384618759155273,22.75848960876465,45370666
2021-07-23,22.698755264282227,23.833694458007812,22.698755264282227,23.53502655029297,42282511
2021-07-26,22.101421356201172,22.93769073486328,21.92222023010254,22.81822395324707,22798084
2021-07-27,21.14568328857422,22.340354919433594,20.966482162475586,22.04168701171875,34642194
2021-07-28,20.787282943725586,21.981952667236328,20.42888069152832,21.26515007019043,33401467
2021-07-29,21.623552322387695,22.16115379333496,20.787282943725586,21.26515007019043,51270457
2021-07-30,20.249679565429688,21.683286666870117,20.130212783813477,21.384618759155273,37967100
2021-08-02,20.189945220947266,20.608081817626953,19.293943405151367,20.189945220947266,37065053
2021-08-03,20.3691463470459,20.906749725341797,20.189945220947266,20.54834747314453,24376454
2021-08-04,20.189945220947266,20.54834747314453,20.010746002197266,20.3691463470459,10791685
2021-08-05,19.59261131286621,20.3691463470459,19.47314453125,20.30941390991211,14180715
2021-08-06,19.712078094482422,20.727548599243164,19.59261131286621,19.712078094482422,40284131
2021-08-09,20.070478439331055,20.48861312866211,19.77181053161621,19.831544876098633,15722081
2021-08-10,19.77181053161621,20.54834747314453,19.712078094482422,20.30941390991211,12741008
2021-08-11,19.114742279052734,19.831544876098633,18.517406463623047,19.53287696838379,21954866
2021-08-12,19.831544876098633,19.891277313232422,18.81607437133789,19.353675842285156,16660311
2021-08-13,19.114742279052734,20.189945220947266,19.114742279052734,20.010746002197266,13789722
2021-08-16,18.457672119140625,19.293943405151367,17.92007064819336,19.114742279052734,18124207
2021-08-17,18.457672119140625,18.457672119140625,18.457672119140625,18.457672119140625,0
2021-08-18,19.353675842285156,19.831544876098633,17.92007064819336,18.15900421142578,34424761
2021-08-19,18.517406463623047,19.65234375,18.517406463623047,19.293943405151367,23550453
2021-08-20,18.875808715820312,19.293943405151367,18.517406463623047,18.636873245239258,15520435
2021-08-23,20.727548599243164,20.727548599243164,19.47314453125,19.59261131286621,20796236
2021-08-24,20.787282943725586,22.16115379333496,20.54834747314453,21.683286666870117,96152527
2021-08-25,20.42888069152832,20.906749725341797,20.070478439331055,20.54834747314453,27458353
2021-08-26,20.130212783813477,20.847015380859375,20.070478439331055,20.667814254760742,15633100
2021-08-27,19.712078094482422,20.130212783813477,19.65234375,19.77181053161621,10508236
2021-08-30,19.77181053161621,20.54834747314453,19.712078094482422,19.891277313232422,12367529
2021-08-31,19.353675842285156,20.010746002197266,19.174476623535156,19.77181053161621,9232908
2021-09-01,18.7563419342041,19.47314453125,18.7563419342041,19.353675842285156,12490272
2021-09-02,19.174476623535156,19.59261131286621,18.457672119140625,18.57714080810547,18094338
2021-09-03,18.69660758972168,19.47314453125,18.636873245239258,19.353675842285156,14272857
2021-09-06,17.97980308532715,18.81607437133789,17.92007064819336,18.517406463623047,12776997
2021-09-07,18.338205337524414,19.234209060668945,18.15900421142578,18.278472900390625,19509824
2021-09-08,18.338205337524414,18.57714080810547,18.099271774291992,18.338205337524414,8627326
2021-09-09,18.278472900390625,18.517406463623047,18.15900421142578,18.457672119140625,5152055
2021-09-10,18.457672119140625,18.7563419342041,18.338205337524414,18.397939682006836,7729331
2021-09-13,18.69660758972168,19.055009841918945,18.517406463623047,18.517406463623047,10042918
2021-09-14,18.278472900390625,19.114742279052734,18.218738555908203,19.055009841918945,9929956
2021-09-15,18.57714080810547,18.636873245239258,18.03953742980957,18.338205337524414,7401061
2021-09-16,18.517406463623047,18.7563419342041,18.278472900390625,18.636873245239258,5725303
2021-09-17,18.218738555908203,18.81607437133789,18.218738555908203,18.57714080810547,18016704
2021-09-22,17.501935958862305,18.03953742980957,17.382469177246094,17.97980308532715,8902308
2021-09-23,17.681135177612305,18.099271774291992,17.621402740478516,17.860336303710938,6923673
2021-09-24,18.15900421142578,18.338205337524414,17.860336303710938,18.03953742980957,7488543
2021-09-27,18.397939682006836,18.636873245239258,18.15900421142578,18.15900421142578,6431243
2021-09-28,17.92007064819336,18.278472900390625,17.80060386657715,18.218738555908203,5833529
2021-09-29,17.561668395996094,18.278472900390625,17.501935958862305,17.860336303710938,10972261
2021-09-30,18.397939682006836,18.875808715820312,17.681135177612305,17.92007064819336,18027828
2021-10-01,17.08380126953125,18.278472900390625,16.904600143432617,18.15900421142578,19993135
2021-10-04,16.068330764770508,17.382469177246094,15.769661903381348,17.08380126953125,17523222
2021-10-05,16.546199798583984,16.904600143432617,15.411260604858398,15.889128684997559,11007137
2021-10-06,16.128063201904297,16.785133361816406,16.008596420288086,16.785133361816406,7312057
2021-10-07,16.904600143432617,17.501935958862305,16.486465454101562,16.486465454101562,25710078
2021-10-08,16.546199798583984,17.14353370666504,16.486465454101562,17.14353370666504,9903552
2021-10-12,15.82939624786377,16.665666580200195,15.769661903381348,16.486465454101562,8177620
2021-10-13,15.530728340148926,16.486465454101562,15.530728340148926,16.128063201904297,8373390
2021-10-14,15.82939624786377,16.24753189086914,15.411260604858398,15.769661903381348,9457005
2021-10-15,15.769661903381348,16.128063201904297,15.650195121765137,16.128063201904297,7286212
2021-10-18,15.530728340148926,15.82939624786377,15.112592697143555,15.769661903381348,10973902
2021-10-19,15.650195121765137,16.008596420288086,15.530728340148926,15.590460777282715,7272115
2021-10-20,15.530728340148926,16.008596420288086,15.470993995666504,15.889128684997559,5347272
2021-10-21,15.590460777282715,15.889128684997559,15.470993995666504,15.590460777282715,4925338
2021-10-22,14.993125915527344,15.650195121765137,14.993125915527344,15.650195121765137,7900766
2021-10-25,15.351527214050293,15.530728340148926,14.6944580078125,14.933391571044922,8014664
2021-10-26,15.232060432434082,15.530728340148926,15.112592697143555,15.530728340148926,5419654
2021-10-27,15.112592697143555,15.291793823242188,15.05285930633545,15.291793823242188,3474649
2021-10-28,15.17232608795166,15.470993995666504,15.112592697143555,15.112592697143555,4220739
2021-10-29,15.291793823242188,15.470993995666504,14.933391571044922,15.291793823242188,7653486
2021-11-01,15.351527214050293,15.709929466247559,15.351527214050293,15.470993995666504,6042690
2021-11-02,15.650195121765137,15.82939624786377,15.351527214050293,15.470993995666504,8327786
2021-11-03,15.709929466247559,16.486465454101562,15.590460777282715,15.769661903381348,18332162
2021-11-04,15.530728340148926,16.068330764770508,15.411260604858398,15.82939624786377,8442287
2021-11-05,15.470993995666504,15.650195121765137,15.291793823242188,15.650195121765137,5183542
2021-11-08,16.008596420288086,16.128063201904297,15.590460777282715,15.650195121765137,11156877
2021-11-09,15.94886302947998,16.18779754638672,15.650195121765137,16.068330764770508,9909462
2021-11-10,15.769661903381348,16.24753189086914,15.709929466247559,15.94886302947998,5957274
2021-11-11,15.530728340148926,16.128063201904297,15.411260604858398,15.82939624786377,8753293
2021-11-12,15.590460777282715,15.769661903381348,15.411260604858398,15.590460777282715,5838711
2021-11-15,15.291793823242188,15.769661903381348,15.291793823242188,15.709929466247559,5814338
2021-11-16,15.709929466247559,16.008596420288086,15.351527214050293,15.351527214050293,11565284
2021-11-17,15.470993995666504,15.769661903381348,15.291793823242188,15.709929466247559,7700929
2021-11-18,15.530728340148926,15.709929466247559,15.351527214050293,15.470993995666504,5282475
2021-11-19,15.232060432434082,15.590460777282715,15.17232608795166,15.590460777282715,6613064
2021-11-22,15.530728340148926,15.709929466247559,15.291793823242188,15.291793823242188,6741452
2021-11-23,15.411260604858398,15.769661903381348,15.411260604858398,15.530728340148926,3758857
2021-11-24,15.82939624786377,15.889128684997559,15.470993995666504,15.590460777282715,7010059
2021-11-25,15.94886302947998,16.128063201904297,15.769661903381348,16.008596420288086,6700796
2021-11-26,15.17232608795166,16.008596420288086,15.17232608795166,16.008596420288086,9466067
2021-11-29,15.05285930633545,15.470993995666504,14.993125915527344,14.993125915527344,7820208
2021-11-30,15.769661903381348,16.008596420288086,15.112592697143555,15.351527214050293,12249262
2021-12-01,15.82939624786377,15.889128684997559,15.470993995666504,15.82939624786377,5027056
2021-12-02,16.008596420288086,16.30726432800293,15.709929466247559,15.889128684997559,15048270
2021-12-03,15.82939624786377,16.486465454101562,15.650195121765137,16.128063201904297,10249081
2021-12-06,16.128063201904297,16.486465454101562,15.769661903381348,15.82939624786377,9936685
2021-12-07,16.30726432800293,16.42673110961914,15.82939624786377,16.18779754638672,8056847
2021-12-08,16.128063201904297,17.08380126953125,16.128063201904297,16.42673110961914,17158338
2021-12-09,16.008596420288086,16.42673110961914,15.889128684997559,16.24753189086914,5046817
2021-12-10,15.889128684997559,16.128063201904297,15.769661903381348,16.068330764770508,4168781
2021-12-13,15.94886302947998,16.128063201904297,15.709929466247559,16.068330764770508,4491223
2021-12-14,15.470993995666504,16.128063201904297,15.411260604858398,15.94886302947998,6904048
2021-12-15,15.709929466247559,15.889128684997559,15.411260604858398,15.590460777282715,4074031
2021-12-16,15.590460777282715,15.889128684997559,15.590460777282715,15.82939624786377,2891697
2021-12-17,15.411260604858398,16.068330764770508,15.411260604858398,15.650195121765137,6750674
2021-12-20,15.411260604858398,15.650195121765137,15.291793823242188,15.530728340148926,3763548
2021-12-21,15.650195121765137,15.709929466247559,15.291793823242188,15.470993995666504,4940431
2021-12-22,15.650195121765137,15.889128684997559,15.590460777282715,15.709929466247559,2744026
2021-12-23,15.590460777282715,15.769661903381348,15.530728340148926,15.769661903381348,2121715
2021-12-24,15.470993995666504,15.709929466247559,15.470993995666504,15.590460777282715,3334530
2021-12-27,15.650195121765137,15.650195121765137,15.411260604858398,15.590460777282715,2870480
2021-12-28,15.530728340148926,15.889128684997559,15.530728340148926,15.650195121765137,4890718
2021-12-29,15.769661903381348,15.769661903381348,15.590460777282715,15.590460777282715,3433673
2021-12-30,15.650195121765137,15.889128684997559,15.590460777282715,15.769661903381348,3559041
2022-01-03,15.470993995666504,15.709929466247559,15.411260604858398,15.709929466247559,3861867
2022-01-04,15.470993995666504,15.590460777282715,15.351527214050293,15.470993995666504,3696280
2022-01-05,15.351527214050293,15.590460777282715,15.291793823242188,15.470993995666504,3964035
2022-01-06,15.17232608795166,15.470993995666504,15.112592697143555,15.351527214050293,4853260
2022-01-07,14.933391571044922,15.291793823242188,14.813924789428711,15.291793823242188,5750311
2022-01-10,14.813924789428711,15.112592697143555,14.6944580078125,14.873659133911133,4412896
2022-01-11,14.574991226196289,14.933391571044922,14.455524444580078,14.873659133911133,5453372
2022-01-12,14.336055755615234,14.634723663330078,14.216588973999023,14.574991226196289,5844351
2022-01-13,14.276323318481445,14.574991226196289,14.216588973999023,14.336055755615234,3372040
2022-01-14,14.156855583190918,14.336055755615234,13.91792106628418,14.336055755615234,5354083
2022-01-17,14.276323318481445,14.276323318481445,13.977655410766602,14.156855583190918,2471175
2022-01-18,14.336055755615234,14.455524444580078,14.156855583190918,14.216588973999023,2240774
2022-01-19,13.977655410766602,14.276323318481445,13.977655410766602,14.216588973999023,3051484
2022-01-20,14.037388801574707,14.156855583190918,13.91792106628418,13.977655410766602,2576351
2022-01-21,13.678986549377441,14.037388801574707,13.678986549377441,14.037388801574707,3672707
2022-01-24,13.619254112243652,13.91792106628418,13.260851860046387,13.55951976776123,6054662
2022-01-25,13.260851860046387,13.678986549377441,13.260851860046387,13.55951976776123,3408552
2022-01-26,13.619254112243652,13.738720893859863,13.201119422912598,13.260851860046387,3750914
2022-02-07,14.395790100097656,14.515256881713867,13.619254112243652,13.619254112243652,5371716
2022-02-08,14.873659133911133,15.05285930633545,14.395790100097656,14.455524444580078,7277306
2022-02-09,14.754191398620605,15.112592697143555,14.754191398620605,14.933391571044922,4794920
2022-02-10,14.873659133911133,15.05285930633545,14.754191398620605,14.754191398620605,4088320
2022-02-11,14.6944580078125,14.933391571044922,14.6944580078125,14.813924789428711,2322693
2022-02-14,14.455524444580078,14.6944580078125,14.395790100097656,14.634723663330078,2175902
2022-02-15,14.574991226196289,14.813924789428711,14.574991226196289,14.574991226196289,1813099
2022-02-16,14.574991226196289,14.873659133911133,14.515256881713867,14.873659133911133,2605039
2022-02-17,14.6944580078125,14.873659133911133,14.634723663330078,14.6944580078125,2881174
2022-02-18,15.351527214050293,15.470993995666504,14.515256881713867,14.574991226196289,12792813
2022-02-21,15.05285930633545,15.530728340148926,14.933391571044922,15.411260604858398,12525609
2022-02-22,14.574991226196289,15.232060432434082,14.455524444580078,14.933391571044922,4844466
2022-02-23,15.17232608795166,15.470993995666504,14.634723663330078,14.634723663330078,10180727
2022-02-24,14.634723663330078,15.291793823242188,14.574991226196289,14.873659133911133,7557534
2022-02-25,14.933391571044922,15.470993995666504,14.813924789428711,14.993125915527344,8801086
2022-03-01,14.933391571044922,15.232060432434082,14.873659133911133,15.232060432434082,3546087
2022-03-02,14.933391571044922,15.17232608795166,14.873659133911133,14.933391571044922,3196725
2022-03-03,15.05285930633545,15.112592697143555,14.813924789428711,15.112592697143555,4159427
2022-03-04,14.933391571044922,15.291793823242188,14.873659133911133,15.05285930633545,6901845
2022-03-07,14.336055755615234,14.813924789428711,14.216588973999023,14.6944580078125,5780431
2022-03-08,13.977655410766602,14.455524444580078,13.798454284667969,14.097122192382812,5801982
2022-03-09,14.754191398620605,14.754191398620605,14.216588973999023,14.216588973999023,5716564
2022-03-10,15.112592697143555,15.650195121765137,14.933391571044922,14.993125915527344,19713165
2022-03-11,15.112592697143555,15.291793823242188,14.933391571044922,15.05285930633545,3837366
2022-03-14,14.993125915527344,15.351527214050293,14.873659133911133,15.232060432434082,3498027
2022-03-15,14.395790100097656,15.17232608795166,14.395790100097656,15.05285930633545,4847176
2022-03-16,14.395790100097656,14.754191398620605,14.156855583190918,14.6944580078125,4857223
2022-03-17,14.754191398620605,14.873659133911133,14.515256881713867,14.634723663330078,4525316
2022-03-18,14.515256881713867,14.754191398620605,14.395790100097656,14.754191398620605,2798876
2022-03-21,14.574991226196289,14.6944580078125,14.395790100097656,14.634723663330078,2340889
2022-03-22,14.395790100097656,14.6944580078125,14.395790100097656,14.6944580078125,2140846
2022-03-23,14.336055755615234,14.574991226196289,14.336055755615234,14.515256881713867,2323928
2022-03-24,14.216588973999023,14.336055755615234,14.097122192382812,14.336055755615234,2974830
2022-03-25,13.977655410766602,14.216588973999023,13.91792106628418,14.216588973999023,4541775
2022-03-28,13.977655410766602,14.037388801574707,13.619254112243652,13.858187675476074,3158979
2022-03-29,13.858187675476074,14.156855583190918,13.798454284667969,14.037388801574707,2944742
2022-03-30,13.977655410766602,14.037388801574707,13.858187675476074,13.977655410766602,1847670
2022-03-31,13.798454284667969,14.037388801574707,13.738720893859863,14.037388801574707,1693565
2022-04-01,13.798454284667969,13.798454284667969,13.619254112243652,13.738720893859863,3290103
2022-04-06,13.55951976776123,13.798454284667969,13.499786376953125,13.798454284667969,3539197
2022-04-07,13.260851860046387,13.55951976776123,13.201119422912598,13.44005298614502,3680844
2022-04-08,13.44005298614502,13.499786376953125,13.320586204528809,13.380318641662598,2319432
2022-04-11,13.141385078430176,13.499786376953125,13.141385078430176,13.44005298614502,3499441
2022-04-12,12.842717170715332,13.021918296813965,12.723250389099121,12.962183952331543,4432210
2022-04-13,13.201119422912598,13.260851860046387,12.902450561523438,12.902450561523438,2540665
2022-04-14,13.201119422912598,13.44005298614502,13.141385078430176,13.380318641662598,2126723
2022-04-15,13.320586204528809,13.499786376953125,13.081650733947754,13.141385078430176,4486052
2022-04-18,12.902450561523438,13.320586204528809,12.782983779907227,13.320586204528809,3902815
2022-04-19,13.499786376953125,13.738720893859863,13.021918296813965,13.021918296813965,6267752
2022-04-20,13.798454284667969,14.455524444580078,13.55951976776123,13.678986549377441,17955405
2022-04-21,13.738720893859863,13.977655410766602,13.619254112243652,13.91792106628418,5168415
2022-04-22,13.858187675476074,13.91792106628418,13.55951976776123,13.738720893859863,3548892
2022-04-25,13.201119422912598,13.738720893859863,13.141385078430176,13.738720893859863,4039185
2022-04-26,12.962183952331543,13.44005298614502,12.902450561523438,13.320586204528809,3243257
2022-04-27,12.544049263000488,12.842717170715332,12.364849090576172,12.364849090576172,5546754
2022-04-28,12.6635160446167,12.782983779907227,12.484315872192383,12.603782653808594,2073042
2022-04-29,13.201119422912598,13.44005298614502,12.723250389099121,12.782983779907227,9836856
2022-05-03,12.962183952331543,13.081650733947754,12.842717170715332,13.081650733947754,2587406
2022-05-04,13.55951976776123,13.619254112243652,13.021918296813965,13.021918296813965,8965838
2022-05-05,13.499786376953125,13.858187675476074,13.44005298614502,13.738720893859863,4336731
2022-05-06,13.380318641662598,13.44005298614502,13.141385078430176,13.201119422912598,2404271
2022-05-09,12.902450561523438,13.44005298614502,12.782983779907227,13.260851860046387,3320865
2022-05-10,12.842717170715332,13.260851860046387,12.544049263000488,12.544049263000488,3943008
2022-05-11,12.424581527709961,12.902450561523438,12.424581527709961,12.842717170715332,4430665
2022-05-12,11.946714401245117,12.544049263000488,11.946714401245117,12.364849090576172,5319420
2022-05-13,12.066181182861328,12.245381355285645,12.006446838378906,12.066181182861328,1986932
2022-05-16,12.185647964477539,12.245381355285645,12.006446838378906,12.185647964477539,2418490
2022-05-17,12.30511474609375,12.364849090576172,12.125913619995117,12.245381355285645,1816568
2022-05-18,12.484315872192383,12.544049263000488,12.364849090576172,12.364849090576172,1887339
2022-05-19,12.125913619995117,12.245381355285645,12.006446838378906,12.066181182861328,2518852
2022-05-20,12.364849090576172,12.6635160446167,12.245381355285645,12.245381355285645,3110658
2022-05-23,12.842717170715332,13.141385078430176,12.544049263000488,12.544049263000488,7189198
2022-05-24,12.6635160446167,13.021918296813965,12.6635160446167,13.021918296813965,3299859
2022-05-25,12.723250389099121,12.962183952331543,12.6635160446167,12.782983779907227,2568002
2022-05-26,12.723250389099121,13.021918296813965,12.723250389099121,12.902450561523438,3479211
2022-05-27,12.902450561523438,12.902450561523438,12.782983779907227,12.842717170715332,2057237
2022-05-30,13.021918296813965,13.081650733947754,12.902450561523438,13.081650733947754,2546746
2022-05-31,12.962183952331543,13.081650733947754,12.962183952331543,13.081650733947754,1308980
2022-06-01,13.081650733947754,13.320586204528809,12.962183952331543,12.962183952331543,3309433
2022-06-02,12.962183952331543,13.201119422912598,12.962183952331543,13.141385078430176,1706077
2022-06-06,12.842717170715332,13.081650733947754,12.842717170715332,13.081650733947754,2477713
2022-06-07,12.842717170715332,12.962183952331543,12.782983779907227,12.842717170715332,1671996
2022-06-08,12.842717170715332,13.081650733947754,12.842717170715332,12.962183952331543,1414907
2022-06-09,12.6635160446167,12.782983779907227,12.6635160446167,12.782983779907227,1721544
2022-06-10,12.484315872192383,12.603782653808594,12.424581527709961,12.544049263000488,1469149
2022-06-13,12.066181182861328,12.185647964477539,12.066181182861328,12.185647964477539,2824097
2022-06-14,12.125913619995117,12.125913619995117,11.839193344116211,12.006446838378906,3510008
2022-06-15,12.006446838378906,12.185647964477539,11.922820091247559,12.066181182861328,2644605
2022-06-16,11.731673240661621,12.125913619995117,11.731673240661621,12.125913619995117,6094077
2022-06-17,11.516632080078125,11.636098861694336,11.409111022949219,11.46884536743164,4292197
2022-06-20,10.931242942810059,11.695833206176758,10.931242942810059,11.695833206176758,7015325
2022-06-21,11.46884536743164,11.492737770080566,11.002923011779785,11.002923011779785,3735052
2022-06-22,11.241856575012207,11.516632080078125,11.217964172363281,11.516632080078125,3579561
2022-06-23,11.062657356262207,11.385217666625977,10.967082977294922,11.241856575012207,4175256
2022-06-24,11.253804206848145,11.504685401916504,11.15822982788086,11.170177459716797,3338527
2022-06-27,12.066181182861328,12.245381355285645,11.397165298461914,11.397165298461914,10124652
2022-06-28,11.875033378601074,12.006446838378906,11.779459953308105,12.006446838378906,3111735
2022-06-29,11.624152183532715,11.875033378601074,11.588312149047852,11.875033378601074,2458501
2022-06-30,11.373270988464355,11.6719388961792,11.36132526397705,11.624152183532715,2466796
2022-07-01,10.811776161193848,11.444952011108398,10.811776161193848,11.42105770111084,7005959
2022-07-04,10.656468391418457,11.110444068908691,10.596735000610352,10.847616195678711,4463454
2022-07-05,11.194070816040039,11.229910850524902,10.740095138549805,10.740095138549805,4234093
2022-07-06,11.05070972442627,11.229910850524902,11.038763046264648,11.038763046264648,3087878
2022-07-07,11.15822982788086,11.206016540527344,10.967082977294922,11.05070972442627,2355502
2022-07-08,11.31353759765625,11.528578758239746,11.241856575012207,11.289644241333008,2681992
2022-07-11,11.349377632141113,11.57636547088623,11.265750885009766,11.57636547088623,1091085
2022-07-12,10.823721885681152,11.229910850524902,10.752041816711426,11.229910850524902,4019515
2022-07-13,11.09849739074707,11.170177459716797,10.871508598327637,10.871508598327637,2350972
2022-07-14,11.301590919494629,11.349377632141113,10.9551362991333,10.990976333618164,2162294
2022-07-15,11.217964172363281,11.337430953979492,11.086549758911133,11.253804206848145,1385744
2022-07-18,11.767513275146484,11.886980056762695,11.217964172363281,11.277697563171387,6153902
2022-07-19,11.755565643310547,11.922820091247559,11.68388557434082,11.767513275146484,3593013
2022-07-20,11.624152183532715,11.93476676940918,11.61220645904541,11.93476676940918,2350080
2022-07-21,11.636098861694336,12.125913619995117,11.636098861694336,11.719725608825684,6758209
2022-07-22,11.433005332946777,11.659992218017578,11.433005332946777,11.624152183532715,3130842
2022-07-25,11.31353759765625,11.433005332946777,11.289644241333008,11.433005332946777,1681622
2022-07-26,11.277697563171387,11.373270988464355,11.241856575012207,11.325484275817871,1584608
2022-07-27,11.373270988464355,11.433005332946777,11.277697563171387,11.31353759765625,1086359
2022-07-28,11.241856575012207,11.492737770080566,11.241856575012207,11.492737770080566,1627805
2022-07-29,11.57636547088623,11.61220645904541,11.289644241333008,11.289644241333008,5182379
2022-08-01,11.624152183532715,11.68388557434082,11.540525436401367,11.57636547088623,1935877
2022-08-02,11.31353759765625,11.588312149047852,11.289644241333008,11.588312149047852,2424934
2022-08-03,10.990976333618164,11.337430953979492,10.979029655456543,11.241856575012207,2928981
2022-08-04,10.823721885681152,11.038763046264648,10.752041816711426,11.014869689941406,2708039
2022-08-05,11.05070972442627,11.170177459716797,10.967082977294922,10.967082977294922,1600888
2022-08-08,11.05070972442627,11.110444068908691,10.859562873840332,11.05070972442627,1780333
2022-08-09,11.146284103393555,11.194070816040039,11.014869689941406,11.062657356262207,1113058
2022-08-10,11.217964172363281,11.253804206848145,11.062657356262207,11.146284103393555,1354965
2022-08-11,11.265750885009766,11.349377632141113,11.229910850524902,11.349377632141113,1400055
2022-08-12,11.397165298461914,11.433005332946777,11.289644241333008,11.289644241333008,1542121
2022-08-15,11.31353759765625,11.409111022949219,11.253804206848145,11.397165298461914,1696212
2022-08-16,11.194070816040039,11.337430953979492,11.170177459716797,11.337430953979492,1336233
2022-08-17,11.229910850524902,11.337430953979492,11.217964172363281,11.229910850524902,1413219
2022-08-18,11.337430953979492,11.349377632141113,11.206016540527344,11.229910850524902,1387830
2022-08-19,11.385217666625977,11.409111022949219,11.301590919494629,11.397165298461914,1704111
2022-08-22,11.206016540527344,11.36132526397705,11.134337425231934,11.36132526397705,1174381
2022-08-23,11.170177459716797,11.170177459716797,10.990976333618164,10.990976333618164,1466518
2022-08-24,11.349377632141113,11.56441879272461,11.194070816040039,11.194070816040039,3329632
2022-08-25,11.61220645904541,11.6719388961792,11.46884536743164,11.46884536743164,2669436
2022-08-26,12.066181182861328,12.185647964477539,11.57636547088623,11.6719388961792,10059330
2022-08-29,11.552472114562988,11.767513275146484,11.480792045593262,11.767513275146484,4099940
2022-08-30,11.588312149047852,11.6719388961792,11.56441879272461,11.57636547088623,1381752
2022-08-31,11.516632080078125,11.588312149047852,11.349377632141113,11.46884536743164,2347129
2022-09-01,11.385217666625977,11.516632080078125,11.373270988464355,11.409111022949219,1144498
2022-09-02,11.146284103393555,11.456897735595703,11.134337425231934,11.385217666625977,3160609
2022-09-05,11.110444068908691,11.265750885009766,11.05070972442627,11.122389793395996,1737816
2022-09-06,10.931242942810059,11.277697563171387,10.931242942810059,11.206016540527344,2015902
2022-09-07,10.811776161193848,10.9551362991333,10.775936126708984,10.9551362991333,1665975
2022-09-08,10.883456230163574,10.919296264648438,10.787881851196289,10.871508598327637,1178776
2022-09-12,11.038763046264648,11.182124137878418,10.895402908325195,10.895402908325195,1961753
2022-09-13,11.038763046264648,11.170177459716797,11.038763046264648,11.134337425231934,887989
2022-09-14,11.026817321777344,11.086549758911133,10.835668563842773,10.871508598327637,1310171
2022-09-15,11.277697563171387,11.36132526397705,11.09849739074707,11.09849739074707,2726424
2022-09-16,11.15822982788086,11.277697563171387,11.146284103393555,11.277697563171387,1168683
2022-09-19,10.883456230163574,11.15822982788086,10.871508598327637,11.15822982788086,2216718
2022-09-20,10.859562873840332,10.990976333618164,10.847616195678711,10.9551362991333,1306233
2022-09-21,10.9073486328125,11.15822982788086,10.9073486328125,10.9073486328125,2889297
2022-09-22,10.847616195678711,10.94318962097168,10.787881851196289,10.883456230163574,1529399
2022-09-23,10.811776161193848,11.026817321777344,10.811776161193848,10.847616195678711,1630372
2022-09-26,10.381693840026855,10.883456230163574,10.381693840026855,10.871508598327637,4689789
2022-09-27,10.274173736572266,10.453373908996582,10.226387023925781,10.405587196350098,2174907
2022-09-28,9.652944564819336,10.298067092895508,9.652944564819336,10.298067092895508,4067065
2022-09-29,9.748517990112305,9.891879081726074,9.652944564819336,9.832144737243652,1857505
2022-09-30,9.84409236907959,9.84409236907959,9.437904357910156,9.70073127746582,2934195
2022-10-03,10.05913257598877,10.10692024230957,9.6887845993042,9.6887845993042,2287323
2022-10-04,10.310013771057129,10.333907127380371,10.047185897827148,10.21444034576416,2140505
2022-10-05,10.333907127380371,10.441428184509277,10.298067092895508,10.42948055267334,1910023
2022-10-06,10.393641471862793,10.42948055267334,10.226387023925781,10.333907127380371,1009880
2022-10-07,10.417533874511719,10.525054931640625,10.345853805541992,10.381693840026855,1461410
2022-10-11,9.95161247253418,10.369747161865234,9.927719116210938,10.369747161865234,1292406
2022-10-12,9.808252334594727,9.987451553344727,9.760464668273926,9.975505828857422,1188694
2022-10-13,9.461796760559082,9.891879081726074,9.449850082397461,9.808252334594727,3003930
2022-10-14,9.736572265625,9.748517990112305,9.605157852172852,9.605157852172852,1929778
2022-10-17,9.664891242980957,9.70073127746582,9.437904357910156,9.640997886657715,2242107
2022-10-18,9.748517990112305,9.867984771728516,9.70073127746582,9.748517990112305,1477644
2022-10-19,9.724624633789062,9.856039047241211,9.70073127746582,9.784358024597168,1300355
2022-10-20,9.557371139526367,9.736572265625,9.449850082397461,9.724624633789062,1370540
2022-10-21,9.557371139526367,9.664891242980957,9.545424461364746,9.640997886657715,916486
2022-10-24,9.6887845993042,9.832144737243652,9.676837921142578,9.784358024597168,1285098
2022-10-25,9.533476829528809,9.772412300109863,9.533476829528809,9.772412300109863,1173247
2022-10-26,9.557371139526367,9.640997886657715,9.47374439239502,9.617103576660156,1059378
2022-10-27,9.70073127746582,9.70073127746582,9.605157852172852,9.617103576660156,1197036
2022-10-28,9.557371139526367,9.724624633789062,9.545424461364746,9.70073127746582,1114755
2022-10-31,9.569317817687988,9.676837921142578,9.533476829528809,9.629051208496094,658022
2022-11-01,9.581263542175293,9.664891242980957,9.557371139526367,9.581263542175293,1022826
2022-11-02,9.629051208496094,9.772412300109863,9.605157852172852,9.640997886657715,1590154
2022-11-03,9.617103576660156,9.617103576660156,9.533476829528809,9.569317817687988,751631
2022-11-04,9.676837921142578,9.724624633789062,9.581263542175293,9.581263542175293,1233803
2022-11-07,9.856039047241211,9.915772438049316,9.748517990112305,9.760464668273926,2277707
2022-11-08,10.011345863342285,10.118865966796875,9.891879081726074,9.9635591506958,2895480
2022-11-09,9.987451553344727,10.142760276794434,9.9635591506958,10.142760276794434,1270948
2022-11-10,9.987451553344727,10.05913257598877,9.915772438049316,9.95161247253418,1048875
2022-11-11,9.975505828857422,10.190546989440918,9.9635591506958,10.094972610473633,1569652
2022-11-14,10.083025932312012,10.10692024230957,9.927719116210938,9.975505828857422,1682025
2022-11-15,10.035239219665527,10.118865966796875,9.95161247253418,10.118865966796875,1315069
2022-11-16,9.808252334594727,10.07107925415039,9.808252334594727,9.975505828857422,1696426
2022-11-17,9.975505828857422,9.987451553344727,9.832144737243652,9.84409236907959,1130011
2022-11-18,9.867984771728516,9.999399185180664,9.867984771728516,9.975505828857422,911038
2022-11-21,9.712677955627441,9.891879081726074,9.70073127746582,9.891879081726074,1353024
2022-11-22,9.748517990112305,9.796304702758789,9.70073127746582,9.724624633789062,734398
2022-11-23,9.879932403564453,9.9635591506958,9.784358024597168,9.784358024597168,1348106
2022-11-24,9.999399185180664,9.999399185180664,9.879932403564453,9.915772438049316,1446775
2022-11-25,9.999399185180664,10.142760276794434,9.987451553344727,10.035239219665527,1653090
2022-11-28,10.011345863342285,10.083025932312012,9.891879081726074,9.987451553344727,939209
2022-11-29,10.190546989440918,10.21444034576416,9.9635591506958,10.011345863342285,1774135
2022-11-30,10.345853805541992,10.393641471862793,10.238332748413086,10.345853805541992,2217460
2022-12-01,10.752041816711426,10.990976333618164,10.453373908996582,10.501160621643066,4702418
2022-12-02,10.501160621643066,10.692309379577637,10.42948055267334,10.668415069580078,1888699
2022-12-05,10.53700065612793,10.656468391418457,10.381693840026855,10.405587196350098,1577445
2022-12-06,10.644521713256836,10.811776161193848,10.525054931640625,10.53700065612793,2929428
2022-12-07,10.608681678771973,10.835668563842773,10.525054931640625,10.668415069580078,2075445
2022-12-08,10.465320587158203,10.608681678771973,10.35780143737793,10.608681678771973,1518965
2022-12-09,10.752041816711426,10.787881851196289,10.501160621643066,10.58478832244873,1799200
2022-12-12,10.620628356933594,10.716201782226562,10.560894966125488,10.716201782226562,895128
2022-12-13,10.752041816711426,10.787881851196289,10.620628356933594,10.716201782226562,1361127
2022-12-14,10.6803617477417,10.787881851196289,10.656468391418457,10.775936126708984,990528
2022-12-15,10.7281494140625,10.775936126708984,10.668415069580078,10.668415069580078,1526187
2022-12-16,10.823721885681152,11.229910850524902,10.525054931640625,10.608681678771973,4549672
2022-12-19,10.513108253479004,10.787881851196289,10.513108253479004,10.775936126708984,2428769
2022-12-20,10.513108253479004,10.895402908325195,10.513108253479004,10.53700065612793,2926411
2022-12-21,10.644521713256836,10.787881851196289,10.572840690612793,10.58478832244873,2020993
2022-12-22,10.847616195678711,11.134337425231934,10.775936126708984,10.859562873840332,5712005
2022-12-23,10.6803617477417,10.775936126708984,10.608681678771973,10.752041816711426,1732526
2022-12-26,10.53700065612793,10.740095138549805,10.53700065612793,10.704255104064941,1388042
2022-12-27,10.644521713256836,10.763989448547363,10.608681678771973,10.656468391418457,1815512
2022-12-28,10.513108253479004,10.656468391418457,10.513108253479004,10.632575035095215,1257574
2022-12-29,10.393641471862793,10.53700065612793,10.32196044921875,10.489213943481445,1599520
2022-12-30,10.441428184509277,10.572840690612793,10.441428184509277,10.465320587158203,934400
2023-01-03,10.333907127380371,10.501160621643066,10.154706001281738,10.47726821899414,1485162
2023-01-04,10.226387023925781,10.393641471862793,10.21444034576416,10.298067092895508,1210237
2023-01-05,10.298067092895508,10.369747161865234,10.286120414733887,10.286120414733887,851116
2023-01-06,10.286120414733887,10.32196044921875,10.238332748413086,10.262227058410645,717729
2023-01-09,10.345853805541992,10.405587196350098,10.32196044921875,10.32196044921875,916069
2023-01-10,10.310013771057129,10.465320587158203,10.298067092895508,10.393641471862793,1077633
2023-01-11,10.286120414733887,10.489213943481445,10.190546989440918,10.190546989440918,1281727
2023-01-12,10.226387023925781,10.333907127380371,10.21444034576416,10.333907127380371,884540
2023-01-13,10.190546989440918,10.298067092895508,10.190546989440918,10.274173736572266,732335
2023-01-16,10.16665267944336,10.333907127380371,10.154706001281738,10.21444034576416,1154248
2023-01-17,10.130812644958496,10.250280380249023,10.118865966796875,10.178600311279297,1004092
2023-01-30,10.10692024230957,10.202492713928223,10.083025932312012,10.16665267944336,1449732
2023-01-31,10.333907127380371,10.333907127380371,10.10692024230957,10.10692024230957,1401759
2023-02-01,10.32196044921875,10.417533874511719,10.286120414733887,10.369747161865234,1153398
2023-02-02,10.405587196350098,10.465320587158203,10.310013771057129,10.333907127380371,1580776
2023-02-03,10.369747161865234,10.513108253479004,10.369747161865234,10.441428184509277,1593534
2023-02-06,10.274173736572266,10.369747161865234,10.262227058410645,10.369747161865234,1095024
2023-02-07,10.262227058410645,10.32196044921875,10.238332748413086,10.274173736572266,1016564
2023-02-08,10.250280380249023,10.333907127380371,10.238332748413086,10.286120414733887,1504480
2023-02-09,10.226387023925781,10.286120414733887,10.190546989440918,10.274173736572266,1001148
2023-02-10,10.142760276794434,10.250280380249023,10.10692024230957,10.250280380249023,1488284
2023-02-13,9.987451553344727,10.154706001281738,9.939665794372559,10.154706001281738,1712223
2023-02-14,10.047185897827148,10.07107925415039,10.011345863342285,10.035239219665527,843313
2023-02-15,9.987451553344727,10.07107925415039,9.987451553344727,10.05913257598877,1141322
2023-02-16,9.999399185180664,10.047185897827148,9.939665794372559,10.035239219665527,1263680
2023-02-17,10.047185897827148,10.083025932312012,9.9635591506958,9.975505828857422,1016456
2023-02-20,10.178600311279297,10.226387023925781,9.999399185180664,10.035239219665527,1918067
2023-02-21,10.333907127380371,10.345853805541992,10.16665267944336,10.190546989440918,2093041
2023-02-22,10.274173736572266,10.345853805541992,10.238332748413086,10.298067092895508,1826238
2023-02-23,10.871508598327637,10.94318962097168,10.345853805541992,10.345853805541992,11129313
2023-02-24,11.946714401245117,11.946714401245117,11.014869689941406,11.194070816040039,27240983
2023-03-01,12.484315872192383,12.842717170715332,12.185647964477539,12.544049263000488,34529054
2023-03-02,12.6635160446167,12.723250389099121,12.30511474609375,12.484315872192383,21453444
2023-03-03,12.30511474609375,12.723250389099121,12.245381355285645,12.723250389099121,10879604
2023-03-06,12.364849090576172,12.484315872192383,12.125913619995117,12.484315872192383,8070207
2023-03-07,12.30511474609375,12.484315872192383,12.245381355285645,12.424581527709961,4693519
2023-03-08,12.125913619995117,12.30511474609375,12.066181182861328,12.245381355285645,4751921
2023-03-09,12.006446838378906,12.364849090576172,12.006446838378906,12.185647964477539,4766411
2023-03-10,11.827245712280273,12.245381355285645,11.827245712280273,12.006446838378906,7469170
2023-03-13,11.409111022949219,11.827245712280273,11.36132526397705,11.827245712280273,5319949
2023-03-14,11.265750885009766,11.433005332946777,11.122389793395996,11.349377632141113,4113614
2023-03-15,11.15822982788086,11.552472114562988,11.122389793395996,11.36132526397705,3196110
2023-03-16,10.871508598327637,11.241856575012207,10.871508598327637,11.110444068908691,3161060
2023-03-17,11.062657356262207,11.146284103393555,10.990976333618164,10.990976333618164,1730339
2023-03-20,10.979029655456543,11.062657356262207,10.931242942810059,11.05070972442627,2043794
2023-03-21,11.074603080749512,11.15822982788086,11.002923011779785,11.038763046264648,1692299
2023-03-22,11.062657356262207,11.217964172363281,11.05070972442627,11.110444068908691,1462597
2023-03-23,10.871508598327637,11.002923011779785,10.823721885681152,11.002923011779785,2716971
2023-03-24,10.859562873840332,10.979029655456543,10.847616195678711,10.979029655456543,1735537
2023-03-27,10.871508598327637,10.931242942810059,10.823721885681152,10.871508598327637,1447261
2023-03-28,10.763989448547363,10.9073486328125,10.752041816711426,10.871508598327637,2154441
2023-03-29,10.752041816711426,10.835668563842773,10.7281494140625,10.79982852935791,1413107
2023-03-30,10.895402908325195,10.9551362991333,10.763989448547363,10.823721885681152,1585205
2023-03-31,10.919296264648438,11.002923011779785,10.883456230163574,10.919296264648438,1592848
2023-04-06,10.823721885681152,10.990976333618164,10.823721885681152,10.931242942810059,2083551
2023-04-07,10.931242942810059,10.9551362991333,10.823721885681152,10.859562873840332,2014227
2023-04-10,10.823721885681152,11.014869689941406,10.823721885681152,10.9551362991333,1709096
2023-04-11,10.835668563842773,10.871508598327637,10.787881851196289,10.847616195678711,908532
2023-04-12,10.883456230163574,10.931242942810059,10.811776161193848,10.895402908325195,1472994
2023-04-13,10.883456230163574,10.931242942810059,10.823721885681152,10.895402908325195,1679424
2023-04-14,10.94318962097168,10.9551362991333,10.871508598327637,10.919296264648438,1810121
2023-04-17,11.265750885009766,11.409111022949219,10.990976333618164,10.990976333618164,5936081
2023-04-18,11.57636547088623,11.875033378601074,11.15822982788086,11.349377632141113,10950836
2023-04-19,11.253804206848145,11.648045539855957,11.229910850524902,11.588312149047852,6362159
2023-04-20,11.134337425231934,11.397165298461914,11.122389793395996,11.241856575012207,3291307
2023-04-21,10.9073486328125,11.206016540527344,10.871508598327637,11.170177459716797,3541559
2023-04-24,11.002923011779785,11.086549758911133,10.787881851196289,10.9073486328125,1696722
2023-04-25,10.811776161193848,11.110444068908691,10.79982852935791,11.002923011779785,2617649
2023-04-26,10.859562873840332,10.94318962097168,10.775936126708984,10.787881851196289,1587044
2023-04-27,10.919296264648438,11.038763046264648,10.847616195678711,10.871508598327637,1637342
2023-04-28,10.979029655456543,11.086549758911133,10.9551362991333,10.9551362991333,1310972
2023-05-02,10.895402908325195,11.026817321777344,10.847616195678711,11.002923011779785,1977091
2023-05-03,10.859562873840332,10.895402908325195,10.835668563842773,10.847616195678711,926994
2023-05-04,10.835668563842773,10.895402908325195,10.811776161193848,10.859562873840332,1699417
2023-05-05,10.847616195678711,10.931242942810059,10.835668563842773,10.847616195678711,987650
2023-05-08,10.775936126708984,10.895402908325195,10.775936126708984,10.895402908325195,1311252
2023-05-09,10.644521713256836,10.835668563842773,10.644521713256836,10.787881851196289,2329664
2023-05-10,10.811776161193848,10.847616195678711,10.632575035095215,10.704255104064941,1767590
2023-05-11,10.560894966125488,10.811776161193848,10.560894966125488,10.811776161193848,2946996
2023-05-12,10.608681678771973,10.608681678771973,10.441428184509277,10.572840690612793,1405676
2023-05-15,10.560894966125488,10.608681678771973,10.525054931640625,10.58478832244873,997634
2023-05-16,10.740095138549805,10.79982852935791,10.608681678771973,10.608681678771973,2304090
2023-05-17,10.787881851196289,10.823721885681152,10.7281494140625,10.752041816711426,2042629
2023-05-18,10.752041816711426,10.847616195678711,10.7281494140625,10.811776161193848,1545547
2023-05-19,10.79982852935791,10.9073486328125,10.775936126708984,10.79982852935791,2220429
2023-05-22,10.895402908325195,10.919296264648438,10.811776161193848,10.811776161193848,1764973
2023-05-23,10.9073486328125,10.94318962097168,10.883456230163574,10.931242942810059,1213224
2023-05-24,10.979029655456543,10.990976333618164,10.9073486328125,10.9073486328125,1583917
2023-05-25,10.931242942810059,10.990976333618164,10.9073486328125,10.979029655456543,1960113
2023-05-26,10.7281494140625,10.967082977294922,10.704255104064941,10.967082977294922,2834392
2023-05-29,10.775936126708984,10.835668563842773,10.752041816711426,10.787881851196289,1197303
2023-05-30,10.752041816711426,10.811776161193848,10.704255104064941,10.79982852935791,1138481
2023-05-31,10.740095138549805,10.775936126708984,10.704255104064941,10.752041816711426,1232955
2023-06-01,10.692309379577637,10.811776161193848,10.6803617477417,10.752041816711426,1463495
2023-06-02,10.704255104064941,10.763989448547363,10.704255104064941,10.752041816711426,1294669
2023-06-05,10.823721885681152,10.883456230163574,10.7281494140625,10.752041816711426,2056799
2023-06-06,10.9073486328125,11.038763046264648,10.847616195678711,10.847616195678711,2863783
2023-06-07,10.883456230163574,11.002923011779785,10.871508598327637,10.990976333618164,1465492
2023-06-08,10.967082977294922,11.062657356262207,10.847616195678711,10.9073486328125,3710478
2023-06-09,10.94318962097168,11.194070816040039,10.94318962097168,11.026817321777344,3137651
2023-06-12,10.823721885681152,10.967082977294922,10.79982852935791,10.967082977294922,2179693
2023-06-13,10.79982852935791,10.895402908325195,10.787881851196289,10.823721885681152,1598481
2023-06-14,10.931242942810059,10.990976333618164,10.775936126708984,10.775936126708984,3064837
2023-06-15,10.859562873840332,11.014869689941406,10.847616195678711,10.931242942810059,2147904
2023-06-16,10.883456230163574,10.967082977294922,10.859562873840332,10.895402908325195,1554554
2023-06-19,10.94318962097168,10.9551362991333,10.847616195678711,10.9073486328125,1689042
2023-06-20,10.859562873840332,11.002923011779785,10.859562873840332,10.9551362991333,1483181
2023-06-21,10.859562873840332,10.883456230163574,10.787881851196289,10.871508598327637,1675883
2023-06-26,10.740095138549805,10.883456230163574,10.7281494140625,10.823721885681152,2786469
2023-06-27,10.632575035095215,10.740095138549805,10.632575035095215,10.740095138549805,2365001
2023-06-28,10.668415069580078,10.6803617477417,10.632575035095215,10.668415069580078,1281226
2023-06-29,10.656468391418457,10.692309379577637,10.608681678771973,10.6803617477417,1201268
2023-06-30,10.7281494140625,10.79982852935791,10.6803617477417,10.704255104064941,1534686
2023-07-03,10.79982852935791,10.895402908325195,10.7281494140625,10.740095138549805,3271795
2023-07-04,10.79982852935791,10.967082977294922,10.79982852935791,10.9073486328125,1967126
2023-07-05,10.704255104064941,10.823721885681152,10.6803617477417,10.787881851196289,1740304
2023-07-06,10.632575035095215,10.7281494140625,10.620628356933594,10.7281494140625,2130125
2023-07-07,10.513108253479004,10.632575035095215,10.42948055267334,10.596735000610352,2388632
2023-07-10,10.441428184509277,10.560894966125488,10.393641471862793,10.548948287963867,1284088
2023-07-11,10.42948055267334,10.489213943481445,10.405587196350098,10.465320587158203,1094972
2023-07-12,10.310013771057129,10.42948055267334,10.274173736572266,10.42948055267334,2316792
2023-07-13,10.21444034576416,10.333907127380371,10.190546989440918,10.333907127380371,2244718
2023-07-14,10.32196044921875,10.393641471862793,10.21444034576416,10.250280380249023,1176855
2023-07-17,10.345853805541992,10.405587196350098,10.298067092895508,10.369747161865234,1281985
2023-07-18,10.274173736572266,10.393641471862793,10.21444034576416,10.393641471862793,1794547
2023-07-19,10.190546989440918,10.32196044921875,10.16665267944336,10.262227058410645,1666970
2023-07-20,10.42948055267334,10.489213943481445,10.21444034576416,10.21444034576416,1722949
2023-07-21,10.310013771057129,10.465320587158203,10.274173736572266,10.405587196350098,1433893
2023-07-24,10.154706001281738,10.310013771057129,10.154706001281738,10.310013771057129,1761246
2023-07-25,10.142760276794434,10.190546989440918,10.10692024230957,10.16665267944336,1655015
2023-07-26,10.190546989440918,10.32196044921875,10.178600311279297,10.178600311279297,1080248
2023-07-27,10.333907127380371,10.369747161865234,10.238332748413086,10.238332748413086,1664671
2023-07-28,10.417533874511719,10.47726821899414,10.345853805541992,10.345853805541992,1905233
2023-07-31,10.333907127380371,10.53700065612793,10.310013771057129,10.525054931640625,1313459
2023-08-01,10.381693840026855,10.42948055267334,10.333907127380371,10.333907127380371,678152
2023-08-02,10.274173736572266,10.453373908996582,10.262227058410645,10.405587196350098,1421776
2023-08-04,10.333907127380371,10.393641471862793,10.286120414733887,10.286120414733887,893562
2023-08-07,10.441428184509277,10.453373908996582,10.333907127380371,10.381693840026855,1371703
2023-08-08,10.345853805541992,10.47726821899414,10.310013771057129,10.441428184509277,950364
2023-08-09,10.274173736572266,10.42948055267334,10.274173736572266,10.42948055267334,846980
2023-08-10,10.178600311279297,10.35780143737793,10.154706001281738,10.35780143737793,1026171
2023-08-11,10.05913257598877,10.274173736572266,10.05913257598877,10.142760276794434,1606347
2023-08-14,9.784358024597168,10.035239219665527,9.784358024597168,10.035239219665527,2192150
2023-08-15,9.84409236907959,9.915772438049316,9.820199012756348,9.820199012756348,729804
2023-08-16,9.891879081726074,9.891879081726074,9.70073127746582,9.796304702758789,983827
2023-08-17,9.987451553344727,10.035239219665527,9.856039047241211,9.891879081726074,955974
2023-08-18,10.47726821899414,10.548948287963867,10.035239219665527,10.035239219665527,7664310
2023-08-21,10.465320587158203,10.632575035095215,10.345853805541992,10.620628356933594,3463672
2023-08-22,10.47726821899414,10.501160621643066,10.32196044921875,10.465320587158203,1428384
2023-08-23,10.42948055267334,10.692309379577637,10.417533874511719,10.572840690612793,2337638
2023-08-24,10.21444034576416,10.47726821899414,10.21444034576416,10.393641471862793,1807393
2023-08-25,10.202492713928223,10.310013771057129,10.202492713928223,10.262227058410645,825415
2023-08-28,10.035239219665527,10.226387023925781,10.023292541503906,10.21444034576416,1250224
2023-08-29,10.05913257598877,10.178600311279297,9.999399185180664,10.05913257598877,1003145
2023-08-30,10.10692024230957,10.178600311279297,10.094972610473633,10.130812644958496,439283
2023-08-31,10.094972610473633,10.16665267944336,10.094972610473633,10.10692024230957,615232
2023-09-01,10.154706001281738,10.190546989440918,10.083025932312012,10.130812644958496,1020885
2023-09-04,10.178600311279297,10.226387023925781,10.047185897827148,10.178600311279297,1115103
2023-09-05,10.130812644958496,10.21444034576416,10.118865966796875,10.190546989440918,470511
2023-09-06,10.047185897827148,10.21444034576416,10.035239219665527,10.154706001281738,1343023
2023-09-07,9.891879081726074,10.035239219665527,9.879932403564453,10.035239219665527,2664247
2023-09-08,9.867984771728516,9.939665794372559,9.867984771728516,9.891879081726074,1765451
2023-09-11,9.772412300109863,9.915772438049316,9.760464668273926,9.856039047241211,1493689
2023-09-12,9.808252334594727,9.856039047241211,9.724624633789062,9.772412300109863,1173325
2023-09-13,9.867984771728516,9.95161247253418,9.832144737243652,9.84409236907959,1040309
2023-09-14,10.035239219665527,10.118865966796875,9.95161247253418,9.975505828857422,2468729
2023-09-15,10.501160621643066,10.525054931640625,10.07107925415039,10.142760276794434,8286581
2023-09-18,10.393641471862793,10.58478832244873,10.381693840026855,10.525054931640625,2773862
2023-09-19,10.286120414733887,10.548948287963867,10.286120414733887,10.42948055267334,1519916
2023-09-20,10.369747161865234,10.58478832244873,10.298067092895508,10.298067092895508,2445417
2023-09-21,10.226387023925781,10.489213943481445,10.226387023925781,10.489213943481445,1403343
2023-09-22,10.118865966796875,10.238332748413086,10.118865966796875,10.178600311279297,1034820
2023-09-25,10.118865966796875,10.178600311279297,10.094972610473633,10.16665267944336,696347
2023-09-26,10.011345863342285,10.190546989440918,10.011345863342285,10.154706001281738,887235
2023-09-27,10.05913257598877,10.262227058410645,10.05913257598877,10.142760276794434,1267448
2023-09-28,10.083025932312012,10.226387023925781,10.083025932312012,10.226387023925781,629950
2023-10-02,10.011345863342285,10.142760276794434,9.999399185180664,10.10692024230957,1119089
2023-10-03,9.95161247253418,10.05913257598877,9.95161247253418,10.05913257598877,646202
2023-10-04,9.891879081726074,9.975505828857422,9.879932403564453,9.975505828857422,888318
2023-10-05,9.915772438049316,10.05913257598877,9.915772438049316,10.011345863342285,1035298
2023-10-06,10.05913257598877,10.118865966796875,9.9635591506958,9.987451553344727,1201010
2023-10-11,9.915772438049316,10.16665267944336,9.915772438049316,10.154706001281738,1100994
2023-10-12,9.915772438049316,9.95161247253418,9.891879081726074,9.927719116210938,1216159
2023-10-13,9.939665794372559,9.999399185180664,9.927719116210938,9.927719116210938,733202
2023-10-16,9.879932403564453,9.927719116210938,9.879932403564453,9.915772438049316,724680
2023-10-17,9.772412300109863,9.927719116210938,9.760464668273926,9.915772438049316,1534041
2023-10-18,9.760464668273926,9.856039047241211,9.724624633789062,9.748517990112305,1009650
2023-10-19,9.832144737243652,9.975505828857422,9.760464668273926,9.760464668273926,1090355
2023-10-20,9.772412300109863,9.832144737243652,9.724624633789062,9.832144737243652,1014765
2023-10-23,9.760464668273926,9.867984771728516,9.748517990112305,9.772412300109863,584780
2023-10-24,9.760464668273926,9.856039047241211,9.724624633789062,9.760464668273926,543856
2023-10-25,9.772412300109863,9.796304702758789,9.760464668273926,9.772412300109863,501881
2023-10-26,9.70073127746582,9.748517990112305,9.6887845993042,9.748517990112305,792137
2023-10-27,9.712677955627441,9.772412300109863,9.6887845993042,9.70073127746582,642195
2023-10-30,9.736572265625,9.784358024597168,9.70073127746582,9.724624633789062,662960
2023-10-31,9.652944564819336,9.772412300109863,9.640997886657715,9.736572265625,924792
2023-11-01,9.617103576660156,9.736572265625,9.581263542175293,9.664891242980957,592903
2023-11-02,9.6887845993042,9.772412300109863,9.640997886657715,9.712677955627441,670502
2023-11-03,9.748517990112305,9.772412300109863,9.724624633789062,9.772412300109863,517003
2023-11-06,9.760464668273926,9.820199012756348,9.748517990112305,9.784358024597168,713413
2023-11-07,9.748517990112305,9.796304702758789,9.712677955627441,9.784358024597168,385983
2023-11-08,9.724624633789062,9.772412300109863,9.712677955627441,9.772412300109863,516854
2023-11-09,9.676837921142578,9.760464668273926,9.664891242980957,9.724624633789062,587510
2023-11-10,9.652944564819336,9.676837921142578,9.629051208496094,9.664891242980957,565091
2023-11-13,9.617103576660156,9.712677955627441,9.617103576660156,9.664891242980957,840230
2023-11-14,9.581263542175293,9.712677955627441,9.581263542175293,9.617103576660156,1678168
2023-11-15,9.664891242980957,9.6887845993042,9.581263542175293,9.617103576660156,1394408
2023-11-16,9.712677955627441,9.736572265625,9.640997886657715,9.664891242980957,1086461
2023-11-17,9.760464668273926,9.808252334594727,9.712677955627441,9.724624633789062,1018254
2023-11-20,9.724624633789062,9.820199012756348,9.712677955627441,9.772412300109863,734084
2023-11-21,9.796304702758789,9.820199012756348,9.748517990112305,9.784358024597168,915544
2023-11-22,9.867984771728516,9.879932403564453,9.808252334594727,9.808252334594727,1131543
2023-11-23,9.856039047241211,9.879932403564453,9.832144737243652,9.867984771728516,853726
2023-11-24,9.808252334594727,9.879932403564453,9.796304702758789,9.879932403564453,456275
2023-11-27,9.903825759887695,10.035239219665527,9.867984771728516,9.867984771728516,1748941
2023-11-28,10.178600311279297,10.393641471862793,9.939665794372559,9.939665794372559,6560423
2023-11-29,10.05913257598877,10.250280380249023,10.047185897827148,10.250280380249023,2023384
2023-11-30,10.094972610473633,10.21444034576416,10.07107925415039,10.142760276794434,1536270
2023-12-01,10.381693840026855,10.465320587158203,10.130812644958496,10.130812644958496,6118869
2023-12-04,11.409111022949219,11.409111022949219,10.465320587158203,10.465320587158203,24848377
2023-12-05,11.026817321777344,12.066181182861328,10.990976333618164,11.56441879272461,38312175
2023-12-06,10.94318962097168,11.086549758911133,10.632575035095215,10.9551362991333,7471174
2023-12-07,10.692309379577637,10.9551362991333,10.668415069580078,10.9551362991333,5007596
2023-12-08,10.763989448547363,10.94318962097168,10.6803617477417,10.692309379577637,3059631
2023-12-11,10.704255104064941,10.871508598327637,10.644521713256836,10.811776161193848,2803850
2023-12-12,10.716201782226562,10.919296264648438,10.692309379577637,10.811776161193848,2885287
2023-12-13,10.704255104064941,10.931242942810059,10.704255104064941,10.823721885681152,2802802
2023-12-14,10.501160621643066,10.811776161193848,10.501160621643066,10.752041816711426,3074188
2023-12-15,10.608681678771973,10.740095138549805,10.560894966125488,10.560894966125488,2150872
2023-12-18,10.775936126708984,11.146284103393555,10.7281494140625,10.740095138549805,4618384
2023-12-19,10.740095138549805,10.859562873840332,10.692309379577637,10.79982852935791,2013837
2023-12-20,10.811776161193848,10.871508598327637,10.752041816711426,10.787881851196289,1700355
2023-12-21,10.919296264648438,10.990976333618164,10.704255104064941,10.752041816711426,4294076
2023-12-22,10.787881851196289,11.038763046264648,10.787881851196289,10.979029655456543,2897821
2023-12-25,10.525054931640625,10.835668563842773,10.525054931640625,10.835668563842773,3001689
2023-12-26,10.644521713256836,10.716201782226562,10.596735000610352,10.608681678771973,1130357
2023-12-27,10.644521713256836,10.775936126708984,10.644521713256836,10.656468391418457,1216151
2023-12-28,10.572840690612793,10.7281494140625,10.53700065612793,10.7281494140625,1304906
2023-12-29,10.572840690612793,10.656468391418457,10.53700065612793,10.596735000610352,904029
2024-01-02,10.692309379577637,10.931242942810059,10.6803617477417,10.6803617477417,2138437
2024-01-03,10.6803617477417,10.895402908325195,10.668415069580078,10.811776161193848,1379040
2024-01-04,10.79982852935791,10.990976333618164,10.644521713256836,10.644521713256836,6204781
2024-01-05,10.752041816711426,10.94318962097168,10.740095138549805,10.919296264648438,2242188
2024-01-08,10.668415069580078,10.823721885681152,10.668415069580078,10.823721885681152,1537334
2024-01-09,10.441428184509277,10.704255104064941,10.441428184509277,10.704255104064941,2859981
2024-01-10,10.21444034576416,10.417533874511719,10.21444034576416,10.417533874511719,2010834
2024-01-11,10.202492713928223,10.333907127380371,10.202492713928223,10.310013771057129,1133069
2024-01-12,10.178600311279297,10.333907127380371,10.178600311279297,10.226387023925781,1225057
2024-01-15,10.178600311279297,10.286120414733887,10.178600311279297,10.262227058410645,958667
2024-01-16,9.975505828857422,10.190546989440918,9.915772438049316,10.190546989440918,2579438
2024-01-17,9.820199012756348,10.047185897827148,9.808252334594727,9.927719116210938,2145527
2024-01-18,9.915772438049316,9.9635591506958,9.820199012756348,9.820199012756348,973012
2024-01-19,9.975505828857422,9.999399185180664,9.903825759887695,9.939665794372559,881113
2024-01-22,9.975505828857422,10.083025932312012,9.915772438049316,9.975505828857422,1170442
2024-01-23,10.035239219665527,10.142760276794434,9.9635591506958,9.9635591506958,689989
2024-01-24,10.023292541503906,10.226387023925781,10.023292541503906,10.05913257598877,1187674
2024-01-25,9.987451553344727,10.118865966796875,9.987451553344727,10.118865966796875,709470
2024-01-26,9.987451553344727,10.023292541503906,9.9635591506958,9.987451553344727,665870
2024-01-29,10.047185897827148,10.047185897827148,9.939665794372559,9.987451553344727,791483
2024-01-30,9.975505828857422,10.05913257598877,9.975505828857422,10.047185897827148,529912
2024-01-31,9.903825759887695,10.035239219665527,9.891879081726074,9.987451553344727,819015
2024-02-01,9.975505828857422,10.035239219665527,9.915772438049316,9.915772438049316,727739
2024-02-02,9.927719116210938,9.999399185180664,9.903825759887695,9.999399185180664,737139
2024-02-05,9.856039047241211,9.927719116210938,9.832144737243652,9.927719116210938,851516
2024-02-15,9.891879081726074,9.891879081726074,9.772412300109863,9.856039047241211,1189838
2024-02-16,9.927719116210938,9.939665794372559,9.84409236907959,9.84409236907959,1053729
2024-02-19,10.083025932312012,10.154706001281738,9.939665794372559,9.939665794372559,1432290
2024-02-20,10.178600311279297,10.226387023925781,10.07107925415039,10.142760276794434,1788470
2024-02-21,10.226387023925781,10.369747161865234,10.226387023925781,10.250280380249023,1956219
2024-02-22,10.202492713928223,10.310013771057129,10.178600311279297,10.274173736572266,1271172
2024-02-23,10.047185897827148,10.226387023925781,10.035239219665527,10.226387023925781,1452042
2024-02-26,9.999399185180664,10.130812644958496,9.999399185180664,10.05913257598877,1181796
2024-02-27,9.867984771728516,10.07107925415039,9.84409236907959,10.011345863342285,2190880
2024-02-29,9.987451553344727,10.05913257598877,9.915772438049316,9.927719116210938,1404119
2024-03-01,9.95161247253418,10.011345863342285,9.915772438049316,10.011345863342285,1031045
2024-03-04,9.867984771728516,9.95161247253418,9.84409236907959,9.927719116210938,1786682
2024-03-05,9.856039047241211,10.011345863342285,9.796304702758789,10.011345863342285,1681015
2024-03-06,9.808252334594727,9.879932403564453,9.784358024597168,9.856039047241211,1671430
2024-03-07,9.676837921142578,9.796304702758789,9.676837921142578,9.784358024597168,2424337
2024-03-08,9.629051208496094,9.748517990112305,9.605157852172852,9.676837921142578,2578024
2024-03-11,9.70073127746582,9.760464668273926,9.629051208496094,9.629051208496094,1378779
2024-03-12,9.70073127746582,9.724624633789062,9.664891242980957,9.724624633789062,1646953
2024-03-13,9.652944564819336,9.712677955627441,9.617103576660156,9.676837921142578,1665509
2024-03-14,9.605157852172852,9.676837921142578,9.59321117401123,9.664891242980957,1488084
2024-03-15,9.521531105041504,9.605157852172852,9.497636795043945,9.605157852172852,2512250
2024-03-18,9.33038330078125,9.461796760559082,9.318436622619629,9.449850082397461,2669709
2024-03-19,9.48569107055664,9.533476829528809,9.318436622619629,9.33038330078125,1908626
2024-03-20,9.425956726074219,9.521531105041504,9.414010047912598,9.48569107055664,1216359
2024-03-21,9.449850082397461,9.47374439239502,9.390116691589355,9.47374439239502,1068970
2024-03-22,9.390116691589355,9.437904357910156,9.366223335266113,9.437904357910156,1002611
2024-03-25,9.402064323425293,9.497636795043945,9.390116691589355,9.390116691589355,991149
2024-03-26,9.390116691589355,9.461796760559082,9.318436622619629,9.414010047912598,1236249
2024-03-27,9.437904357910156,9.437904357910156,9.342329978942871,9.354276657104492,975367
2024-03-28,9.414010047912598,9.509584426879883,9.402064323425293,9.449850082397461,1073069
2024-03-29,9.354276657104492,9.461796760559082,9.342329978942871,9.437904357910156,782641
2024-04-01,9.366223335266113,9.425956726074219,9.318436622619629,9.366223335266113,842122
2024-04-02,9.342329978942871,9.402064323425293,9.342329978942871,9.366223335266113,815132
2024-04-03,9.139236450195312,9.354276657104492,9.07950210571289,9.33038330078125,2938305
2024-04-08,9.043662071228027,9.163128852844238,8.96003532409668,9.139236450195312,1958690
2024-04-09,9.163128852844238,9.258703231811523,9.019768714904785,9.019768714904785,1662411
2024-04-10,9.258703231811523,9.258703231811523,9.151183128356934,9.163128852844238,1068955
2024-04-11,9.127288818359375,9.258703231811523,9.115342140197754,9.258703231811523,1344838
2024-04-12,9.07950210571289,9.17507553100586,9.031715393066406,9.163128852844238,1324450
2024-04-15,9.043662071228027,9.127288818359375,8.995875358581543,9.055608749389648,845965
2024-04-16,8.816675186157227,9.043662071228027,8.816675186157227,9.043662071228027,2643027
2024-04-17,8.924195289611816,8.983928680419922,8.804727554321289,8.840567588806152,1492595
2024-04-18,8.912247657775879,8.936141967773438,8.828620910644531,8.936141967773438,993628
2024-04-19,8.96003532409668,9.139236450195312,8.85251522064209,8.912247657775879,2400359
2024-04-22,9.163128852844238,9.28259563446045,9.055608749389648,9.055608749389648,2726967
2024-04-23,9.139236450195312,9.187023162841797,9.067556381225586,9.163128852844238,880142
2024-04-24,9.139236450195312,9.17507553100586,9.091448783874512,9.163128852844238,865594
2024-04-25,9.17507553100586,9.22286319732666,9.10339641571045,9.151183128356934,965267
2024-04-26,9.258703231811523,9.294543266296387,9.115342140197754,9.17507553100586,1741373
2024-04-29,9.28259563446045,9.48569107055664,9.270649909973145,9.318436622619629,2772868
2024-04-30,9.246755599975586,9.366223335266113,9.198968887329102,9.318436622619629,1148909
2024-05-02,9.318436622619629,9.366223335266113,9.270649909973145,9.318436622619629,799390
2024-05-03,9.246755599975586,9.390116691589355,9.246755599975586,9.318436622619629,1402405
2024-05-06,9.210915565490723,9.294543266296387,9.198968887329102,9.294543266296387,846421
2024-05-07,9.139236450195312,9.294543266296387,9.127288818359375,9.210915565490723,1266218
2024-05-08,9.246755599975586,9.736572265625,9.246755599975586,9.258703231811523,6670006
2024-05-09,9.461796760559082,9.581263542175293,9.28259563446045,9.33038330078125,4541595
2024-05-10,9.796304702758789,9.867984771728516,9.402064323425293,9.47374439239502,8247030
2024-05-13,9.9635591506958,10.21444034576416,9.70073127746582,9.856039047241211,10252786
2024-05-14,9.808252334594727,9.999399185180664,9.772412300109863,9.999399185180664,4741953
2024-05-15,9.748517990112305,9.879932403564453,9.724624633789062,9.867984771728516,3109469
2024-05-16,9.915772438049316,9.915772438049316,9.748517990112305,9.772412300109863,3048481
2024-05-17,9.832144737243652,9.987451553344727,9.820199012756348,9.975505828857422,1920204
2024-05-20,9.748517990112305,9.879932403564453,9.70073127746582,9.867984771728516,2211863
2024-05-21,9.617103576660156,9.748517990112305,9.59321117401123,9.748517990112305,2215576
2024-05-22,9.772412300109863,9.808252334594727,9.676837921142578,9.676837921142578,1721793
2024-05-23,9.605157852172852,9.748517990112305,9.581263542175293,9.736572265625,1825345
2024-05-24,9.724624633789062,9.736572265625,9.59321117401123,9.59321117401123,2021002
2024-05-27,9.927719116210938,9.9635591506958,9.736572265625,9.736572265625,3797755
2024-05-28,10.10692024230957,10.453373908996582,9.903825759887695,9.927719116210938,6541400
2024-05-29,10.238332748413086,10.513108253479004,10.21444034576416,10.262227058410645,8678700
2024-05-30,10.094972610473633,10.369747161865234,10.05913257598877,10.274173736572266,2974787
2024-05-31,10.10692024230957,10.381693840026855,10.094972610473633,10.154706001281738,3120776
2024-06-03,10.142760276794434,10.262227058410645,9.999399185180664,10.226387023925781,2693313
2024-06-04,10.011345863342285,10.190546989440918,9.987451553344727,10.142760276794434,1617399
2024-06-05,10.130812644958496,10.393641471862793,10.035239219665527,10.035239219665527,4441974
2024-06-06,10.07107925415039,10.32196044921875,10.05913257598877,10.202492713928223,2705674
2024-06-07,10.16665267944336,10.298067092895508,10.035239219665527,10.094972610473633,2982008
2024-06-11,9.796304702758789,10.32196044921875,9.796304702758789,10.178600311279297,4014647
2024-06-12,9.617103576660156,9.84409236907959,9.569317817687988,9.84409236907959,2625326
2024-06-13,9.629051208496094,9.856039047241211,9.629051208496094,9.640997886657715,1770442
2024-06-14,9.712677955627441,9.760464668273926,9.617103576660156,9.617103576660156,1316140
2024-06-17,9.617103576660156,9.712677955627441,9.605157852172852,9.676837921142578,1756153
2024-06-18,9.581263542175293,9.664891242980957,9.581263542175293,9.664891242980957,1431784
2024-06-19,9.569317817687988,9.640997886657715,9.557371139526367,9.605157852172852,1965784
2024-06-20,9.652944564819336,9.652944564819336,9.533476829528809,9.581263542175293,1665190
2024-06-21,9.6887845993042,9.712677955627441,9.557371139526367,9.617103576660156,2282344
2024-06-24,9.557371139526367,9.640997886657715,9.521531105041504,9.640997886657715,1866917
2024-06-25,9.617103576660156,9.664891242980957,9.497636795043945,9.664891242980957,1436043
2024-06-26,9.557371139526367,9.676837921142578,9.533476829528809,9.676837921142578,1543205
2024-06-27,9.497636795043945,9.569317817687988,9.449850082397461,9.557371139526367,1507398
2024-06-28,9.545424461364746,9.640997886657715,9.497636795043945,9.497636795043945,1251791
2024-07-01,9.569317817687988,9.629051208496094,9.557371139526367,9.557371139526367,1218662
2024-07-02,9.640997886657715,9.676837921142578,9.557371139526367,9.569317817687988,2095664
2024-07-03,9.903825759887695,9.939665794372559,9.664891242980957,9.676837921142578,4797078
2024-07-04,9.915772438049316,9.9635591506958,9.84409236907959,9.9635591506958,2091462
2024-07-05,9.915772438049316,9.9635591506958,9.832144737243652,9.915772438049316,2086589
2024-07-08,9.712677955627441,9.939665794372559,9.712677955627441,9.915772438049316,2346837
2024-07-09,9.652944564819336,9.772412300109863,9.569317817687988,9.748517990112305,2104596
2024-07-10,9.640997886657715,9.736572265625,9.629051208496094,9.664891242980957,1070913
2024-07-11,9.605157852172852,9.676837921142578,9.581263542175293,9.652944564819336,1328791
2024-07-12,9.664891242980957,9.70073127746582,9.581263542175293,9.605157852172852,1503055
2024-07-15,9.605157852172852,9.70073127746582,9.581263542175293,9.676837921142578,1574895
2024-07-16,9.581263542175293,9.664891242980957,9.581263542175293,9.617103576660156,1077935
2024-07-17,9.617103576660156,9.676837921142578,9.59321117401123,9.605157852172852,1346080
2024-07-18,9.581263542175293,9.640997886657715,9.533476829528809,9.617103576660156,1410600
2024-07-19,9.425956726074219,9.59321117401123,9.390116691589355,9.581263542175293,3554096
2024-07-22,9.28259563446045,9.425956726074219,9.10339641571045,9.425956726074219,2893682
2024-07-23,9.425956726074219,9.437904357910156,9.258703231811523,9.258703231811523,910214
2024-07-26,9.306489944458008,9.342329978942871,9.151183128356934,9.318436622619629,1255357
2024-07-29,9.22286319732666,9.378170013427734,9.22286319732666,9.342329978942871,992130
2024-07-30,9.28259563446045,9.318436622619629,9.163128852844238,9.22286319732666,1232089
2024-07-31,9.306489944458008,9.354276657104492,9.258703231811523,9.28259563446045,389563
2024-08-01,9.378170013427734,9.378170013427734,9.270649909973145,9.318436622619629,1169025
2024-08-02,9.127288818359375,9.318436622619629,9.115342140197754,9.294543266296387,2199475
2024-08-05,8.350752830505371,9.10339641571045,8.302966117858887,9.10339641571045,4710676
2024-08-06,8.434379577636719,8.613579750061035,8.07597827911377,8.362698554992676,2914190
2024-08-07,8.780834197998047,8.780834197998047,8.434379577636719,8.434379577636719,1627673
2024-08-08,8.60163402557373,8.721100807189941,8.362698554992676,8.613579750061035,826838
2024-08-09,8.673314094543457,8.780834197998047,8.60163402557373,8.60163402557373,921611
2024-08-12,8.792780876159668,8.816675186157227,8.70915412902832,8.70915412902832,702085
2024-08-13,8.613579750061035,8.816675186157227,8.613579750061035,8.792780876159668,653874
2024-08-14,8.637474060058594,8.744994163513184,8.60163402557373,8.6972074508667,682584
2024-08-15,8.673314094543457,8.721100807189941,8.613579750061035,8.661367416381836,534150
2024-08-16,8.792780876159668,8.840567588806152,8.70915412902832,8.721100807189941,865259
2024-08-19,8.6972074508667,8.828620910644531,8.6972074508667,8.828620910644531,523327
2024-08-20,8.625527381896973,8.768888473510742,8.613579750061035,8.721100807189941,704880
2024-08-21,8.637474060058594,8.6972074508667,8.577739715576172,8.6972074508667,786601
2024-08-22,8.6972074508667,8.6972074508667,8.613579750061035,8.673314094543457,518664
2024-08-23,8.649420738220215,8.6972074508667,8.541899681091309,8.6972074508667,973490
2024-08-26,8.780834197998047,8.983928680419922,8.673314094543457,8.685260772705078,3745763
2024-08-27,8.840567588806152,8.888355255126953,8.6972074508667,8.792780876159668,1266474
2024-08-28,8.828620910644531,8.840567588806152,8.768888473510742,8.768888473510742,487431
2024-08-29,8.780834197998047,8.840567588806152,8.744994163513184,8.840567588806152,537227
2024-08-30,8.816675186157227,8.900301933288574,8.780834197998047,8.804727554321289,952175
2024-09-02,8.661367416381836,8.840567588806152,8.637474060058594,8.816675186157227,979847
2024-09-03,8.661367416381836,8.721100807189941,8.58968734741211,8.661367416381836,930871
2024-09-04,8.374646186828613,8.541899681091309,8.243231773376465,8.541899681091309,1971078
2024-09-05,8.398539543151855,8.553847312927246,8.386592864990234,8.386592864990234,963902
2024-09-06,8.470219612121582,8.553847312927246,8.362698554992676,8.422432899475098,821297
2024-09-09,8.434379577636719,8.44632625579834,8.314912796020508,8.362698554992676,952567
2024-09-10,8.422432899475098,8.529953002929688,8.398539543151855,8.458272933959961,956077
2024-09-11,8.422432899475098,8.506059646606445,8.374646186828613,8.44632625579834,623874
2024-09-12,8.422432899475098,8.506059646606445,8.422432899475098,8.48216724395752,787430
2024-09-13,8.506059646606445,8.541899681091309,8.44632625579834,8.44632625579834,923846
2024-09-16,8.58968734741211,8.613579750061035,8.494112968444824,8.553847312927246,883550
2024-09-18,8.60163402557373,8.70915412902832,8.58968734741211,8.60163402557373,758824
2024-09-19,8.637474060058594,8.637474060058594,8.565793991088867,8.60163402557373,581416
2024-09-20,8.673314094543457,8.733048439025879,8.649420738220215,8.6972074508667,631544
2024-09-23,8.744994163513184,8.780834197998047,8.6972074508667,8.6972074508667,745253
2024-09-24,8.828620910644531,8.864460945129395,8.733048439025879,8.733048439025879,1537829
2024-09-25,8.912247657775879,8.924195289611816,8.840567588806152,8.912247657775879,1825551
2024-09-26,8.804727554321289,9.019768714904785,8.804727554321289,8.924195289611816,1790899
2024-09-27,9.258703231811523,9.318436622619629,8.876407623291016,8.876407623291016,4337431
2024-09-30,9.629051208496094,9.796304702758789,9.258703231811523,9.47374439239502,9122954
2024-10-01,9.6887845993042,9.772412300109863,9.59321117401123,9.676837921142578,4249277
2024-10-04,9.856039047241211,9.903825759887695,9.425956726074219,9.760464668273926,6736418
2024-10-07,10.333907127380371,10.465320587158203,9.736572265625,9.879932403564453,17918606
2024-10-08,11.038763046264648,11.36132526397705,10.883456230163574,11.349377632141113,59708907
2024-10-09,10.10692024230957,10.9551362991333,10.011345863342285,10.9551362991333,21421686
2024-10-11,9.772412300109863,10.226387023925781,9.712677955627441,10.10692024230957,8404206
2024-10-14,9.724624633789062,9.867984771728516,9.6887845993042,9.84409236907959,3472267
2024-10-15,9.509584426879883,9.84409236907959,9.48569107055664,9.736572265625,6353359
2024-10-16,9.581263542175293,9.676837921142578,9.425956726074219,9.521531105041504,2931274
2024-10-17,9.497636795043945,9.736572265625,9.48569107055664,9.59321117401123,4587773
2024-10-18,9.425956726074219,9.569317817687988,9.234809875488281,9.569317817687988,5470201
2024-10-21,9.59321117401123,9.664891242980957,9.48569107055664,9.581263542175293,3300373
2024-10-22,9.545424461364746,9.652944564819336,9.533476829528809,9.569317817687988,1980871
2024-10-23,9.867984771728516,9.999399185180664,9.533476829528809,9.581263542175293,7085681
2024-10-24,9.557371139526367,9.856039047241211,9.557371139526367,9.856039047241211,3947073
2024-10-25,9.509584426879883,9.736572265625,9.48569107055664,9.617103576660156,2247971
2024-10-28,9.461796760559082,9.676837921142578,9.425956726074219,9.557371139526367,2622978
2024-10-29,9.425956726074219,9.59321117401123,9.390116691589355,9.497636795043945,1901484
2024-10-30,9.33038330078125,9.617103576660156,9.318436622619629,9.461796760559082,1750669
2024-11-01,9.533476829528809,9.545424461364746,9.234809875488281,9.33038330078125,1800877
2024-11-04,9.425956726074219,9.557371139526367,9.414010047912598,9.509584426879883,1282550
2024-11-05,9.6887845993042,9.903825759887695,9.414010047912598,9.414010047912598,4941459
2024-11-06,9.59321117401123,9.760464668273926,9.533476829528809,9.760464668273926,1707610
2024-11-07,9.59321117401123,9.652944564819336,9.497636795043945,9.533476829528809,1759210
2024-11-08,9.461796760559082,9.676837921142578,9.461796760559082,9.640997886657715,2310089
2024-11-11,9.557371139526367,9.712677955627441,9.48569107055664,9.652944564819336,1887267
2024-11-12,9.557371139526367,9.6887845993042,9.437904357910156,9.521531105041504,2764259
2024-11-13,9.449850082397461,9.676837921142578,9.437904357910156,9.676837921142578,1951850
2024-11-14,9.234809875488281,9.497636795043945,9.234809875488281,9.449850082397461,2098787
2024-11-15,9.28259563446045,9.461796760559082,9.270649909973145,9.294543266296387,1573965
2024-11-18,9.318436622619629,9.378170013427734,9.234809875488281,9.318436622619629,1176365
2024-11-19,9.378170013427734,9.390116691589355,9.258703231811523,9.378170013427734,1298351
2024-11-20,9.270649909973145,9.414010047912598,9.246755599975586,9.402064323425293,1579754
2024-11-21,9.33038330078125,9.390116691589355,9.246755599975586,9.270649909973145,1099567
2024-11-22,9.390116691589355,9.461796760559082,9.33038330078125,9.378170013427734,1130914
2024-11-25,9.497636795043945,9.509584426879883,9.390116691589355,9.449850082397461,1027125
2024-11-26,9.437904357910156,9.569317817687988,9.402064323425293,9.521531105041504,1087619
2024-11-27,9.270649909973145,9.437904357910156,9.258703231811523,9.414010047912598,1779878
2024-11-28,9.163128852844238,9.33038330078125,9.127288818359375,9.33038330078125,1376822
2024-11-29,9.187023162841797,9.22286319732666,9.091448783874512,9.151183128356934,1155865
2024-12-02,9.139236450195312,9.246755599975586,9.115342140197754,9.246755599975586,1020248
2024-12-03,9.17507553100586,9.246755599975586,9.163128852844238,9.198968887329102,607722
2024-12-04,9.115342140197754,9.198968887329102,9.07950210571289,9.17507553100586,1197271
2024-12-05,8.9719820022583,9.17507553100586,8.96003532409668,9.17507553100586,1563926
2024-12-06,9.007822036743164,9.055608749389648,8.9719820022583,8.983928680419922,840977
2024-12-09,9.055608749389648,9.115342140197754,9.007822036743164,9.019768714904785,1068231
2024-12-10,9.151183128356934,9.497636795043945,9.07950210571289,9.10339641571045,2888828
2024-12-11,8.876407623291016,9.187023162841797,8.85251522064209,9.187023162841797,2099637
2024-12-12,8.876407623291016,8.995875358581543,8.876407623291016,8.888355255126953,1085711
2024-12-13,8.768888473510742,8.864460945129395,8.733048439025879,8.85251522064209,1484481
2024-12-16,8.673314094543457,8.816675186157227,8.673314094543457,8.733048439025879,939475
2024-12-17,8.649420738220215,8.756940841674805,8.613579750061035,8.673314094543457,834262
2024-12-18,8.649420738220215,8.70915412902832,8.494112968444824,8.613579750061035,1193883
2024-12-19,8.541899681091309,8.613579750061035,8.48216724395752,8.553847312927246,1136508
2024-12-20,8.48216724395752,8.565793991088867,8.44632625579834,8.458272933959961,987895
2024-12-23,8.553847312927246,8.60163402557373,8.494112968444824,8.494112968444824,597332
2024-12-24,8.685260772705078,8.756940841674805,8.58968734741211,8.58968734741211,971829
2024-12-25,8.60163402557373,8.70915412902832,8.577739715576172,8.70915412902832,515477
2024-12-26,8.58968734741211,8.70915412902832,8.577739715576172,8.60163402557373,448663
2024-12-27,8.58968734741211,8.661367416381836,8.577739715576172,8.60163402557373,485131
2024-12-30,8.661367416381836,8.661367416381836,8.58968734741211,8.58968734741211,565055
2024-12-31,8.60163402557373,8.70915412902832,8.541899681091309,8.637474060058594,505067
2025-01-02,8.60163402557373,8.6972074508667,8.44632625579834,8.44632625579834,1623148
2025-01-03,8.506059646606445,8.613579750061035,8.506059646606445,8.613579750061035,945793
2025-01-06,8.518007278442383,8.577739715576172,8.494112968444824,8.518007278442383,642649
2025-01-07,8.374646186828613,8.541899681091309,8.374646186828613,8.541899681091309,1316337
2025-01-08,8.422432899475098,8.48216724395752,8.33880615234375,8.422432899475098,1211350
2025-01-09,8.302966117858887,8.434379577636719,8.302966117858887,8.422432899475098,1491377
2025-01-10,8.243231773376465,8.362698554992676,8.219339370727539,8.302966117858887,1202433
2025-01-13,8.19544506072998,8.23128604888916,7.992351055145264,8.219339370727539,1434344
2025-01-14,8.362698554992676,8.386592864990234,8.183499336242676,8.183499336242676,825376
2025-01-15,8.48216724395752,8.577739715576172,8.362698554992676,8.362698554992676,949131
2025-01-16,8.48216724395752,8.637474060058594,8.48216724395752,8.577739715576172,550976
2025-01-17,8.541899681091309,8.577739715576172,8.470219612121582,8.541899681091309,766959
2025-01-20,8.518007278442383,8.577739715576172,8.434379577636719,8.541899681091309,632979
2025-01-21,8.434379577636719,8.553847312927246,8.434379577636719,8.518007278442383,397850
2025-01-22,8.44632625579834,8.470219612121582,8.374646186828613,8.470219612121582,621043
2025-02-03,8.458272933959961,8.518007278442383,8.33880615234375,8.362698554992676,1084869
2025-02-04,8.362698554992676,8.470219612121582,8.33880615234375,8.470219612121582,718190
2025-02-05,8.434379577636719,8.458272933959961,8.350752830505371,8.362698554992676,523357
2025-02-06,8.470219612121582,8.506059646606445,8.386592864990234,8.434379577636719,598246
2025-02-07,8.494112968444824,8.506059646606445,8.434379577636719,8.470219612121582,491359
2025-02-10,8.613579750061035,8.6972074508667,8.48216724395752,8.48216724395752,2334626
2025-02-11,8.577739715576172,8.70915412902832,8.553847312927246,8.6972074508667,772064
2025-02-12,8.613579750061035,8.721100807189941,8.613579750061035,8.673314094543457,807932
2025-02-13,8.888355255126953,8.9719820022583,8.637474060058594,8.637474060058594,2885614
2025-02-14,8.96003532409668,9.055608749389648,8.888355255126953,8.936141967773438,1976652
2025-02-17,9.22286319732666,9.28259563446045,8.936141967773438,9.07950210571289,2876649
2025-02-18,9.07950210571289,9.318436622619629,9.031715393066406,9.318436622619629,1642975
2025-02-19,9.127288818359375,9.22286319732666,9.031715393066406,9.10339641571045,963736
2025-02-20,9.091448783874512,9.270649909973145,9.091448783874512,9.139236450195312,1634291
2025-02-21,9.115342140197754,9.210915565490723,9.055608749389648,9.139236450195312,1089777
2025-02-24,9.449850082397461,9.509584426879883,9.115342140197754,9.115342140197754,4944449
2025-02-25,9.390116691589355,9.545424461364746,9.318436622619629,9.545424461364746,3007734
2025-02-26,9.306489944458008,9.47374439239502,9.28259563446045,9.390116691589355,1409383
2025-02-27,9.748517990112305,10.07107925415039,9.234809875488281,9.270649909973145,14762519
2025-03-03,9.461796760559082,9.724624633789062,9.437904357910156,9.70073127746582,4053684
2025-03-04,9.521531105041504,9.652944564819336,9.306489944458008,9.306489944458008,3034235
2025-03-05,9.569317817687988,9.640997886657715,9.437904357910156,9.59321117401123,2002431
2025-03-06,9.378170013427734,9.605157852172852,9.378170013427734,9.533476829528809,2396309
2025-03-07,9.28259563446045,9.545424461364746,9.28259563446045,9.28259563446045,2122310
2025-03-10,9.545424461364746,9.748517990112305,9.48569107055664,9.48569107055664,5187279
2025-03-11,9.47374439239502,9.533476829528809,9.246755599975586,9.509584426879883,2042988
2025-03-12,9.306489944458008,9.509584426879883,9.294543266296387,9.509584426879883,1812415
2025-03-13,9.246755599975586,9.47374439239502,9.234809875488281,9.354276657104492,1453690
2025-03-14,9.557371139526367,9.557371139526367,9.234809875488281,9.234809875488281,3025112
2025-03-17,9.414010047912598,9.581263542175293,9.414010047912598,9.557371139526367,1545851
2025-03-18,9.378170013427734,9.461796760559082,9.342329978942871,9.461796760559082,1080039
2025-03-19,9.378170013427734,9.521531105041504,9.318436622619629,9.390116691589355,1248365
2025-03-20,9.342329978942871,9.437904357910156,9.33038330078125,9.425956726074219,912294
2025-03-21,9.163128852844238,9.366223335266113,9.163128852844238,9.342329978942871,2079066
2025-03-24,9.151183128356934,9.258703231811523,9.115342140197754,9.17507553100586,1509263
2025-03-25,9.031715393066406,9.246755599975586,9.031715393066406,9.198968887329102,1160300
2025-03-26,9.10339641571045,9.139236450195312,9.019768714904785,9.043662071228027,628572
2025-03-27,9.019768714904785,9.22286319732666,8.995875358581543,9.07950210571289,1192138
2025-03-28,8.756940841674805,9.067556381225586,8.721100807189941,9.067556381225586,1864731
2025-03-31,8.362698554992676,8.637474060058594,8.350752830505371,8.577739715576172,1978158
2025-04-01,8.44632625579834,8.529953002929688,8.374646186828613,8.374646186828613,1521178
2025-04-02,8.506059646606445,8.565793991088867,8.362698554992676,8.458272933959961,820966
2025-04-07,7.657843112945557,7.657843112945557,7.657843112945557,7.657843112945557,1169428
2025-04-08,7.036613941192627,7.299441814422607,6.917147159576416,6.917147159576416,5078008
2025-04-09,6.606532096862793,7.132187843322754,6.582639217376709,7.036613941192627,3928991
2025-04-10,7.263601779937744,7.263601779937744,7.191921234130859,7.251655101776123,1505100
2025-04-11,7.562270164489746,7.645896911621094,7.024666786193848,7.239707946777344,2998390
2025-04-14,7.765364170074463,8.171551704406738,7.7295241355896,7.753417015075684,2196779
2025-04-15,8.064031600952148,8.08792495727539,7.789257049560547,7.8728837966918945,1603122
2025-04-16,7.8489909172058105,8.123764991760254,7.8489909172058105,8.123764991760254,1308394
2025-04-17,7.741469860076904,7.789257049560547,7.645896911621094,7.765364170074463,863485
2025-04-18,7.801204204559326,7.884830951690674,7.753417015075684,7.753417015075684,793557
2025-04-21,7.669789791107178,7.82509708404541,7.669789791107178,7.777309894561768,702854
2025-04-22,7.526429176330566,7.633950233459473,7.4428019523620605,7.4428019523620605,709168
2025-04-23,7.705629825592041,7.741469860076904,7.645896911621094,7.645896911621094,710643
2025-04-24,7.705629825592041,7.705629825592041,7.705629825592041,7.705629825592041,0
2025-04-25,7.5144829750061035,7.705629825592041,7.07245397567749,7.550323009490967,6121115
2025-04-28,7.359175205230713,7.562270164489746,7.287495136260986,7.526429176330566,1968912
2025-04-29,7.466695785522461,7.598110198974609,7.34722900390625,7.34722900390625,1354399
2025-04-30,7.34722900390625,7.5144829750061035,7.34722900390625,7.47864294052124,1296918
2025-05-02,7.550323009490967,7.645896911621094,7.383069038391113,7.418909072875977,1988483
2025-05-05,7.32333517074585,7.669789791107178,7.32333517074585,7.645896911621094,1556379
2025-05-06,7.371121883392334,7.4428019523620605,7.335281848907471,7.406961917877197,1094454
2025-05-07,7.466695785522461,7.47864294052124,7.371121883392334,7.418909072875977,942016
2025-05-08,7.526429176330566,7.645896911621094,7.466695785522461,7.466695785522461,1408429
2025-05-09,7.490589141845703,7.574215888977051,7.466695785522461,7.526429176330566,411945
2025-05-12,7.669789791107178,7.7295241355896,7.550323009490967,7.550323009490967,1424126
2025-05-13,7.8489909172058105,8.004298210144043,7.801204204559326,7.8489909172058105,1542165
2025-05-14,7.884830951690674,7.944563865661621,7.837043762207031,7.8728837966918945,1497313
2025-05-15,7.82509708404541,8.016244888305664,7.82509708404541,7.9565110206604,1196770
2025-05-16,8.362698554992676,8.434379577636719,7.932618141174316,7.980404853820801,5839011
2025-05-19,8.183499336242676,8.48216724395752,8.171551704406738,8.48216724395752,2571480
2025-05-20,8.028190612792969,8.267126083374023,8.028190612792969,8.23128604888916,1249054
2025-05-21,7.944563865661621,8.064031600952148,7.944563865661621,8.040138244628906,1017240
2025-05-22,8.040138244628906,8.040138244628906,7.837043762207031,7.932618141174316,783545
2025-05-23,7.908723831176758,8.08792495727539,7.908723831176758,8.08792495727539,793524
2025-05-26,7.813150882720947,7.980404853820801,7.813150882720947,7.908723831176758,835359
2025-05-27,7.765364170074463,7.8728837966918945,7.765364170074463,7.801204204559326,641513
2025-05-28,7.645896911621094,7.860937118530273,7.645896911621094,7.765364170074463,816961
2025-05-29,7.574215888977051,7.657843112945557,7.526429176330566,7.550323009490967,745401
2025-06-02,7.418909072875977,7.574215888977051,7.395016193389893,7.502535820007324,845451
2025-06-03,7.359175205230713,7.5144829750061035,7.359175205230713,7.466695785522461,878853
2025-06-04,7.406961917877197,7.45474910736084,7.371121883392334,7.371121883392334,561659
2025-06-05,7.311388969421387,7.430856227874756,7.287495136260986,7.395016193389893,940682
2025-06-06,7.287495136260986,7.371121883392334,7.275547981262207,7.32333517074585,917566
2025-06-09,7.2038679122924805,7.359175205230713,7.1799750328063965,7.359175205230713,688450
2025-06-10,7.299441814422607,7.383069038391113,7.227762222290039,7.227762222290039,1073239
2025-06-11,7.275547981262207,7.34722900390625,7.263601779937744,7.299441814422607,764077
2025-06-12,7.239707946777344,7.335281848907471,7.239707946777344,7.335281848907471,747690
2025-06-13,7.191921234130859,7.263601779937744,7.1799750328063965,7.2038679122924805,757239
2025-06-16,7.2038679122924805,7.263601779937744,7.132187843322754,7.263601779937744,710434
2025-06-17,7.168027877807617,7.263601779937744,7.168027877807617,7.251655101776123,603917
2025-06-18,7.191921234130859,7.263601779937744,7.168027877807617,7.168027877807617,730087
2025-06-19,7.1082940101623535,7.239707946777344,7.1082940101623535,7.191921234130859,1089580
2025-06-20,7.1799750328063965,7.2038679122924805,6.905200004577637,7.144134998321533,2111461
2025-06-23,6.893253803253174,7.120241165161133,6.893253803253174,7.120241165161133,1602351
2025-06-24,7.036613941192627,7.1082940101623535,7.000773906707764,7.012721061706543,696402
2025-06-25,7.024666786193848,7.0844011306762695,6.97688102722168,7.0844011306762695,716821
2025-06-26,7.096347808837891,7.168027877807617,7.000773906707764,7.024666786193848,1030636
2025-06-27,7.120241165161133,7.2038679122924805,7.096347808837891,7.096347808837891,839701
2025-06-30,6.97688102722168,7.132187843322754,6.97688102722168,7.132187843322754,738604
2025-07-01,7.012721061706543,7.0844011306762695,6.9649338722229,6.97688102722168,644405
2025-07-02,7.132187843322754,7.144134998321533,7.036613941192627,7.07245397567749,600248
2025-07-03,7.311388969421387,7.335281848907471,7.144134998321533,7.144134998321533,1553086
2025-07-04,7.2038679122924805,7.359175205230713,7.191921234130859,7.34722900390625,736109
2025-07-07,7.048561096191406,7.21581506729126,7.048561096191406,7.21581506729126,413044
2025-07-08,6.9410400390625,7.048561096191406,6.929093837738037,7.048561096191406,596863
2025-07-09,6.9410400390625,7.012721061706543,6.905200004577637,6.9410400390625,411596
2025-07-10,6.917147159576416,6.9649338722229,6.893253803253174,6.952987194061279,562531
2025-07-11,6.929093837738037,6.988827228546143,6.857412815093994,6.929093837738037,767180
2025-07-14,6.9649338722229,7.1082940101623535,6.881307125091553,6.881307125091553,644227
2025-07-15,6.9410400390625,7.036613941192627,6.929093837738037,7.036613941192627,566350
2025-07-16,6.952987194061279,7.012721061706543,6.9410400390625,6.9410400390625,501167
2025-07-17,7.0844011306762695,7.0844011306762695,7.000773906707764,7.000773906707764,763133
2025-07-18,7.048561096191406,7.168027877807617,7.036613941192627,7.156081199645996,656645
2025-07-21,7.012721061706543,7.096347808837891,7.012721061706543,7.048561096191406,547240
2025-07-22,6.869359970092773,7.060507774353027,6.857412815093994,7.024666786193848,1166043
2025-07-23,7.048561096191406,7.07245397567749,6.905200004577637,6.905200004577637,996926
2025-07-24,7.060507774353027,7.168027877807617,7.024666786193848,7.144134998321533,514184
2025-07-25,7.191921234130859,7.406961917877197,7.048561096191406,7.048561096191406,1901024
2025-07-28,7.144134998321533,7.21581506729126,7.096347808837891,7.2038679122924805,1169195
2025-07-29,7.060507774353027,7.263601779937744,7.060507774353027,7.156081199645996,1048220
2025-07-30,7.096347808837891,7.168027877807617,7.024666786193848,7.07245397567749,498621
2025-07-31,6.952987194061279,7.096347808837891,6.9410400390625,7.096347808837891,1136766
2025-08-04,7.060507774353027,7.096347808837891,6.857412815093994,6.97688102722168,1397524
2025-08-05,7.07245397567749,7.144134998321533,7.036613941192627,7.060507774353027,727854
2025-08-06,7.168027877807617,7.239707946777344,7.0844011306762695,7.0844011306762695,1248169
2025-08-07,7.1799750328063965,7.263601779937744,7.132187843322754,7.168027877807617,583953
2025-08-08,7.227762222290039,7.299441814422607,7.1799750328063965,7.1799750328063965,1081611
2025-08-11,7.299441814422607,7.32333517074585,7.239707946777344,7.239707946777344,1168225
2025-08-12,7.383069038391113,7.47864294052124,7.34722900390625,7.34722900390625,2180899
2025-08-13,7.287495136260986,7.466695785522461,7.263601779937744,7.45474910736084,2002477
2025-08-14,7.430856227874756,7.47864294052124,7.311388969421387,7.359175205230713,2010757
2025-08-15,7.45474910736084,7.502535820007324,7.371121883392334,7.45474910736084,1431079
2025-08-18,7.5144829750061035,7.598110198974609,7.418909072875977,7.4428019523620605,1604402
2025-08-19,7.502535820007324,7.598110198974609,7.406961917877197,7.490589141845703,1425765
2025-08-20,7.395016193389893,7.550323009490967,7.287495136260986,7.550323009490967,1509168
2025-08-21,7.490589141845703,7.502535820007324,7.406961917877197,7.406961917877197,823622
2025-08-22,7.311388969421387,7.490589141845703,7.275547981262207,7.490589141845703,1324700
2025-08-25,7.239707946777344,7.371121883392334,7.21581506729126,7.34722900390625,929350
2025-08-26,7.132187843322754,7.227762222290039,7.060507774353027,7.2038679122924805,1203289
2025-08-27,7.144134998321533,7.21581506729126,7.120241165161133,7.120241165161133,591989
2025-08-28,7.168027877807617,7.239707946777344,7.120241165161133,7.132187843322754,612624
2025-08-29,7.132187843322754,7.2038679122924805,7.1082940101623535,7.2038679122924805,521103
2025-09-01,7.060507774353027,7.2038679122924805,7.024666786193848,7.0844011306762695,518142
2025-09-02,7.048561096191406,7.120241165161133,6.988827228546143,7.048561096191406,454982
2025-09-03,7.024666786193848,7.1082940101623535,7.024666786193848,7.048561096191406,324516
2025-09-04,7.07245397567749,7.132187843322754,7.036613941192627,7.036613941192627,583172
2025-09-05,7.0844011306762695,7.0844011306762695,7.036613941192627,7.0844011306762695,593234
2025-09-08,7.000773906707764,7.096347808837891,6.988827228546143,7.07245397567749,732700
2025-09-09,7.012721061706543,7.048561096191406,6.9649338722229,7.000773906707764,862957
2025-09-10,7.060507774353027,7.0844011306762695,6.9649338722229,6.988827228546143,587780
2025-09-11,6.9649338722229,7.0844011306762695,6.9649338722229,7.036613941192627,792041
2025-09-12,6.9649338722229,7.024666786193848,6.9410400390625,6.9649338722229,860909
2025-09-15,6.929093837738037,6.9649338722229,6.881307125091553,6.893253803253174,701700
2025-09-16,6.9410400390625,6.952987194061279,6.893253803253174,6.929093837738037,562573
2025-09-17,7.000773906707764,7.0844011306762695,6.929093837738037,6.9410400390625,562930
2025-09-18,7.0844011306762695,7.0844011306762695,7.036613941192627,7.036613941192627,819581
2025-09-19,7.048561096191406,7.0844011306762695,6.988827228546143,7.07245397567749,582163
2025-09-22,6.917147159576416,7.048561096191406,6.809627056121826,7.048561096191406,797935
2025-09-23,6.821572780609131,6.905200004577637,6.785733222961426,6.905200004577637,1285276
2025-09-24,6.797679901123047,6.869359970092773,6.785733222961426,6.809627056121826,899142
2025-09-25,6.929093837738037,7.048561096191406,6.785733222961426,6.785733222961426,975210
2025-09-26,6.917147159576416,7.096347808837891,6.809627056121826,6.917147159576416,828563
2025-09-30,6.869359970092773,6.929093837738037,6.83351993560791,6.917147159576416,760043
2025-10-01,6.869359970092773,6.917147159576416,6.821572780609131,6.821572780609131,488250
2025-10-02,6.8454670906066895,6.893253803253174,6.797679901123047,6.869359970092773,966576
2025-10-03,6.857412815093994,6.869359970092773,6.797679901123047,6.8454670906066895,663430
2025-10-07,6.821572780609131,6.881307125091553,6.809627056121826,6.809627056121826,932130
2025-10-08,6.83351993560791,6.869359970092773,6.809627056121826,6.821572780609131,462956
2025-10-09,6.9410400390625,7.048561096191406,6.857412815093994,6.857412815093994,1707389
2025-10-13,6.893253803253174,6.929093837738037,6.797679901123047,6.905200004577637,763254
2025-10-14,7.251655101776123,7.466695785522461,6.929093837738037,6.929093837738037,5160007
2025-10-15,7.024666786193848,7.2038679122924805,6.988827228546143,7.168027877807617,2287932
2025-10-16,7.1082940101623535,7.168027877807617,7.048561096191406,7.1082940101623535,1009605
2025-10-17,7.120241165161133,7.275547981262207,7.1082940101623535,7.144134998321533,1293071
2025-10-20,6.988827228546143,7.168027877807617,6.988827228546143,7.144134998321533,912672
2025-10-21,6.929093837738037,7.048561096191406,6.929093837738037,6.929093837738037,882957
2025-10-22,6.9410400390625,7.012721061706543,6.929093837738037,6.929093837738037,834111
2025-10-23,6.952987194061279,6.988827228546143,6.869359970092773,6.929093837738037,625383
2025-10-27,6.893253803253174,6.97688102722168,6.893253803253174,6.9649338722229,1297110
2025-10-28,6.869359970092773,6.929093837738037,6.8454670906066895,6.893253803253174,718710
2025-10-29,6.893253803253174,6.929093837738037,6.8454670906066895,6.893253803253174,843897
2025-10-30,7.048561096191406,7.0844011306762695,6.857412815093994,6.929093837738037,1910782
2025-10-31,6.881307125091553,7.048561096191406,6.881307125091553,7.048561096191406,973007
2025-11-03,6.83351993560791,6.881307125091553,6.809627056121826,6.881307125091553,732602
2025-11-04,6.809627056121826,6.869359970092773,6.797679901123047,6.83351993560791,589509
2025-11-05,6.785733222961426,6.809627056121826,6.690158843994141,6.809627056121826,821583
2025-11-06,6.893253803253174,6.929093837738037,6.785733222961426,6.785733222961426,793222
2025-11-07,6.821572780609131,6.929093837738037,6.809627056121826,6.905200004577637,702152
2025-11-10,6.7498931884765625,6.83351993560791,6.72599983215332,6.83351993560791,682113
2025-11-11,6.7498931884765625,6.857412815093994,6.690158843994141,6.7498931884765625,742227
2025-11-12,6.7498931884765625,6.809627056121826,6.714053153991699,6.7498931884765625,819060
2025-11-13,6.761839866638184,6.809627056121826,6.737946033477783,6.7498931884765625,855099
2025-11-14,6.7498931884765625,6.869359970092773,6.70210599899292,6.70210599899292,715671
2025-11-17,6.666265964508057,6.821572780609131,6.666265964508057,6.821572780609131,848951
2025-11-18,6.59458589553833,6.7498931884765625,6.582639217376709,6.666265964508057,895560
2025-11-19,6.606532096862793,6.642373085021973,6.57069206237793,6.642373085021973,656067
2025-11-20,6.59458589553833,6.666265964508057,6.582639217376709,6.606532096862793,616078
2025-11-21,6.415384769439697,6.606532096862793,6.391491889953613,6.546799182891846,1539427
2025-11-24,6.403438091278076,6.4512248039245605,6.379545211791992,6.415384769439697,587747
2025-11-25,6.4512248039245605,6.534852027893066,6.403438091278076,6.415384769439697,712987
2025-11-26,6.714053153991699,6.785733222961426,6.46317195892334,6.46317195892334,1433230
2025-11-27,6.630425930023193,6.785733222961426,6.582639217376709,6.785733222961426,584709
2025-11-28,6.59458589553833,6.678213119506836,6.582639217376709,6.59458589553833,634395
2025-12-01,6.606532096862793,6.7498931884765625,6.57069206237793,6.59458589553833,849957
2025-12-02,6.654318809509277,6.7737860679626465,6.606532096862793,6.618478775024414,1038100
2025-12-03,6.666265964508057,6.714053153991699,6.606532096862793,6.654318809509277,531215
2025-12-04,7.1799750328063965,7.299441814422607,6.714053153991699,6.714053153991699,5544085
2025-12-05,6.9410400390625,7.168027877807617,6.8454670906066895,7.168027877807617,2809169
2025-12-08,6.869359970092773,6.9410400390625,6.83351993560791,6.9410400390625,1119903
2025-12-09,6.797679901123047,6.869359970092773,6.797679901123047,6.869359970092773,741076
2025-12-10,6.714053153991699,6.83351993560791,6.690158843994141,6.809627056121826,896793
2025-12-11,6.70210599899292,6.7737860679626465,6.678213119506836,6.690158843994141,696895
2025-12-12,6.72599983215332,6.737946033477783,6.690158843994141,6.714053153991699,604720
2025-12-15,6.7737860679626465,6.809627056121826,6.690158843994141,6.7737860679626465,865763
2025-12-16,6.70210599899292,6.7737860679626465,6.654318809509277,6.7737860679626465,733708
2025-12-17,6.690158843994141,6.761839866638184,6.678213119506836,6.690158843994141,623790
2025-12-18,6.558745861053467,6.737946033477783,6.558745861053467,6.737946033477783,1139234
2025-12-19,6.606532096862793,6.642373085021973,6.558745861053467,6.582639217376709,741922
2025-12-22,6.618478775024414,6.642373085021973,6.558745861053467,6.630425930023193,652514
2025-12-23,6.618478775024414,6.666265964508057,6.582639217376709,6.630425930023193,390022
2025-12-24,6.59458589553833,6.690158843994141,6.582639217376709,6.618478775024414,532785
2025-12-26,6.534852027893066,6.57069206237793,6.487064838409424,6.487064838409424,1245531
2025-12-29,6.558745861053467,6.630425930023193,6.510959148406982,6.534852027893066,673148
2025-12-30,6.534852027893066,6.546799182891846,6.487064838409424,6.546799182891846,686967
2025-12-31,6.487064838409424,6.534852027893066,6.4512248039245605,6.475119113922119,866374
2026-01-02,6.427331924438477,6.510959148406982,6.427331924438477,6.487064838409424,780654
2026-01-05,6.379545211791992,6.427331924438477,6.367598056793213,6.427331924438477,1273758
2026-01-06,6.391491889953613,6.4512248039245605,6.367598056793213,6.379545211791992,905792
2026-01-07,6.606532096862793,6.618478775024414,6.391491889953613,6.391491889953613,1504014
2026-01-08,6.606532096862793,6.785733222961426,6.582639217376709,6.654318809509277,1339058
2026-01-09,6.59458589553833,6.630425930023193,6.510959148406982,6.630425930023193,712451
2026-01-12,6.57069206237793,6.642373085021973,6.546799182891846,6.59458589553833,864561
2026-01-13,6.499011993408203,6.59458589553833,6.487064838409424,6.558745861053467,921794
2026-01-14,6.7498931884765625,6.7498931884765625,6.475119113922119,6.475119113922119,2702425
2026-01-15,6.7498931884765625,6.8454670906066895,6.618478775024414,6.737946033477783,948993
2026-01-16,6.630425930023193,6.7498931884765625,6.59458589553833,6.7498931884765625,985953
2026-01-19,6.70210599899292,6.761839866638184,6.57069206237793,6.582639217376709,1735595
2026-01-20,6.678213119506836,6.785733222961426,6.678213119506836,6.785733222961426,1162769
2026-01-21,6.642373085021973,6.7498931884765625,6.630425930023193,6.678213119506836,1049990
2026-01-22,6.678213119506836,6.7498931884765625,6.666265964508057,6.666265964508057,1152189
2026-01-23,6.582639217376709,6.678213119506836,6.57069206237793,6.630425930023193,1184027
2026-01-26,6.761839866638184,6.893253803253174,6.57069206237793,6.57069206237793,2277323
2026-01-27,6.83351993560791,6.869359970092773,6.761839866638184,6.7737860679626465,1638659
2026-01-28,6.869359970092773,7.156081199645996,6.857412815093994,6.917147159576416,2548627
2026-01-29,6.690158843994141,6.8454670906066895,6.678213119506836,6.8454670906066895,1687117
2026-01-30,6.59458589553833,6.72599983215332,6.582639217376709,6.714053153991699,924998
2026-02-02,6.4392781257629395,6.606532096862793,6.4392781257629395,6.606532096862793,1797979
2026-02-03,6.415384769439697,6.558745861053467,6.379545211791992,6.558745861053467,1087488
2026-02-04,6.522904872894287,6.534852027893066,6.415384769439697,6.415384769439697,869337
2026-02-05,6.510959148406982,6.558745861053467,6.475119113922119,6.475119113922119,695980
2026-02-06,6.427331924438477,6.642373085021973,6.391491889953613,6.510959148406982,1342344
2026-02-09,6.4512248039245605,6.46317195892334,6.415384769439697,6.4512248039245605,838374
2026-02-10,6.475119113922119,6.510959148406982,6.403438091278076,6.475119113922119,728997
2026-02-11,6.415384769439697,6.4512248039245605,6.367598056793213,6.367598056793213,1230650
2026-02-23,6.4512248039245605,6.475119113922119,6.403438091278076,6.415384769439697,1492109
2026-02-24,6.46317195892334,6.534852027893066,6.4392781257629395,6.4512248039245605,963981
2026-02-25,6.46317195892334,6.487064838409424,6.427331924438477,6.46317195892334,1129687
2026-02-26,6.4512248039245605,6.475119113922119,6.403438091278076,6.4512248039245605,1128568
2026-03-02,6.499011993408203,6.690158843994141,6.4512248039245605,6.582639217376709,1860386
2026-03-03,7.144134998321533,7.144134998321533,6.475119113922119,6.499011993408203,7784954
2026-03-04,7.8489909172058105,7.8489909172058105,7.8489909172058105,7.8489909172058105,8647952
2026-03-05,8.58968734741211,8.625527381896973,7.992351055145264,8.625527381896973,29774395
2026-03-06,8.111818313598633,8.649420738220215,7.9565110206604,8.625527381896973,9721631
2026-03-09,8.255179405212402,8.541899681091309,7.5144829750061035,8.183499336242676,7937712
2026-03-10,7.705629825592041,8.219339370727539,7.705629825592041,8.219339370727539,4806105
2026-03-11,7.801204204559326,7.944563865661621,7.526429176330566,7.69368314743042,3602485
2026-03-12,7.669789791107178,7.884830951690674,7.645896911621094,7.765364170074463,3465511
2026-03-13,7.430856227874756,7.69368314743042,7.311388969421387,7.69368314743042,3885945
2026-03-16,7.32333517074585,7.5383758544921875,7.287495136260986,7.430856227874756,2334016
2026-03-17,7.657843112945557,7.657843112945557,7.335281848907471,7.371121883392334,2596802
2026-03-18,7.45474910736084,7.705629825592041,7.4428019523620605,7.705629825592041,2567077
2026-03-19,7.311388969421387,7.490589141845703,7.287495136260986,7.34722900390625,1869385
2026-03-20,7.335281848907471,7.47864294052124,7.311388969421387,7.32333517074585,1985195
2026-03-23,7.191921234130859,7.550323009490967,7.168027877807617,7.395016193389893,2496663
2026-03-24,7.2038679122924805,7.299441814422607,7.036613941192627,7.263601779937744,1853772
2026-03-25,7.168027877807617,7.275547981262207,7.120241165161133,7.227762222290039,1107233
2026-03-26,7.21581506729126,7.311388969421387,7.120241165161133,7.132187843322754,959663
2026-03-27,7.1799750328063965,7.263601779937744,7.07245397567749,7.2038679122924805,975200
2026-03-30,7.359175205230713,7.406961917877197,7.156081199645996,7.156081199645996,2000832
2026-03-31,7.0844011306762695,7.359175205230713,7.060507774353027,7.34722900390625,1389504
2026-04-01,7.144134998321533,7.2038679122924805,7.1082940101623535,7.2038679122924805,607546
2026-04-02,7.060507774353027,7.239707946777344,7.048561096191406,7.239707946777344,666773
2026-04-07,6.917147159576416,7.048561096191406,6.893253803253174,7.048561096191406,1042133
2026-04-08,6.893253803253174,6.988827228546143,6.821572780609131,6.988827228546143,1079161
2026-04-09,6.7737860679626465,6.869359970092773,6.761839866638184,6.869359970092773,1374084
2026-04-10,6.809627056121826,6.821572780609131,6.7498931884765625,6.7737860679626465,1173170
2026-04-13,6.7498931884765625,6.809627056121826,6.666265964508057,6.809627056121826,925857
2026-04-14,6.7498931884765625,6.809627056121826,6.690158843994141,6.7498931884765625,1419596
2026-04-15,6.821572780609131,6.9649338722229,6.761839866638184,6.761839866638184,1524358
2026-04-16,6.83351993560791,6.905200004577637,6.809627056121826,6.8454670906066895,1038853
2026-04-17,6.737946033477783,6.83351993560791,6.690158843994141,6.809627056121826,993808
2026-04-20,6.606532096862793,6.737946033477783,6.582639217376709,6.737946033477783,1396366
2026-04-21,6.630425930023193,6.714053153991699,6.546799182891846,6.57069206237793,1208452
2026-04-22,6.618478775024414,6.70210599899292,6.582639217376709,6.630425930023193,874792
2026-04-23,6.522904872894287,6.606532096862793,6.46317195892334,6.59458589553833,1455485
2026-04-24,6.4512248039245605,6.57069206237793,6.427331924438477,6.57069206237793,1147240
2026-04-27,6.367598056793213,6.4512248039245605,6.343705177307129,6.4512248039245605,1596668
2026-04-28,6.415384769439697,6.415384769439697,6.367598056793213,6.379545211791992,845086
2026-04-29,6.18839693069458,6.343705177307129,6.176451206207275,6.33175802230835,3600996
2026-04-30,5.985302925109863,6.0928239822387695,5.853888988494873,6.0928239822387695,3912706
2026-05-04,5.901676177978516,5.973357200622559,5.794156074523926,5.925570011138916,2600792
2026-05-05,5.925570011138916,6.021142959594727,5.865836143493652,5.901676177978516,2227934
2026-05-06,5.84194278717041,5.973357200622559,5.81804895401001,5.949462890625,2609232
2026-05-07,5.877782821655273,5.901676177978516,5.722476005554199,5.81804895401001,2630247
2026-05-08,5.865836143493652,5.913622856140137,5.806103229522705,5.889729976654053,1501550
2026-05-11,5.937516212463379,5.961410045623779,5.853888988494873,5.865836143493652,1359957
2026-05-12,5.889729976654053,6.0928239822387695,5.877782821655273,6.0928239822387695,2005969
2026-05-13,5.7583160400390625,5.949462890625,5.7583160400390625,5.949462890625,1694176
2026-05-14,5.6866350173950195,5.853888988494873,5.674688816070557,5.7583160400390625,1538749
2026-05-15,5.674688816070557,5.901676177978516,5.674688816070557,5.901676177978516,1734471
2026-05-18,5.734422206878662,5.746368885040283,5.614954948425293,5.6866350173950195,921203
2026-05-19,5.973357200622559,6.0928239822387695,5.7822089195251465,5.829996109008789,3042288
2026-05-20,5.913622856140137,6.152556896209717,5.84194278717041,5.997250080108643,1693772
2026-05-21,5.985302925109863,6.009197235107422,5.877782821655273,5.973357200622559,1934587
2026-05-22,6.009197235107422,6.033090114593506,5.913622856140137,5.985302925109863,1850389
2026-05-25,6.068930149078369,6.18839693069458,5.961410045623779,6.164504051208496,2668717
2026-05-26,6.033090114593506,6.104770183563232,5.973357200622559,6.104770183563232,1745773
2026-05-27,5.973357200622559,6.033090114593506,5.949462890625,5.973357200622559,1874765
2026-05-28,6.045036792755127,6.045036792755127,5.925570011138916,5.973357200622559,1757874
2026-05-29,6.260077953338623,6.272024154663086,6.033090114593506,6.0928239822387695,3836033
2026-06-01,6.881307125091553,6.881307125091553,6.152556896209717,6.260077953338623,4901451
2026-06-02,7.562270164489746,7.562270164489746,7.490589141845703,7.562270164489746,5239814
2026-06-03,7.645896911621094,8.23128604888916,7.598110198974609,8.23128604888916,14538017
2026-06-04,7.263601779937744,7.406961917877197,7.168027877807617,7.34722900390625,5773642
2026-06-05,7.371121883392334,7.622003078460693,7.191921234130859,7.263601779937744,4537701
2026-06-08,7.036613941192627,7.168027877807617,6.821572780609131,6.821572780609131,2891112
2026-06-09,7.024666786193848,7.275547981262207,7.000773906707764,7.036613941192627,1696960
2026-06-10,6.9649338722229,7.156081199645996,6.952987194061279,7.024666786193848,1586270
2026-06-11,6.821572780609131,7.036613941192627,6.630425930023193,7.036613941192627,1276428
2026-06-12,6.869359970092773,6.97688102722168,6.785733222961426,6.785733222961426,1496649
2026-06-15,6.988827228546143,7.144134998321533,6.9410400390625,6.97688102722168,1143749
2026-06-16,6.83351993560791,6.988827228546143,6.809627056121826,6.988827228546143,1222511
2026-06-17,7.048561096191406,7.227762222290039,6.630425930023193,6.9410400390625,2308710
2026-06-18,6.9410400390625,7.144134998321533,6.929093837738037,7.132187843322754,1453848
2026-06-22,6.785733222961426,7.168027877807617,6.690158843994141,7.168027877807617,2308462
2026-06-23,6.654318809509277,6.785733222961426,6.57069206237793,6.785733222961426,1903703
2026-06-24,6.618478775024414,6.70210599899292,6.522904872894287,6.630425930023193,1044723
2026-06-25,6.558745861053467,6.690158843994141,6.558745861053467,6.618478775024414,1435685
2026-06-26,6.391491889953613,6.642373085021973,6.391491889953613,6.427331924438477,1765215
2026-06-29,6.4392781257629395,6.510959148406982,6.391491889953613,6.391491889953613,934655
2026-06-30,6.510959148406982,6.510959148406982,6.403438091278076,6.510959148406982,1316336
2026-07-01,6.487064838409424,6.558745861053467,6.415384769439697,6.510959148406982,899356
2026-07-02,6.522904872894287,6.582639217376709,6.475119113922119,6.582639217376709,1049696
2026-07-03,7.168027877807617,7.168027877807617,6.522904872894287,6.522904872894287,4370186
2026-07-06,7.884830951690674,7.884830951690674,7.884830951690674,7.884830951690674,4842699
2026-07-07,8.207391738891602,8.60163402557373,8.004298210144043,8.302966117858887,23575034
2026-07-08,9.019768714904785,9.019768714904785,8.302966117858887,8.362698554992676,22415818
2026-07-09,9.533476829528809,9.891879081726074,9.318436622619629,9.318436622619629,31505658
2026-07-13,8.733048439025879,9.772412300109863,8.649420738220215,9.581263542175293,17855838
2026-07-14,8.60163402557373,8.900301933288574,8.255179405212402,8.804727554321289,10452009
2026-07-15,8.529953002929688,8.60163402557373,8.267126083374023,8.60163402557373,5902291
2026-07-16,8.314912796020508,8.541899681091309,8.302966117858887,8.529953002929688,3992486
2026-07-17,8.004298210144043,8.302966117858887,7.96845817565918,8.302966117858887,4769079
2026-07-20,7.8489909172058105,8.267126083374023,7.837043762207031,8.064031600952148,3224613
2026-07-21,8.183499336242676,8.60163402557373,7.860937118530273,7.9565110206604,2599961
2026-07-22,8.064031600952148,8.386592864990234,8.064031600952148,8.183499336242676,2543436
2026-07-23,7.801204204559326,8.302966117858887,7.777309894561768,8.19544506072998,2527141
2026-07-24,7.944563865661621,7.992351055145264,7.765364170074463,7.765364170074463,1823690
2026-07-27,7.765364170074463,8.123764991760254,7.71757698059082,8.064031600952148,1729355
2026-07-28,7.45474910736084,7.69368314743042,7.406961917877197,7.69368314743042,2566955
2026-07-29,7.406961917877197,7.526429176330566,7.168027877807617,7.526429176330566,3074228
2026-07-30,7.275547981262207,7.406961917877197,7.168027877807617,7.383069038391113,1919730
2026-07-31,7.359175205230713,7.502535820007324,7.32333517074585,7.406961917877197,1377152
2026-08-03,7.45474910736084,7.490589141845703,7.239707946777344,7.359175205230713,1583096
2026-08-04,7.47864294052124,7.622003078460693,7.406961917877197,7.466695785522461,1322176
2026-08-05,7.765364170074463,7.944563865661621,7.526429176330566,7.526429176330566,2839376
2026-08-06,7.490589141845703,7.765364170074463,7.406961917877197,7.645896911621094,2209024
2026-08-07,7.466695785522461,7.598110198974609,7.45474910736084,7.490589141845703,996813
2026-08-10,7.550323009490967,7.574215888977051,7.371121883392334,7.466695785522461,1227640
2026-08-11,7.4428019523620605,7.574215888977051,7.32333517074585,7.574215888977051,1138531
2026-08-12,7.359175205230713,7.4428019523620605,7.263601779937744,7.359175205230713,1957617
2026-08-13,7.383069038391113,7.418909072875977,7.311388969421387,7.359175205230713,880141
2026-08-14,7.406961917877197,7.4428019523620605,7.299441814422607,7.383069038391113,1440973
2026-08-17,7.406961917877197,7.526429176330566,7.311388969421387,7.406961917877197,1262094
2026-08-18,8.147659301757812,8.147659301757812,7.765364170074463,7.765364170074463,4049108
2026-08-19,8.267126083374023,8.60163402557373,7.765364170074463,8.19544506072998,10648414
2026-08-20,8.028190612792969,8.362698554992676,7.9565110206604,8.362698554992676,4451246
2026-08-21,8.828620910644531,8.828620910644531,8.07597827911377,8.099871635437012,10162426
2026-08-24,8.625527381896973,9.59321117401123,8.48216724395752,9.59321117401123,17102955
2026-08-25,8.565793991088867,8.876407623291016,8.386592864990234,8.48216724395752,6311469
2026-08-26,8.243231773376465,8.565793991088867,8.219339370727539,8.458272933959961,5291896
2026-08-27,8.19544506072998,8.326859474182129,8.111818313598633,8.19544506072998,1915347
2026-08-28,8.099871635437012,8.207391738891602,8.064031600952148,8.207391738891602,1928280
2026-08-31,8.123764991760254,8.243231773376465,8.07597827911377,8.123764991760254,1574157
2026-09-01,8.07597827911377,8.159605026245117,8.064031600952148,8.135711669921875,1433374
2026-09-02,8.159605026245117,8.159605026245117,8.040138244628906,8.123764991760254,1383625
2026-09-03,8.052084922790527,8.350752830505371,8.052084922790527,8.183499336242676,1952351
2026-09-04,8.111818313598633,8.33880615234375,7.992351055145264,7.992351055145264,1442139
2026-09-07,8.123764991760254,8.183499336242676,8.028190612792969,8.111818313598633,1681209
2026-09-08,8.123764991760254,8.183499336242676,8.08792495727539,8.123764991760254,1433644
2026-09-09,8.183499336242676,8.219339370727539,8.08792495727539,8.135711669921875,1858472
2026-09-10,7.9565110206604,8.219339370727539,7.920670986175537,8.171551704406738,2622616
2026-09-11,7.813150882720947,7.992351055145264,7.789257049560547,7.9565110206604,2079636
2026-09-14,7.622003078460693,7.789257049560547,7.58616304397583,7.789257049560547,1557673
2026-09-15,7.4428019523620605,7.622003078460693,7.418909072875977,7.622003078460693,1675039
2026-09-16,7.418909072875977,7.502535820007324,7.395016193389893,7.4428019523620605,1392574
2026-09-17,7.526429176330566,7.562270164489746,7.406961917877197,7.418909072875977,1145119
2026-09-18,7.07245397567749,7.526429176330566,7.07245397567749,7.526429176330566,20068844
2026-09-21,7.0844011306762695,7.156081199645996,6.917147159576416,6.929093837738037,5592947
2026-09-22,7.060507774353027,7.0844011306762695,6.97688102722168,7.07245397567749,3329519
2026-09-23,7.060510158538818,7.060510158538818,7.060510158538818,7.060510158538818,0
2026-09-24,7.060510158538818,7.060510158538818,7.060510158538818,7.060510158538818,0
2026-09-29,7.060510158538818,7.060510158538818,7.060510158538818,7.060510158538818,0
2026-09-30,7.060510158538818,7.060510158538818,7.060510158538818,7.060510158538818,0
2026-10-01,7.060510158538818,7.060510158538818,7.060510158538818,7.060510158538818,0
2026-10-02,7.060510158538818,7.060510158538818,7.060510158538818,7.060510158538818,0
2026-10-05,6.449999809265137,7.019999980926514,6.360000133514404,7.010000228881836,8039136
2026-10-06,6.119999885559082,6.360000133514404,6.070000171661377,6.360000133514404,5311760
2026-10-07,6.079999923706055,6.170000076293945,6.050000190734863,6.110000133514404,2438318
2026-10-08,6.119999885559082,6.170000076293945,6.050000190734863,6.130000114440918,1851223
